c,clock_over_sqrt_MH,C3_over_sqrt_MH,minimum_bound_over_sqrt_MH
1.499999999999999944e-01,1.588985913905632819e+00,2.300405157561661529e+00,1.588985913905632819e+00
1.512954545454545385e-01,1.584969073545175133e+00,2.292433905293967289e+00,1.584969073545175133e+00
1.525909090909090826e-01,1.580990444963865205e+00,2.284528300160548753e+00,1.580990444963865205e+00
1.538863636363636267e-01,1.577049299641213542e+00,2.276687135197751566e+00,1.577049299641213542e+00
1.551818181818181708e-01,1.573144928784229624e+00,2.268909235809600133e+00,1.573144928784229624e+00
1.564772727272727149e-01,1.569276642632248198e+00,2.261193458633474318e+00,1.569276642632248198e+00
1.577727272727272589e-01,1.565443769791780015e+00,2.253538690454615967e+00,1.565443769791780015e+00
1.590681818181818030e-01,1.561645656599854215e+00,2.245943847166977481e+00,1.561645656599854215e+00
1.603636363636363471e-01,1.557881666514409957e+00,2.238407872778080510e+00,1.557881666514409957e+00
1.616590909090909189e-01,1.554151179530381066e+00,2.230929738455670996e+00,1.554151179530381066e+00
1.629545454545454630e-01,1.550453591620192695e+00,2.223508441614101105e+00,1.550453591620192695e+00
1.642500000000000071e-01,1.546788314197464320e+00,2.216143005038475611e+00,1.546788314197464320e+00
1.655454545454545512e-01,1.543154773602783525e+00,2.208832476044720661e+00,1.543154773602783525e+00
1.668409090909090953e-01,1.539552410610473432e+00,2.201575925673825651e+00,1.539552410610473432e+00
1.681363636363636394e-01,1.535980679955345707e+00,2.194372447918622182e+00,1.535980679955345707e+00
1.694318181818181834e-01,1.532439049878477011e+00,2.187221158981532909e+00,1.532439049878477011e+00
1.707272727272727275e-01,1.528927001691109622e+00,2.180121196561837671e+00,1.528927001691109622e+00
1.720227272727272716e-01,1.525444029355818909e+00,2.173071719171056237e+00,1.525444029355818909e+00
1.733181818181818157e-01,1.521989639084136980e+00,2.166071905475138504e+00,1.521989639084136980e+00
1.746136363636363598e-01,1.518563348949875103e+00,2.159120953662219122e+00,1.518563348949875103e+00
1.759090909090909038e-01,1.515164688517414593e+00,2.152218080834768177e+00,1.515164688517414593e+00
1.772045454545454479e-01,1.511793198484281397e+00,2.145362522425007246e+00,1.511793198484281397e+00
1.784999999999999920e-01,1.508448430337361090e+00,2.138553531632554794e+00,1.508448430337361090e+00
1.797954545454545361e-01,1.505129946022130571e+00,2.131790378883290149e+00,1.505129946022130571e+00
1.810909090909090802e-01,1.501837317624330037e+00,2.125072351308484375e+00,1.501837317624330037e+00
1.823863636363636243e-01,1.498570127063519219e+00,2.118398752243315197e+00,1.498570127063519219e+00
1.836818181818181683e-01,1.495327965797992320e+00,2.111768900743891564e+00,1.495327965797992320e+00
1.849772727272727124e-01,1.492110434540556252e+00,2.105182131121995148e+00,1.492110434540556252e+00
1.862727272727272565e-01,1.488917142984697684e+00,2.098637792496761634e+00,1.488917142984697684e+00
1.875681818181818006e-01,1.485747709540687467e+00,2.092135248362571698e+00,1.485747709540687467e+00
1.888636363636363724e-01,1.482601761081201230e+00,2.085673876172458918e+00,1.482601761081201230e+00
1.901590909090909165e-01,1.479478932696044691e+00,2.079253066936372019e+00,1.479478932696044691e+00
1.914545454545454606e-01,1.476378867455600874e+00,2.072872224833672394e+00,1.476378867455600874e+00
1.927500000000000047e-01,1.473301216182632878e+00,2.066530766839255406e+00,1.473301216182632878e+00
1.940454545454545487e-01,1.470245637232089120e+00,2.060228122362739001e+00,1.470245637232089120e+00
1.953409090909090928e-01,1.467211796278586888e+00,2.053963732900180528e+00,1.467211796278586888e+00
1.966363636363636369e-01,1.464199366111245348e+00,2.047737051697789745e+00,1.464199366111245348e+00
1.979318181818181810e-01,1.461208026435580232e+00,2.041547543427172151e+00,1.461208026435580232e+00
1.992272727272727251e-01,1.458237463682162449e+00,2.035394683871611932e+00,1.458237463682162449e+00
2.005227272727272692e-01,1.455287370821773063e+00,2.029277959622965977e+00,1.455287370821773063e+00
2.018181818181818132e-01,1.452357447186790607e+00,2.023196867788734643e+00,1.452357447186790607e+00
2.031136363636363573e-01,1.449447398298563394e+00,2.017150915708906478e+00,1.449447398298563394e+00
2.044090909090909014e-01,1.446556935700529900e+00,2.011139620682195428e+00,1.446556935700529900e+00
2.057045454545454455e-01,1.443685776796858944e+00,2.005162509701289952e+00,1.443685776796858944e+00
2.070000000000000173e-01,1.440833644696393634e+00,1.999219119196774308e+00,1.440833644696393634e+00
2.082954545454545614e-01,1.438000268061695230e+00,1.993308994789378730e+00,1.438000268061695230e+00
2.095909090909091055e-01,1.435185380962985535e+00,1.987431691050237870e+00,1.435185380962985535e+00
2.108863636363636496e-01,1.432388722736805065e+00,1.981586771268851965e+00,1.432388722736805065e+00
2.121818181818181936e-01,1.429610037849198934e+00,1.975773807228458523e+00,1.429610037849198934e+00
2.134772727272727377e-01,1.426849075763267027e+00,1.969992378988528747e+00,1.426849075763267027e+00
2.147727272727272818e-01,1.424105590810908373e+00,1.964242074674128924e+00,1.424105590810908373e+00
2.160681818181818259e-01,1.421379342068602725e+00,1.958522490271880523e+00,1.421379342068602725e+00
2.173636363636363700e-01,1.418670093237080598e+00,1.952833229432279216e+00,1.418670093237080598e+00
2.186590909090909141e-01,1.415977612524738971e+00,1.947173903278142992e+00,1.415977612524738971e+00
2.199545454545454581e-01,1.413301672534657216e+00,1.941544130218947117e+00,1.413301672534657216e+00
2.212500000000000022e-01,1.410642050155092697e+00,1.935943535770854540e+00,1.410642050155092697e+00
2.225454545454545463e-01,1.407998526453317911e+00,1.930371752382210371e+00,1.407998526453317911e+00
2.238409090909090904e-01,1.405370886572688383e+00,1.924828419264326573e+00,1.405370886572688383e+00
2.251363636363636345e-01,1.402758919632814516e+00,1.919313182227346370e+00,1.402758919632814516e+00
2.264318181818181785e-01,1.400162418632736827e+00,1.913825693521022941e+00,1.400162418632736827e+00
2.277272727272727226e-01,1.397581180356989305e+00,1.908365611680227003e+00,1.397581180356989305e+00
2.290227272727272667e-01,1.395015005284454324e+00,1.902932601375025845e+00,1.395015005284454324e+00
2.303181818181818108e-01,1.392463697499907616e+00,1.897526333265164844e+00,1.392463697499907616e+00
2.316136363636363549e-01,1.389927064608157847e+00,1.892146483858801798e+00,1.389927064608157847e+00
2.329090909090908990e-01,1.387404917650697289e+00,1.886792735375349972e+00,1.387404917650697289e+00
2.342045454545454430e-01,1.384897071024769222e+00,1.881464775612283535e+00,1.384897071024769222e+00
2.354999999999999871e-01,1.382403342404771696e+00,1.876162297815766822e+00,1.382403342404771696e+00
2.367954545454545312e-01,1.379923552665919262e+00,1.870885000554986854e+00,1.379923552665919262e+00
2.380909090909090753e-01,1.377457525810083627e+00,1.865632587600053460e+00,1.377457525810083627e+00
2.393863636363636471e-01,1.375005088893739291e+00,1.860404767803352177e+00,1.375005088893739291e+00
2.406818181818181912e-01,1.372566071957946665e+00,1.855201254984233383e+00,1.372566071957946665e+00
2.419772727272727353e-01,1.370140307960299397e+00,1.850021767816924179e+00,1.370140307960299397e+00
2.432727272727272794e-01,1.367727632708774177e+00,1.844866029721556666e+00,1.367727632708774177e+00
2.445681818181818235e-01,1.365327884797418623e+00,1.839733768758213817e+00,1.365327884797418623e+00
2.458636363636363675e-01,1.362940905543817527e+00,1.834624717523888782e+00,1.362940905543817527e+00
2.471590909090909116e-01,1.360566538928277058e+00,1.829538613052260843e+00,1.360566538928277058e+00
2.484545454545454557e-01,1.358204631534674300e+00,1.824475196716206282e+00,1.358204631534674300e+00
2.497499999999999998e-01,1.355855032492913503e+00,1.819434214132944705e+00,1.355855032492913503e+00
2.510454545454545716e-01,1.353517593422941978e+00,1.814415415071740423e+00,1.353517593422941978e+00
2.523409090909091157e-01,1.351192168380273451e+00,1.809418553364081417e+00,1.351192168380273451e+00
2.536363636363636598e-01,1.348878613802966697e+00,1.804443386816247719e+00,1.348878613802966697e+00
2.549318181818182039e-01,1.346576788460024376e+00,1.799489677124203713e+00,1.346576788460024376e+00
2.562272727272727479e-01,1.344286553401151663e+00,1.794557189790731977e+00,1.344286553401151663e+00
2.575227272727272920e-01,1.342007771907846037e+00,1.789645694044746049e+00,1.342007771907846037e+00
2.588181818181818361e-01,1.339740309445768274e+00,1.784754962762709285e+00,1.339740309445768274e+00
2.601136363636363802e-01,1.337484033618356438e+00,1.779884772392094305e+00,1.337484033618356438e+00
2.614090909090909243e-01,1.335238814121646467e+00,1.775034902876825527e+00,1.335238814121646467e+00
2.627045454545454684e-01,1.333004522700259820e+00,1.770205137584635935e+00,1.333004522700259820e+00
2.640000000000000124e-01,1.330781033104522892e+00,1.765395263236286594e+00,1.330781033104522892e+00
2.652954545454545565e-01,1.328568221048683995e+00,1.760605069836587377e+00,1.328568221048683995e+00
2.665909090909091006e-01,1.326365964170194811e+00,1.755834350607167194e+00,1.326365964170194811e+00
2.678863636363636447e-01,1.324174141990023479e+00,1.751082901920939294e+00,1.324174141990023479e+00
2.691818181818181888e-01,1.321992635873968869e+00,1.746350523238213936e+00,1.321992635873968869e+00
2.704772727272727328e-01,1.319821328994943199e+00,1.741637017044401325e+00,1.319821328994943199e+00
2.717727272727272769e-01,1.317660106296201228e+00,1.736942188789271535e+00,1.317660106296201228e+00
2.730681818181818210e-01,1.315508854455479160e+00,1.732265846827708566e+00,1.315508854455479160e+00
2.743636363636363651e-01,1.313367461850021289e+00,1.727607802361928568e+00,1.313367461850021289e+00
2.756590909090909092e-01,1.311235818522469954e+00,1.722967869385113371e+00,1.311235818522469954e+00
2.769545454545454533e-01,1.309113816147587706e+00,1.718345864626415809e+00,1.309113816147587706e+00
2.782499999999999973e-01,1.307001347999793062e+00,1.713741607497301311e+00,1.307001347999793062e+00
2.795454545454545414e-01,1.304898308921483174e+00,1.709154920039188674e+00,1.304898308921483174e+00
2.808409090909090855e-01,1.302804595292121448e+00,1.704585626872343829e+00,1.302804595292121448e+00
2.821363636363636296e-01,1.300720104998068560e+00,1.700033555146002184e+00,1.300720104998068560e+00
2.834318181818181737e-01,1.298644737403135130e+00,1.695498534489676024e+00,1.298644737403135130e+00
2.847272727272727177e-01,1.296578393319835376e+00,1.690980396965617416e+00,1.296578393319835376e+00
2.860227272727272618e-01,1.294520974981322903e+00,1.686478977022402237e+00,1.294520974981322903e+00
2.873181818181818059e-01,1.292472386013987506e+00,1.681994111449606422e+00,1.292472386013987506e+00
2.886136363636363500e-01,1.290432531410696804e+00,1.677525639333540930e+00,1.290432531410696804e+00
2.899090909090908941e-01,1.288401317504662025e+00,1.673073402014016109e+00,1.288401317504662025e+00
2.912045454545454382e-01,1.286378651943913320e+00,1.668637243042110363e+00,1.286378651943913320e+00
2.924999999999999822e-01,1.284364443666364819e+00,1.664217008138911380e+00,1.284364443666364819e+00
2.937954545454545263e-01,1.282358602875456555e+00,1.659812545155205932e+00,1.282358602875456555e+00
2.950909090909090704e-01,1.280361041016354173e+00,1.655423704032089827e+00,1.280361041016354173e+00
2.963863636363636145e-01,1.278371670752692202e+00,1.651050336762477144e+00,1.278371670752692202e+00
2.976818181818181586e-01,1.276390405943847783e+00,1.646692297353477441e+00,1.276390405943847783e+00
2.989772727272727026e-01,1.274417161622727779e+00,1.642349441789626052e+00,1.274417161622727779e+00
3.002727272727272467e-01,1.272451853974057689e+00,1.638021627996938845e+00,1.272451853974057689e+00
3.015681818181817908e-01,1.270494400313157302e+00,1.633708715807768330e+00,1.270494400313157302e+00
3.028636363636363349e-01,1.268544719065190174e+00,1.629410566926445592e+00,1.268544719065190174e+00
3.041590909090909345e-01,1.266602729744876310e+00,1.625127044895683825e+00,1.266602729744876310e+00
3.054545454545454786e-01,1.264668352936652473e+00,1.620858015063719737e+00,1.264668352936652473e+00
3.067500000000000226e-01,1.262741510275270818e+00,1.616603344552180577e+00,1.262741510275270818e+00
3.080454545454545667e-01,1.260822124426823843e+00,1.612362902224654837e+00,1.260822124426823843e+00
3.093409090909091108e-01,1.258910119070182798e+00,1.608136558655941517e+00,1.258910119070182798e+00
3.106363636363636549e-01,1.257005418878842429e+00,1.603924186101977289e+00,1.257005418878842429e+00
3.119318181818181990e-01,1.255107949503156073e+00,1.599725658470402267e+00,1.255107949503156073e+00
3.132272727272727431e-01,1.253217637552956676e+00,1.595540851291765927e+00,1.253217637552956676e+00
3.145227272727272871e-01,1.251334410580549950e+00,1.591369641691347869e+00,1.251334410580549950e+00
3.158181818181818312e-01,1.249458197064071019e+00,1.587211908361579216e+00,1.249458197064071019e+00
3.171136363636363753e-01,1.247588926391196340e+00,1.583067531535048866e+00,1.247588926391196340e+00
3.184090909090909194e-01,1.245726528843201564e+00,1.578936392958084856e+00,1.245726528843201564e+00
3.197045454545454635e-01,1.243870935579353576e+00,1.574818375864885489e+00,1.243870935579353576e+00
3.210000000000000075e-01,1.242022078621633385e+00,1.570713364952200930e+00,1.242022078621633385e+00
3.222954545454545516e-01,1.240179890839778087e+00,1.566621246354536590e+00,1.240179890839778087e+00
3.235909090909090957e-01,1.238344305936633027e+00,1.562541907619878545e+00,1.238344305936633027e+00
3.248863636363636398e-01,1.236515258433811049e+00,1.558475237685914117e+00,1.236515258433811049e+00
3.261818181818181839e-01,1.234692683657645507e+00,1.554421126856753377e+00,1.234692683657645507e+00
3.274772727272727280e-01,1.232876517725433274e+00,1.550379466780120064e+00,1.232876517725433274e+00
3.287727272727273276e-01,1.231066697531961740e+00,1.546350150425013670e+00,1.231066697531961740e+00
3.300681818181818716e-01,1.229263160736306704e+00,1.542333072059825838e+00,1.229263160736306704e+00
3.313636363636364157e-01,1.227465845748902273e+00,1.538328127230901732e+00,1.227465845748902273e+00
3.326590909090909598e-01,1.225674691718870779e+00,1.534335212741533061e+00,1.225674691718870779e+00
3.339545454545455039e-01,1.223889638521608259e+00,1.530354226631375880e+00,1.223889638521608259e+00
3.352500000000000480e-01,1.222110626746619744e+00,1.526385068156281610e+00,1.222110626746619744e+00
3.365454545454545920e-01,1.220337597685596798e+00,1.522427637768528408e+00,1.220337597685596798e+00
3.378409090909091361e-01,1.218570493320732862e+00,1.518481837097448439e+00,1.218570493320732862e+00
3.391363636363636802e-01,1.216809256313270637e+00,1.514547568930438626e+00,1.216809256313270637e+00
3.404318181818182243e-01,1.215053829992274181e+00,1.510624737194344647e+00,1.215053829992274181e+00
3.417272727272727684e-01,1.213304158343623040e+00,1.506713246937212869e+00,1.213304158343623040e+00
3.430227272727273125e-01,1.211560185999221773e+00,1.502813004310399103e+00,1.211560185999221773e+00
3.443181818181818565e-01,1.209821858226419078e+00,1.498923916551025526e+00,1.209821858226419078e+00
3.456136363636364006e-01,1.208089120917632098e+00,1.495045891964779994e+00,1.208089120917632098e+00
3.469090909090909447e-01,1.206361920580172997e+00,1.491178839909047760e+00,1.206361920580172997e+00
3.482045454545454888e-01,1.204640204326269615e+00,1.487322670776366262e+00,1.204640204326269615e+00
3.495000000000000329e-01,1.202923919863278623e+00,1.483477295978202326e+00,1.202923919863278623e+00
3.507954545454545769e-01,1.201213015484084767e+00,1.479642627929035781e+00,1.201213015484084767e+00
3.520909090909091210e-01,1.199507440057683061e+00,1.475818580030746840e+00,1.199507440057683061e+00
3.533863636363636651e-01,1.197807143019939735e+00,1.472005066657302352e+00,1.197807143019939735e+00
3.546818181818182092e-01,1.196112074364526601e+00,1.468202003139729817e+00,1.196112074364526601e+00
3.559772727272727533e-01,1.194422184634026385e+00,1.464409305751373180e+00,1.194422184634026385e+00
3.572727272727272974e-01,1.192737424911203270e+00,1.460626891693429297e+00,1.192737424911203270e+00
3.585681818181818414e-01,1.191057746810438189e+00,1.456854679080750170e+00,1.191057746810438189e+00
3.598636363636363855e-01,1.189383102469320885e+00,1.453092586927912988e+00,1.189383102469320885e+00
3.611590909090909296e-01,1.187713444540398511e+00,1.449340535135548835e+00,1.187713444540398511e+00
3.624545454545454737e-01,1.186048726183074109e+00,1.445598444476919875e+00,1.186048726183074109e+00
3.637500000000000178e-01,1.184388901055657639e+00,1.441866236584748551e+00,1.184388901055657639e+00
3.650454545454545618e-01,1.182733923307557111e+00,1.438143833938287042e+00,1.182733923307557111e+00
3.663409090909091059e-01,1.181083747571615161e+00,1.434431159850620752e+00,1.181083747571615161e+00
3.676363636363636500e-01,1.179438328956581739e+00,1.430728138456205834e+00,1.179438328956581739e+00
3.689318181818181941e-01,1.177797623039725128e+00,1.427034694698631201e+00,1.177797623039725128e+00
3.702272727272727382e-01,1.176161585859572645e+00,1.423350754318603029e+00,1.176161585859572645e+00
3.715227272727272823e-01,1.174530173908783892e+00,1.419676243842142860e+00,1.174530173908783892e+00
3.728181818181818263e-01,1.172903344127147918e+00,1.416011090569001096e+00,1.172903344127147918e+00
3.741136363636363704e-01,1.171281053894706714e+00,1.412355222561275436e+00,1.171281053894706714e+00
3.754090909090909145e-01,1.169663261024999068e+00,1.408708568632230707e+00,1.169663261024999068e+00
3.767045454545454586e-01,1.168049923758423869e+00,1.405071058335320755e+00,1.168049923758423869e+00
3.780000000000000027e-01,1.166441000755717106e+00,1.401442621953399525e+00,1.166441000755717106e+00
3.792954545454545467e-01,1.164836451091546321e+00,1.397823190488126643e+00,1.164836451091546321e+00
3.805909090909090908e-01,1.163236234248213430e+00,1.394212695649556188e+00,1.163236234248213430e+00
3.818863636363636349e-01,1.161640310109466112e+00,1.390611069845908210e+00,1.161640310109466112e+00
3.831818181818181790e-01,1.160048638954418676e+00,1.387018246173517877e+00,1.160048638954418676e+00
3.844772727272727231e-01,1.158461181451571953e+00,1.383434158406959380e+00,1.158461181451571953e+00
3.857727272727272672e-01,1.156877898652941328e+00,1.379858740989340804e+00,1.156877898652941328e+00
3.870681818181818112e-01,1.155298751988279138e+00,1.376291929022765093e+00,1.155298751988279138e+00
3.883636363636363553e-01,1.153723703259396993e+00,1.372733658258957545e+00,1.153723703259396993e+00
3.896590909090908994e-01,1.152152714634584685e+00,1.369183865090047414e+00,1.152152714634584685e+00
3.909545454545454435e-01,1.150585748643120576e+00,1.365642486539514922e+00,1.150585748643120576e+00
3.922499999999999876e-01,1.149022768169874142e+00,1.362109460253283721e+00,1.149022768169874142e+00
3.935454545454545316e-01,1.147463736449999328e+00,1.358584724490970785e+00,1.147463736449999328e+00
3.948409090909090757e-01,1.145908617063714274e+00,1.355068218117278178e+00,1.145908617063714274e+00
3.961363636363636198e-01,1.144357373931168098e+00,1.351559880593533380e+00,1.144357373931168098e+00
3.974318181818181639e-01,1.142809971307389816e+00,1.348059651969368167e+00,1.142809971307389816e+00
3.987272727272727080e-01,1.141266373777323206e+00,1.344567472874538705e+00,1.141266373777323206e+00
4.000227272727272521e-01,1.139726546250938277e+00,1.341083284510879325e+00,1.139726546250938277e+00
4.013181818181817961e-01,1.138190453958424442e+00,1.337607028644390628e+00,1.138190453958424442e+00
4.026136363636363402e-01,1.136658062445460748e+00,1.334138647597456595e+00,1.136658062445460748e+00
4.039090909090908843e-01,1.135129337568560492e+00,1.330678084241191828e+00,1.135129337568560492e+00
4.052045454545454284e-01,1.133604245490491991e+00,1.327225281987912453e+00,1.133604245490491991e+00
4.064999999999999725e-01,1.132082752675769965e+00,1.323780184783727609e+00,1.132082752675769965e+00
4.077954545454545165e-01,1.130564825886220204e+00,1.320342737101257269e+00,1.130564825886220204e+00
4.090909090909090606e-01,1.129050432176612828e+00,1.316912883932461753e+00,1.129050432176612828e+00
4.103863636363636047e-01,1.127539538890362847e+00,1.313490570781589151e+00,1.127539538890362847e+00
4.116818181818182598e-01,1.126032113655300648e+00,1.310075743658236203e+00,1.126032113655300648e+00
4.129772727272728039e-01,1.124528124379505112e+00,1.306668349070522872e+00,1.124528124379505112e+00
4.142727272727273480e-01,1.123027539247202444e+00,1.303268334018368613e+00,1.123027539247202444e+00
4.155681818181818921e-01,1.121530326714727632e+00,1.299875645986883210e+00,1.121530326714727632e+00
4.168636363636364361e-01,1.120036455506546957e+00,1.296490232939857545e+00,1.120036455506546957e+00
4.181590909090909802e-01,1.118545894611342684e+00,1.293112043313357828e+00,1.118545894611342684e+00
4.194545454545455243e-01,1.117058613278155033e+00,1.289741026009422642e+00,1.117058613278155033e+00
4.207500000000000684e-01,1.115574581012582556e+00,1.286377130389855239e+00,1.115574581012582556e+00
4.220454545454546125e-01,1.114093767573040683e+00,1.283020306270115984e+00,1.114093767573040683e+00
4.233409090909091566e-01,1.112616142967074673e+00,1.279670503913306723e+00,1.112616142967074673e+00
4.246363636363637006e-01,1.111141677447726295e+00,1.276327674024250403e+00,1.111141677447726295e+00
4.259318181818182447e-01,1.109670341509957803e+00,1.272991767743661073e+00,1.109670341509957803e+00
4.272272727272727888e-01,1.108202105887123201e+00,1.269662736642404033e+00,1.108202105887123201e+00
4.285227272727273329e-01,1.106736941547494801e+00,1.266340532715842571e+00,1.106736941547494801e+00
4.298181818181818770e-01,1.105274819690838184e+00,1.263025108378272199e+00,1.105274819690838184e+00
4.311136363636364210e-01,1.103815711745037564e+00,1.259716416457439703e+00,1.103815711745037564e+00
4.324090909090909651e-01,1.102359589362769121e+00,1.256414410189143682e+00,1.102359589362769121e+00
4.337045454545455092e-01,1.100906424418220508e+00,1.253119043211917472e+00,1.100906424418220508e+00
4.350000000000000533e-01,1.099456189003859885e+00,1.249830269561791107e+00,1.099456189003859885e+00
4.362954545454545974e-01,1.098008855427246466e+00,1.246548043667134342e+00,1.098008855427246466e+00
4.375909090909091415e-01,1.096564396207890146e+00,1.243272320343572046e+00,1.096564396207890146e+00
4.388863636363636855e-01,1.095122784074150424e+00,1.240003054788979098e+00,1.095122784074150424e+00
4.401818181818182296e-01,1.093683991960181734e+00,1.236740202578547665e+00,1.093683991960181734e+00
4.414772727272727737e-01,1.092247993002918749e+00,1.233483719659925981e+00,1.092247993002918749e+00
4.427727272727273178e-01,1.090814760539104089e+00,1.230233562348432397e+00,1.090814760539104089e+00
4.440681818181818619e-01,1.089384268102355557e+00,1.226989687322334044e+00,1.089384268102355557e+00
4.453636363636364059e-01,1.087956489420273121e+00,1.223752051618198777e+00,1.087956489420273121e+00
4.466590909090909500e-01,1.086531398411585192e+00,1.220520612626312174e+00,1.086531398411585192e+00
4.479545454545454941e-01,1.085108969183332439e+00,1.217295328086160699e+00,1.085108969183332439e+00
4.492500000000000382e-01,1.083689176028089118e+00,1.214076156081982605e+00,1.083689176028089118e+00
4.505454545454545823e-01,1.082271993421220824e+00,1.210863055038378322e+00,1.082271993421220824e+00
4.518409090909091264e-01,1.080857396018177985e+00,1.207655983715986370e+00,1.080857396018177985e+00
4.531363636363636704e-01,1.079445358651824671e+00,1.204454901207221651e+00,1.079445358651824671e+00
4.544318181818182145e-01,1.078035856329801589e+00,1.201259766932070816e+00,1.078035856329801589e+00
4.557272727272727586e-01,1.076628864231922611e+00,1.198070540633948688e+00,1.076628864231922611e+00
4.570227272727273027e-01,1.075224357707605494e+00,1.194887182375614643e+00,1.075224357707605494e+00
4.583181818181818468e-01,1.073822312273332802e+00,1.191709652535143382e+00,1.073822312273332802e+00
4.596136363636363908e-01,1.072422703610147021e+00,1.188537911801951674e+00,1.072422703610147021e+00
4.609090909090909349e-01,1.071025507561174761e+00,1.185371921172883480e+00,1.071025507561174761e+00
4.622045454545454790e-01,1.069630700129182710e+00,1.182211641948346381e+00,1.069630700129182710e+00
4.635000000000000231e-01,1.068238257474163122e+00,1.179057035728501290e+00,1.068238257474163122e+00
4.647954545454545672e-01,1.066848155910947726e+00,1.175908064409505904e+00,1.066848155910947726e+00
4.660909090909091113e-01,1.065460371906851833e+00,1.172764690179807889e+00,1.065460371906851833e+00
4.673863636363636553e-01,1.064074882079345308e+00,1.169626875516488251e+00,1.064074882079345308e+00
4.686818181818181994e-01,1.062691663193751523e+00,1.166494583181656886e+00,1.062691663193751523e+00
4.699772727272727435e-01,1.061310692160973623e+00,1.163367776218893201e+00,1.061310692160973623e+00
4.712727272727272876e-01,1.059931946035245875e+00,1.160246417949735598e+00,1.059931946035245875e+00
4.725681818181818317e-01,1.058555402011912783e+00,1.157130471970219121e+00,1.058555402011912783e+00
4.738636363636363757e-01,1.057181037425231951e+00,1.154019902147457532e+00,1.057181037425231951e+00
4.751590909090909198e-01,1.055808829746202937e+00,1.150914672616271561e+00,1.055808829746202937e+00
4.764545454545454639e-01,1.054438756580418968e+00,1.147814747775860234e+00,1.054438756580418968e+00
4.777500000000000080e-01,1.053070795665943971e+00,1.144720092286518387e+00,1.053070795665943971e+00
4.790454545454545521e-01,1.051704924871212254e+00,1.141630671066392599e+00,1.051704924871212254e+00
4.803409090909090962e-01,1.050341122192951282e+00,1.138546449288285078e+00,1.050341122192951282e+00
4.816363636363636402e-01,1.048979365754125093e+00,1.135467392376493079e+00,1.048979365754125093e+00
4.829318181818181843e-01,1.047619633801902594e+00,1.132393466003692950e+00,1.047619633801902594e+00
4.842272727272727284e-01,1.046261904705645396e+00,1.129324636087863043e+00,1.046261904705645396e+00
4.855227272727272725e-01,1.044906156954915621e+00,1.126260868789244141e+00,1.044906156954915621e+00
4.868181818181818166e-01,1.043552369157506376e+00,1.123202130507340302e+00,1.043552369157506376e+00
4.881136363636363606e-01,1.042200520037491529e+00,1.120148387877957674e+00,1.042200520037491529e+00
4.894090909090909047e-01,1.040850588433293922e+00,1.117099607770277947e+00,1.040850588433293922e+00
4.907045454545454488e-01,1.039502553295774234e+00,1.114055757283971992e+00,1.039502553295774234e+00
4.919999999999999929e-01,1.038156393686337609e+00,1.111016803746345705e+00,1.038156393686337609e+00
4.932954545454545370e-01,1.036812088775059593e+00,1.107982714709524030e+00,1.036812088775059593e+00
4.945909090909090811e-01,1.035469617838829182e+00,1.104953457947667639e+00,1.035469617838829182e+00
4.958863636363636251e-01,1.034128960259508956e+00,1.101929001454224455e+00,1.034128960259508956e+00
4.971818181818181692e-01,1.032790095522113649e+00,1.098909313439214497e+00,1.032790095522113649e+00
4.984772727272727133e-01,1.031453003213005148e+00,1.095894362326547800e+00,1.031453003213005148e+00
4.997727272727272574e-01,1.030117663018101704e+00,1.092884116751372758e+00,1.030117663018101704e+00
5.010681818181818015e-01,1.028784054721106678e+00,1.089878545557459999e+00,1.028784054721106678e+00
5.023636363636363455e-01,1.027452158201749954e+00,1.086877617794612894e+00,1.027452158201749954e+00
5.036590909090908896e-01,1.026121953434045109e+00,1.083881302716111383e+00,1.026121953434045109e+00
5.049545454545454337e-01,1.024793420484563233e+00,1.080889569776185333e+00,1.024793420484563233e+00
5.062500000000000888e-01,1.023466539510718087e+00,1.077902388627517194e+00,1.023466539510718087e+00
5.075454545454546329e-01,1.022141290759068344e+00,1.074919729118773537e+00,1.022141290759068344e+00
5.088409090909091770e-01,1.020817654563631383e+00,1.071941561292165224e+00,1.020817654563631383e+00
5.101363636363637211e-01,1.019495611344211738e+00,1.068967855381034893e+00,1.019495611344211738e+00
5.114318181818182651e-01,1.018175141604741984e+00,1.065998581807473311e+00,1.018175141604741984e+00
5.127272727272728092e-01,1.016856225931636049e+00,1.063033711179960816e+00,1.016856225931636049e+00
5.140227272727273533e-01,1.015538844992156742e+00,1.060073214291038068e+00,1.015538844992156742e+00
5.153181818181818974e-01,1.014222979532791502e+00,1.057117062114999007e+00,1.014222979532791502e+00
5.166136363636364415e-01,1.012908610377644791e+00,1.054165225805612227e+00,1.012908610377644791e+00
5.179090909090909856e-01,1.011595718426836488e+00,1.051217676693867453e+00,1.011595718426836488e+00
5.192045454545455296e-01,1.010284284654916487e+00,1.048274386285744653e+00,1.010284284654916487e+00
5.205000000000000737e-01,1.008974290109285743e+00,1.045335326260008912e+00,1.008974290109285743e+00
5.217954545454546178e-01,1.007665715908629966e+00,1.042400468466028629e+00,1.007665715908629966e+00
5.230909090909091619e-01,1.006358543241363090e+00,1.039469784921617679e+00,1.006358543241363090e+00
5.243863636363637060e-01,1.005052753364080509e+00,1.036543247810899349e+00,1.005052753364080509e+00
5.256818181818182500e-01,1.003748327600020085e+00,1.033620829482193804e+00,1.003748327600020085e+00
5.269772727272727941e-01,1.002445247337535372e+00,1.030702502445926871e+00,1.002445247337535372e+00
5.282727272727273382e-01,1.001143494028575276e+00,1.027788239372561474e+00,1.001143494028575276e+00
5.295681818181818823e-01,9.998430491871718173e-01,1.024878013090548601e+00,9.998430491871718173e-01
5.308636363636364264e-01,9.985438943879391127e-01,1.021971796584302039e+00,9.985438943879391127e-01
5.321590909090909705e-01,9.972460112645769037e-01,1.019069562992189981e+00,9.972460112645769037e-01
5.334545454545455145e-01,9.959493815083835244e-01,1.016171285604550611e+00,9.959493815083835244e-01
5.347500000000000586e-01,9.946539868667758633e-01,1.013276937861723903e+00,9.946539868667758633e-01
5.360454545454546027e-01,9.933598091418162079e-01,1.010386493352105619e+00,9.933598091418162079e-01
5.373409090909091468e-01,9.920668301887454188e-01,1.007499925810218189e+00,9.920668301887454188e-01
5.386363636363636909e-01,9.907750319145237627e-01,1.004617209114802900e+00,9.907750319145237627e-01
5.399318181818182349e-01,9.894843962763764100e-01,1.001738317286926527e+00,9.894843962763764100e-01
5.412272727272727790e-01,9.881949052803457034e-01,9.988632244881093802e-01,9.881949052803457034e-01
5.425227272727273231e-01,9.869065409798485344e-01,9.959919050184695699e-01,9.869065409798485344e-01
5.438181818181818672e-01,9.856192854742394927e-01,9.931243333148844776e-01,9.856192854742394927e-01
5.451136363636364113e-01,9.843331209073791221e-01,9.902604839491703226e-01,9.843331209073791221e-01
5.464090909090909554e-01,9.830480294662052865e-01,9.874003316262751628e-01,9.830480294662052865e-01
5.477045454545454994e-01,9.817639933793109730e-01,9.845438511824922134e-01,9.817639933793109730e-01
5.490000000000000435e-01,9.804809949155260940e-01,9.816910175836871533e-01,9.804809949155260940e-01
5.500000000000000444e-01,9.794913085884155990e-01,9.794913085884155990e-01,9.794913085884155990e-01
5.502954545454545876e-01,9.791990163825009530e-01,9.788418059235405311e-01,9.788418059235405311e-01
5.515909090909091317e-01,9.779180401252960397e-01,9.759961914218062695e-01,9.759961914218062695e-01
5.528863636363636758e-01,9.766380485249732679e-01,9.731541494225850464e-01,9.731541494225850464e-01
5.541818181818182198e-01,9.753590239971915432e-01,9.703156553926126637e-01,9.703156553926126637e-01
5.554772727272727639e-01,9.740809489908038854e-01,9.674806849195620728e-01,9.674806849195620728e-01
5.567727272727273080e-01,9.728038059864575482e-01,9.646492137103602760e-01,9.646492137103602760e-01
5.580681818181818521e-01,9.715275774951965815e-01,9.618212175895177740e-01,9.618212175895177740e-01
5.593636363636363962e-01,9.702522460570659479e-01,9.589966724974737788e-01,9.589966724974737788e-01
5.606590909090909403e-01,9.689777942397171939e-01,9.561755544889518621e-01,9.561755544889518621e-01
5.619545454545454843e-01,9.677042046370157857e-01,9.533578397313307029e-01,9.533578397313307029e-01
5.632500000000000284e-01,9.664314598676492230e-01,9.505435045030256047e-01,9.505435045030256047e-01
5.645454545454545725e-01,9.651595425737357070e-01,9.477325251918846671e-01,9.477325251918846671e-01
5.658409090909091166e-01,9.638884354194344750e-01,9.449248782935942836e-01,9.449248782935942836e-01
5.671363636363636607e-01,9.626181210895544682e-01,9.421205404100991831e-01,9.421205404100991831e-01
5.684318181818182047e-01,9.613485822881645548e-01,9.393194882480312424e-01,9.393194882480312424e-01
5.697272727272727488e-01,9.600798017372024207e-01,9.365216986171516211e-01,9.365216986171516211e-01
5.710227272727272929e-01,9.588117621750833486e-01,9.337271484288033330e-01,9.337271484288033330e-01
5.723181818181818370e-01,9.575444463553078878e-01,9.309358146943738088e-01,9.309358146943738088e-01
5.736136363636363811e-01,9.562778370450683019e-01,9.281476745237680070e-01,9.281476745237680070e-01
5.749090909090909252e-01,9.550119170238529076e-01,9.253627051238927370e-01,9.253627051238927370e-01
5.762045454545454692e-01,9.537466690820501913e-01,9.225808837971501974e-01,9.225808837971501974e-01
5.775000000000000133e-01,9.524820760195485958e-01,9.198021879399397305e-01,9.198021879399397305e-01
5.787954545454545574e-01,9.512181206443361958e-01,9.170265950411722322e-01,9.170265950411722322e-01
5.800909090909091015e-01,9.499547857710957111e-01,9.142540826807906695e-01,9.142540826807906695e-01
5.813863636363636456e-01,9.486920542197985196e-01,9.114846285283009220e-01,9.114846285283009220e-01
5.826818181818181897e-01,9.474299088142927872e-01,9.087182103413098400e-01,9.087182103413098400e-01
5.839772727272727337e-01,9.461683323808899315e-01,9.059548059640741835e-01,9.059548059640741835e-01
5.852727272727272778e-01,9.449073077469480886e-01,9.031943933260555557e-01,9.031943933260555557e-01
5.865681818181818219e-01,9.436468177394475854e-01,9.004369504404828861e-01,9.004369504404828861e-01
5.878636363636363660e-01,9.423868451835665239e-01,8.976824554029255721e-01,8.976824554029255721e-01
5.891590909090909101e-01,9.411273729012473721e-01,8.949308863898689514e-01,8.949308863898689514e-01
5.904545454545454541e-01,9.398683837097617788e-01,8.921822216573023212e-01,8.921822216573023212e-01
5.917499999999999982e-01,9.386098604202673945e-01,8.894364395393099532e-01,8.894364395393099532e-01
5.930454545454545423e-01,9.373517858363604738e-01,8.866935184466706588e-01,8.866935184466706588e-01
5.943409090909090864e-01,9.360941427526212610e-01,8.839534368654622387e-01,8.839534368654622387e-01
5.956363636363636305e-01,9.348369139531540473e-01,8.812161733556741483e-01,8.812161733556741483e-01
5.969318181818181746e-01,9.335800822101192331e-01,8.784817065498239375e-01,8.784817065498239375e-01
5.982272727272727186e-01,9.323236302822588417e-01,8.757500151515807962e-01,8.757500151515807962e-01
5.995227272727272627e-01,9.310675409134143710e-01,8.730210779343934302e-01,8.730210779343934302e-01
6.008181818181819178e-01,9.298117968310379844e-01,8.702948737401248192e-01,8.702948737401248192e-01
6.021136363636364619e-01,9.285563807446929330e-01,8.675713814776894184e-01,8.675713814776894184e-01
6.034090909090910060e-01,9.273012753445478706e-01,8.648505801216974653e-01,8.648505801216974653e-01
6.047045454545455501e-01,9.260464632998611778e-01,8.621324487111019508e-01,8.621324487111019508e-01
6.060000000000000941e-01,9.247919272574562921e-01,8.594169663478509191e-01,8.594169663478509191e-01
6.072954545454546382e-01,9.235376498401871581e-01,8.567041121955435434e-01,8.567041121955435434e-01
6.085909090909091823e-01,9.222836136453937961e-01,8.539938654780893090e-01,8.539938654780893090e-01
6.098863636363637264e-01,9.210298012433477677e-01,8.512862054783713051e-01,8.512862054783713051e-01
6.111818181818182705e-01,9.197761951756860954e-01,8.485811115369129576e-01,8.485811115369129576e-01
6.124772727272728146e-01,9.185227779538349679e-01,8.458785630505472053e-01,8.458785630505472053e-01
6.137727272727273586e-01,9.172695320574211220e-01,8.431785394710883397e-01,8.431785394710883397e-01
6.150681818181819027e-01,9.160164399326715667e-01,8.404810203040072869e-01,8.404810203040072869e-01
6.163636363636364468e-01,9.147634839908008741e-01,8.377859851071083330e-01,8.377859851071083330e-01
6.176590909090909909e-01,9.135106466063859232e-01,8.350934134892086247e-01,8.350934134892086247e-01
6.189545454545455350e-01,9.122579101157262116e-01,8.324032851088176699e-01,8.324032851088176699e-01
6.202500000000000790e-01,9.110052568151923991e-01,8.297155796728218347e-01,8.297155796728218347e-01
6.215454545454546231e-01,9.097526689595596405e-01,8.270302769351665084e-01,8.270302769351665084e-01
6.228409090909091672e-01,9.085001287603253761e-01,8.243473566955415999e-01,8.243473566955415999e-01
6.241363636363637113e-01,9.072476183840149089e-01,8.216667987980670329e-01,8.216667987980670329e-01
6.254318181818182554e-01,9.059951199504684416e-01,8.189885831299785757e-01,8.189885831299785757e-01
6.267272727272727995e-01,9.047426155311140139e-01,8.163126896203150018e-01,8.163126896203150018e-01
6.280227272727273435e-01,9.034900871472233419e-01,8.136390982386045856e-01,8.136390982386045856e-01
6.293181818181818876e-01,9.022375167681513375e-01,8.109677889935508199e-01,8.109677889935508199e-01
6.306136363636364317e-01,9.009848863095574201e-01,8.082987419317194666e-01,8.082987419317194666e-01
6.319090909090909758e-01,8.997321776316091757e-01,8.056319371362228310e-01,8.056319371362228310e-01
6.332045454545455199e-01,8.984793725371676976e-01,8.029673547254047028e-01,8.029673547254047028e-01
6.345000000000000639e-01,8.972264527699542747e-01,8.003049748515229656e-01,8.003049748515229656e-01
6.357954545454546080e-01,8.959734000126968745e-01,7.976447776994317618e-01,7.976447776994317618e-01
6.370909090909091521e-01,8.947201958852569748e-01,7.949867434852611048e-01,7.949867434852611048e-01
6.383863636363636962e-01,8.934668219427357450e-01,7.923308524550939369e-01,7.923308524550939369e-01
6.396818181818182403e-01,8.922132596735588006e-01,7.896770848836432988e-01,7.896770848836432988e-01
6.409772727272727844e-01,8.909594904975394192e-01,7.870254210729237254e-01,7.870254210729237254e-01
6.422727272727273284e-01,8.897054957639199957e-01,7.843758413509224203e-01,7.843758413509224203e-01
6.435681818181818725e-01,8.884512567493886293e-01,7.817283260702654335e-01,7.817283260702654335e-01
6.448636363636364166e-01,8.871967546560741713e-01,7.790828556068820632e-01,7.790828556068820632e-01
6.461590909090909607e-01,8.859419706095162939e-01,7.764394103586641505e-01,7.764394103586641505e-01
6.474545454545455048e-01,8.846868856566099115e-01,7.737979707441225985e-01,7.737979707441225985e-01
6.487500000000000488e-01,8.834314807635256228e-01,7.711585172010382294e-01,7.711585172010382294e-01
6.500454545454545929e-01,8.821757368136018407e-01,7.685210301851096437e-01,7.685210301851096437e-01
6.513409090909091370e-01,8.809196346052126092e-01,7.658854901685948624e-01,7.658854901685948624e-01
6.526363636363636811e-01,8.796631548496050002e-01,7.632518776389491943e-01,7.632518776389491943e-01
6.539318181818182252e-01,8.784062781687107524e-01,7.606201730974555542e-01,7.606201730974555542e-01
6.552272727272727693e-01,8.771489850929267140e-01,7.579903570578510053e-01,7.579903570578510053e-01
6.565227272727273133e-01,8.758912560588667517e-01,7.553624100449466416e-01,7.553624100449466416e-01
6.578181818181818574e-01,8.746330714070827961e-01,7.527363125932403642e-01,7.527363125932403642e-01
6.591136363636364015e-01,8.733744113797538011e-01,7.501120452455233290e-01,7.501120452455233290e-01
6.604090909090909456e-01,8.721152561183432850e-01,7.474895885514791782e-01,7.474895885514791782e-01
6.617045454545454897e-01,8.708555856612240076e-01,7.448689230662767224e-01,7.448689230662767224e-01
6.630000000000000338e-01,8.695953799412668994e-01,7.422500293491528511e-01,7.422500293491528511e-01
6.642954545454545778e-01,8.683346187833984597e-01,7.396328879619901153e-01,7.396328879619901153e-01
6.655909090909091219e-01,8.670732819021185200e-01,7.370174794678826524e-01,7.370174794678826524e-01
6.668863636363636660e-01,8.658113488989853668e-01,7.344037844296962270e-01,7.344037844296962270e-01
6.681818181818182101e-01,8.645487992600604521e-01,7.317917834086170581e-01,7.317917834086170581e-01
6.694772727272727542e-01,8.632856123533158010e-01,7.291814569626918763e-01,7.291814569626918763e-01
6.707727272727272982e-01,8.620217674260021168e-01,7.265727856453582101e-01,7.265727856453582101e-01
6.720681818181819533e-01,8.607572436019755857e-01,7.239657500039633486e-01,7.239657500039633486e-01
6.733636363636364974e-01,8.594920198789842702e-01,7.213603305782745334e-01,7.213603305782745334e-01
6.746590909090910415e-01,8.582260751259113141e-01,7.187565078989754941e-01,7.187565078989754941e-01
6.759545454545455856e-01,8.569593880799742935e-01,7.161542624861534367e-01,7.161542624861534367e-01
6.772500000000001297e-01,8.556919373438802712e-01,7.135535748477732643e-01,7.135535748477732643e-01
6.785454545454546738e-01,8.544237013829345528e-01,7.109544254781393624e-01,7.109544254781393624e-01
6.798409090909092178e-01,8.531546585221030377e-01,7.083567948563447292e-01,7.083567948563447292e-01
6.811363636363637619e-01,8.518847869430250519e-01,7.057606634447072258e-01,7.057606634447072258e-01
6.824318181818183060e-01,8.506140646809785544e-01,7.031660116871918387e-01,7.031660116871918387e-01
6.837272727272728501e-01,8.493424696217923842e-01,7.005728200078178425e-01,7.005728200078178425e-01
6.850227272727273942e-01,8.480699794987078821e-01,6.979810688090536397e-01,6.979810688090536397e-01
6.863181818181819382e-01,8.467965718891867777e-01,6.953907384701939476e-01,6.953907384701939476e-01
6.876136363636364823e-01,8.455222242116643416e-01,6.928018093457231075e-01,6.928018093457231075e-01
6.889090909090910264e-01,8.442469137222453623e-01,6.902142617636614075e-01,6.902142617636614075e-01
6.902045454545455705e-01,8.429706175113446109e-01,6.876280760238960843e-01,6.876280760238960843e-01
6.915000000000001146e-01,8.416933125002652449e-01,6.850432323964925629e-01,6.850432323964925629e-01
6.927954545454546587e-01,8.404149754377194803e-01,6.824597111199918187e-01,6.824597111199918187e-01
6.940909090909092027e-01,8.391355828962847596e-01,6.798774923996859787e-01,6.798774923996859787e-01
6.953863636363637468e-01,8.378551112687976365e-01,6.772965564058772703e-01,6.772965564058772703e-01
6.966818181818182909e-01,8.365735367646811582e-01,6.747168832721173182e-01,6.747168832721173182e-01
6.979772727272728350e-01,8.352908354062046348e-01,6.721384530934257917e-01,6.721384530934257917e-01
6.992727272727273791e-01,8.340069830246763516e-01,6.695612459244892900e-01,6.695612459244892900e-01
7.005681818181819231e-01,8.327219552565637839e-01,6.669852417778390219e-01,6.669852417778390219e-01
7.018636363636364672e-01,8.314357275395406477e-01,6.644104206220065034e-01,6.644104206220065034e-01
7.031590909090910113e-01,8.301482751084622302e-01,6.618367623796572730e-01,6.618367623796572730e-01
7.044545454545455554e-01,8.288595729912604515e-01,6.592642469257001814e-01,6.592642469257001814e-01
7.057500000000000995e-01,8.275695960047636524e-01,6.566928540853761431e-01,6.566928540853761431e-01
7.070454545454546436e-01,8.262783187504333382e-01,6.541225636323182435e-01,6.541225636323182435e-01
7.083409090909091876e-01,8.249857156100197653e-01,6.515533552865903077e-01,6.515533552865903077e-01
7.096363636363637317e-01,8.236917607411319286e-01,6.489852087126982694e-01,6.489852087126982694e-01
7.109318181818182758e-01,8.223964280727196208e-01,6.464181035175742274e-01,6.464181035175742274e-01
7.122272727272728199e-01,8.210996913004673381e-01,6.438520192485340798e-01,6.438520192485340798e-01
7.135227272727273640e-01,8.198015238820949291e-01,6.412869353912082904e-01,6.412869353912082904e-01
7.148181818181819080e-01,8.185018990325644284e-01,6.387228313674396807e-01,6.387228313674396807e-01
7.161136363636364521e-01,8.172007897191891912e-01,6.361596865331567985e-01,6.361596865331567985e-01
7.174090909090909962e-01,8.158981686566445513e-01,6.335974801762125352e-01,6.335974801762125352e-01
7.187045454545455403e-01,8.145940083018738953e-01,6.310361915141925460e-01,6.310361915141925460e-01
7.200000000000000844e-01,8.132882808488927084e-01,6.284757996921932488e-01,6.284757996921932488e-01
7.212954545454546285e-01,8.119809582234809309e-01,6.259162837805631874e-01,6.259162837805631874e-01
7.225909090909091725e-01,8.106720120777672900e-01,6.233576227726123076e-01,6.233576227726123076e-01
7.238863636363637166e-01,8.093614137846967260e-01,6.207997955822862624e-01,6.207997955822862624e-01
7.251818181818182607e-01,8.080491344323837977e-01,6.182427810418030800e-01,6.182427810418030800e-01
7.264772727272728048e-01,8.067351448183419649e-01,6.156865578992540833e-01,6.156865578992540833e-01
7.277727272727273489e-01,8.054194154435913022e-01,6.131311048161660615e-01,6.131311048161660615e-01
7.290681818181818930e-01,8.041019165066377594e-01,6.105764003650230309e-01,6.105764003650230309e-01
7.303636363636364370e-01,8.027826178973221927e-01,6.080224230267499141e-01,6.080224230267499141e-01
7.316590909090909811e-01,8.014614891905329497e-01,6.054691511881522548e-01,6.054691511881522548e-01
7.329545454545455252e-01,8.001384996397820082e-01,6.029165631393147429e-01,6.029165631393147429e-01
7.342500000000000693e-01,7.988136181706371186e-01,6.003646370709555535e-01,6.003646370709555535e-01
7.355454545454546134e-01,7.974868133740075082e-01,5.978133510717338339e-01,5.978133510717338339e-01
7.368409090909091574e-01,7.961580534992795943e-01,5.952626831255137807e-01,5.952626831255137807e-01
7.381363636363637015e-01,7.948273064472963778e-01,5.927126111085778692e-01,5.927126111085778692e-01
7.394318181818182456e-01,7.934945397631775199e-01,5.901631127867923432e-01,5.901631127867923432e-01
7.407272727272727897e-01,7.921597206289759940e-01,5.876141658127232992e-01,5.876141658127232992e-01
7.420227272727273338e-01,7.908228158561636523e-01,5.850657477226970382e-01,5.850657477226970382e-01
7.433181818181818779e-01,7.894837918779440411e-01,5.825178359338112344e-01,5.825178359338112344e-01
7.446136363636364219e-01,7.881426147413868044e-01,5.799704077408888159e-01,5.799704077408888159e-01
7.459090909090909660e-01,7.867992500993739036e-01,5.774234403133741145e-01,5.774234403133741145e-01
7.472045454545455101e-01,7.854536632023605414e-01,5.748769106921736149e-01,5.748769106921736149e-01
7.485000000000000542e-01,7.841058188899363568e-01,5.723307957864347539e-01,5.723307957864347539e-01
7.497954545454545983e-01,7.827556815821866687e-01,5.697850723702632125e-01,5.697850723702632125e-01
7.510909090909091423e-01,7.814032152708457746e-01,5.672397170793773702e-01,5.672397170793773702e-01
7.523863636363636864e-01,7.800483835102363095e-01,5.646947064076968115e-01,5.646947064076968115e-01
7.536818181818182305e-01,7.786911494079870044e-01,5.621500167038642193e-01,5.621500167038642193e-01
7.549772727272727746e-01,7.773314756155245142e-01,5.596056241676974352e-01,5.596056241676974352e-01
7.562727272727273187e-01,7.759693243183295452e-01,5.570615048465706876e-01,5.570615048465706876e-01
7.575681818181818628e-01,7.746046572259516205e-01,5.545176346317219895e-01,5.545176346317219895e-01
7.588636363636364068e-01,7.732374355617753769e-01,5.519739892544857085e-01,5.519739892544857085e-01
7.601590909090909509e-01,7.718676200525288467e-01,5.494305442824469754e-01,5.494305442824469754e-01
7.614545454545454950e-01,7.704951709175276164e-01,5.468872751155158252e-01,5.468872751155158252e-01
7.627500000000000391e-01,7.691200478576450950e-01,5.443441569819194026e-01,5.443441569819194026e-01
7.640454545454545832e-01,7.677422100439996733e-01,5.418011649341087921e-01,5.418011649341087921e-01
7.653409090909091272e-01,7.663616161063532273e-01,5.392582738445779178e-01,5.392582738445779178e-01
7.666363636363637823e-01,7.649782241212067513e-01,5.367154584015938479e-01,5.367154584015938479e-01
7.679318181818183264e-01,7.635919915995871277e-01,5.341726931048323967e-01,5.341726931048323967e-01
7.692272727272728705e-01,7.622028754745128198e-01,5.316299522609188033e-01,5.316299522609188033e-01
7.705227272727274146e-01,7.608108320881299402e-01,5.290872099788701544e-01,5.290872099788701544e-01
7.718181818181819587e-01,7.594158171785060363e-01,5.265444401654350015e-01,5.265444401654350015e-01
7.731136363636365028e-01,7.580177858660711587e-01,5.240016165203292831e-01,5.240016165203292831e-01
7.744090909090910468e-01,7.566166926396947767e-01,5.214587125313633331e-01,5.214587125313633331e-01
7.757045454545455909e-01,7.552124913423864383e-01,5.189157014694582015e-01,5.189157014694582015e-01
7.770000000000001350e-01,7.538051351566057434e-01,5.163725563835457333e-01,5.163725563835457333e-01
7.782954545454546791e-01,7.523945765891720816e-01,5.138292500953515196e-01,5.138292500953515196e-01
7.795909090909092232e-01,7.509807674557568147e-01,5.112857551940548362e-01,5.112857551940548362e-01
7.808863636363637672e-01,7.495636588649459142e-01,5.087420440308220160e-01,5.087420440308220160e-01
7.821818181818183113e-01,7.481432012018569555e-01,5.061980887132098150e-01,5.061980887132098150e-01
7.834772727272728554e-01,7.467193441112985886e-01,5.036538610994356624e-01,5.036538610994356624e-01
7.847727272727273995e-01,7.452920364804490605e-01,5.011093327925060237e-01,5.011093327925060237e-01
7.860681818181819436e-01,7.438612264210471281e-01,4.985644751342050984e-01,4.985644751342050984e-01
7.873636363636364877e-01,7.424268612510691590e-01,4.960192591989334154e-01,4.960192591989334154e-01
7.886590909090910317e-01,7.409888874758798760e-01,4.934736557873938279e-01,4.934736557873938279e-01
7.899545454545455758e-01,7.395472507688354291e-01,4.909276354201200787e-01,4.909276354201200787e-01
7.912500000000001199e-01,7.381018959513215849e-01,4.883811683308429963e-01,4.883811683308429963e-01
7.925454545454546640e-01,7.366527669722028326e-01,4.858342244596861592e-01,4.858342244596861592e-01
7.938409090909092081e-01,7.351998068866660851e-01,4.832867734461902542e-01,4.832867734461902542e-01
7.951363636363637521e-01,7.337429578344325520e-01,4.807387846221551908e-01,4.807387846221551908e-01
7.964318181818182962e-01,7.322821610173169127e-01,4.781902270042970304e-01,4.781902270042970304e-01
7.977272727272728403e-01,7.308173566761096973e-01,4.756410692867124035e-01,4.756410692867124035e-01
7.990227272727273844e-01,7.293484840667575630e-01,4.730912798331444735e-01,4.730912798331444735e-01
8.003181818181819285e-01,7.278754814358145975e-01,4.705408266690423447e-01,4.705408266690423447e-01
8.016136363636364726e-01,7.263982859951371163e-01,4.679896774734072507e-01,4.679896774734072507e-01
8.029090909090910166e-01,7.249168338957960867e-01,4.654377995704194748e-01,4.654377995704194748e-01
8.042045454545455607e-01,7.234310602011734259e-01,4.628851599208366197e-01,4.628851599208366197e-01
8.055000000000001048e-01,7.219408988592139753e-01,4.603317251131547883e-01,4.603317251131547883e-01
8.067954545454546489e-01,7.204462826737992875e-01,4.577774613545268489e-01,4.577774613545268489e-01
8.080909090909091930e-01,7.189471432752089219e-01,4.552223344614257372e-01,4.552223344614257372e-01
8.093863636363637371e-01,7.174434110896350525e-01,4.526663098500469662e-01,4.526663098500469662e-01
8.106818181818182811e-01,7.159350153077115309e-01,4.501093525264379114e-01,4.501093525264379114e-01
8.119772727272728252e-01,7.144218838520189907e-01,4.475514270763457092e-01,4.475514270763457092e-01
8.132727272727273693e-01,7.129039433435260253e-01,4.449924976547736111e-01,4.449924976547736111e-01
8.145681818181819134e-01,7.113811190669228068e-01,4.424325279752333584e-01,4.424325279752333584e-01
8.158636363636364575e-01,7.098533349348016275e-01,4.398714812986842526e-01,4.398714812986842526e-01
8.171590909090910015e-01,7.083205134506401768e-01,4.373093204221461527e-01,4.373093204221461527e-01
8.184545454545455456e-01,7.067825756705347073e-01,4.347460076669733553e-01,4.347460076669733553e-01
8.197500000000000897e-01,7.052394411636365712e-01,4.321815048667794756e-01,4.321815048667794756e-01
8.210454545454546338e-01,7.036910279712315086e-01,4.296157733549958446e-01,4.296157733549958446e-01
8.223409090909091779e-01,7.021372525644115070e-01,4.270487739520525960e-01,4.270487739520525960e-01
8.236363636363637220e-01,7.005780298002765027e-01,4.244804669521668461e-01,4.244804669521668461e-01
8.249318181818182660e-01,6.990132728766021986e-01,4.219108121097216446e-01,4.219108121097216446e-01
8.262272727272728101e-01,6.974428932849132678e-01,4.193397686252218204e-01,4.193397686252218204e-01
8.275227272727273542e-01,6.958668007618874496e-01,4.167672951308075691e-01,4.167672951308075691e-01
8.288181818181818983e-01,6.942849032390215891e-01,4.141933496753096300e-01,4.141933496753096300e-01
8.301136363636364424e-01,6.926971067904841295e-01,4.116178897088278998e-01,4.116178897088278998e-01
8.314090909090909864e-01,6.911033155790705651e-01,4.090408720668129439e-01,4.090408720668129439e-01
8.327045454545455305e-01,6.895034318001812546e-01,4.064622529536312534e-01,4.064622529536312534e-01
8.340000000000000746e-01,6.878973556237311104e-01,4.038819879255927670e-01,4.038819879255927670e-01
8.352954545454546187e-01,6.862849851338987950e-01,4.013000318734184502e-01,4.013000318734184502e-01
8.365909090909091628e-01,6.846662162666158347e-01,3.987163390041241762e-01,3.987163390041241762e-01
8.378863636363637069e-01,6.830409427446944015e-01,3.961308628222971473e-01,3.961308628222971473e-01
8.391818181818182509e-01,6.814090560104815175e-01,3.935435561107386571e-01,3.935435561107386571e-01
8.404772727272727950e-01,6.797704451559286598e-01,3.909543709104464915e-01,3.909543709104464915e-01
8.417727272727273391e-01,6.781249968499510894e-01,3.883632584999085480e-01,3.883632584999085480e-01
8.430681818181818832e-01,6.764725952629516703e-01,3.857701693736771964e-01,3.857701693736771964e-01
8.443636363636364273e-01,6.748131219883721776e-01,3.831750532201938508e-01,3.831750532201938508e-01
8.456590909090909713e-01,6.731464559611310960e-01,3.805778588988307787e-01,3.805778588988307787e-01
8.469545454545455154e-01,6.714724733727943651e-01,3.779785344161144534e-01,3.779785344161144534e-01
8.482500000000000595e-01,6.697910475833211974e-01,3.753770269010945904e-01,3.753770269010945904e-01
8.495454545454546036e-01,6.681020490292142178e-01,3.727732825798201755e-01,3.727732825798201755e-01
8.508409090909091477e-01,6.664053451278977303e-01,3.701672467488821283e-01,3.701672467488821283e-01
8.521363636363636918e-01,6.647008001781311570e-01,3.675588637479785259e-01,3.675588637479785259e-01
8.534318181818182358e-01,6.629882752562601400e-01,3.649480769314588091e-01,3.649480769314588091e-01
8.547272727272727799e-01,6.612676281080904772e-01,3.623348286387982897e-01,3.623348286387982897e-01
8.560227272727273240e-01,6.595387130361612948e-01,3.597190601639528862e-01,3.597190601639528862e-01
8.573181818181818681e-01,6.578013807821748715e-01,3.571007117235402428e-01,3.571007117235402428e-01
8.586136363636364122e-01,6.560554784043332033e-01,3.544797224237917210e-01,3.544797224237917210e-01
8.599090909090909562e-01,6.543008491493087497e-01,3.518560302262158657e-01,3.518560302262158657e-01
8.612045454545456113e-01,6.525373323185619245e-01,3.492295719119091757e-01,3.492295719119091757e-01
8.625000000000001554e-01,6.507647631287051260e-01,3.466002830444497862e-01,3.466002830444497862e-01
8.637954545454546995e-01,6.489829725655804626e-01,3.439680979312998432e-01,3.439680979312998432e-01
8.650909090909092436e-01,6.471917872317159981e-01,3.413329495836460725e-01,3.413329495836460725e-01
8.663863636363637877e-01,6.453910291867843707e-01,3.386947696745964964e-01,3.386947696745964964e-01
8.676818181818183318e-01,6.435805157806758769e-01,3.360534884956491997e-01,3.360534884956491997e-01
8.689772727272728758e-01,6.417600594787676860e-01,3.334090349113456586e-01,3.334090349113456586e-01
8.702727272727274199e-01,6.399294676789414327e-01,3.307613363120114336e-01,3.307613363120114336e-01
8.715681818181819640e-01,6.380885425198755678e-01,3.281103185644863585e-01,3.281103185644863585e-01
8.728636363636365081e-01,6.362370806801003198e-01,3.254559059607332050e-01,3.254559059607332050e-01
8.741590909090910522e-01,6.343748731672744778e-01,3.227980211642154096e-01,3.227980211642154096e-01
8.754545454545455963e-01,6.325017050970993537e-01,3.201365851539182406e-01,3.201365851539182406e-01
8.767500000000001403e-01,6.306173554612488630e-01,3.174715171658872848e-01,3.174715171658872848e-01
8.780454545454546844e-01,6.287215968836465940e-01,3.148027346321448094e-01,3.148027346321448094e-01
8.793409090909092285e-01,6.268141953643748820e-01,3.121301531168372279e-01,3.121301531168372279e-01
8.806363636363637726e-01,6.248949100104488341e-01,3.094536862494576268e-01,3.094536862494576268e-01
8.819318181818183167e-01,6.229634927526300769e-01,3.067732456549747688e-01,3.067732456549747688e-01
8.832272727272728607e-01,6.210196880473938252e-01,3.040887408806898784e-01,3.040887408806898784e-01
8.845227272727274048e-01,6.190632325630994748e-01,3.014000793196300876e-01,3.014000793196300876e-01
8.858181818181819489e-01,6.170938548493378750e-01,2.987071661302732051e-01,2.987071661302732051e-01
8.871136363636364930e-01,6.151112749883509423e-01,2.960099041523831520e-01,2.960099041523831520e-01
8.884090909090910371e-01,6.131152042273367853e-01,2.933081938187233062e-01,2.933081938187233062e-01
8.897045454545455812e-01,6.111053445903541492e-01,2.906019330623917929e-01,2.906019330623917929e-01
8.910000000000001252e-01,6.090813884684418422e-01,2.878910172195104367e-01,2.878910172195104367e-01
8.922954545454546693e-01,6.070430181864552299e-01,2.851753389269741090e-01,2.851753389269741090e-01
8.935909090909092134e-01,6.049899055450005392e-01,2.824547880149484991e-01,2.824547880149484991e-01
8.948863636363637575e-01,6.029217113357128177e-01,2.797292513937772451e-01,2.797292513937772451e-01
8.961818181818183016e-01,6.008380848279778474e-01,2.769986129349368276e-01,2.769986129349368276e-01
8.974772727272728456e-01,5.987386632250359941e-01,2.742627533456460931e-01,2.742627533456460931e-01
8.987727272727273897e-01,5.966230710872312271e-01,2.715215500367086365e-01,2.715215500367086365e-01
9.000681818181819338e-01,5.944909197199711448e-01,2.687748769831294626e-01,2.687748769831294626e-01
9.013636363636364779e-01,5.923418065237531227e-01,2.660226045770142655e-01,2.660226045770142655e-01
9.026590909090910220e-01,5.901753143033729998e-01,2.632645994722139782e-01,2.632645994722139782e-01
9.039545454545455661e-01,5.879910105331728198e-01,2.605007244201377747e-01,2.605007244201377747e-01
9.052500000000001101e-01,5.857884465748984804e-01,2.577308380961041423e-01,2.577308380961041423e-01
9.065454545454546542e-01,5.835671568444149582e-01,2.549547949155490101e-01,2.549547949155490101e-01
9.078409090909091983e-01,5.813266579231793907e-01,2.521724448393480311e-01,2.521724448393480311e-01
9.091363636363637424e-01,5.790664476099764979e-01,2.493836331674482154e-01,2.493836331674482154e-01
9.104318181818182865e-01,5.767860039079858447e-01,2.465882003199268147e-01,2.465882003199268147e-01
9.117272727272728305e-01,5.744847839417694946e-01,2.437859816045208627e-01,2.437859816045208627e-01
9.130227272727273746e-01,5.721622227982250397e-01,2.409768069695787940e-01,2.409768069695787940e-01
9.143181818181819187e-01,5.698177322849475868e-01,2.381605007412897212e-01,2.381605007412897212e-01
9.156136363636364628e-01,5.674506995987735891e-01,2.353368813439360441e-01,2.353368813439360441e-01
9.169090909090910069e-01,5.650604858965194710e-01,2.325057610017947363e-01,2.325057610017947363e-01
9.182045454545455510e-01,5.626464247590887702e-01,2.296669454211799077e-01,2.296669454211799077e-01
9.195000000000000950e-01,5.602078205391664012e-01,2.268202334509646922e-01,2.268202334509646922e-01
9.207954545454546391e-01,5.577439465816508291e-01,2.239654167197597523e-01,2.239654167197597523e-01
9.220909090909091832e-01,5.552540433047669088e-01,2.211022792477308763e-01,2.211022792477308763e-01
9.233863636363637273e-01,5.527373161284440117e-01,2.182305970308348608e-01,2.182305970308348608e-01
9.246818181818182714e-01,5.501929332349940749e-01,2.153501375950111763e-01,2.153501375950111763e-01
9.259772727272728154e-01,5.476200231453818290e-01,2.124606595176058987e-01,2.124606595176058987e-01
9.272727272727273595e-01,5.450176720923846085e-01,2.095619119130017194e-01,2.095619119130017194e-01
9.285681818181819036e-01,5.423849211696784023e-01,2.066536338790923577e-01,2.066536338790923577e-01
9.298636363636364477e-01,5.397207632332966520e-01,2.037355539008547378e-01,2.037355539008547378e-01
9.311590909090909918e-01,5.370241395289515607e-01,2.008073892068400756e-01,2.008073892068400756e-01
9.324545454545455359e-01,5.342939360153122763e-01,1.978688450739100602e-01,1.978688450739100602e-01
9.337500000000000799e-01,5.315289793494303305e-01,1.949196140749823170e-01,1.949196140749823170e-01
9.350454545454546240e-01,5.287280324960065281e-01,1.919593752639064677e-01,1.919593752639064677e-01
9.363409090909091681e-01,5.258897899169885370e-01,1.889877932908571589e-01,1.889877932908571589e-01
9.376363636363637122e-01,5.230128722919651363e-01,1.860045174407837787e-01,1.860045174407837787e-01
9.389318181818182563e-01,5.200958207128140165e-01,1.830091805864861587e-01,1.830091805864861587e-01
9.402272727272728003e-01,5.171370902878914544e-01,1.800013980467603525e-01,1.800013980467603525e-01
9.415227272727273444e-01,5.141350430815027073e-01,1.769807663387611418e-01,1.769807663387611418e-01
9.428181818181818885e-01,5.110879403031789447e-01,1.739468618122157473e-01,1.739468618122157473e-01
9.441136363636364326e-01,5.079939336480965295e-01,1.708992391513664277e-01,1.708992391513664277e-01
9.454090909090909767e-01,5.048510556743847077e-01,1.678374297284630778e-01,1.678374297284630778e-01
9.467045454545455208e-01,5.016572090845862197e-01,1.647609397902162487e-01,1.647609397902162487e-01
9.480000000000000648e-01,4.984101547565366053e-01,1.616692484557837595e-01,1.616692484557837595e-01
9.492954545454546089e-01,4.951074983426368425e-01,1.585618055015113881e-01,1.585618055015113881e-01
9.505909090909091530e-01,4.917466752249421980e-01,1.554380289036713381e-01,1.554380289036713381e-01
9.518863636363636971e-01,4.883249335754615839e-01,1.522973021057067999e-01,1.522973021057067999e-01
9.531818181818182412e-01,4.848393152250007887e-01,1.491389709708259292e-01,1.491389709708259292e-01
9.544772727272727852e-01,4.812866339878401067e-01,1.459623403739800929e-01,1.459623403739800929e-01
9.557727272727274404e-01,4.776634510209825102e-01,1.427666703790436975e-01,1.427666703790436975e-01
9.570681818181819844e-01,4.739660467124068299e-01,1.395511719370395032e-01,1.395511719370395032e-01
9.583636363636365285e-01,4.701903884884902074e-01,1.363150020290810616e-01,1.363150020290810616e-01
9.596590909090910726e-01,4.663320938010399042e-01,1.330572581627838258e-01,1.330572581627838258e-01
9.609545454545456167e-01,4.623863873919183964e-01,1.297769721124653608e-01,1.297769721124653608e-01
9.622500000000001608e-01,4.583480517284492795e-01,1.264731027705766342e-01,1.264731027705766342e-01
9.635454545454547048e-01,4.542113692427497407e-01,1.231445279491944628e-01,1.231445279491944628e-01
9.648409090909092489e-01,4.499700546754081265e-01,1.197900349343756499e-01,1.197900349343756499e-01
9.661363636363637930e-01,4.456171753947291703e-01,1.164083095504552523e-01,1.164083095504552523e-01
9.674318181818183371e-01,4.411450570042795838e-01,1.129979234328823828e-01,1.129979234328823828e-01
9.687272727272728812e-01,4.365451708179408086e-01,1.095573191327117724e-01,1.095573191327117724e-01
9.700227272727274253e-01,4.318079988085470888e-01,1.060847925775512818e-01,1.060847925775512818e-01
9.713181818181819693e-01,4.269228703311971351e-01,1.025784722844004654e-01,1.025784722844004654e-01
9.726136363636365134e-01,4.218777631517966475e-01,9.903629454773277274e-02,9.903629454773277274e-02
9.739090909090910575e-01,4.166590588787300042e-01,9.545597359455698649e-02,9.545597359455698649e-02
9.752045454545456016e-01,4.112512395069682358e-01,9.183496538242225116e-02,9.183496538242225116e-02
9.765000000000001457e-01,4.056365069925264577e-01,8.817042327976647165e-02,8.817042327976647165e-02
9.777954545454546897e-01,3.997943008881409410e-01,8.445914325512615672e-02,8.445914325512615672e-02
9.790909090909092338e-01,3.937006789912470550e-01,8.069749532667876146e-02,8.069749532667876146e-02
9.803863636363637779e-01,3.873275109047212839e-01,7.688133675070579764e-02,7.688133675070579764e-02
9.816818181818183220e-01,3.806414114324472853e-01,7.300590053714327288e-02,7.300590053714327288e-02
9.829772727272728661e-01,3.736023047645047335e-01,6.906565000681748334e-02,6.906565000681748334e-02
9.842727272727274102e-01,3.661614525037849566e-01,6.505408562100935266e-02,6.505408562100935266e-02
9.855681818181819542e-01,3.582586823410622290e-01,6.096348310564631001e-02,6.096348310564631001e-02
9.868636363636364983e-01,3.498183882297035696e-01,5.678452990154590763e-02,5.678452990154590763e-02
9.881590909090910424e-01,3.407435742942940826e-01,5.250580621892746158e-02,5.250580621892746158e-02
9.894545454545455865e-01,3.309066497569334575e-01,4.811301934219492510e-02,4.811301934219492510e-02
9.907500000000001306e-01,3.201345473070660863e-01,4.358782768611595138e-02,4.358782768611595138e-02
9.920454545454546746e-01,3.081832847067134673e-01,3.890594309503457582e-02,3.890594309503457582e-02
9.933409090909092187e-01,2.946912807152325398e-01,3.403386940124587812e-02,3.403386940124587812e-02
9.946363636363637628e-01,2.790852467344597243e-01,2.892281211801544724e-02,2.892281211801544724e-02
9.959318181818183069e-01,2.603639294537195004e-01,2.349591655358752862e-02,2.349591655358752862e-02
9.972272727272728510e-01,2.364919609157763447e-01,1.761646625644729819e-02,1.761646625644729819e-02
9.985227272727273951e-01,2.019825319945778574e-01,1.098071064251571541e-02,1.098071064251571541e-02
9.998181818181819391e-01,1.195961504073639325e-01,2.280655178930852262e-03,2.280655178930852262e-03
1.000000000000000000e+00,0.000000000000000000e+00,0.000000000000000000e+00,0.000000000000000000e+00
1.001113636363636372e+00,1.880845564407055137e-01,8.875362599742479125e-03,8.875362599742479125e-03
1.002409090909091027e+00,2.280290503773513555e-01,1.582397366313887180e-02,1.582397366313887180e-02
1.003704545454545460e+00,2.538460382823018446e-01,2.184108266339650911e-02,2.184108266339650911e-02
1.005000000000000115e+00,2.735200179293524880e-01,2.733681888763415252e-02,2.733681888763415252e-02
1.006295454545454549e+00,2.896433260884449523e-01,3.247794153149958368e-02,3.247794153149958368e-02
1.007590909090909204e+00,3.034174248296465093e-01,3.735394033831412192e-02,3.735394033831412192e-02
1.008886363636363637e+00,3.155067011708475588e-01,4.202011513048147656e-02,4.202011513048147656e-02
1.010181818181818292e+00,3.263206655636559650e-01,4.651376310068255915e-02,4.651376310068255915e-02
1.011477272727272725e+00,3.361311596404342183e-01,5.086159699469684770e-02,5.086159699469684770e-02
1.012772727272727380e+00,3.451286724584264332e-01,5.508360865383284816e-02,5.508360865383284816e-02
1.014068181818181813e+00,3.534523184223174463e-01,5.919527172322658348e-02,5.919527172322658348e-02
1.015363636363636468e+00,3.612070631360241313e-01,6.320888549909320364e-02,6.320888549909320364e-02
1.016659090909090901e+00,3.684742283516350692e-01,6.713443925768124154e-02,6.713443925768124154e-02
1.017954545454545556e+00,3.753182112438985252e-01,7.098019225506836671e-02,7.098019225506836671e-02
1.019249999999999989e+00,3.817909538766353084e-01,7.475307673531277064e-02,7.475307673531277064e-02
1.020545454545454644e+00,3.879350151382719991e-01,7.845898624822840450e-02,7.845898624822840450e-02
1.021840909090909078e+00,3.937857416877290628e-01,8.210298709495481018e-02,8.210298709495481018e-02
1.023136363636363733e+00,3.993728393266316457e-01,8.568947674281356119e-02,8.568947674281356119e-02
1.024431818181818166e+00,4.047215343106393415e-01,8.922230473447360921e-02,8.922230473447360921e-02
1.025727272727272821e+00,4.098534474363761393e-01,9.270486648877689084e-02,9.270486648877689084e-02
1.027022727272727254e+00,4.147872626709856458e-01,9.614017712962369400e-02,9.614017712962369400e-02
1.028318181818181909e+00,4.195392460473422180e-01,9.953093034857445065e-02,9.953093034857445065e-02
1.029613636363636342e+00,4.241236536012396585e-01,1.028795458806263802e-01,1.028795458806263802e-01
1.030909090909090997e+00,4.285530558438633841e-01,1.061882081974603043e-01,1.061882081974603043e-01
1.032204545454545430e+00,4.328385985942346248e-01,1.094588983426403872e-01,1.094588983426403872e-01
1.033500000000000085e+00,4.369902146866690984e-01,1.126934203511540389e-01,1.126934203511540389e-01
1.034795454545454518e+00,4.410167973293251387e-01,1.158934233482659670e-01,1.158934233482659670e-01
1.036090909090909173e+00,4.449263432163862442e-01,1.190604201687964353e-01,1.190604201687964353e-01
1.037386363636363606e+00,4.487260715575218661e-01,1.221958031498672353e-01,1.221958031498672353e-01
1.038681818181818262e+00,4.524225237639937225e-01,1.253008576092564941e-01,1.253008576092564941e-01
1.039977272727272695e+00,4.560216474718605806e-01,1.283767734146441242e-01,1.283767734146441242e-01
1.041272727272727350e+00,4.595288677868695770e-01,1.314246549672622444e-01,1.314246549672622444e-01
1.042568181818181783e+00,4.629491480311830331e-01,1.344455298601855420e-01,1.344455298601855420e-01
1.043863636363636438e+00,4.662870418087781688e-01,1.374403564221982621e-01,1.374403564221982621e-01
1.045159090909090871e+00,4.695467378479277754e-01,1.404100303193395183e-01,1.404100303193395183e-01
1.046454545454545526e+00,4.727320987996960766e-01,1.433553903555066233e-01,1.433553903555066233e-01
1.047749999999999959e+00,4.758466949516529376e-01,1.462772235889069072e-01,1.462772235889069072e-01
1.049045454545454614e+00,4.788938336420983100e-01,1.491762698614409466e-01,1.491762698614409466e-01
1.050340909090909269e+00,4.818765850213850843e-01,1.520532258220976263e-01,1.520532258220976263e-01
1.051636363636363702e+00,4.847978046956893383e-01,1.549087485124685526e-01,1.549087485124685526e-01
1.052931818181818358e+00,4.876601536987307250e-01,1.577434585718305027e-01,1.577434585718305027e-01
1.054227272727272791e+00,4.904661161640065936e-01,1.605579431104838528e-01,1.605579431104838528e-01
1.055522727272727446e+00,4.932180150105703875e-01,1.633527582928070154e-01,1.633527582928070154e-01
1.056818181818181879e+00,4.959180259064822627e-01,1.661284316654332016e-01,1.661284316654332016e-01
1.058113636363636534e+00,4.985681897337844726e-01,1.688854642609571854e-01,1.688854642609571854e-01
1.059409090909090967e+00,5.011704237454169819e-01,1.716243325033257883e-01,1.716243325033257883e-01
1.060704545454545622e+00,5.037265315767230911e-01,1.743454899375437572e-01,1.743454899375437572e-01
1.062000000000000055e+00,5.062382122509200277e-01,1.770493688032882262e-01,1.770493688032882262e-01
1.063295454545454710e+00,5.087070682984384806e-01,1.797363814695020212e-01,1.797363814695020212e-01
1.064590909090909143e+00,5.111346130935667809e-01,1.824069217448331670e-01,1.824069217448331670e-01
1.065886363636363798e+00,5.135222774979685267e-01,1.850613660769569180e-01,1.850613660769569180e-01
1.067181818181818231e+00,5.158714158888160206e-01,1.877000746521917673e-01,1.877000746521917673e-01
1.068477272727272886e+00,5.181833116392635663e-01,1.903233924054783532e-01,1.903233924054783532e-01
1.069772727272727320e+00,5.204591821103740079e-01,1.929316499495760950e-01,1.929316499495760950e-01
1.071068181818181975e+00,5.227001832062803111e-01,1.955251644313341641e-01,1.955251644313341641e-01
1.072363636363636408e+00,5.249074135380148443e-01,1.981042403219752668e-01,1.981042403219752668e-01
1.073659090909091063e+00,5.270819182360094723e-01,2.006691701475837586e-01,2.006691701475837586e-01
1.074954545454545496e+00,5.292246924465292546e-01,2.032202351652831751e-01,2.032202351652831751e-01
1.076250000000000151e+00,5.313366845432420105e-01,2.057577059900258520e-01,2.057577059900258520e-01
1.077545454545454584e+00,5.334187990815458802e-01,2.082818431763689138e-01,2.082818431763689138e-01
1.078840909090909239e+00,5.354718995202075726e-01,2.107928977591817521e-01,2.107928977591817521e-01
1.080136363636363672e+00,5.374968107321339561e-01,2.132911117568011272e-01,2.132911117568011272e-01
1.081431818181818327e+00,5.394943213237579638e-01,2.157767186398203418e-01,2.157767186398203418e-01
1.082727272727272760e+00,5.414651857804180235e-01,2.182499437683592391e-01,2.182499437683592391e-01
1.084022727272727415e+00,5.434101264533064413e-01,2.207110048004076452e-01,2.207110048004076452e-01
1.085318181818181849e+00,5.453298354019293637e-01,2.231601120735620114e-01,2.231601120735620114e-01
1.086613636363636504e+00,5.472249761046241723e-01,2.255974689622804452e-01,2.255974689622804452e-01
1.087909090909090937e+00,5.490961850483970785e-01,2.280232722125569156e-01,2.280232722125569156e-01
1.089204545454545592e+00,5.509440732082521164e-01,2.304377122557684232e-01,2.304377122557684232e-01
1.090500000000000025e+00,5.527692274251729820e-01,2.328409735032623551e-01,2.328409735032623551e-01
1.091795454545454680e+00,5.545722116910566379e-01,2.352332346231397475e-01,2.352332346231397475e-01
1.093090909090909113e+00,5.563535683480916871e-01,2.376146688005329466e-01,2.376146688005329466e-01
1.094386363636363768e+00,5.581138192093980654e-01,2.399854439825941654e-01,2.399854439825941654e-01
1.095681818181818201e+00,5.598534666070925647e-01,2.423457231092762953e-01,2.423457231092762953e-01
1.096977272727272856e+00,5.615729943734063534e-01,2.446956643309262103e-01,2.446956643309262103e-01
1.098272727272727289e+00,5.632728687599570794e-01,2.470354212135980332e-01,2.470354212135980332e-01
1.099568181818181944e+00,5.649535392998447092e-01,2.493651429329451774e-01,2.493651429329451774e-01
1.100863636363636378e+00,5.666154396168141538e-01,2.516849744574553571e-01,2.516849744574553571e-01
1.102159090909091033e+00,5.682589881853802316e-01,2.539950567217569288e-01,2.539950567217569288e-01
1.103454545454545466e+00,5.698845890454604657e-01,2.562955267906412149e-01,2.562955267906412149e-01
1.104750000000000121e+00,5.714926324747824360e-01,2.585865180144221176e-01,2.585865180144221176e-01
1.106045454545454554e+00,5.730834956220408616e-01,2.608681601761790314e-01,2.608681601761790314e-01
1.107340909090909209e+00,5.746575431035554349e-01,2.631405796314157941e-01,2.631405796314157941e-01
1.108636363636363642e+00,5.762151275659397331e-01,2.654038994405987784e-01,2.654038994405987784e-01
1.109931818181818297e+00,5.777565902171059031e-01,2.676582394950333121e-01,2.676582394950333121e-01
1.111227272727272730e+00,5.792822613277315291e-01,2.699037166364737228e-01,2.699037166364737228e-01
1.112522727272727385e+00,5.807924607051631050e-01,2.721404447708622443e-01,2.721404447708622443e-01
1.113818181818181818e+00,5.822874981415637752e-01,2.743685349765375148e-01,2.743685349765375148e-01
1.115113636363636473e+00,5.837676738379888874e-01,2.765880956072532815e-01,2.765880956072532815e-01
1.116409090909090907e+00,5.852332788059297908e-01,2.787992323903005221e-01,2.787992323903005221e-01
1.117704545454545562e+00,5.866845952477701687e-01,2.810020485200300233e-01,2.810020485200300233e-01
1.118999999999999995e+00,5.881218969174718536e-01,2.831966447470279369e-01,2.831966447470279369e-01
1.120295454545454650e+00,5.895454494627303532e-01,2.853831194632033275e-01,2.853831194632033275e-01
1.121590909090909083e+00,5.909555107497324045e-01,2.875615687830048173e-01,2.875615687830048173e-01
1.122886363636363738e+00,5.923523311715853668e-01,2.897320866209964207e-01,2.897320866209964207e-01
1.124181818181818171e+00,5.937361539413924527e-01,2.918947647659776434e-01,2.918947647659776434e-01
1.125477272727272826e+00,5.951072153709001666e-01,2.940496929518509606e-01,2.940496929518509606e-01
1.126772727272727259e+00,5.964657451355614981e-01,2.961969589253983792e-01,2.961969589253983792e-01
1.128068181818181914e+00,5.978119665268148974e-01,2.983366485111452193e-01,2.983366485111452193e-01
1.129363636363636347e+00,5.991460966923140008e-01,3.004688456734520563e-01,3.004688456734520563e-01
1.130659090909091002e+00,6.004683468648032152e-01,3.025936325759920331e-01,3.025936325759920331e-01
1.131954545454545435e+00,6.017789225802776532e-01,3.047110896387382195e-01,3.047110896387382195e-01
1.133250000000000091e+00,6.030780238860345976e-01,3.068212955925976315e-01,3.068212955925976315e-01
1.134545454545454524e+00,6.043658455391736073e-01,3.089243275318036552e-01,3.089243275318036552e-01
1.135840909090909179e+00,6.056425771960761706e-01,3.110202609641872229e-01,3.110202609641872229e-01
1.137136363636363612e+00,6.069084035933519639e-01,3.131091698594239969e-01,3.131091698594239969e-01
1.138431818181818267e+00,6.081635047207186728e-01,3.151911266953664192e-01,3.151911266953664192e-01
1.139727272727272700e+00,6.094080559862403712e-01,3.172662025025450583e-01,3.172662025025450583e-01
1.141022727272727355e+00,6.106422283743373480e-01,3.193344669069371755e-01,3.193344669069371755e-01
1.142318181818181788e+00,6.118661885969395309e-01,3.213959881710758970e-01,3.213959881710758970e-01
1.143613636363636443e+00,6.130800992381479908e-01,3.234508332335889191e-01,3.234508332335889191e-01
1.144909090909090876e+00,6.142841188927317120e-01,3.254990677472300864e-01,3.254990677472300864e-01
1.146204545454545531e+00,6.154784022987841441e-01,3.275407561154859981e-01,3.275407561154859981e-01
1.147500000000000187e+00,6.166631004648257530e-01,3.295759615278108234e-01,3.295759615278108234e-01
1.148795454545454620e+00,6.178383607916394515e-01,3.316047459935632657e-01,3.316047459935632657e-01
1.150090909090909053e+00,6.190043271890975918e-01,3.336271703746989670e-01,3.336271703746989670e-01
1.151386363636363708e+00,6.201611401882282104e-01,3.356432944172742516e-01,3.356432944172742516e-01
1.152681818181818141e+00,6.213089370487531182e-01,3.376531767818157226e-01,3.376531767818157226e-01
1.153977272727272796e+00,6.224478518623207668e-01,3.396568750726081110e-01,3.396568750726081110e-01
1.155272727272727229e+00,6.235780156516358419e-01,3.416544458659415695e-01,3.416544458659415695e-01
1.156568181818181884e+00,6.246995564656872002e-01,3.436459447373721443e-01,3.436459447373721443e-01
1.157863636363636317e+00,6.258125994712535611e-01,3.456314262880288424e-01,3.456314262880288424e-01
1.159159090909090972e+00,6.269172670408665882e-01,3.476109441700176439e-01,3.476109441700176439e-01
1.160454545454545405e+00,6.280136788373912315e-01,3.495845511109509918e-01,3.495845511109509918e-01
1.161750000000000060e+00,6.291019518953858691e-01,3.515522989376496099e-01,3.515522989376496099e-01
1.163045454545454493e+00,6.301822006993816894e-01,3.535142385990412972e-01,3.535142385990412972e-01
1.164340909090909149e+00,6.312545372592310855e-01,3.554704201883000514e-01,3.554704201883000514e-01
1.165636363636363582e+00,6.323190711826471855e-01,3.574208929642460064e-01,3.574208929642460064e-01
1.166931818181818237e+00,6.333759097450689657e-01,3.593657053720475947e-01,3.593657053720475947e-01
1.168227272727272670e+00,6.344251579569645250e-01,3.613049050632431980e-01,3.613049050632431980e-01
1.169522727272727325e+00,6.354669186286890925e-01,3.632385389151200905e-01,3.632385389151200905e-01
1.170818181818181758e+00,6.365012924330017974e-01,3.651666530494659946e-01,3.651666530494659946e-01
1.172113636363636413e+00,6.375283779653465599e-01,3.670892928507283881e-01,3.670892928507283881e-01
1.173409090909090846e+00,6.385482718019883652e-01,3.690065029835946642e-01,3.690065029835946642e-01
1.174704545454545501e+00,6.395610685561026187e-01,3.709183274100253946e-01,3.709183274100253946e-01
1.175999999999999934e+00,6.405668609318974083e-01,3.728248094057524109e-01,3.728248094057524109e-01
1.177295454545454589e+00,6.415657397768591563e-01,3.747259915762721216e-01,3.747259915762721216e-01
1.178590909090909022e+00,6.425577941321929387e-01,3.766219158723423388e-01,3.766219158723423388e-01
1.179886363636363678e+00,6.435431112815384047e-01,3.785126236050134763e-01,3.785126236050134763e-01
1.181181818181818111e+00,6.445217767980273571e-01,3.803981554601992832e-01,3.803981554601992832e-01
1.182477272727272766e+00,6.454938745897551566e-01,3.822785515128152567e-01,3.822785515128152567e-01
1.183772727272727199e+00,6.464594869437262359e-01,3.841538512404918393e-01,3.841538512404918393e-01
1.185068181818181854e+00,6.474186945683401140e-01,3.860240935368859927e-01,3.860240935368859927e-01
1.186363636363636287e+00,6.483715766344705367e-01,3.878893167245970330e-01,3.878893167245970330e-01
1.187659090909090942e+00,6.493182108151998033e-01,3.897495585677108187e-01,3.897495585677108187e-01
1.188954545454545375e+00,6.502586733242554651e-01,3.916048562839760661e-01,3.916048562839760661e-01
1.190250000000000030e+00,6.511930389532063490e-01,3.934552465566346080e-01,3.934552465566346080e-01
1.191545454545454463e+00,6.521213811074598743e-01,3.953007655459100933e-01,3.953007655459100933e-01
1.192840909090909118e+00,6.530437718411137293e-01,3.971414489001743320e-01,3.971414489001743320e-01
1.194136363636363773e+00,6.539602818906987691e-01,3.989773317667959507e-01,3.989773317667959507e-01
1.195431818181818207e+00,6.548709807078624268e-01,4.008084488026873449e-01,4.008084488026873449e-01
1.196727272727272862e+00,6.557759364910287214e-01,4.026348341845596979e-01,4.026348341845596979e-01
1.198022727272727295e+00,6.566752162160722772e-01,4.044565216188906187e-01,4.044565216188906187e-01
1.199318181818181950e+00,6.575688856660486525e-01,4.062735443516247158e-01,4.062735443516247158e-01
1.199999999999999956e+00,6.580370064762460780e-01,4.072280095824812318e-01,4.072280095824812318e-01
1.200613636363636383e+00,6.584570094600097345e-01,4.080859351776033317e-01,4.080859351776033317e-01
1.201909090909091038e+00,6.593396510809431676e-01,4.098937264497455324e-01,4.098937264497455324e-01
1.203204545454545471e+00,6.602168729028640159e-01,4.116969500879761323e-01,4.116969500879761323e-01
1.204500000000000126e+00,6.610887362170928538e-01,4.134956375879214052e-01,4.134956375879214052e-01
1.205795454545454559e+00,6.619553012577468198e-01,4.152898200293682063e-01,4.152898200293682063e-01
1.207090909090909214e+00,6.628166272264753855e-01,4.170795280845056574e-01,4.170795280845056574e-01
1.208386363636363647e+00,6.636727723164627113e-01,4.188647920259455093e-01,4.188647920259455093e-01
1.209681818181818302e+00,6.645237937357303393e-01,4.206456417345391108e-01,4.206456417345391108e-01
1.210977272727272736e+00,6.653697477297556562e-01,4.224221067069870994e-01,4.224221067069870994e-01
1.212272727272727391e+00,6.662106896034388770e-01,4.241942160632584669e-01,4.241942160632584669e-01
1.213568181818181824e+00,6.670466737424350923e-01,4.259619985538151132e-01,4.259619985538151132e-01
1.214863636363636479e+00,6.678777536338766918e-01,4.277254825666578220e-01,4.277254825666578220e-01
1.216159090909090912e+00,6.687039818865063712e-01,4.294846961341903802e-01,4.294846961341903802e-01
1.217454545454545567e+00,6.695254102502397053e-01,4.312396669399149451e-01,4.312396669399149451e-01
1.218750000000000000e+00,6.703420896351791614e-01,4.329904223249573803e-01,4.329904223249573803e-01
1.220045454545454655e+00,6.711540701300959810e-01,4.347369892944347725e-01,4.347369892944347725e-01
1.221340909090909088e+00,6.719614010203990295e-01,4.364793945236616901e-01,4.364793945236616901e-01
1.222636363636363743e+00,6.727641308056068192e-01,4.382176643642089475e-01,4.382176643642089475e-01
1.223931818181818176e+00,6.735623072163406944e-01,4.399518248498111572e-01,4.399518248498111572e-01
1.225227272727272831e+00,6.743559772308542755e-01,4.416819017021350602e-01,4.416819017021350602e-01
1.226522727272727264e+00,6.751451870911122644e-01,4.434079203364051369e-01,4.434079203364051369e-01
1.227818181818181920e+00,6.759299823184388156e-01,4.451299058668991560e-01,4.451299058668991560e-01
1.229113636363636353e+00,6.767104077287431352e-01,4.468478831123089967e-01,4.468478831123089967e-01
1.230409090909091008e+00,6.774865074473402915e-01,4.485618766009783487e-01,4.485618766009783487e-01
1.231704545454545441e+00,6.782583249233783418e-01,4.502719105760139007e-01,4.502719105760139007e-01
1.233000000000000096e+00,6.790259029438865390e-01,4.519780090002815665e-01,4.519780090002815665e-01
1.234295454545454529e+00,6.797892836474517253e-01,4.536801955612815851e-01,4.536801955612815851e-01
1.235590909090909184e+00,6.805485085375413412e-01,4.553784936759155411e-01,4.553784936759155411e-01
1.236886363636363617e+00,6.813036184954792684e-01,4.570729264951408077e-01,4.570729264951408077e-01
1.238181818181818272e+00,6.820546537930870512e-01,4.587635169085211295e-01,4.587635169085211295e-01
1.239477272727272705e+00,6.828016541050002663e-01,4.604502875486713442e-01,4.604502875486713442e-01
1.240772727272727360e+00,6.835446585206720327e-01,4.621332607956044614e-01,4.621332607956044614e-01
1.242068181818181793e+00,6.842837055560705428e-01,4.638124587809787647e-01,4.638124587809787647e-01
1.243363636363636449e+00,6.850188331650816087e-01,4.654879033922519893e-01,4.654879033922519893e-01
1.244659090909090882e+00,6.857500787506254358e-01,4.671596162767413518e-01,4.671596162767413518e-01
1.245954545454545537e+00,6.864774791754950645e-01,4.688276188455966498e-01,4.688276188455966498e-01
1.247249999999999970e+00,6.872010707729259149e-01,4.704919322776819346e-01,4.704919322776819346e-01
1.248545454545454625e+00,6.879208893569034311e-01,4.721525775233771927e-01,4.721525775233771927e-01
1.249840909090909058e+00,6.886369702322191477e-01,4.738095753082930961e-01,4.738095753082930961e-01
1.251136363636363713e+00,6.893493482042784004e-01,4.754629461369092036e-01,4.754629461369092036e-01
1.252431818181818146e+00,6.900580575886706702e-01,4.771127102961298938e-01,4.771127102961298938e-01
1.253727272727272801e+00,6.907631322205090019e-01,4.787588878587689667e-01,4.787588878587689667e-01
1.255022727272727234e+00,6.914646054635427141e-01,4.804014986869550863e-01,4.804014986869550863e-01
1.256318181818181889e+00,6.921625102190532841e-01,4.820405624354697216e-01,4.820405624354697216e-01
1.257613636363636322e+00,6.928568789345375123e-01,4.836760985550112024e-01,4.836760985550112024e-01
1.258909090909090978e+00,6.935477436121847417e-01,4.853081262953932162e-01,4.853081262953932162e-01
1.260204545454545411e+00,6.942351358171547915e-01,4.869366647086738609e-01,4.869366647086738609e-01
1.261500000000000066e+00,6.949190866856599369e-01,4.885617326522229686e-01,4.885617326522229686e-01
1.262795454545454499e+00,6.955996269328595938e-01,4.901833487917227616e-01,4.901833487917227616e-01
1.264090909090909154e+00,6.962767868605712618e-01,4.918015316041104978e-01,4.918015316041104978e-01
1.265386363636363587e+00,6.969505963648020552e-01,4.934162993804577235e-01,4.934162993804577235e-01
1.266681818181818242e+00,6.976210849431080385e-01,4.950276702287935704e-01,4.950276702287935704e-01
1.267977272727272675e+00,6.982882817017842525e-01,4.966356620768686003e-01,4.966356620768686003e-01
1.269272727272727330e+00,6.989522153628910939e-01,4.982402926748663585e-01,4.982402926748663585e-01
1.270568181818181763e+00,6.996129142711210447e-01,4.998415795980563070e-01,4.998415795980563070e-01
1.271863636363636418e+00,7.002704064005114137e-01,5.014395402493987408e-01,5.014395402493987408e-01
1.273159090909090851e+00,7.009247193610044224e-01,5.030341918620934161e-01,5.030341918620934161e-01
1.274454545454545507e+00,7.015758804048624064e-01,5.046255515020821036e-01,5.046255515020821036e-01
1.275749999999999940e+00,7.022239164329380223e-01,5.062136360704979632e-01,5.062136360704979632e-01
1.277045454545454595e+00,7.028688540008094510e-01,5.077984623060716185e-01,5.077984623060716185e-01
1.278340909090909028e+00,7.035107193247749358e-01,5.093800467874854965e-01,5.093800467874854965e-01
1.279636363636363683e+00,7.041495382877206444e-01,5.109584059356874208e-01,5.109584059356874208e-01
1.280931818181818116e+00,7.047853364448577462e-01,5.125335560161556892e-01,5.125335560161556892e-01
1.282227272727272771e+00,7.054181390293355891e-01,5.141055131411237378e-01,5.141055131411237378e-01
1.283522727272727204e+00,7.060479709577321961e-01,5.156742932717595096e-01,5.156742932717595096e-01
1.284818181818181859e+00,7.066748568354294102e-01,5.172399122203076294e-01,5.172399122203076294e-01
1.286113636363636292e+00,7.072988209618685795e-01,5.188023856521857269e-01,5.188023856521857269e-01
1.287409090909090947e+00,7.079198873356983279e-01,5.203617290880462321e-01,5.203617290880462321e-01
1.288704545454545602e+00,7.085380796598095277e-01,5.219179579057965368e-01,5.219179579057965368e-01
1.290000000000000036e+00,7.091534213462656888e-01,5.234710873425828526e-01,5.234710873425828526e-01
1.291295454545454691e+00,7.097659355211289878e-01,5.250211324967368753e-01,5.250211324967368753e-01
1.292590909090909124e+00,7.103756450291848212e-01,5.265681083296862575e-01,5.265681083296862575e-01
1.293886363636363779e+00,7.109825724385687717e-01,5.281120296678319948e-01,5.281120296678319948e-01
1.295181818181818212e+00,7.115867400452950964e-01,5.296529112043865117e-01,5.296529112043865117e-01
1.296477272727272867e+00,7.121881698776952874e-01,5.311907675011857677e-01,5.311907675011857677e-01
1.297772727272727300e+00,7.127868837007608205e-01,5.327256129904606174e-01,5.327256129904606174e-01
1.299068181818181955e+00,7.133829030204008603e-01,5.342574619765823041e-01,5.342574619765823041e-01
1.300363636363636388e+00,7.139762490876097045e-01,5.357863286377730905e-01,5.357863286377730905e-01
1.301659090909091043e+00,7.145669429025522934e-01,5.373122270277888024e-01,5.373122270277888024e-01
1.302954545454545476e+00,7.151550052185645656e-01,5.388351710775673986e-01,5.388351710775673986e-01
1.304250000000000131e+00,7.157404565460752099e-01,5.403551745968546705e-01,5.403551745968546705e-01
1.305545454545454565e+00,7.163233171564474810e-01,5.418722512757944143e-01,5.418722512757944143e-01
1.306840909090909220e+00,7.169036070857446319e-01,5.433864146864957334e-01,5.433864146864957334e-01
1.308136363636363653e+00,7.174813461384202951e-01,5.448976782845701416e-01,5.448976782845701416e-01
1.309431818181818308e+00,7.180565538909357004e-01,5.464060554106436873e-01,5.464060554106436873e-01
1.310727272727272741e+00,7.186292496953058384e-01,5.479115592918405442e-01,5.479115592918405442e-01
1.312022727272727396e+00,7.191994526825760126e-01,5.494142030432442869e-01,5.494142030432442869e-01
1.313318181818181829e+00,7.197671817662293359e-01,5.509139996693306340e-01,5.509139996693306340e-01
1.314613636363636484e+00,7.203324556455289462e-01,5.524109620653780972e-01,5.524109620653780972e-01
1.315909090909090917e+00,7.208952928087950518e-01,5.539051030188532065e-01,5.539051030188532065e-01
1.317204545454545572e+00,7.214557115366184714e-01,5.553964352107739755e-01,5.553964352107739755e-01
1.318500000000000005e+00,7.220137299050125579e-01,5.568849712170468313e-01,5.568849712170468313e-01
1.319795454545454660e+00,7.225693657885038368e-01,5.583707235097857824e-01,5.583707235097857824e-01
1.321090909090909093e+00,7.231226368631653578e-01,5.598537044586048284e-01,5.598537044586048284e-01
1.322386363636363749e+00,7.236735606095908713e-01,5.613339263318933847e-01,5.613339263318933847e-01
1.323681818181818182e+00,7.242221543158130492e-01,5.628114012980657277e-01,5.628114012980657277e-01
1.324977272727272837e+00,7.247684350801670838e-01,5.642861414267943410e-01,5.642861414267943410e-01
1.326272727272727270e+00,7.253124198140998846e-01,5.657581586902183934e-01,5.657581586902183934e-01
1.327568181818181925e+00,7.258541252449270953e-01,5.672274649641372291e-01,5.672274649641372291e-01
1.328863636363636358e+00,7.263935679185390404e-01,5.686940720291802087e-01,5.686940720291802087e-01
1.330159090909091013e+00,7.269307642020557125e-01,5.701579915719602321e-01,5.701579915719602321e-01
1.331454545454545446e+00,7.274657302864327990e-01,5.716192351862062759e-01,5.716192351862062759e-01
1.332750000000000101e+00,7.279984821890203017e-01,5.730778143738806119e-01,5.730778143738806119e-01
1.334045454545454534e+00,7.285290357560734176e-01,5.745337405462739300e-01,5.745337405462739300e-01
1.335340909090909189e+00,7.290574066652186769e-01,5.759870250250884727e-01,5.759870250250884727e-01
1.336636363636363622e+00,7.295836104278736745e-01,5.774376790434979645e-01,5.774376790434979645e-01
1.337931818181818278e+00,7.301076623916241681e-01,5.788857137471952186e-01,5.788857137471952186e-01
1.339227272727272711e+00,7.306295777425574345e-01,5.803311401954199811e-01,5.803311401954199811e-01
1.340522727272727366e+00,7.311493715075545463e-01,5.817739693619743413e-01,5.817739693619743413e-01
1.341818181818181799e+00,7.316670585565402396e-01,5.832142121362171583e-01,5.832142121362171583e-01
1.343113636363636454e+00,7.321826536046939227e-01,5.846518793240476075e-01,5.846518793240476075e-01
1.344409090909090887e+00,7.326961712146204952e-01,5.860869816488707418e-01,5.860869816488707418e-01
1.345704545454545542e+00,7.332076257984833090e-01,5.875195297525493965e-01,5.875195297525493965e-01
1.346999999999999975e+00,7.337170316200986031e-01,5.889495341963395525e-01,5.889495341963395525e-01
1.348295454545454630e+00,7.342244027969943021e-01,5.903770054618145968e-01,5.903770054618145968e-01
1.349590909090909063e+00,7.347297533024309546e-01,5.918019539517707095e-01,5.918019539517707095e-01
1.350886363636363718e+00,7.352330969673904759e-01,5.932243899911243679e-01,5.932243899911243679e-01
1.352181818181818151e+00,7.357344474825255887e-01,5.946443238277893117e-01,5.946443238277893117e-01
1.353477272727272807e+00,7.362338184000811747e-01,5.960617656335475134e-01,5.960617656335475134e-01
1.354772727272727240e+00,7.367312231357766583e-01,5.974767255048994974e-01,5.974767255048994974e-01
1.356068181818181895e+00,7.372266749706612998e-01,5.988892134639093312e-01,5.988892134639093312e-01
1.357363636363636328e+00,7.377201870529330741e-01,6.002992394590305203e-01,6.002992394590305203e-01
1.358659090909090983e+00,7.382117723997306813e-01,6.017068133659243534e-01,6.017068133659243534e-01
1.359954545454545416e+00,7.387014438988911413e-01,6.031119449882620387e-01,6.031119449882620387e-01
1.361250000000000071e+00,7.391892143106806312e-01,6.045146440585196235e-01,6.045146440585196235e-01
1.362545454545454504e+00,7.396750962694942366e-01,6.059149202387552613e-01,6.059149202387552613e-01
1.363840909090909159e+00,7.401591022855286139e-01,6.073127831213821493e-01,6.073127831213821493e-01
1.365136363636363592e+00,7.406412447464244542e-01,6.087082422299228135e-01,6.087082422299228135e-01
1.366431818181818247e+00,7.411215359188840779e-01,6.101013070197586208e-01,6.101013070197586208e-01
1.367727272727272680e+00,7.415999879502600534e-01,6.114919868788636359e-01,6.114919868788636359e-01
1.369022727272727336e+00,7.420766128701183906e-01,6.128802911285318178e-01,6.128802911285318178e-01
1.370318181818181769e+00,7.425514225917750899e-01,6.142662290240893386e-01,6.142662290240893386e-01
1.371613636363636424e+00,7.430244289138091540e-01,6.156498097556020177e-01,6.156498097556020177e-01
1.372909090909090857e+00,7.434956435215483994e-01,6.170310424485674350e-01,6.170310424485674350e-01
1.374204545454545512e+00,7.439650779885329523e-01,6.184099361646004933e-01,6.184099361646004933e-01
1.375499999999999945e+00,7.444327437779534318e-01,6.197864999021077681e-01,6.197864999021077681e-01
1.376795454545454600e+00,7.448986522440663727e-01,6.211607425969534191e-01,6.211607425969534191e-01
1.378090909090909033e+00,7.453628146335872229e-01,6.225326731231134447e-01,6.225326731231134447e-01
1.379386363636363688e+00,7.458252420870600252e-01,6.239023002933243855e-01,6.239023002933243855e-01
1.380681818181818121e+00,7.462859456402050062e-01,6.252696328597189268e-01,6.252696328597189268e-01
1.381977272727272776e+00,7.467449362252455147e-01,6.266346795144555060e-01,6.266346795144555060e-01
1.383272727272727431e+00,7.472022246722132000e-01,6.279974488903380392e-01,6.279974488903380392e-01
1.384568181818181865e+00,7.476578217102316515e-01,6.293579495614264330e-01,6.293579495614264330e-01
1.385863636363636520e+00,7.481117379687813873e-01,6.307161900436408786e-01,6.307161900436408786e-01
1.387159090909090953e+00,7.485639839789430816e-01,6.320721787953546000e-01,6.320721787953546000e-01
1.388454545454545608e+00,7.490145701746225848e-01,6.334259242179817173e-01,6.334259242179817173e-01
1.389750000000000041e+00,7.494635068937552935e-01,6.347774346565540071e-01,6.347774346565540071e-01
1.391045454545454696e+00,7.499108043794938672e-01,6.361267184002932229e-01,6.361267184002932229e-01
1.392340909090909129e+00,7.503564727813739621e-01,6.374737836831713134e-01,6.374737836831713134e-01
1.393636363636363784e+00,7.508005221564658660e-01,6.388186386844681985e-01,6.388186386844681985e-01
1.394931818181818217e+00,7.512429624705049269e-01,6.401612915293165562e-01,6.401612915293165562e-01
1.396227272727272872e+00,7.516838035990067723e-01,6.415017502892449430e-01,6.415017502892449430e-01
1.397522727272727305e+00,7.521230553283637654e-01,6.428400229827077039e-01,6.428400229827077039e-01
1.398818181818181960e+00,7.525607273569259181e-01,6.441761175756135493e-01,6.441761175756135493e-01
1.400113636363636394e+00,7.529968292960639298e-01,6.455100419818422530e-01,6.455100419818422530e-01
1.401409090909091049e+00,7.534313706712175707e-01,6.468418040637580191e-01,6.468418040637580191e-01
1.402704545454545482e+00,7.538643609229271902e-01,6.481714116327139674e-01,6.481714116327139674e-01
1.404000000000000137e+00,7.542958094078489051e-01,6.494988724495511789e-01,6.494988724495511789e-01
1.405295454545454570e+00,7.547257253997561310e-01,6.508241942250895251e-01,6.508241942250895251e-01
1.406590909090909225e+00,7.551541180905250172e-01,6.521473846206149450e-01,6.521473846206149450e-01
1.407886363636363658e+00,7.555809965911047810e-01,6.534684512483572849e-01,6.534684512483572849e-01
1.409181818181818313e+00,7.560063699324747200e-01,6.547874016719639201e-01,6.547874016719639201e-01
1.410477272727272746e+00,7.564302470665854594e-01,6.561042434069659368e-01,6.561042434069659368e-01
1.411772727272727401e+00,7.568526368672875426e-01,6.574189839212404296e-01,6.574189839212404296e-01
1.413068181818181834e+00,7.572735481312458106e-01,6.587316306354634721e-01,6.587316306354634721e-01
1.414363636363636489e+00,7.576929895788392377e-01,6.600421909235604234e-01,6.600421909235604234e-01
1.415659090909090922e+00,7.581109698550494436e-01,6.613506721131489074e-01,6.613506721131489074e-01
1.416954545454545578e+00,7.585274975303347711e-01,6.626570814859769065e-01,6.626570814859769065e-01
1.418250000000000011e+00,7.589425811014913759e-01,6.639614262783534171e-01,6.639614262783534171e-01
1.419545454545454666e+00,7.593562289925039899e-01,6.652637136815774399e-01,6.652637136815774399e-01
1.420840909090909099e+00,7.597684495553805872e-01,6.665639508423566451e-01,6.665639508423566451e-01
1.422136363636363754e+00,7.601792510709782791e-01,6.678621448632253710e-01,6.678621448632253710e-01
1.423431818181818187e+00,7.605886417498158858e-01,6.691583028029538527e-01,6.691583028029538527e-01
1.424727272727272842e+00,7.609966297328746299e-01,6.704524316769556735e-01,6.704524316769556735e-01
1.426022727272727275e+00,7.614032230923877265e-01,6.717445384576856693e-01,6.717445384576856693e-01
1.427318181818181930e+00,7.618084298326187609e-01,6.730346300750382760e-01,6.730346300750382760e-01
1.428613636363636363e+00,7.622122578906281865e-01,6.743227134167355530e-01,6.743227134167355530e-01
1.429909090909091018e+00,7.626147151370303856e-01,6.756087953287158721e-01,6.756087953287158721e-01
1.431204545454545451e+00,7.630158093767379635e-01,6.768928826155121703e-01,6.768928826155121703e-01
1.432500000000000107e+00,7.634155483496973815e-01,6.781749820406304252e-01,6.781749820406304252e-01
1.433795454545454540e+00,7.638139397316136003e-01,6.794551003269203582e-01,6.794551003269203582e-01
1.435090909090909195e+00,7.642109911346635087e-01,6.807332441569436954e-01,6.807332441569436954e-01
1.436386363636363628e+00,7.646067101082013595e-01,6.820094201733357675e-01,6.820094201733357675e-01
1.437681818181818283e+00,7.650011041394517708e-01,6.832836349791647779e-01,6.832836349791647779e-01
1.438977272727272716e+00,7.653941806541959547e-01,6.845558951382860746e-01,6.845558951382860746e-01
1.440272727272727371e+00,7.657859470174461780e-01,6.858262071756913159e-01,6.858262071756913159e-01
1.441568181818181804e+00,7.661764105341113407e-01,6.870945775778543041e-01,6.870945775778543041e-01
1.442863636363636459e+00,7.665655784496548941e-01,6.883610127930731570e-01,6.883610127930731570e-01
1.444159090909090892e+00,7.669534579507408800e-01,6.896255192318065941e-01,6.896255192318065941e-01
1.445454545454545547e+00,7.673400561658738628e-01,6.908881032670083355e-01,6.908881032670083355e-01
1.446749999999999980e+00,7.677253801660283150e-01,6.921487712344562837e-01,6.921487712344562837e-01
1.448045454545454636e+00,7.681094369652704534e-01,6.934075294330781514e-01,6.934075294330781514e-01
1.449340909090909069e+00,7.684922335213704159e-01,6.946643841252723162e-01,6.946643841252723162e-01
1.450636363636363724e+00,7.688737767364079989e-01,6.959193415372277869e-01,6.959193415372277869e-01
1.451931818181818157e+00,7.692540734573676264e-01,6.971724078592361762e-01,6.971724078592361762e-01
1.453227272727272812e+00,7.696331304767281001e-01,6.984235892460042283e-01,6.984235892460042283e-01
1.454522727272727245e+00,7.700109545330422467e-01,6.996728918169589084e-01,6.996728918169589084e-01
1.455818181818181900e+00,7.703875523115094603e-01,7.009203216565524919e-01,7.009203216565524919e-01
1.457113636363636333e+00,7.707629304445413609e-01,7.021658848145615472e-01,7.021658848145615472e-01
1.458409090909090988e+00,7.711370955123186821e-01,7.034095873063835880e-01,7.034095873063835880e-01
1.459704545454545421e+00,7.715100540433410536e-01,7.046514351133297271e-01,7.046514351133297271e-01
1.461000000000000076e+00,7.718818125149706777e-01,7.058914341829150008e-01,7.058914341829150008e-01
1.462295454545454509e+00,7.722523773539669012e-01,7.071295904291444723e-01,7.071295904291444723e-01
1.463590909090909165e+00,7.726217549370152371e-01,7.083659097327955623e-01,7.083659097327955623e-01
1.464886363636363598e+00,7.729899515912485031e-01,7.096003979416992680e-01,7.096003979416992680e-01
1.466181818181818253e+00,7.733569735947617430e-01,7.108330608710160536e-01,7.108330608710160536e-01
1.467477272727272686e+00,7.737228271771201538e-01,7.120639043035087434e-01,7.120639043035087434e-01
1.468772727272727341e+00,7.740875185198603514e-01,7.132929339898149701e-01,7.132929339898149701e-01
1.470068181818181774e+00,7.744510537569848641e-01,7.145201556487124073e-01,7.145201556487124073e-01
1.471363636363636429e+00,7.748134389754508522e-01,7.157455749673845569e-01,7.157455749673845569e-01
1.472659090909090862e+00,7.751746802156519456e-01,7.169691976016822066e-01,7.169691976016822066e-01
1.473954545454545517e+00,7.755347834718940847e-01,7.181910291763813348e-01,7.181910291763813348e-01
1.475249999999999950e+00,7.758937546928653672e-01,7.194110752854394608e-01,7.194110752854394608e-01
1.476545454545454605e+00,7.762515997820992331e-01,7.206293414922479990e-01,7.206293414922479990e-01
1.477840909090909260e+00,7.766083245984326533e-01,7.218458333298828355e-01,7.218458333298828355e-01
1.479136363636363694e+00,7.769639349564577691e-01,7.230605563013511317e-01,7.230605563013511317e-01
1.480431818181818349e+00,7.773184366269682011e-01,7.242735158798370154e-01,7.242735158798370154e-01
1.481727272727272782e+00,7.776718353373990311e-01,7.254847175089417233e-01,7.254847175089417233e-01
1.483022727272727437e+00,7.780241367722620094e-01,7.266941666029248514e-01,7.266941666029248514e-01
1.484318181818181870e+00,7.783753465735749888e-01,7.279018685469392791e-01,7.279018685469392791e-01
1.485613636363636525e+00,7.787254703412859191e-01,7.291078286972669797e-01,7.291078286972669797e-01
1.486909090909090958e+00,7.790745136336907350e-01,7.303120523815491705e-01,7.303120523815491705e-01
1.488204545454545613e+00,7.794224819678482463e-01,7.315145448990163501e-01,7.315145448990163501e-01
1.489500000000000046e+00,7.797693808199863685e-01,7.327153115207141187e-01,7.327153115207141187e-01
1.490795454545454701e+00,7.801152156259072434e-01,7.339143574897286637e-01,7.339143574897286637e-01
1.492090909090909134e+00,7.804599917813839216e-01,7.351116880214066951e-01,7.351116880214066951e-01
1.493386363636363789e+00,7.808037146425541586e-01,7.363073083035768240e-01,7.363073083035768240e-01
1.494681818181818223e+00,7.811463895263086599e-01,7.375012234967650571e-01,7.375012234967650571e-01
1.495977272727272878e+00,7.814880217106743299e-01,7.386934387344107344e-01,7.386934387344107344e-01
1.497272727272727311e+00,7.818286164351935241e-01,7.398839591230778057e-01,7.398839591230778057e-01
1.498568181818181966e+00,7.821681789012980834e-01,7.410727897426668820e-01,7.410727897426668820e-01
1.499863636363636399e+00,7.825067142726785940e-01,7.422599356466212939e-01,7.422599356466212939e-01
1.501159090909091054e+00,7.828442276756494289e-01,7.434454018621344806e-01,7.434454018621344806e-01
1.502454545454545487e+00,7.831807241995099034e-01,7.446291933903526061e-01,7.446291933903526061e-01
1.503750000000000142e+00,7.835162088969005456e-01,7.458113152065776186e-01,7.458113152065776186e-01
1.505045454545454575e+00,7.838506867841537051e-01,7.469917722604643151e-01,7.469917722604643151e-01
1.506340909090909230e+00,7.841841628416432730e-01,7.481705694762207370e-01,7.481705694762207370e-01
1.507636363636363663e+00,7.845166420141261865e-01,7.493477117528007936e-01,7.493477117528007936e-01
1.508931818181818318e+00,7.848481292110830454e-01,7.505232039640997721e-01,7.505232039640997721e-01
1.510227272727272751e+00,7.851786293070528444e-01,7.516970509591439642e-01,7.516970509591439642e-01
1.511522727272727407e+00,7.855081471419648187e-01,7.528692575622812910e-01,7.528692575622812910e-01
1.512818181818181840e+00,7.858366875214644054e-01,7.540398285733681538e-01,7.540398285733681538e-01
1.514113636363636495e+00,7.861642552172388720e-01,7.552087687679555073e-01,7.552087687679555073e-01
1.515409090909090928e+00,7.864908549673341742e-01,7.563760828974711581e-01,7.563760828974711581e-01
1.516704545454545583e+00,7.868164914764733675e-01,7.575417756894038401e-01,7.575417756894038401e-01
1.518000000000000016e+00,7.871411694163666928e-01,7.587058518474802948e-01,7.587058518474802948e-01
1.519295454545454671e+00,7.874648934260213284e-01,7.598683160518463486e-01,7.598683160518463486e-01
1.520590909090909104e+00,7.877876681120449254e-01,7.610291729592404408e-01,7.610291729592404408e-01
1.521886363636363759e+00,7.881094980489480317e-01,7.621884272031704821e-01,7.621884272031704821e-01
1.523181818181818192e+00,7.884303877794407445e-01,7.633460833940851620e-01,7.633460833940851620e-01
1.524477272727272847e+00,7.887503418147274736e-01,7.645021461195455892e-01,7.645021461195455892e-01
1.525772727272727280e+00,7.890693646347972656e-01,7.656566199443940457e-01,7.656566199443940457e-01
1.527068181818181936e+00,7.893874606887121281e-01,7.668095094109235177e-01,7.668095094109235177e-01
1.528363636363636369e+00,7.897046343948896929e-01,7.679608190390406763e-01,7.679608190390406763e-01
1.529659090909091024e+00,7.900208901413852125e-01,7.691105533264331884e-01,7.691105533264331884e-01
1.530954545454545457e+00,7.903362322861684497e-01,7.702587167487301434e-01,7.702587167487301434e-01
1.532250000000000112e+00,7.906506651573980138e-01,7.714053137596649234e-01,7.714053137596649234e-01
1.533545454545454545e+00,7.909641930536929211e-01,7.725503487912336320e-01,7.725503487912336320e-01
1.534840909090909200e+00,7.912768202444008248e-01,7.736938262538536337e-01,7.736938262538536337e-01
1.536136363636363633e+00,7.915885509698622480e-01,7.748357505365197628e-01,7.748357505365197628e-01
1.537431818181818288e+00,7.918993894416732626e-01,7.759761260069588662e-01,7.759761260069588662e-01
1.538727272727272721e+00,7.922093398429445044e-01,7.771149570117842353e-01,7.771149570117842353e-01
1.540022727272727376e+00,7.925184063285571900e-01,7.782522478766468188e-01,7.782522478766468188e-01
1.541318181818181809e+00,7.928265930254161376e-01,7.793880029063851023e-01,7.793880029063851023e-01
1.542613636363636465e+00,7.931339040327004541e-01,7.805222263851757658e-01,7.805222263851757658e-01
1.543909090909090898e+00,7.934403434221106721e-01,7.816549225766791231e-01,7.816549225766791231e-01
1.545204545454545553e+00,7.937459152381141081e-01,7.827860957241872253e-01,7.827860957241872253e-01
1.546499999999999986e+00,7.940506234981862255e-01,7.839157500507673015e-01,7.839157500507673015e-01
1.547795454545454641e+00,7.943544721930506647e-01,7.850438897594058663e-01,7.850438897594058663e-01
1.549090909090909074e+00,7.946574652869146105e-01,7.861705190331494952e-01,7.861705190331494952e-01
1.550386363636363729e+00,7.949596067177047143e-01,7.872956420352473783e-01,7.872956420352473783e-01
1.551681818181818162e+00,7.952609003972970214e-01,7.884192629092892091e-01,7.884192629092892091e-01
1.552977272727272817e+00,7.955613502117463431e-01,7.895413857793435186e-01,7.895413857793435186e-01
1.554272727272727250e+00,7.958609600215120761e-01,7.906620147500940110e-01,7.906620147500940110e-01
1.555568181818181905e+00,7.961597336616835774e-01,7.917811539069763427e-01,7.917811539069763427e-01
1.556863636363636338e+00,7.964576749421992119e-01,7.928988073163095729e-01,7.928988073163095729e-01
1.558159090909090994e+00,7.967547876480677305e-01,7.940149790254328321e-01,7.940149790254328321e-01
1.559454545454545427e+00,7.970510755395829872e-01,7.951296730628326648e-01,7.951296730628326648e-01
1.560750000000000082e+00,7.973465423525388784e-01,7.962428934382770329e-01,7.962428934382770329e-01
1.562045454545454515e+00,7.976411917984411737e-01,7.973546441429422149e-01,7.973546441429422149e-01
1.562500000000000000e+00,7.977443845417483415e-01,7.977443845417483415e-01,7.977443845417483415e-01
1.563340909090909170e+00,7.979350275647170143e-01,7.984649291495420353e-01,7.979350275647170143e-01
1.564636363636363603e+00,7.982280533149223034e-01,7.995737524124536533e-01,7.982280533149223034e-01
1.565931818181818258e+00,7.985202726889465419e-01,8.006811178678444607e-01,7.985202726889465419e-01
1.567227272727272691e+00,7.988116893032159993e-01,8.017870294337952064e-01,7.988116893032159993e-01
1.568522727272727346e+00,7.991023067508936650e-01,8.028914910104244518e-01,7.991023067508936650e-01
1.569818181818181779e+00,7.993921286020786443e-01,8.039945064800096963e-01,7.993921286020786443e-01
1.571113636363636434e+00,7.996811584040017795e-01,8.050960797071096131e-01,7.996811584040017795e-01
1.572409090909091089e+00,7.999693996812207164e-01,8.061962145386829537e-01,7.999693996812207164e-01
1.573704545454545523e+00,8.002568559358108624e-01,8.072949148042077860e-01,8.002568559358108624e-01
1.575000000000000178e+00,8.005435306475567891e-01,8.083921843158002885e-01,8.005435306475567891e-01
1.576295454545454611e+00,8.008294272741396380e-01,8.094880268683292135e-01,8.008294272741396380e-01
1.577590909090909266e+00,8.011145492513234156e-01,8.105824462395342378e-01,8.011145492513234156e-01
1.578886363636363699e+00,8.013988999931394019e-01,8.116754461901382056e-01,8.013988999931394019e-01
1.580181818181818354e+00,8.016824828920677826e-01,8.127670304639625920e-01,8.016824828920677826e-01
1.581477272727272787e+00,8.019653013192185043e-01,8.138572027880388582e-01,8.019653013192185043e-01
1.582772727272727442e+00,8.022473586245095767e-01,8.149459668727209172e-01,8.022473586245095767e-01
1.584068181818181875e+00,8.025286581368433758e-01,8.160333264117943797e-01,8.025286581368433758e-01
1.585363636363636530e+00,8.028092031642812820e-01,8.171192850825882426e-01,8.028092031642812820e-01
1.586659090909090963e+00,8.030889969942170969e-01,8.182038465460810261e-01,8.030889969942170969e-01
1.587954545454545618e+00,8.033680428935477957e-01,8.192870144470106863e-01,8.033680428935477957e-01
1.589250000000000052e+00,8.036463441088419479e-01,8.203687924139793086e-01,8.036463441088419479e-01
1.590545454545454707e+00,8.039239038665092485e-01,8.214491840595611327e-01,8.039239038665092485e-01
1.591840909090909140e+00,8.042007253729642757e-01,8.225281929804048042e-01,8.042007253729642757e-01
1.593136363636363795e+00,8.044768118147915814e-01,8.236058227573396229e-01,8.044768118147915814e-01
1.594431818181818228e+00,8.047521663589081165e-01,8.246820769554764619e-01,8.047521663589081165e-01
1.595727272727272883e+00,8.050267921527238801e-01,8.257569591243121288e-01,8.050267921527238801e-01
1.597022727272727316e+00,8.053006923243003490e-01,8.268304727978280644e-01,8.053006923243003490e-01
1.598318181818181971e+00,8.055738699825090166e-01,8.279026214945927054e-01,8.055738699825090166e-01
1.599613636363636404e+00,8.058463282171864916e-01,8.289734087178595168e-01,8.058463282171864916e-01
1.600909090909091059e+00,8.061180700992888193e-01,8.300428379556669123e-01,8.061180700992888193e-01
1.602204545454545492e+00,8.063890986810448025e-01,8.311109126809348435e-01,8.063890986810448025e-01
1.603500000000000147e+00,8.066594169961057714e-01,8.321776363515620556e-01,8.066594169961057714e-01
1.604795454545454580e+00,8.069290280596966847e-01,8.332430124105222324e-01,8.069290280596966847e-01
1.606090909090909236e+00,8.071979348687634559e-01,8.343070442859593649e-01,8.071979348687634559e-01
1.607386363636363669e+00,8.074661404021197253e-01,8.353697353912814538e-01,8.074661404021197253e-01
1.608681818181818324e+00,8.077336476205917437e-01,8.364310891252556557e-01,8.077336476205917437e-01
1.609977272727272757e+00,8.080004594671621465e-01,8.374911088720985441e-01,8.080004594671621465e-01
1.611272727272727412e+00,8.082665788671131724e-01,8.385497980015712560e-01,8.082665788671131724e-01
1.612568181818181845e+00,8.085320087281649970e-01,8.396071598690676430e-01,8.085320087281649970e-01
1.613863636363636500e+00,8.087967519406181749e-01,8.406631978157073082e-01,8.087967519406181749e-01
1.615159090909090933e+00,8.090608113774894194e-01,8.417179151684235361e-01,8.090608113774894194e-01
1.616454545454545588e+00,8.093241898946490487e-01,8.427713152400532204e-01,8.093241898946490487e-01
1.617750000000000021e+00,8.095868903309565434e-01,8.438234013294243496e-01,8.095868903309565434e-01
1.619045454545454676e+00,8.098489155083941071e-01,8.448741767214441589e-01,8.098489155083941071e-01
1.620340909090909109e+00,8.101102682321986714e-01,8.459236446871846171e-01,8.101102682321986714e-01
1.621636363636363765e+00,8.103709512909950119e-01,8.469718084839710226e-01,8.103709512909950119e-01
1.622931818181818198e+00,8.106309674569239787e-01,8.480186713554636047e-01,8.106309674569239787e-01
1.624227272727272853e+00,8.108903194857719487e-01,8.490642365317453422e-01,8.108903194857719487e-01
1.625522727272727286e+00,8.111490101170986122e-01,8.501085072294036760e-01,8.111490101170986122e-01
1.626818181818181941e+00,8.114070420743626499e-01,8.511514866516146638e-01,8.114070420743626499e-01
1.628113636363636374e+00,8.116644180650470775e-01,8.521931779882254698e-01,8.116644180650470775e-01
1.629409090909091029e+00,8.119211407807830350e-01,8.532335844158360771e-01,8.119211407807830350e-01
1.630704545454545462e+00,8.121772128974721339e-01,8.542727090978793347e-01,8.121772128974721339e-01
1.632000000000000117e+00,8.124326370754080262e-01,8.553105551847034471e-01,8.124326370754080262e-01
1.633295454545454550e+00,8.126874159593970859e-01,8.563471258136502451e-01,8.126874159593970859e-01
1.634590909090909205e+00,8.129415521788763144e-01,8.573824241091342335e-01,8.129415521788763144e-01
1.635886363636363638e+00,8.131950483480324676e-01,8.584164531827224165e-01,8.131950483480324676e-01
1.637181818181818294e+00,8.134479070659182964e-01,8.594492161332106805e-01,8.134479070659182964e-01
1.638477272727272727e+00,8.137001309165682317e-01,8.604807160467016214e-01,8.137001309165682317e-01
1.639772727272727382e+00,8.139517224691128483e-01,8.615109559966819264e-01,8.139517224691128483e-01
1.641068181818181815e+00,8.142026842778925522e-01,8.625399390440960934e-01,8.142026842778925522e-01
1.642363636363636470e+00,8.144530188825698236e-01,8.635676682374249236e-01,8.144530188825698236e-01
1.643659090909090903e+00,8.147027288082406837e-01,8.645941466127571307e-01,8.147027288082406837e-01
1.644954545454545558e+00,8.149518165655447177e-01,8.656193771938659465e-01,8.149518165655447177e-01
1.646249999999999991e+00,8.152002846507745426e-01,8.666433629922811743e-01,8.152002846507745426e-01
1.647545454545454646e+00,8.154481355459834990e-01,8.676661070073630189e-01,8.154481355459834990e-01
1.648840909090909079e+00,8.156953717190933428e-01,8.686876122263731403e-01,8.156953717190933428e-01
1.650136363636363734e+00,8.159419956240004934e-01,8.697078816245488175e-01,8.159419956240004934e-01
1.651431818181818167e+00,8.161880097006802837e-01,8.707269181651713374e-01,8.161880097006802837e-01
1.652727272727272823e+00,8.164334163752920981e-01,8.717447247996392701e-01,8.164334163752920981e-01
1.654022727272727256e+00,8.166782180602819574e-01,8.727613044675366361e-01,8.166782180602819574e-01
1.655318181818181911e+00,8.169224171544852142e-01,8.737766600967034059e-01,8.169224171544852142e-01
1.656613636363636344e+00,8.171660160432268061e-01,8.747907946033037785e-01,8.171660160432268061e-01
1.657909090909090999e+00,8.174090170984231740e-01,8.758037108918962366e-01,8.174090170984231740e-01
1.659204545454545432e+00,8.176514226786799622e-01,8.768154118554990495e-01,8.176514226786799622e-01
1.660500000000000087e+00,8.178932351293921599e-01,8.778259003756599954e-01,8.178932351293921599e-01
1.661795454545454520e+00,8.181344567828396919e-01,8.788351793225214204e-01,8.181344567828396919e-01
1.663090909090909175e+00,8.183750899582861171e-01,8.798432515548878508e-01,8.183750899582861171e-01
1.664386363636363608e+00,8.186151369620728868e-01,8.808501199202906085e-01,8.186151369620728868e-01
1.665681818181818263e+00,8.188546000877147124e-01,8.818557872550545351e-01,8.188546000877147124e-01
1.666977272727272918e+00,8.190934816159938237e-01,8.828602563843618301e-01,8.190934816159938237e-01
1.668272727272727352e+00,8.193317838150526722e-01,8.838635301223154439e-01,8.193317838150526722e-01
1.669568181818182007e+00,8.195695089404864131e-01,8.848656112720058031e-01,8.195695089404864131e-01
1.670863636363636440e+00,8.198066592354343873e-01,8.858665026255704289e-01,8.198066592354343873e-01
1.672159090909091095e+00,8.200432369306709379e-01,8.868662069642599954e-01,8.200432369306709379e-01
1.673454545454545528e+00,8.202792442446945609e-01,8.878647270584982820e-01,8.202792442446945609e-01
1.674750000000000183e+00,8.205146833838172782e-01,8.888620656679456777e-01,8.205146833838172782e-01
1.676045454545454616e+00,8.207495565422530115e-01,8.898582255415589115e-01,8.207495565422530115e-01
1.677340909090909271e+00,8.209838659022047347e-01,8.908532094176542238e-01,8.209838659022047347e-01
1.678636363636363704e+00,8.212176136339505161e-01,8.918470200239647649e-01,8.212176136339505161e-01
1.679931818181818359e+00,8.214508018959304492e-01,8.928396600777042114e-01,8.214508018959304492e-01
1.681227272727272792e+00,8.216834328348305849e-01,8.938311322856224983e-01,8.216834328348305849e-01
1.682522727272727447e+00,8.219155085856677534e-01,8.948214393440683256e-01,8.219155085856677534e-01
1.683818181818181881e+00,8.221470312718730522e-01,8.958105839390452241e-01,8.221470312718730522e-01
1.685113636363636536e+00,8.223780030053744472e-01,8.967985687462711741e-01,8.223780030053744472e-01
1.686409090909090969e+00,8.226084258866783738e-01,8.977853964312353385e-01,8.226084258866783738e-01
1.687704545454545624e+00,8.228383020049522267e-01,8.987710696492570150e-01,8.228383020049522267e-01
1.689000000000000057e+00,8.230676334381034076e-01,8.997555910455401484e-01,8.230676334381034076e-01
1.690295454545454712e+00,8.232964222528607046e-01,9.007389632552327274e-01,8.232964222528607046e-01
1.691590909090909145e+00,8.235246705048516747e-01,9.017211889034787431e-01,8.235246705048516747e-01
1.692886363636363800e+00,8.237523802386829130e-01,9.027022706054786960e-01,8.237523802386829130e-01
1.694181818181818233e+00,8.239795534880163252e-01,9.036822109665405556e-01,8.239795534880163252e-01
1.695477272727272888e+00,8.242061922756470649e-01,9.046610125821376025e-01,8.242061922756470649e-01
1.696772727272727321e+00,8.244322986135793618e-01,9.056386780379604984e-01,8.244322986135793618e-01
1.698068181818181976e+00,8.246578745031027946e-01,9.066152099099730188e-01,8.246578745031027946e-01
1.699363636363636409e+00,8.248829219348665642e-01,9.075906107644642340e-01,8.248829219348665642e-01
1.700659090909091065e+00,8.251074428889547674e-01,9.085648831581030205e-01,8.251074428889547674e-01
1.701954545454545498e+00,8.253314393349591160e-01,9.095380296379892426e-01,8.253314393349591160e-01
1.703250000000000153e+00,8.255549132320533223e-01,9.105100527417082645e-01,8.255549132320533223e-01
1.704545454545454586e+00,8.257778665290640419e-01,9.114809549973807989e-01,8.257778665290640419e-01
1.705840909090909241e+00,8.260003011645440374e-01,9.124507389237165311e-01,8.260003011645440374e-01
1.707136363636363674e+00,8.262222190668424560e-01,9.134194070300631907e-01,8.262222190668424560e-01
1.708431818181818329e+00,8.264436221541757721e-01,9.143869618164596202e-01,8.264436221541757721e-01
1.709727272727272762e+00,8.266645123346979540e-01,9.153534057736848473e-01,8.266645123346979540e-01
1.711022727272727417e+00,8.268848915065694083e-01,9.163187413833087103e-01,8.268848915065694083e-01
1.712318181818181850e+00,8.271047615580261470e-01,9.172829711177420409e-01,8.271047615580261470e-01
1.713613636363636505e+00,8.273241243674475109e-01,9.182460974402849585e-01,8.273241243674475109e-01
1.714909090909090938e+00,8.275429818034241158e-01,9.192081228051770525e-01,8.275429818034241158e-01
1.716204545454545594e+00,8.277613357248249093e-01,9.201690496576458989e-01,8.277613357248249093e-01
1.717500000000000027e+00,8.279791879808634514e-01,9.211288804339547998e-01,8.279791879808634514e-01
1.718795454545454682e+00,8.281965404111635287e-01,9.220876175614516335e-01,8.281965404111635287e-01
1.720090909090909115e+00,8.284133948458252128e-01,9.230452634586157057e-01,8.284133948458252128e-01
1.721386363636363770e+00,8.286297531054884757e-01,9.240018205351057112e-01,8.286297531054884757e-01
1.722681818181818203e+00,8.288456170013986934e-01,9.249572911918062523e-01,8.288456170013986934e-01
1.723977272727272858e+00,8.290609883354694842e-01,9.259116778208752452e-01,8.290609883354694842e-01
1.725272727272727291e+00,8.292758689003457695e-01,9.268649828057892170e-01,8.292758689003457695e-01
1.726568181818181946e+00,8.294902604794668344e-01,9.278172085213899356e-01,8.294902604794668344e-01
1.727863636363636379e+00,8.297041648471282782e-01,9.287683573339303722e-01,8.297041648471282782e-01
1.729159090909091034e+00,8.299175837685430768e-01,9.297184316011189997e-01,8.299175837685430768e-01
1.730454545454545467e+00,8.301305189999033107e-01,9.306674336721654228e-01,8.301305189999033107e-01
1.731750000000000123e+00,8.303429722884401176e-01,9.316153658878262300e-01,8.303429722884401176e-01
1.733045454545454556e+00,8.305549453724839770e-01,9.325622305804467382e-01,8.305549453724839770e-01
1.734340909090909211e+00,8.307664399815239964e-01,9.335080300740078441e-01,8.307664399815239964e-01
1.735636363636363644e+00,8.309774578362673081e-01,9.344527666841677682e-01,8.309774578362673081e-01
1.736931818181818299e+00,8.311880006486969119e-01,9.353964427183063535e-01,8.311880006486969119e-01
1.738227272727272732e+00,8.313980701221304059e-01,9.363390604755689184e-01,8.313980701221304059e-01
1.739522727272727387e+00,8.316076679512774961e-01,9.372806222469080017e-01,8.316076679512774961e-01
1.740818181818181820e+00,8.318167958222959513e-01,9.382211303151253290e-01,8.318167958222959513e-01
1.742113636363636475e+00,8.320254554128497793e-01,9.391605869549168872e-01,8.320254554128497793e-01
1.743409090909090908e+00,8.322336483921641825e-01,9.400989944329110060e-01,8.322336483921641825e-01
1.744704545454545563e+00,8.324413764210818467e-01,9.410363550077139871e-01,8.324413764210818467e-01
1.745999999999999996e+00,8.326486411521178965e-01,9.419726709299482970e-01,8.326486411521178965e-01
1.747295454545454652e+00,8.328554442295147409e-01,9.429079444422957534e-01,8.328554442295147409e-01
1.748590909090909085e+00,8.330617872892959186e-01,9.438421777795369394e-01,8.330617872892959186e-01
1.749886363636363740e+00,8.332676719593210546e-01,9.447753731685930578e-01,8.332676719593210546e-01
1.751181818181818173e+00,8.334730998593378182e-01,9.457075328285645677e-01,8.334730998593378182e-01
1.752477272727272828e+00,8.336780726010363241e-01,9.466386589707735943e-01,8.336780726010363241e-01
1.753772727272727261e+00,8.338825917881003136e-01,9.475687537988005671e-01,8.338825917881003136e-01
1.755068181818181916e+00,8.340866590162605565e-01,9.484978195085264074e-01,8.340866590162605565e-01
1.756363636363636349e+00,8.342902758733455881e-01,9.494258582881700548e-01,8.342902758733455881e-01
1.757659090909091004e+00,8.344934439393333347e-01,9.503528723183278792e-01,8.344934439393333347e-01
1.758954545454545437e+00,8.346961647864025169e-01,9.512788637720129836e-01,8.346961647864025169e-01
1.760250000000000092e+00,8.348984399789819433e-01,9.522038348146925069e-01,8.348984399789819433e-01
1.761545454545454747e+00,8.351002710738012480e-01,9.531277876043258157e-01,8.351002710738012480e-01
1.762840909090909181e+00,8.353016596199407395e-01,9.540507242914028074e-01,8.353016596199407395e-01
1.764136363636363836e+00,8.355026071588801395e-01,9.549726470189822125e-01,8.355026071588801395e-01
1.765431818181818269e+00,8.357031152245478767e-01,9.558935579227275658e-01,8.357031152245478767e-01
1.766727272727272924e+00,8.359031853433689374e-01,9.568134591309453985e-01,8.359031853433689374e-01
1.768022727272727357e+00,8.361028190343137156e-01,9.577323527646212087e-01,8.361028190343137156e-01
1.769318181818182012e+00,8.363020178089449752e-01,9.586502409374566547e-01,8.363020178089449752e-01
1.770613636363636445e+00,8.365007831714654785e-01,9.595671257559057477e-01,8.365007831714654785e-01
1.771909090909091100e+00,8.366991166187649487e-01,9.604830093192111562e-01,8.366991166187649487e-01
1.773204545454545533e+00,8.368970196404666995e-01,9.613978937194396224e-01,8.368970196404666995e-01
1.774500000000000188e+00,8.370944937189733759e-01,9.623117810415185991e-01,8.370944937189733759e-01
1.775795454545454621e+00,8.372915403295131398e-01,9.632246733632701119e-01,8.372915403295131398e-01
1.777090909090909276e+00,8.374881609401851890e-01,9.641365727554475074e-01,8.374881609401851890e-01
1.778386363636363710e+00,8.376843570120047211e-01,9.650474812817693149e-01,8.376843570120047211e-01
1.779681818181818365e+00,8.378801299989475648e-01,9.659574009989547738e-01,8.378801299989475648e-01
1.780977272727272798e+00,8.380754813479941445e-01,9.668663339567568071e-01,8.380754813479941445e-01
1.782272727272727453e+00,8.382704124991752215e-01,9.677742821979988808e-01,8.382704124991752215e-01
1.783568181818181886e+00,8.384649248856129722e-01,9.686812477586060899e-01,8.384649248856129722e-01
1.784863636363636541e+00,8.386590199335669515e-01,9.695872326676415742e-01,8.386590199335669515e-01
1.786159090909090974e+00,8.388526990624750601e-01,9.704922389473377153e-01,8.388526990624750601e-01
1.787454545454545629e+00,8.390459636849978420e-01,9.713962686131321078e-01,8.390459636849978420e-01
1.788750000000000062e+00,8.392388152070590079e-01,9.722993236736976463e-01,8.392388152070590079e-01
1.790045454545454717e+00,8.394312550278895113e-01,9.732014061309787190e-01,8.394312550278895113e-01
1.791340909090909150e+00,8.396232845400672939e-01,9.741025179802207390e-01,8.396232845400672939e-01
1.792636363636363805e+00,8.398149051295604739e-01,9.750026612100058943e-01,8.398149051295604739e-01
1.793931818181818239e+00,8.400061181757665363e-01,9.759018378022821238e-01,8.400061181757665363e-01
1.795227272727272894e+00,8.401969250515547438e-01,9.768000497323985343e-01,8.401969250515547438e-01
1.796522727272727327e+00,8.403873271233052167e-01,9.776972989691338212e-01,8.403873271233052167e-01
1.797818181818181982e+00,8.405773257509496776e-01,9.785935874747309082e-01,8.405773257509496776e-01
1.799113636363636415e+00,8.407669222880116422e-01,9.794889172049270343e-01,8.407669222880116422e-01
1.800409090909091070e+00,8.409561180816449433e-01,9.803832901089852836e-01,8.409561180816449433e-01
1.801704545454545503e+00,8.411449144726733662e-01,9.812767081297252281e-01,8.411449144726733662e-01
1.803000000000000158e+00,8.413333127956297286e-01,9.821691732035543465e-01,8.413333127956297286e-01
1.804295454545454591e+00,8.415213143787938499e-01,9.830606872604981117e-01,8.415213143787938499e-01
1.805590909090909246e+00,8.417089205442320754e-01,9.839512522242320758e-01,8.417089205442320754e-01
1.806886363636363679e+00,8.418961326078335805e-01,9.848408700121090709e-01,8.418961326078335805e-01
1.808181818181818334e+00,8.420829518793494506e-01,9.857295425351929596e-01,8.420829518793494506e-01
1.809477272727272767e+00,8.422693796624292073e-01,9.866172716982855029e-01,8.422693796624292073e-01
1.810772727272727423e+00,8.424554172546588893e-01,9.875040593999583338e-01,8.424554172546588893e-01
1.812068181818181856e+00,8.426410659475966902e-01,9.883899075325799366e-01,8.426410659475966902e-01
1.813363636363636511e+00,8.428263270268104845e-01,9.892748179823480648e-01,8.428263270268104845e-01
1.814659090909090944e+00,8.430112017719141315e-01,9.901587926293166086e-01,8.430112017719141315e-01
1.815954545454545599e+00,8.431956914566023364e-01,9.910418333474246833e-01,8.431956914566023364e-01
1.817250000000000032e+00,8.433797973486879540e-01,9.919239420045270483e-01,8.433797973486879540e-01
1.818545454545454687e+00,8.435635207101368493e-01,9.928051204624214199e-01,8.435635207101368493e-01
1.819840909090909120e+00,8.437468627971023150e-01,9.936853705768760037e-01,8.437468627971023150e-01
1.821136363636363775e+00,8.439298248599612640e-01,9.945646941976608035e-01,8.439298248599612640e-01
1.822431818181818208e+00,8.441124081433483139e-01,9.954430931685717132e-01,8.441124081433483139e-01
1.823727272727272863e+00,8.442946138861902039e-01,9.963205693274621577e-01,8.442946138861902039e-01
1.825022727272727296e+00,8.444764433217401001e-01,9.971971245062676292e-01,8.444764433217401001e-01
1.826318181818181952e+00,8.446578976776113468e-01,9.980727605310357742e-01,8.446578976776113468e-01
1.827613636363636385e+00,8.448389781758115502e-01,9.989474792219520394e-01,8.448389781758115502e-01
1.828909090909091040e+00,8.450196860327753301e-01,9.998212823933679827e-01,8.450196860327753301e-01
1.830204545454545473e+00,8.452000224593981814e-01,1.000694171853828029e+00,8.452000224593981814e-01
1.831500000000000128e+00,8.453799886610688930e-01,1.001566149406095008e+00,8.453799886610688930e-01
1.832795454545454561e+00,8.455595858377022989e-01,1.002437216847179347e+00,8.455595858377022989e-01
1.834090909090909216e+00,8.457388151837719192e-01,1.003307375968363502e+00,8.457388151837719192e-01
1.835386363636363649e+00,8.459176778883420456e-01,1.004176628555229378e+00,8.459176778883420456e-01
1.836681818181818304e+00,8.460961751351001592e-01,1.005044976387684530e+00,8.460961751351001592e-01
1.837977272727272737e+00,8.462743081023872405e-01,1.005912421239987475e+00,8.462743081023872405e-01
1.839272727272727392e+00,8.464520779632311864e-01,1.006778964880774563e+00,8.464520779632311864e-01
1.840568181818181825e+00,8.466294858853764538e-01,1.007644609073084618e+00,8.466294858853764538e-01
1.841863636363636481e+00,8.468065330313161443e-01,1.008509355574386035e+00,8.468065330313161443e-01
1.843159090909090914e+00,8.469832205583220919e-01,1.009373206136600309e+00,8.469832205583220919e-01
1.844454545454545569e+00,8.471595496184765040e-01,1.010236162506129354e+00,8.471595496184765040e-01
1.845750000000000002e+00,8.473355213587003831e-01,1.011098226423878366e+00,8.473355213587003831e-01
1.847045454545454657e+00,8.475111369207859457e-01,1.011959399625283140e+00,8.475111369207859457e-01
1.848340909090909090e+00,8.476863974414249325e-01,1.012819683840332941e+00,8.476863974414249325e-01
1.849636363636363745e+00,8.478613040522390287e-01,1.013679080793596476e+00,8.478613040522390287e-01
1.850931818181818178e+00,8.480358578798091740e-01,1.014537592204245664e+00,8.480358578798091740e-01
1.852227272727272833e+00,8.482100600457046502e-01,1.015395219786080272e+00,8.482100600457046502e-01
1.853522727272727266e+00,8.483839116665123914e-01,1.016251965247551903e+00,8.483839116665123914e-01
1.854818181818181921e+00,8.485574138538659605e-01,1.017107830291788417e+00,8.485574138538659605e-01
1.856113636363636576e+00,8.487305677144738603e-01,1.017962816616618138e+00,8.487305677144738603e-01
1.857409090909091010e+00,8.489033743501477325e-01,1.018816925914592053e+00,8.489033743501477325e-01
1.858704545454545665e+00,8.490758348578317793e-01,1.019670159873010018e+00,8.490758348578317793e-01
1.860000000000000098e+00,8.492479503296292975e-01,1.020522520173942072e+00,8.492479503296292975e-01
1.861295454545454753e+00,8.494197218528313220e-01,1.021374008494252639e+00,8.494197218528313220e-01
1.862590909090909186e+00,8.495911505099443817e-01,1.022224626505623846e+00,8.495911505099443817e-01
1.863886363636363841e+00,8.497622373787175887e-01,1.023074375874579056e+00,8.497622373787175887e-01
1.865181818181818274e+00,8.499329835321697280e-01,1.023923258262503300e+00,8.499329835321697280e-01
1.866477272727272929e+00,8.501033900386166797e-01,1.024771275325670361e+00,8.501033900386166797e-01
1.867772727272727362e+00,8.502734579616983979e-01,1.025618428715261876e+00,8.502734579616983979e-01
1.869068181818182017e+00,8.504431883604048892e-01,1.026464720077391313e+00,8.504431883604048892e-01
1.870363636363636450e+00,8.506125822891035249e-01,1.027310151053126175e+00,8.506125822891035249e-01
1.871659090909091105e+00,8.507816407975645756e-01,1.028154723278510874e+00,8.507816407975645756e-01
1.872954545454545539e+00,8.509503649309876350e-01,1.028998438384587155e+00,8.509503649309876350e-01
1.874250000000000194e+00,8.511187557300278206e-01,1.029841297997418303e+00,8.511187557300278206e-01
1.875545454545454627e+00,8.512868142308207542e-01,1.030683303738109347e+00,8.512868142308207542e-01
1.876840909090909282e+00,8.514545414650095401e-01,1.031524457222830149e+00,8.514545414650095401e-01
1.878136363636363715e+00,8.516219384597680797e-01,1.032364760062835618e+00,8.516219384597680797e-01
1.879431818181818370e+00,8.517890062378279392e-01,1.033204213864488574e+00,8.517890062378279392e-01
1.880727272727272803e+00,8.519557458175027742e-01,1.034042820229280402e+00,8.519557458175027742e-01
1.882022727272727458e+00,8.521221582127133098e-01,1.034880580753852364e+00,8.521221582127133098e-01
1.883318181818181891e+00,8.522882444330113216e-01,1.035717497030016476e+00,8.522882444330113216e-01
1.884613636363636546e+00,8.524540054836053926e-01,1.036553570644777267e+00,8.524540054836053926e-01
1.885909090909090979e+00,8.526194423653843391e-01,1.037388803180352648e+00,8.526194423653843391e-01
1.887204545454545634e+00,8.527845560749414133e-01,1.038223196214193234e+00,8.527845560749414133e-01
1.888500000000000068e+00,8.529493476045987288e-01,1.039056751319005212e+00,8.529493476045987288e-01
1.889795454545454723e+00,8.531138179424305745e-01,1.039889470062768995e+00,8.531138179424305745e-01
1.891090909090909156e+00,8.532779680722873961e-01,1.040721354008760535e+00,8.532779680722873961e-01
1.892386363636363811e+00,8.534417989738193322e-01,1.041552404715571756e+00,8.534417989738193322e-01
1.893681818181818244e+00,8.536053116224993076e-01,1.042382623737129865e+00,8.536053116224993076e-01
1.894977272727272899e+00,8.537685069896464585e-01,1.043212012622718676e+00,8.537685069896464585e-01
1.896272727272727332e+00,8.539313860424485592e-01,1.044040572916997256e+00,8.539313860424485592e-01
1.897568181818181987e+00,8.540939497439861139e-01,1.044868306160020577e+00,8.540939497439861139e-01
1.898863636363636420e+00,8.542561990532535621e-01,1.045695213887259500e+00,8.542561990532535621e-01
1.900159090909091075e+00,8.544181349251827040e-01,1.046521297629619207e+00,8.544181349251827040e-01
1.901454545454545508e+00,8.545797583106652384e-01,1.047346558913460068e+00,8.545797583106652384e-01
1.902750000000000163e+00,8.547410701565740787e-01,1.048170999260616076e+00,8.547410701565740787e-01
1.904045454545454596e+00,8.549020714057865566e-01,1.048994620188414384e+00,8.549020714057865566e-01
1.905340909090909252e+00,8.550627629972052945e-01,1.049817423209694622e+00,8.550627629972052945e-01
1.906636363636363685e+00,8.552231458657810759e-01,1.050639409832827997e+00,8.552231458657810759e-01
1.907931818181818340e+00,8.553832209425333843e-01,1.051460581561735719e+00,8.553832209425333843e-01
1.909227272727272773e+00,8.555429891545727195e-01,1.052280939895908984e+00,8.555429891545727195e-01
1.910522727272727428e+00,8.557024514251214686e-01,1.053100486330426522e+00,8.557024514251214686e-01
1.911818181818181861e+00,8.558616086735353345e-01,1.053919222355973240e+00,8.558616086735353345e-01
1.913113636363636516e+00,8.560204618153242073e-01,1.054737149458860213e+00,8.560204618153242073e-01
1.914409090909090949e+00,8.561790117621732588e-01,1.055554269121041333e+00,8.561790117621732588e-01
1.915704545454545604e+00,8.563372594219638145e-01,1.056370582820133075e+00,8.563372594219638145e-01
1.917000000000000037e+00,8.564952056987931162e-01,1.057186092029430702e+00,8.564952056987931162e-01
1.918295454545454692e+00,8.566528514929961924e-01,1.058000798217930027e+00,8.566528514929961924e-01
1.919590909090909125e+00,8.568101977011652881e-01,1.058814702850340739e+00,8.568101977011652881e-01
1.920886363636363781e+00,8.569672452161702925e-01,1.059627807387108378e+00,8.569672452161702925e-01
1.922181818181818214e+00,8.571239949271786118e-01,1.060440113284429886e+00,8.571239949271786118e-01
1.923477272727272869e+00,8.572804477196757089e-01,1.061251621994271810e+00,8.572804477196757089e-01
1.924772727272727302e+00,8.574366044754840877e-01,1.062062334964388732e+00,8.574366044754840877e-01
1.926068181818181957e+00,8.575924660727838322e-01,1.062872253638339259e+00,8.575924660727838322e-01
1.927363636363636390e+00,8.577480333861314810e-01,1.063681379455504894e+00,8.577480333861314810e-01
1.928659090909091045e+00,8.579033072864796772e-01,1.064489713851106911e+00,8.579033072864796772e-01
1.929954545454545478e+00,8.580582886411967092e-01,1.065297258256222790e+00,8.580582886411967092e-01
1.931250000000000133e+00,8.582129783140851620e-01,1.066104014097804642e+00,8.582129783140851620e-01
1.932545454545454566e+00,8.583673771654013462e-01,1.066909982798695866e+00,8.583673771654013462e-01
1.933840909090909221e+00,8.585214860518742830e-01,1.067715165777647357e+00,8.585214860518742830e-01
1.935136363636363654e+00,8.586753058267239114e-01,1.068519564449335046e+00,8.586753058267239114e-01
1.936431818181818310e+00,8.588288373396804065e-01,1.069323180224376335e+00,8.588288373396804065e-01
1.937727272727272743e+00,8.589820814370023871e-01,1.070126014509347856e+00,8.589820814370023871e-01
1.939022727272727398e+00,8.591350389614953453e-01,1.070928068706800351e+00,8.591350389614953453e-01
1.940318181818181831e+00,8.592877107525299651e-01,1.071729344215276214e+00,8.592877107525299651e-01
1.941613636363636486e+00,8.594400976460603303e-01,1.072529842429325919e+00,8.594400976460603303e-01
1.942909090909090919e+00,8.595922004746419098e-01,1.073329564739523789e+00,8.595922004746419098e-01
1.944204545454545574e+00,8.597440200674493216e-01,1.074128512532484425e+00,8.597440200674493216e-01
1.945500000000000007e+00,8.598955572502949840e-01,1.074926687190879804e+00,8.598955572502949840e-01
1.946795454545454662e+00,8.600468128456456585e-01,1.075724090093453489e+00,8.600468128456456585e-01
1.948090909090909095e+00,8.601977876726406569e-01,1.076520722615038395e+00,8.601977876726406569e-01
1.949386363636363750e+00,8.603484825471091613e-01,1.077316586126570996e+00,8.603484825471091613e-01
1.950681818181818405e+00,8.604988982815878762e-01,1.078111681995109095e+00,8.604988982815878762e-01
1.951977272727272839e+00,8.606490356853377932e-01,1.078906011583845803e+00,8.606490356853377932e-01
1.953272727272727494e+00,8.607988955643617324e-01,1.079699576252125759e+00,8.607988955643617324e-01
1.954568181818181927e+00,8.609484787214211066e-01,1.080492377355460665e+00,8.609484787214211066e-01
1.955863636363636582e+00,8.610977859560532410e-01,1.081284416245545943e+00,8.610977859560532410e-01
1.957159090909091015e+00,8.612468180645869165e-01,1.082075694270272948e+00,8.612468180645869165e-01
1.958454545454545670e+00,8.613955758401612428e-01,1.082866212773748060e+00,8.613955758401612428e-01
1.959750000000000103e+00,8.615440600727403142e-01,1.083655973096305569e+00,8.615440600727403142e-01
1.961045454545454758e+00,8.616922715491303064e-01,1.084444976574523212e+00,8.616922715491303064e-01
1.962340909090909191e+00,8.618402110529960192e-01,1.085233224541237051e+00,8.618402110529960192e-01
1.963636363636363846e+00,8.619878793648775295e-01,1.086020718325557688e+00,8.619878793648775295e-01
1.964931818181818279e+00,8.621352772622049576e-01,1.086807459252883579e+00,8.621352772622049576e-01
1.966227272727272934e+00,8.622824055193162307e-01,1.087593448644917249e+00,8.622824055193162307e-01
1.967522727272727368e+00,8.624292649074717376e-01,1.088378687819677948e+00,8.624292649074717376e-01
1.968818181818182023e+00,8.625758561948708714e-01,1.089163178091518525e+00,8.625758561948708714e-01
1.970113636363636456e+00,8.627221801466679052e-01,1.089946920771139860e+00,8.627221801466679052e-01
1.971409090909091111e+00,8.628682375249866476e-01,1.090729917165603302e+00,8.628682375249866476e-01
1.972704545454545544e+00,8.630140290889374288e-01,1.091512168578347097e+00,8.630140290889374288e-01
1.974000000000000199e+00,8.631595555946312004e-01,1.092293676309200157e+00,8.631595555946312004e-01
1.975295454545454632e+00,8.633048177951959667e-01,1.093074441654396045e+00,8.633048177951959667e-01
1.976590909090909287e+00,8.634498164407912180e-01,1.093854465906587858e+00,8.634498164407912180e-01
1.977886363636363720e+00,8.635945522786236950e-01,1.094633750354861101e+00,8.635945522786236950e-01
1.979181818181818375e+00,8.637390260529620445e-01,1.095412296284749010e+00,8.637390260529620445e-01
1.980477272727272808e+00,8.638832385051520291e-01,1.096190104978246094e+00,8.638832385051520291e-01
1.981772727272727463e+00,8.640271903736315151e-01,1.096967177713822128e+00,8.640271903736315151e-01
1.983068181818181897e+00,8.641708823939447948e-01,1.097743515766435696e+00,8.641708823939447948e-01
1.984363636363636552e+00,8.643143152987576849e-01,1.098519120407547955e+00,8.643143152987576849e-01
1.985659090909090985e+00,8.644574898178717381e-01,1.099293992905136408e+00,8.644574898178717381e-01
1.986954545454545640e+00,8.646004066782395636e-01,1.100068134523709551e+00,8.646004066782395636e-01
1.988250000000000073e+00,8.647430666039780389e-01,1.100841546524317982e+00,8.647430666039780389e-01
1.989545454545454728e+00,8.648854703163837421e-01,1.101614230164570829e+00,8.648854703163837421e-01
1.990840909090909161e+00,8.650276185339464963e-01,1.102386186698646631e+00,8.650276185339464963e-01
1.992136363636363816e+00,8.651695119723638028e-01,1.103157417377309102e+00,8.651695119723638028e-01
1.993431818181818249e+00,8.653111513445547187e-01,1.103927923447917125e+00,8.653111513445547187e-01
1.994727272727272904e+00,8.654525373606741789e-01,1.104697706154441850e+00,8.654525373606741789e-01
1.996022727272727337e+00,8.655936707281262077e-01,1.105466766737476236e+00,8.655936707281262077e-01
1.997318181818181992e+00,8.657345521515784625e-01,1.106235106434250826e+00,8.657345521515784625e-01
1.998613636363636425e+00,8.658751823329758901e-01,1.107002726478645727e+00,8.658751823329758901e-01
1.999909090909091081e+00,8.660155619715533826e-01,1.107769628101203274e+00,8.660155619715533826e-01
2.001204545454545514e+00,8.661556917638507658e-01,1.108535812529140241e+00,8.661556917638507658e-01
2.002500000000000391e+00,8.662955724037246785e-01,1.109301280986362936e+00,8.662955724037246785e-01
2.003795454545454824e+00,8.664352045823635606e-01,1.110066034693477866e+00,8.664352045823635606e-01
2.005090909090909257e+00,8.665745889882999764e-01,1.110830074867805051e+00,8.665745889882999764e-01
2.006386363636363690e+00,8.667137263074237152e-01,1.111593402723390689e+00,8.667137263074237152e-01
2.007681818181818567e+00,8.668526172229953364e-01,1.112356019471020030e+00,8.668526172229953364e-01
2.008977272727273000e+00,8.669912624156592695e-01,1.113117926318229145e+00,8.669912624156592695e-01
2.010272727272727433e+00,8.671296625634564714e-01,1.113879124469317805e+00,8.671296625634564714e-01
2.011568181818181866e+00,8.672678183418373044e-01,1.114639615125361694e+00,8.672678183418373044e-01
2.012863636363636743e+00,8.674057304236748589e-01,1.115399399484225285e+00,8.674057304236748589e-01
2.014159090909091177e+00,8.675433994792770553e-01,1.116158478740572058e+00,8.675433994792770553e-01
2.015454545454545610e+00,8.676808261763996333e-01,1.116916854085879818e+00,8.676808261763996333e-01
2.016750000000000043e+00,8.678180111802584751e-01,1.117674526708450466e+00,8.678180111802584751e-01
2.018045454545454920e+00,8.679549551535427065e-01,1.118431497793422880e+00,8.679549551535427065e-01
2.019340909090909353e+00,8.680916587564263542e-01,1.119187768522784010e+00,8.680916587564263542e-01
2.020636363636363786e+00,8.682281226465808910e-01,1.119943340075382432e+00,8.682281226465808910e-01
2.021931818181818219e+00,8.683643474791877814e-01,1.120698213626938555e+00,8.683643474791877814e-01
2.023227272727273096e+00,8.685003339069511386e-01,1.121452390350058614e+00,8.685003339069511386e-01
2.024522727272727529e+00,8.686360825801083818e-01,1.122205871414243106e+00,8.686360825801083818e-01
2.025818181818181962e+00,8.687715941464433378e-01,1.122958657985901221e+00,8.687715941464433378e-01
2.027113636363636395e+00,8.689068692512985637e-01,1.123710751228362170e+00,8.689068692512985637e-01
2.028409090909091272e+00,8.690419085375863384e-01,1.124462152301886064e+00,8.690419085375863384e-01
2.029704545454545705e+00,8.691767126458006532e-01,1.125212862363673905e+00,8.691767126458006532e-01
2.031000000000000139e+00,8.693112822140297569e-01,1.125962882567883128e+00,8.693112822140297569e-01
2.032295454545454572e+00,8.694456178779668143e-01,1.126712214065635154e+00,8.694456178779668143e-01
2.033590909090909449e+00,8.695797202709225626e-01,1.127460858005028710e+00,8.695797202709225626e-01
2.034886363636363882e+00,8.697135900238354145e-01,1.128208815531150266e+00,8.697135900238354145e-01
2.036181818181818315e+00,8.698472277652848916e-01,1.128956087786086027e+00,8.698472277652848916e-01
2.037477272727272748e+00,8.699806341215012839e-01,1.129702675908931919e+00,8.699806341215012839e-01
2.038772727272727625e+00,8.701138097163776397e-01,1.130448581035806699e+00,8.701138097163776397e-01
2.040068181818182058e+00,8.702467551714817562e-01,1.131193804299860384e+00,8.702467551714817562e-01
2.041363636363636491e+00,8.703794711060660605e-01,1.131938346831287800e+00,8.703794711060660605e-01
2.042659090909090924e+00,8.705119581370797111e-01,1.132682209757337688e+00,8.705119581370797111e-01
2.043954545454545801e+00,8.706442168791792557e-01,1.133425394202325354e+00,8.706442168791792557e-01
2.045250000000000234e+00,8.707762479447399562e-01,1.134167901287641111e+00,8.707762479447399562e-01
2.046545454545454668e+00,8.709080519438665569e-01,1.134909732131764049e+00,8.709080519438665569e-01
2.047840909090909545e+00,8.710396294844037213e-01,1.135650887850269575e+00,8.710396294844037213e-01
2.049136363636363978e+00,8.711709811719478003e-01,1.136391369555842967e+00,8.711709811719478003e-01
2.050431818181818411e+00,8.713021076098569351e-01,1.137131178358288697e+00,8.713021076098569351e-01
2.051727272727272844e+00,8.714330093992616044e-01,1.137870315364540641e+00,8.714330093992616044e-01
2.053022727272727721e+00,8.715636871390759488e-01,1.138608781678674076e+00,8.715636871390759488e-01
2.054318181818182154e+00,8.716941414260074295e-01,1.139346578401913224e+00,8.716941414260074295e-01
2.055613636363636587e+00,8.718243728545682636e-01,1.140083706632645910e+00,8.718243728545682636e-01
2.056909090909091020e+00,8.719543820170851944e-01,1.140820167466430668e+00,8.719543820170851944e-01
2.058204545454545897e+00,8.720841695037102603e-01,1.141555961996008728e+00,8.720841695037102603e-01
2.059500000000000330e+00,8.722137359024302317e-01,1.142291091311312679e+00,8.722137359024302317e-01
2.060795454545454763e+00,8.723430817990786013e-01,1.143025556499478013e+00,8.723430817990786013e-01
2.062090909090909197e+00,8.724722077773440221e-01,1.143759358644854229e+00,8.724722077773440221e-01
2.063386363636364074e+00,8.726011144187815205e-01,1.144492498829012606e+00,8.726011144187815205e-01
2.064681818181818507e+00,8.727298023028218221e-01,1.145224978130757298e+00,8.727298023028218221e-01
2.065977272727272940e+00,8.728582720067823431e-01,1.145956797626136892e+00,8.728582720067823431e-01
2.067272727272727373e+00,8.729865241058761827e-01,1.146687958388451944e+00,8.729865241058761827e-01
2.068568181818182250e+00,8.731145591732225597e-01,1.147418461488266317e+00,8.731145591732225597e-01
2.069863636363636683e+00,8.732423777798561382e-01,1.148148307993416495e+00,8.732423777798561382e-01
2.071159090909091116e+00,8.733699804947379075e-01,1.148877498969022692e+00,8.733699804947379075e-01
2.072454545454545549e+00,8.734973678847635092e-01,1.149606035477496846e+00,8.734973678847635092e-01
2.073750000000000426e+00,8.736245405147741172e-01,1.150333918578554160e+00,8.736245405147741172e-01
2.075045454545454859e+00,8.737514989475652083e-01,1.151061149329220434e+00,8.737514989475652083e-01
2.076340909090909292e+00,8.738782437438965545e-01,1.151787728783844500e+00,8.738782437438965545e-01
2.077636363636363726e+00,8.740047754625015486e-01,1.152513657994105989e+00,8.740047754625015486e-01
2.078931818181818603e+00,8.741310946600969745e-01,1.153238938009026437e+00,8.741310946600969745e-01
2.080227272727273036e+00,8.742572018913918885e-01,1.153963569874976169e+00,8.742572018913918885e-01
2.081522727272727469e+00,8.743830977090975010e-01,1.154687554635686508e+00,8.743830977090975010e-01
2.082818181818181902e+00,8.745087826639358353e-01,1.155410893332258215e+00,8.745087826639358353e-01
2.084113636363636779e+00,8.746342573046500535e-01,1.156133587003171037e+00,8.746342573046500535e-01
2.085409090909091212e+00,8.747595221780118946e-01,1.156855636684291699e+00,8.747595221780118946e-01
2.086704545454545645e+00,8.748845778288326658e-01,1.157577043408885675e+00,8.748845778288326658e-01
2.088000000000000078e+00,8.750094247999711250e-01,1.158297808207624069e+00,8.750094247999711250e-01
2.089295454545454955e+00,8.751340636323431399e-01,1.159017932108595605e+00,8.751340636323431399e-01
2.090590909090909388e+00,8.752584948649299035e-01,1.159737416137311961e+00,8.752584948649299035e-01
2.091886363636363821e+00,8.753827190347880371e-01,1.160456261316720417e+00,8.753827190347880371e-01
2.093181818181818254e+00,8.755067366770570292e-01,1.161174468667211190e+00,8.755067366770570292e-01
2.094477272727273132e+00,8.756305483249693378e-01,1.161892039206627425e+00,8.756305483249693378e-01
2.095772727272727565e+00,8.757541545098586067e-01,1.162608973950272961e+00,8.757541545098586067e-01
2.097068181818181998e+00,8.758775557611681029e-01,1.163325273910921887e+00,8.758775557611681029e-01
2.098363636363636431e+00,8.760007526064600425e-01,1.164040940098828303e+00,8.760007526064600425e-01
2.099659090909091308e+00,8.761237455714236955e-01,1.164755973521734322e+00,8.761237455714236955e-01
2.100954545454545741e+00,8.762465351798839341e-01,1.165470375184878504e+00,8.762465351798839341e-01
2.102250000000000174e+00,8.763691219538105592e-01,1.166184146091005625e+00,8.763691219538105592e-01
2.103545454545454607e+00,8.764915064133254052e-01,1.166897287240374892e+00,8.764915064133254052e-01
2.104840909090909484e+00,8.766136890767122214e-01,1.167609799630769052e+00,8.766136890767122214e-01
2.106136363636363917e+00,8.767356704604243323e-01,1.168321684257502380e+00,8.767356704604243323e-01
2.107431818181818350e+00,8.768574510790922982e-01,1.169032942113430229e+00,8.768574510790922982e-01
2.108727272727272783e+00,8.769790314455337965e-01,1.169743574188956359e+00,8.769790314455337965e-01
2.110022727272727661e+00,8.771004120707608376e-01,1.170453581472044036e+00,8.771004120707608376e-01
2.111318181818182094e+00,8.772215934639874257e-01,1.171162964948220253e+00,8.772215934639874257e-01
2.112613636363636527e+00,8.773425761326395511e-01,1.171871725600588832e+00,8.773425761326395511e-01
2.113909090909090960e+00,8.774633605823610738e-01,1.172579864409835970e+00,8.774633605823610738e-01
2.115204545454545837e+00,8.775839473170236049e-01,1.173287382354239350e+00,8.775839473170236049e-01
2.116500000000000270e+00,8.777043368387332789e-01,1.173994280409676572e+00,8.777043368387332789e-01
2.117795454545454703e+00,8.778245296478396353e-01,1.174700559549634260e+00,8.778245296478396353e-01
2.119090909090909136e+00,8.779445262429429464e-01,1.175406220745214947e+00,8.779445262429429464e-01
2.120386363636364013e+00,8.780643271209023215e-01,1.176111264965146175e+00,8.780643271209023215e-01
2.121681818181818446e+00,8.781839327768432568e-01,1.176815693175787825e+00,8.781839327768432568e-01
2.122977272727272879e+00,8.783033437041662950e-01,1.177519506341142552e+00,8.783033437041662950e-01
2.124272727272727312e+00,8.784225603945533534e-01,1.178222705422860672e+00,8.784225603945533534e-01
2.125568181818182190e+00,8.785415833379770500e-01,1.178925291380251705e+00,8.785415833379770500e-01
2.126863636363636623e+00,8.786604130227070319e-01,1.179627265170288597e+00,8.786604130227070319e-01
2.128159090909091056e+00,8.787790499353180795e-01,1.180328627747619263e+00,8.787790499353180795e-01
2.129454545454545489e+00,8.788974945606983225e-01,1.181029380064573031e+00,8.788974945606983225e-01
2.130750000000000366e+00,8.790157473820556788e-01,1.181729523071168853e+00,8.790157473820556788e-01
2.132045454545454799e+00,8.791338088809258489e-01,1.182429057715121745e+00,8.791338088809258489e-01
2.133340909090909232e+00,8.792516795371799754e-01,1.183127984941853672e+00,8.792516795371799754e-01
2.134636363636363665e+00,8.793693598290319713e-01,1.183826305694498648e+00,8.793693598290319713e-01
2.135931818181818542e+00,8.794868502330456250e-01,1.184524020913912512e+00,8.794868502330456250e-01
2.137227272727272975e+00,8.796041512241419280e-01,1.185221131538678918e+00,8.796041512241419280e-01
2.138522727272727408e+00,8.797212632756071793e-01,1.185917638505118443e+00,8.797212632756071793e-01
2.139818181818181841e+00,8.798381868590987587e-01,1.186613542747295691e+00,8.798381868590987587e-01
2.141113636363636719e+00,8.799549224446538975e-01,1.187308845197027729e+00,8.799549224446538975e-01
2.142409090909091152e+00,8.800714705006956740e-01,1.188003546783889863e+00,8.800714705006956740e-01
2.143704545454545585e+00,8.801878314940411174e-01,1.188697648435225629e+00,8.801878314940411174e-01
2.145000000000000462e+00,8.803040058899070930e-01,1.189391151076152786e+00,8.803040058899070930e-01
2.146295454545454895e+00,8.804199941519186279e-01,1.190084055629570869e+00,8.804199941519186279e-01
2.147590909090909328e+00,8.805357967421154619e-01,1.190776363016170070e+00,8.805357967421154619e-01
2.148886363636363761e+00,8.806514141209583757e-01,1.191468074154437229e+00,8.806514141209583757e-01
2.150181818181818194e+00,8.807668467473372953e-01,1.192159189960663168e+00,8.807668467473372953e-01
2.151477272727273071e+00,8.808820950785771764e-01,1.192849711348951791e+00,8.808820950785771764e-01
2.152772727272727504e+00,8.809971595704454428e-01,1.193539639231225857e+00,8.809971595704454428e-01
2.154068181818181937e+00,8.811120406771588698e-01,1.194228974517234754e+00,8.811120406771588698e-01
2.155363636363636370e+00,8.812267388513899125e-01,1.194917718114562044e+00,8.812267388513899125e-01
2.156659090909091248e+00,8.813412545442740331e-01,1.195605870928633241e+00,8.813412545442740331e-01
2.157954545454545681e+00,8.814555882054155855e-01,1.196293433862720468e+00,8.814555882054155855e-01
2.159250000000000114e+00,8.815697402828956974e-01,1.196980407817953562e+00,8.815697402828956974e-01
2.160545454545454547e+00,8.816837112232778217e-01,1.197666793693324738e+00,8.816837112232778217e-01
2.161840909090909424e+00,8.817975014716150639e-01,1.198352592385695692e+00,8.817975014716150639e-01
2.163136363636363857e+00,8.819111114714560662e-01,1.199037804789805817e+00,8.819111114714560662e-01
2.164431818181818290e+00,8.820245416648526682e-01,1.199722431798278643e+00,8.820245416648526682e-01
2.165727272727272723e+00,8.821377924923649028e-01,1.200406474301629389e+00,8.821377924923649028e-01
2.167022727272727600e+00,8.822508643930691008e-01,1.201089933188270953e+00,8.822508643930691008e-01
2.168318181818182033e+00,8.823637578045626650e-01,1.201772809344521908e+00,8.823637578045626650e-01
2.169613636363636466e+00,8.824764731629720638e-01,1.202455103654612945e+00,8.824764731629720638e-01
2.170909090909090899e+00,8.825890109029580488e-01,1.203136817000694414e+00,8.825890109029580488e-01
2.172204545454545777e+00,8.827013714577223169e-01,1.203817950262842329e+00,8.827013714577223169e-01
2.173500000000000210e+00,8.828135552590143931e-01,1.204498504319065688e+00,8.828135552590143931e-01
2.174795454545454643e+00,8.829255627371368487e-01,1.205178480045313805e+00,8.829255627371368487e-01
2.176090909090909076e+00,8.830373943209525178e-01,1.205857878315482301e+00,8.830373943209525178e-01
2.177386363636363953e+00,8.831490504378898265e-01,1.206536700001420215e+00,8.831490504378898265e-01
2.178681818181818386e+00,8.832605315139496760e-01,1.207214945972936215e+00,8.832605315139496760e-01
2.179977272727272819e+00,8.833718379737113269e-01,1.207892617097806820e+00,8.833718379737113269e-01
2.181272727272727252e+00,8.834829702403383944e-01,1.208569714241781723e+00,8.834829702403383944e-01
2.182568181818182129e+00,8.835939287355851768e-01,1.209246238268590901e+00,8.835939287355851768e-01
2.183863636363636562e+00,8.837047138798022061e-01,1.209922190039951051e+00,8.837047138798022061e-01
2.185159090909090995e+00,8.838153260919426879e-01,1.210597570415572255e+00,8.838153260919426879e-01
2.186454545454545428e+00,8.839257657895684961e-01,1.211272380253164860e+00,8.839257657895684961e-01
2.187750000000000306e+00,8.840360333888560573e-01,1.211946620408446362e+00,8.840360333888560573e-01
2.189045454545454739e+00,8.841461293046017911e-01,1.212620291735146294e+00,8.841461293046017911e-01
2.190340909090909172e+00,8.842560539502288819e-01,1.213293395085014659e+00,8.842560539502288819e-01
2.191636363636363605e+00,8.843658077377920534e-01,1.213965931307827040e+00,8.843658077377920534e-01
2.192931818181818482e+00,8.844753910779847850e-01,1.214637901251391927e+00,8.844753910779847850e-01
2.194227272727272915e+00,8.845848043801433080e-01,1.215309305761556491e+00,8.845848043801433080e-01
2.195522727272727348e+00,8.846940480522542671e-01,1.215980145682213465e+00,8.846940480522542671e-01
2.196818181818181781e+00,8.848031225009589384e-01,1.216650421855307140e+00,8.848031225009589384e-01
2.198113636363636658e+00,8.849120281315596692e-01,1.217320135120839586e+00,8.849120281315596692e-01
2.199409090909091091e+00,8.850207653480255399e-01,1.217989286316877307e+00,8.850207653480255399e-01
2.200704545454545524e+00,8.851293345529978041e-01,1.218657876279557684e+00,8.851293345529978041e-01
2.201999999999999957e+00,8.852377361477952178e-01,1.219325905843094748e+00,8.852377361477952178e-01
2.203295454545454835e+00,8.853459705324205897e-01,1.219993375839785621e+00,8.853459705324205897e-01
2.204590909090909268e+00,8.854540381055652221e-01,1.220660287100015839e+00,8.854540381055652221e-01
2.205886363636363701e+00,8.855619392646151278e-01,1.221326640452267576e+00,8.855619392646151278e-01
2.207181818181818134e+00,8.856696744056561377e-01,1.221992436723124298e+00,8.856696744056561377e-01
2.208477272727273011e+00,8.857772439234797845e-01,1.222657676737276544e+00,8.857772439234797845e-01
2.209772727272727444e+00,8.858846482115881882e-01,1.223322361317528806e+00,8.858846482115881882e-01
2.211068181818181877e+00,8.859918876622003836e-01,1.223986491284806188e+00,8.859918876622003836e-01
2.212363636363636310e+00,8.860989626662562069e-01,1.224650067458158187e+00,8.860989626662562069e-01
2.213659090909091187e+00,8.862058736134232895e-01,1.225313090654767789e+00,8.862058736134232895e-01
2.214954545454545620e+00,8.863126208921013882e-01,1.225975561689954585e+00,8.863126208921013882e-01
2.216250000000000053e+00,8.864192048894278253e-01,1.226637481377182759e+00,8.864192048894278253e-01
2.217545454545454486e+00,8.865256259912829284e-01,1.227298850528065532e+00,8.865256259912829284e-01
2.218840909090909363e+00,8.866318845822954708e-01,1.227959669952373156e+00,8.866318845822954708e-01
2.220136363636363797e+00,8.867379810458470013e-01,1.228619940458035131e+00,8.867379810458470013e-01
2.221431818181818230e+00,8.868439157640783943e-01,1.229279662851150867e+00,8.868439157640783943e-01
2.222727272727272663e+00,8.869496891178938469e-01,1.229938837935991680e+00,8.869496891178938469e-01
2.224022727272727540e+00,8.870553014869667630e-01,1.230597466515008120e+00,8.870553014869667630e-01
2.225318181818181973e+00,8.871607532497440829e-01,1.231255549388835746e+00,8.871607532497440829e-01
2.226613636363636406e+00,8.872660447834523900e-01,1.231913087356300673e+00,8.872660447834523900e-01
2.227909090909090839e+00,8.873711764641022404e-01,1.232570081214425795e+00,8.873711764641022404e-01
2.229204545454545716e+00,8.874761486664931587e-01,1.233226531758435662e+00,8.874761486664931587e-01
2.230500000000000149e+00,8.875809617642189675e-01,1.233882439781762486e+00,8.875809617642189675e-01
2.231795454545454582e+00,8.876856161296728942e-01,1.234537806076052346e+00,8.876856161296728942e-01
2.233090909090909015e+00,8.877901121340520119e-01,1.235192631431169863e+00,8.877901121340520119e-01
2.234386363636363892e+00,8.878944501473631234e-01,1.235846916635205961e+00,8.878944501473631234e-01
2.235681818181818326e+00,8.879986305384258705e-01,1.236500662474479428e+00,8.879986305384258705e-01
2.236977272727272759e+00,8.881026536748798383e-01,1.237153869733546907e+00,8.881026536748798383e-01
2.238272727272727636e+00,8.882065199231876651e-01,1.237806539195205779e+00,8.882065199231876651e-01
2.239568181818182069e+00,8.883102296486410365e-01,1.238458671640500830e+00,8.883102296486410365e-01
2.240863636363636502e+00,8.884137832153645720e-01,1.239110267848728242e+00,8.884137832153645720e-01
2.242159090909090935e+00,8.885171809863211534e-01,1.239761328597443590e+00,8.885171809863211534e-01
2.243454545454545812e+00,8.886204233233169214e-01,1.240411854662465618e+00,8.886204233233169214e-01
2.244750000000000245e+00,8.887235105870051610e-01,1.241061846817880898e+00,8.887235105870051610e-01
2.246045454545454678e+00,8.888264431368917418e-01,1.241711305836051160e+00,8.888264431368917418e-01
2.247340909090909111e+00,8.889292213313397806e-01,1.242360232487618399e+00,8.889292213313397806e-01
2.248636363636363988e+00,8.890318455275737497e-01,1.243008627541508870e+00,8.890318455275737497e-01
2.249931818181818421e+00,8.891343160816846947e-01,1.243656491764938643e+00,8.891343160816846947e-01
2.251227272727272855e+00,8.892366333486345642e-01,1.244303825923421591e+00,8.892366333486345642e-01
2.252522727272727288e+00,8.893387976822607621e-01,1.244950630780770284e+00,8.893387976822607621e-01
2.253818181818182165e+00,8.894408094352812544e-01,1.245596907099105977e+00,8.894408094352812544e-01
2.255113636363636598e+00,8.895426689592982328e-01,1.246242655638859498e+00,8.895426689592982328e-01
2.256409090909091031e+00,8.896443766048032220e-01,1.246887877158779467e+00,8.896443766048032220e-01
2.257704545454545464e+00,8.897459327211817426e-01,1.247532572415937402e+00,8.897459327211817426e-01
2.259000000000000341e+00,8.898473376567171966e-01,1.248176742165730602e+00,8.898473376567171966e-01
2.260295454545454774e+00,8.899485917585955308e-01,1.248820387161889478e+00,8.899485917585955308e-01
2.261590909090909207e+00,8.900496953729104543e-01,1.249463508156482439e+00,8.900496953729104543e-01
2.262886363636363640e+00,8.901506488446663257e-01,1.250106105899920106e+00,8.901506488446663257e-01
2.264181818181818517e+00,8.902514525177843696e-01,1.250748181140961757e+00,8.902514525177843696e-01
2.265477272727272950e+00,8.903521067351050089e-01,1.251389734626718653e+00,8.903521067351050089e-01
2.266772727272727384e+00,8.904526118383941924e-01,1.252030767102660702e+00,8.904526118383941924e-01
2.268068181818181817e+00,8.905529681683465038e-01,1.252671279312620900e+00,8.905529681683465038e-01
2.269363636363636694e+00,8.906531760645896023e-01,1.253311271998800658e+00,8.906531760645896023e-01
2.270659090909091127e+00,8.907532358656889970e-01,1.253950745901773578e+00,8.907532358656889970e-01
2.271954545454545560e+00,8.908531479091518213e-01,1.254589701760492559e+00,8.908531479091518213e-01
2.273249999999999993e+00,8.909529125314314957e-01,1.255228140312293350e+00,8.909529125314314957e-01
2.274545454545454870e+00,8.910525300679313920e-01,1.255866062292899432e+00,8.910525300679313920e-01
2.275840909090909303e+00,8.911520008530096071e-01,1.256503468436427129e+00,8.911520008530096071e-01
2.277136363636363736e+00,8.912513252199828484e-01,1.257140359475391378e+00,8.912513252199828484e-01
2.278431818181818169e+00,8.913505035011305422e-01,1.257776736140709950e+00,8.913505035011305422e-01
2.279727272727273046e+00,8.914495360276993852e-01,1.258412599161707890e+00,8.914495360276993852e-01
2.281022727272727479e+00,8.915484231299068973e-01,1.259047949266123068e+00,8.915484231299068973e-01
2.282318181818181912e+00,8.916471651369456408e-01,1.259682787180110397e+00,8.916471651369456408e-01
2.283613636363636346e+00,8.917457623769876607e-01,1.260317113628247165e+00,8.917457623769876607e-01
2.284909090909091223e+00,8.918442151771883708e-01,1.260950929333538362e+00,8.918442151771883708e-01
2.286204545454545656e+00,8.919425238636904396e-01,1.261584235017419786e+00,8.919425238636904396e-01
2.287500000000000089e+00,8.920406887616281200e-01,1.262217031399764489e+00,8.920406887616281200e-01
2.288795454545454522e+00,8.921387101951305798e-01,1.262849319198886544e+00,8.921387101951305798e-01
2.290090909090909399e+00,8.922365884873268982e-01,1.263481099131546159e+00,8.922365884873268982e-01
2.291386363636363832e+00,8.923343239603489518e-01,1.264112371912954114e+00,8.923343239603489518e-01
2.292681818181818265e+00,8.924319169353364112e-01,1.264743138256776644e+00,8.924319169353364112e-01
2.293977272727272698e+00,8.925293677324396269e-01,1.265373398875140332e+00,8.925293677324396269e-01
2.295272727272727575e+00,8.926266766708245148e-01,1.266003154478636317e+00,8.926266766708245148e-01
2.296568181818182008e+00,8.927238440686757759e-01,1.266632405776324743e+00,8.927238440686757759e-01
2.297863636363636441e+00,8.928208702432006705e-01,1.267261153475740532e+00,8.928208702432006705e-01
2.299159090909090875e+00,8.929177555106337927e-01,1.267889398282896485e+00,8.929177555106337927e-01
2.300454545454545752e+00,8.930145001862395127e-01,1.268517140902289064e+00,8.930145001862395127e-01
2.301750000000000185e+00,8.931111045843169727e-01,1.269144382036901719e+00,8.931111045843169727e-01
2.303045454545454618e+00,8.932075690182031957e-01,1.269771122388210216e+00,8.932075690182031957e-01
2.304340909090909051e+00,8.933038938002776375e-01,1.270397362656188411e+00,8.933038938002776375e-01
2.305636363636363928e+00,8.934000792419650727e-01,1.271023103539310473e+00,8.934000792419650727e-01
2.306931818181818361e+00,8.934961256537390373e-01,1.271648345734555097e+00,8.934961256537390373e-01
2.308227272727272794e+00,8.935920333451273789e-01,1.272273089937413504e+00,8.935920333451273789e-01
2.309522727272727227e+00,8.936878026247138118e-01,1.272897336841889881e+00,8.936878026247138118e-01
2.310818181818182104e+00,8.937834338001428014e-01,1.273521087140508490e+00,8.937834338001428014e-01
2.312113636363636537e+00,8.938789271781233392e-01,1.274144341524316770e+00,8.938789271781233392e-01
2.313409090909090970e+00,8.939742830644316074e-01,1.274767100682889787e+00,8.939742830644316074e-01
2.314704545454545404e+00,8.940695017639156417e-01,1.275389365304335110e+00,8.940695017639156417e-01
2.316000000000000281e+00,8.941645835804986620e-01,1.276011136075297703e+00,8.941645835804986620e-01
2.317295454545454714e+00,8.942595288171820700e-01,1.276632413680962586e+00,8.942595288171820700e-01
2.318590909090909147e+00,8.943543377760497792e-01,1.277253198805059942e+00,8.943543377760497792e-01
2.319886363636363580e+00,8.944490107582714344e-01,1.277873492129870669e+00,8.944490107582714344e-01
2.321181818181818457e+00,8.945435480641061865e-01,1.278493294336229269e+00,8.945435480641061865e-01
2.322477272727272890e+00,8.946379499929055790e-01,1.279112606103527616e+00,8.946379499929055790e-01
2.323772727272727323e+00,8.947322168431179890e-01,1.279731428109720959e+00,8.947322168431179890e-01
2.325068181818181756e+00,8.948263489122916248e-01,1.280349761031331468e+00,8.948263489122916248e-01
2.326363636363636633e+00,8.949203464970779676e-01,1.280967605543452015e+00,8.949203464970779676e-01
2.327659090909091066e+00,8.950142098932352130e-01,1.281584962319750165e+00,8.950142098932352130e-01
2.328954545454545499e+00,8.951079393956317132e-01,1.282201832032473510e+00,8.951079393956317132e-01
2.330250000000000377e+00,8.952015352982497509e-01,1.282818215352452995e+00,8.952015352982497509e-01
2.331545454545454810e+00,8.952949978941887599e-01,1.283434112949107142e+00,8.952949978941887599e-01
2.332840909090909243e+00,8.953883274756685440e-01,1.284049525490446930e+00,8.953883274756685440e-01
2.334136363636363676e+00,8.954815243340326081e-01,1.284664453643079129e+00,8.954815243340326081e-01
2.335431818181818553e+00,8.955745887597519328e-01,1.285278898072210296e+00,8.955745887597519328e-01
2.336727272727272986e+00,8.956675210424280831e-01,1.285892859441651437e+00,8.956675210424280831e-01
2.338022727272727419e+00,8.957603214707963168e-01,1.286506338413822004e+00,8.957603214707963168e-01
2.339318181818181852e+00,8.958529903327293598e-01,1.287119335649753893e+00,8.958529903327293598e-01
2.340613636363636729e+00,8.959455279152405138e-01,1.287731851809096106e+00,8.959455279152405138e-01
2.341909090909091162e+00,8.960379345044866550e-01,1.288343887550116085e+00,8.960379345044866550e-01
2.343204545454545595e+00,8.961302103857718970e-01,1.288955443529708145e+00,8.961302103857718970e-01
2.344500000000000028e+00,8.962223558435509219e-01,1.289566520403393923e+00,8.962223558435509219e-01
2.345795454545454906e+00,8.963143711614315334e-01,1.290177118825328151e+00,8.963143711614315334e-01
2.347090909090909339e+00,8.964062566221787653e-01,1.290787239448301538e+00,8.964062566221787653e-01
2.348386363636363772e+00,8.964980125077173234e-01,1.291396882923745437e+00,8.964980125077173234e-01
2.349681818181818205e+00,8.965896390991355824e-01,1.292006049901735842e+00,8.965896390991355824e-01
2.350977272727273082e+00,8.966811366766879177e-01,1.292614741030997383e+00,8.966811366766879177e-01
2.352272727272727515e+00,8.967725055197984796e-01,1.293222956958906211e+00,8.967725055197984796e-01
2.353568181818181948e+00,8.968637459070640805e-01,1.293830698331494888e+00,8.968637459070640805e-01
2.354863636363636381e+00,8.969548581162574141e-01,1.294437965793456824e+00,8.969548581162574141e-01
2.356159090909091258e+00,8.970458424243300533e-01,1.295044759988148497e+00,8.970458424243300533e-01
2.357454545454545691e+00,8.971366991074158914e-01,1.295651081557595008e+00,8.971366991074158914e-01
2.358750000000000124e+00,8.972274284408336964e-01,1.296256931142491631e+00,8.972274284408336964e-01
2.360045454545454557e+00,8.973180306990904409e-01,1.296862309382210698e+00,8.973180306990904409e-01
2.361340909090909435e+00,8.974085061558850773e-01,1.297467216914803823e+00,8.974085061558850773e-01
2.362636363636363868e+00,8.974988550841098700e-01,1.298071654377004336e+00,8.974988550841098700e-01
2.363931818181818301e+00,8.975890777558555023e-01,1.298675622404233954e+00,8.975890777558555023e-01
2.365227272727272734e+00,8.976791744424122976e-01,1.299279121630603884e+00,8.976791744424122976e-01
2.366522727272727611e+00,8.977691454142747718e-01,1.299882152688921266e+00,8.977691454142747718e-01
2.367818181818182044e+00,8.978589909411428538e-01,1.300484716210689617e+00,8.978589909411428538e-01
2.369113636363636477e+00,8.979487112919268821e-01,1.301086812826115491e+00,8.979487112919268821e-01
2.370409090909090910e+00,8.980383067347490478e-01,1.301688443164111142e+00,8.980383067347490478e-01
2.371704545454545787e+00,8.981277775369468364e-01,1.302289607852297859e+00,8.981277775369468364e-01
2.373000000000000220e+00,8.982171239650762473e-01,1.302890307517009516e+00,8.982171239650762473e-01
2.374295454545454653e+00,8.983063462849142367e-01,1.303490542783297457e+00,8.983063462849142367e-01
2.375590909090909086e+00,8.983954447614619365e-01,1.304090314274933382e+00,8.983954447614619365e-01
2.376886363636363964e+00,8.984844196589474308e-01,1.304689622614412015e+00,8.984844196589474308e-01
2.378181818181818397e+00,8.985732712408289746e-01,1.305288468422956871e+00,8.985732712408289746e-01
2.379477272727272830e+00,8.986619997697971041e-01,1.305886852320522484e+00,8.986619997697971041e-01
2.380772727272727263e+00,8.987506055077782996e-01,1.306484774925797732e+00,8.987506055077782996e-01
2.382068181818182140e+00,8.988390887159374287e-01,1.307082236856210500e+00,8.988390887159374287e-01
2.383363636363636573e+00,8.989274496546804105e-01,1.307679238727930127e+00,8.989274496546804105e-01
2.384659090909091006e+00,8.990156885836576572e-01,1.308275781155872508e+00,8.990156885836576572e-01
2.385954545454545439e+00,8.991038057617661838e-01,1.308871864753701653e+00,8.991038057617661838e-01
2.387250000000000316e+00,8.991918014471531606e-01,1.309467490133836121e+00,8.991918014471531606e-01
2.388545454545454749e+00,8.992796758972175786e-01,1.310062657907447692e+00,8.992796758972175786e-01
2.389840909090909182e+00,8.993674293686142462e-01,1.310657368684470692e+00,8.993674293686142462e-01
2.391136363636363615e+00,8.994550621172556770e-01,1.311251623073601769e+00,8.994550621172556770e-01
2.392431818181818493e+00,8.995425743983154199e-01,1.311845421682303892e+00,8.995425743983154199e-01
2.393727272727272926e+00,8.996299664662301687e-01,1.312438765116810568e+00,8.996299664662301687e-01
2.395022727272727359e+00,8.997172385747032042e-01,1.313031653982129399e+00,8.997172385747032042e-01
2.396318181818181792e+00,8.998043909767065029e-01,1.313624088882044738e+00,8.998043909767065029e-01
2.397613636363636669e+00,8.998914239244836244e-01,1.314216070419121918e+00,8.998914239244836244e-01
2.398909090909091102e+00,8.999783376695525972e-01,1.314807599194709464e+00,8.999783376695525972e-01
2.400204545454545535e+00,9.000651324627082506e-01,1.315398675808944207e+00,9.000651324627082506e-01
2.401499999999999968e+00,9.001518085540249903e-01,1.315989300860753053e+00,9.001518085540249903e-01
2.402795454545454845e+00,9.002383661928599068e-01,1.316579474947858541e+00,9.002383661928599068e-01
2.404090909090909278e+00,9.003248056278542188e-01,1.317169198666778618e+00,9.003248056278542188e-01
2.405386363636363711e+00,9.004111271069376032e-01,1.317758472612833964e+00,9.004111271069376032e-01
2.406681818181818144e+00,9.004973308773289720e-01,1.318347297380148886e+00,9.004973308773289720e-01
2.407977272727273022e+00,9.005834171855409132e-01,1.318935673561656197e+00,9.005834171855409132e-01
2.409272727272727455e+00,9.006693862773803572e-01,1.319523601749097885e+00,9.006693862773803572e-01
2.410568181818181888e+00,9.007552383979530175e-01,1.320111082533031999e+00,9.007552383979530175e-01
2.411863636363636321e+00,9.008409737916642790e-01,1.320698116502833086e+00,9.008409737916642790e-01
2.413159090909091198e+00,9.009265927022231946e-01,1.321284704246697750e+00,9.009265927022231946e-01
2.414454545454545631e+00,9.010120953726439286e-01,1.321870846351645312e+00,9.010120953726439286e-01
2.415750000000000064e+00,9.010974820452490874e-01,1.322456543403523588e+00,9.010974820452490874e-01
2.417045454545454497e+00,9.011827529616714960e-01,1.323041795987010660e+00,9.011827529616714960e-01
2.418340909090909374e+00,9.012679083628574173e-01,1.323626604685619101e+00,9.012679083628574173e-01
2.419636363636363807e+00,9.013529484890686616e-01,1.324210970081697747e+00,9.013529484890686616e-01
2.420931818181818240e+00,9.014378735798848075e-01,1.324794892756436360e+00,9.014378735798848075e-01
2.422227272727272673e+00,9.015226838742064208e-01,1.325378373289868517e+00,9.015226838742064208e-01
2.423522727272727550e+00,9.016073796102571647e-01,1.325961412260874273e+00,9.016073796102571647e-01
2.424818181818181984e+00,9.016919610255855755e-01,1.326544010247183492e+00,9.016919610255855755e-01
2.426113636363636417e+00,9.017764283570687267e-01,1.327126167825379621e+00,9.017764283570687267e-01
2.427409090909091294e+00,9.018607818409136723e-01,1.327707885570902580e+00,9.018607818409136723e-01
2.428704545454545727e+00,9.019450217126604441e-01,1.328289164058050531e+00,9.019450217126604441e-01
2.430000000000000160e+00,9.020291482071842726e-01,1.328870003859986326e+00,9.020291482071842726e-01
2.431295454545454593e+00,9.021131615586975849e-01,1.329450405548736391e+00,9.021131615586975849e-01
2.432590909090909470e+00,9.021970620007533359e-01,1.330030369695197612e+00,9.021970620007533359e-01
2.433886363636363903e+00,9.022808497662466731e-01,1.330609896869138442e+00,9.022808497662466731e-01
2.435181818181818336e+00,9.023645250874169355e-01,1.331188987639201349e+00,9.023645250874169355e-01
2.436477272727272769e+00,9.024480881958512057e-01,1.331767642572908583e+00,9.024480881958512057e-01
2.437772727272727646e+00,9.025315393224857541e-01,1.332345862236662848e+00,9.025315393224857541e-01
2.439068181818182079e+00,9.026148786976083693e-01,1.332923647195750627e+00,9.026148786976083693e-01
2.440363636363636513e+00,9.026981065508612456e-01,1.333500998014346850e+00,9.026981065508612456e-01
2.441659090909090946e+00,9.027812231112426478e-01,1.334077915255515778e+00,9.027812231112426478e-01
2.442954545454545823e+00,9.028642286071096867e-01,1.334654399481215892e+00,9.028642286071096867e-01
2.444250000000000256e+00,9.029471232661807623e-01,1.335230451252301442e+00,9.029471232661807623e-01
2.445545454545454689e+00,9.030299073155370060e-01,1.335806071128526451e+00,9.030299073155370060e-01
2.446840909090909122e+00,9.031125809816253902e-01,1.336381259668547594e+00,9.031125809816253902e-01
2.448136363636363999e+00,9.031951444902606152e-01,1.336956017429926868e+00,9.031951444902606152e-01
2.449431818181818432e+00,9.032775980666275517e-01,1.337530344969133811e+00,9.032775980666275517e-01
2.450727272727272865e+00,9.033599419352832394e-01,1.338104242841550384e+00,9.033599419352832394e-01
2.452022727272727298e+00,9.034421763201594402e-01,1.338677711601472753e+00,9.034421763201594402e-01
2.453318181818182175e+00,9.035243014445644150e-01,1.339250751802114392e+00,9.035243014445644150e-01
2.454613636363636608e+00,9.036063175311855877e-01,1.339823363995607419e+00,9.036063175311855877e-01
2.455909090909091042e+00,9.036882248020917663e-01,1.340395548733009701e+00,9.036882248020917663e-01
2.457204545454545475e+00,9.037700234787346965e-01,1.340967306564302852e+00,9.037700234787346965e-01
2.458500000000000352e+00,9.038517137819520597e-01,1.341538638038399123e+00,9.038517137819520597e-01
2.459795454545454785e+00,9.039332959319692495e-01,1.342109543703141616e+00,9.039332959319692495e-01
2.461090909090909218e+00,9.040147701484012588e-01,1.342680024105307846e+00,9.040147701484012588e-01
2.462386363636363651e+00,9.040961366502555663e-01,1.343250079790613949e+00,9.040961366502555663e-01
2.463681818181818528e+00,9.041773956559339132e-01,1.343819711303716247e+00,9.041773956559339132e-01
2.464977272727272961e+00,9.042585473832336351e-01,1.344388919188213682e+00,9.042585473832336351e-01
2.466272727272727394e+00,9.043395920493516593e-01,1.344957703986651598e+00,9.043395920493516593e-01
2.467568181818181827e+00,9.044205298708849483e-01,1.345526066240525287e+00,9.044205298708849483e-01
2.468863636363636704e+00,9.045013610638331647e-01,1.346094006490280659e+00,9.045013610638331647e-01
2.470159090909091137e+00,9.045820858436007805e-01,1.346661525275318683e+00,9.045820858436007805e-01
2.471454545454545570e+00,9.046627044249994087e-01,1.347228623133997383e+00,9.046627044249994087e-01
2.472750000000000004e+00,9.047432170222495795e-01,1.347795300603635837e+00,9.047432170222495795e-01
2.474045454545454881e+00,9.048236238489828498e-01,1.348361558220515288e+00,9.048236238489828498e-01
2.475340909090909314e+00,9.049039251182443566e-01,1.348927396519883803e+00,9.049039251182443566e-01
2.476636363636363747e+00,9.049841210424937055e-01,1.349492816035956722e+00,9.049841210424937055e-01
2.477931818181818180e+00,9.050642118336081898e-01,1.350057817301921093e+00,9.050642118336081898e-01
2.479227272727273057e+00,9.051441977028844565e-01,1.350622400849938565e+00,9.051441977028844565e-01
2.480522727272727490e+00,9.052240788610405042e-01,1.351186567211147160e+00,9.052240788610405042e-01
2.481818181818181923e+00,9.053038555182174596e-01,1.351750316915663941e+00,9.053038555182174596e-01
2.483113636363636356e+00,9.053835278839820200e-01,1.352313650492589003e+00,9.053835278839820200e-01
2.484409090909091233e+00,9.054630961673281186e-01,1.352876568470007701e+00,9.054630961673281186e-01
2.485704545454545666e+00,9.055425605766791453e-01,1.353439071374990865e+00,9.055425605766791453e-01
2.487000000000000099e+00,9.056219213198900553e-01,1.354001159733601911e+00,9.056219213198900553e-01
2.488295454545454533e+00,9.057011786042488133e-01,1.354562834070896615e+00,9.057011786042488133e-01
2.489590909090909410e+00,9.057803326364787244e-01,1.355124094910926225e+00,9.057803326364787244e-01
2.490886363636363843e+00,9.058593836227406548e-01,1.355684942776739677e+00,9.058593836227406548e-01
2.492181818181818276e+00,9.059383317686345860e-01,1.356245378190388262e+00,9.059383317686345860e-01
2.493477272727272709e+00,9.060171772792013911e-01,1.356805401672925626e+00,9.060171772792013911e-01
2.494772727272727586e+00,9.060959203589254995e-01,1.357365013744412652e+00,9.060959203589254995e-01
2.496068181818182019e+00,9.061745612117362292e-01,1.357924214923918571e+00,9.061745612117362292e-01
2.497363636363636452e+00,9.062531000410100068e-01,1.358483005729524296e+00,9.062531000410100068e-01
2.498659090909090885e+00,9.063315370495715895e-01,1.359041386678324193e+00,9.063315370495715895e-01
2.499954545454545762e+00,9.064098724396970619e-01,1.359599358286430526e+00,9.064098724396970619e-01
2.501250000000000195e+00,9.064881064131152799e-01,1.360156921068973901e+00,9.064881064131152799e-01
2.502545454545454628e+00,9.065662391710093138e-01,1.360714075540107038e+00,9.065662391710093138e-01
2.503840909090909062e+00,9.066442709140188905e-01,1.361270822213006992e+00,9.066442709140188905e-01
2.505136363636363939e+00,9.067222018422420593e-01,1.361827161599878933e+00,9.067222018422420593e-01
2.506431818181818372e+00,9.068000321552369680e-01,1.362383094211955248e+00,9.068000321552369680e-01
2.507727272727272805e+00,9.068777620520240834e-01,1.362938620559502878e+00,9.068777620520240834e-01
2.509022727272727238e+00,9.069553917310873015e-01,1.363493741151821537e+00,9.069553917310873015e-01
2.510318181818182115e+00,9.070329213903768339e-01,1.364048456497249484e+00,9.070329213903768339e-01
2.511613636363636548e+00,9.071103512273100966e-01,1.364602767103163750e+00,9.071103512273100966e-01
2.512909090909090981e+00,9.071876814387742627e-01,1.365156673475983684e+00,9.071876814387742627e-01
2.514204545454545414e+00,9.072649122211272621e-01,1.365710176121174069e+00,9.072649122211272621e-01
2.515500000000000291e+00,9.073420437702004460e-01,1.366263275543245781e+00,9.073420437702004460e-01
2.516795454545454724e+00,9.074190762812999189e-01,1.366815972245760014e+00,9.074190762812999189e-01
2.518090909090909157e+00,9.074960099492084264e-01,1.367368266731330495e+00,9.074960099492084264e-01
2.519386363636364035e+00,9.075728449681870202e-01,1.367920159501624378e+00,9.075728449681870202e-01
2.520681818181818468e+00,9.076495815319772786e-01,1.368471651057367122e+00,9.076495815319772786e-01
2.521977272727272901e+00,9.077262198338024168e-01,1.369022741898342943e+00,9.077262198338024168e-01
2.523272727272727334e+00,9.078027600663697294e-01,1.369573432523398138e+00,9.078027600663697294e-01
2.524568181818182211e+00,9.078792024218719225e-01,1.370123723430444418e+00,9.078792024218719225e-01
2.525863636363636644e+00,9.079555470919885574e-01,1.370673615116458022e+00,9.079555470919885574e-01
2.527159090909091077e+00,9.080317942678888254e-01,1.371223108077486819e+00,9.080317942678888254e-01
2.528454545454545510e+00,9.081079441402324370e-01,1.371772202808649199e+00,9.081079441402324370e-01
2.529750000000000387e+00,9.081839968991717305e-01,1.372320899804138072e+00,9.081839968991717305e-01
2.531045454545454820e+00,9.082599527343526713e-01,1.372869199557221975e+00,9.082599527343526713e-01
2.532340909090909253e+00,9.083358118349178500e-01,1.373417102560249292e+00,9.083358118349178500e-01
2.533636363636363686e+00,9.084115743895070372e-01,1.373964609304648921e+00,9.084115743895070372e-01
2.534931818181818564e+00,9.084872405862595146e-01,1.374511720280934046e+00,9.084872405862595146e-01
2.536227272727272997e+00,9.085628106128157411e-01,1.375058435978702809e+00,9.085628106128157411e-01
2.537522727272727430e+00,9.086382846563184623e-01,1.375604756886642743e+00,9.086382846563184623e-01
2.538818181818181863e+00,9.087136629034153756e-01,1.376150683492531668e+00,9.087136629034153756e-01
2.540113636363636740e+00,9.087889455402596850e-01,1.376696216283239904e+00,9.087889455402596850e-01
2.541409090909091173e+00,9.088641327525125435e-01,1.377241355744733164e+00,9.088641327525125435e-01
2.542704545454545606e+00,9.089392247253447188e-01,1.377786102362075882e+00,9.089392247253447188e-01
2.544000000000000039e+00,9.090142216434378142e-01,1.378330456619431210e+00,9.090142216434378142e-01
2.545295454545454916e+00,9.090891236909859341e-01,1.378874419000065243e+00,9.090891236909859341e-01
2.546590909090909349e+00,9.091639310516980155e-01,1.379417989986348569e+00,9.091639310516980155e-01
2.547886363636363782e+00,9.092386439087984940e-01,1.379961170059758047e+00,9.092386439087984940e-01
2.549181818181818215e+00,9.093132624450296353e-01,1.380503959700880579e+00,9.093132624450296353e-01
2.550477272727273093e+00,9.093877868426528677e-01,1.381046359389414002e+00,9.093877868426528677e-01
2.551772727272727526e+00,9.094622172834504470e-01,1.381588369604169975e+00,9.094622172834504470e-01
2.553068181818181959e+00,9.095365539487269002e-01,1.382129990823075749e+00,9.095365539487269002e-01
2.554363636363636392e+00,9.096107970193112457e-01,1.382671223523177506e+00,9.096107970193112457e-01
2.555659090909091269e+00,9.096849466755574376e-01,1.383212068180641463e+00,9.096849466755574376e-01
2.556954545454545702e+00,9.097590030973473629e-01,1.383752525270756095e+00,9.097590030973473629e-01
2.558250000000000135e+00,9.098329664640910641e-01,1.384292595267935910e+00,9.098329664640910641e-01
2.559545454545454568e+00,9.099068369547290702e-01,1.384832278645721226e+00,9.099068369547290702e-01
2.560840909090909445e+00,9.099806147477345064e-01,1.385371575876783279e+00,9.099806147477345064e-01
2.562136363636363878e+00,9.100543000211130940e-01,1.385910487432923555e+00,9.100543000211130940e-01
2.563431818181818311e+00,9.101278929524060368e-01,1.386449013785077788e+00,9.101278929524060368e-01
2.564727272727272744e+00,9.102013937186910209e-01,1.386987155403317962e+00,9.102013937186910209e-01
2.566022727272727622e+00,9.102748024965839901e-01,1.387524912756853634e+00,9.102748024965839901e-01
2.567318181818182055e+00,9.103481194622403683e-01,1.388062286314035498e+00,9.103481194622403683e-01
2.568613636363636488e+00,9.104213447913570567e-01,1.388599276542356264e+00,9.104213447913570567e-01
2.569909090909090921e+00,9.104944786591732120e-01,1.389135883908452884e+00,9.104944786591732120e-01
2.571204545454545798e+00,9.105675212404729102e-01,1.389672108878110990e+00,9.105675212404729102e-01
2.572500000000000231e+00,9.106404727095851470e-01,1.390207951916262452e+00,9.106404727095851470e-01
2.573795454545454664e+00,9.107133332403869463e-01,1.390743413486992708e+00,9.107133332403869463e-01
2.575090909090909097e+00,9.107861030063033603e-01,1.391278494053538983e+00,9.107861030063033603e-01
2.576386363636363974e+00,9.108587821803104667e-01,1.391813194078294957e+00,9.108587821803104667e-01
2.577681818181818407e+00,9.109313709349354804e-01,1.392347514022811206e+00,9.109313709349354804e-01
2.578977272727272840e+00,9.110038694422588623e-01,1.392881454347798087e+00,9.110038694422588623e-01
2.580272727272727273e+00,9.110762778739160961e-01,1.393415015513127964e+00,9.110762778739160961e-01
2.581568181818182151e+00,9.111485964010986871e-01,1.393948197977836978e+00,9.111485964010986871e-01
2.582863636363636584e+00,9.112208251945553839e-01,1.394481002200126829e+00,9.112208251945553839e-01
2.584159090909091017e+00,9.112929644245946204e-01,1.395013428637367436e+00,9.112929644245946204e-01
2.585454545454545450e+00,9.113650142610847382e-01,1.395545477746100049e+00,9.113650142610847382e-01
2.586750000000000327e+00,9.114369748734566512e-01,1.396077149982036136e+00,9.114369748734566512e-01
2.588045454545454760e+00,9.115088464307044003e-01,1.396608445800063159e+00,9.115088464307044003e-01
2.589340909090909193e+00,9.115806291013863749e-01,1.397139365654243681e+00,9.115806291013863749e-01
2.590636363636363626e+00,9.116523230536280886e-01,1.397669909997819815e+00,9.116523230536280886e-01
2.591931818181818503e+00,9.117239284551224010e-01,1.398200079283213881e+00,9.117239284551224010e-01
2.593227272727272936e+00,9.117954454731308500e-01,1.398729873962029080e+00,9.117954454731308500e-01
2.594522727272727369e+00,9.118668742744862055e-01,1.399259294485055705e+00,9.118668742744862055e-01
2.595818181818181802e+00,9.119382150255929131e-01,1.399788341302269146e+00,9.119382150255929131e-01
2.597113636363636680e+00,9.120094678924279830e-01,1.400317014862833442e+00,9.120094678924279830e-01
2.598409090909091113e+00,9.120806330405445417e-01,1.400845315615103504e+00,9.120806330405445417e-01
2.599704545454545546e+00,9.121517106350707227e-01,1.401373244006627328e+00,9.121517106350707227e-01
2.600999999999999979e+00,9.122227008407124416e-01,1.401900800484146226e+00,9.122227008407124416e-01
2.602295454545454856e+00,9.122936038217545063e-01,1.402427985493599705e+00,9.122936038217545063e-01
2.603590909090909289e+00,9.123644197420621715e-01,1.402954799480124581e+00,9.123644197420621715e-01
2.604886363636363722e+00,9.124351487650818049e-01,1.403481242888059199e+00,9.124351487650818049e-01
2.606181818181818155e+00,9.125057910538431072e-01,1.404007316160944319e+00,9.125057910538431072e-01
2.607477272727273032e+00,9.125763467709602228e-01,1.404533019741524669e+00,9.125763467709602228e-01
2.608772727272727465e+00,9.126468160786325168e-01,1.405058354071752502e+00,9.126468160786325168e-01
2.610068181818181898e+00,9.127171991386464622e-01,1.405583319592787150e+00,9.127171991386464622e-01
2.611363636363636331e+00,9.127874961123770836e-01,1.406107916744999464e+00,9.127874961123770836e-01
2.612659090909091208e+00,9.128577071607891780e-01,1.406632145967973146e+00,9.128577071607891780e-01
2.613954545454545642e+00,9.129278324444380921e-01,1.407156007700504308e+00,9.129278324444380921e-01
2.615250000000000075e+00,9.129978721234719430e-01,1.407679502380606795e+00,9.129978721234719430e-01
2.616545454545454952e+00,9.130678263576321729e-01,1.408202630445512860e+00,9.130678263576321729e-01
2.617840909090909385e+00,9.131376953062555479e-01,1.408725392331674042e+00,9.131376953062555479e-01
2.619136363636363818e+00,9.132074791282748238e-01,1.409247788474764285e+00,9.132074791282748238e-01
2.620431818181818251e+00,9.132771779822203007e-01,1.409769819309681038e+00,9.132771779822203007e-01
2.621727272727273128e+00,9.133467920262213768e-01,1.410291485270548151e+00,9.133467920262213768e-01
2.623022727272727561e+00,9.134163214180074375e-01,1.410812786790716977e+00,9.134163214180074375e-01
2.624318181818181994e+00,9.134857663149092977e-01,1.411333724302768600e+00,9.134857663149092977e-01
2.625613636363636427e+00,9.135551268738607567e-01,1.411854298238515160e+00,9.135551268738607567e-01
2.626909090909091304e+00,9.136244032513993751e-01,1.412374509029003411e+00,9.136244032513993751e-01
2.628204545454545737e+00,9.136935956036680295e-01,1.412894357104513388e+00,9.136935956036680295e-01
2.629500000000000171e+00,9.137627040864163552e-01,1.413413842894564176e+00,9.137627040864163552e-01
2.630795454545454604e+00,9.138317288550013018e-01,1.413932966827912585e+00,9.138317288550013018e-01
2.632090909090909481e+00,9.139006700643895753e-01,1.414451729332557584e+00,9.139006700643895753e-01
2.633386363636363914e+00,9.139695278691575275e-01,1.414970130835738971e+00,9.139695278691575275e-01
2.634681818181818347e+00,9.140383024234934872e-01,1.415488171763942482e+00,9.140383024234934872e-01
2.635977272727272780e+00,9.141069938811984263e-01,1.416005852542900012e+00,9.141069938811984263e-01
2.637272727272727657e+00,9.141756023956877364e-01,1.416523173597591612e+00,9.141756023956877364e-01
2.638568181818182090e+00,9.142441281199914505e-01,1.417040135352247487e+00,9.142441281199914505e-01
2.639863636363636523e+00,9.143125712067565747e-01,1.417556738230349112e+00,9.143125712067565747e-01
2.641159090909090956e+00,9.143809318082477544e-01,1.418072982654632330e+00,9.143809318082477544e-01
2.642454545454545833e+00,9.144492100763486064e-01,1.418588869047088252e+00,9.144492100763486064e-01
2.643750000000000266e+00,9.145174061625626072e-01,1.419104397828965025e+00,9.145174061625626072e-01
2.645045454545454700e+00,9.145855202180149801e-01,1.419619569420770500e+00,9.145855202180149801e-01
2.646340909090909133e+00,9.146535523934536949e-01,1.420134384242272896e+00,9.146535523934536949e-01
2.647636363636364010e+00,9.147215028392496894e-01,1.420648842712503468e+00,9.147215028392496894e-01
2.648931818181818443e+00,9.147893717053997564e-01,1.421162945249757170e+00,9.147893717053997564e-01
2.650227272727272876e+00,9.148571591415263216e-01,1.421676692271595766e+00,9.148571591415263216e-01
2.651522727272727309e+00,9.149248652968793305e-01,1.422190084194849602e+00,9.149248652968793305e-01
2.652818181818182186e+00,9.149924903203374704e-01,1.422703121435618501e+00,9.149924903203374704e-01
2.654113636363636619e+00,9.150600343604086140e-01,1.423215804409272200e+00,9.150600343604086140e-01
2.655409090909091052e+00,9.151274975652319288e-01,1.423728133530456130e+00,9.151274975652319288e-01
2.656704545454545485e+00,9.151948800825783215e-01,1.424240109213088745e+00,9.151948800825783215e-01
2.658000000000000362e+00,9.152621820598524360e-01,1.424751731870366855e+00,9.152621820598524360e-01
2.659295454545454795e+00,9.153294036440928760e-01,1.425263001914765182e+00,9.153294036440928760e-01
2.660590909090909228e+00,9.153965449819735367e-01,1.425773919758037911e+00,9.153965449819735367e-01
2.661886363636363662e+00,9.154636062198057145e-01,1.426284485811222691e+00,9.154636062198057145e-01
2.663181818181818539e+00,9.155305875035377738e-01,1.426794700484639744e+00,9.155305875035377738e-01
2.664477272727272972e+00,9.155974889787572568e-01,1.427304564187894975e+00,9.155974889787572568e-01
2.665772727272727405e+00,9.156643107906923262e-01,1.427814077329881304e+00,9.156643107906923262e-01
2.667068181818181838e+00,9.157310530842115437e-01,1.428323240318781329e+00,9.157310530842115437e-01
2.668363636363636715e+00,9.157977160038264230e-01,1.428832053562066662e+00,9.157977160038264230e-01
2.669659090909091148e+00,9.158642996936916525e-01,1.429340517466502369e+00,9.158642996936916525e-01
2.670954545454545581e+00,9.159308042976064268e-01,1.429848632438146749e+00,9.159308042976064268e-01
2.672250000000000014e+00,9.159972299590162237e-01,1.430356398882354663e+00,9.159972299590162237e-01
2.673545454545454891e+00,9.160635768210126928e-01,1.430863817203776867e+00,9.160635768210126928e-01
2.674840909090909324e+00,9.161298450263357651e-01,1.431370887806364012e+00,9.161298450263357651e-01
2.676136363636363757e+00,9.161960347173743191e-01,1.431877611093366642e+00,9.161960347173743191e-01
2.677431818181818191e+00,9.162621460361670689e-01,1.432383987467338526e+00,9.162621460361670689e-01
2.678727272727273068e+00,9.163281791244046737e-01,1.432890017330137322e+00,9.163281791244046737e-01
2.680022727272727501e+00,9.163941341234292937e-01,1.433395701082925022e+00,9.163941341234292937e-01
2.681318181818181934e+00,9.164600111742369215e-01,1.433901039126171728e+00,9.164600111742369215e-01
2.682613636363636367e+00,9.165258104174780485e-01,1.434406031859656983e+00,9.165258104174780485e-01
2.683909090909091244e+00,9.165915319934585526e-01,1.434910679682469992e+00,9.165915319934585526e-01
2.685204545454545677e+00,9.166571760421408088e-01,1.435414982993012067e+00,9.166571760421408088e-01
2.686500000000000110e+00,9.167227427031454656e-01,1.435918942188999292e+00,9.167227427031454656e-01
2.687795454545454543e+00,9.167882321157513337e-01,1.436422557667462074e+00,9.167882321157513337e-01
2.689090909090909420e+00,9.168536444188971624e-01,1.436925829824748035e+00,9.168536444188971624e-01
2.690386363636363853e+00,9.169189797511826390e-01,1.437428759056524008e+00,9.169189797511826390e-01
2.691681818181818286e+00,9.169842382508697209e-01,1.437931345757777146e+00,9.169842382508697209e-01
2.692977272727272720e+00,9.170494200558827469e-01,1.438433590322815148e+00,9.170494200558827469e-01
2.694272727272727597e+00,9.171145253038104350e-01,1.438935493145270916e+00,9.171145253038104350e-01
2.695568181818182030e+00,9.171795541319065492e-01,1.439437054618101008e+00,9.171795541319065492e-01
2.696863636363636463e+00,9.172445066770907873e-01,1.439938275133589185e+00,9.172445066770907873e-01
2.698159090909090896e+00,9.173093830759501133e-01,1.440439155083347744e+00,9.173093830759501133e-01
2.699454545454545773e+00,9.173741834647397564e-01,1.440939694858318187e+00,9.173741834647397564e-01
2.700750000000000206e+00,9.174389079793839885e-01,1.441439894848773884e+00,9.174389079793839885e-01
2.702045454545454639e+00,9.175035567554770122e-01,1.441939755444320514e+00,9.175035567554770122e-01
2.703340909090909072e+00,9.175681299282850700e-01,1.442439277033899625e+00,9.175681299282850700e-01
2.704636363636363949e+00,9.176326276327455567e-01,1.442938460005786405e+00,9.176326276327455567e-01
2.705931818181818382e+00,9.176970500034702383e-01,1.443437304747596794e+00,9.176970500034702383e-01
2.707227272727272815e+00,9.177613971747442534e-01,1.443935811646283041e+00,9.177613971747442534e-01
2.708522727272727693e+00,9.178256692805283334e-01,1.444433981088139474e+00,9.178256692805283334e-01
2.709818181818182126e+00,9.178898664544598018e-01,1.444931813458803394e+00,9.178898664544598018e-01
2.711113636363636559e+00,9.179539888298524630e-01,1.445429309143253738e+00,9.179539888298524630e-01
2.712409090909090992e+00,9.180180365396990450e-01,1.445926468525817299e+00,9.180180365396990450e-01
2.713704545454545869e+00,9.180820097166713101e-01,1.446423291990166282e+00,9.180820097166713101e-01
2.715000000000000302e+00,9.181459084931210546e-01,1.446919779919320970e+00,9.181459084931210546e-01
2.716295454545454735e+00,9.182097330010813296e-01,1.447415932695652163e+00,9.182097330010813296e-01
2.717590909090909168e+00,9.182734833722675516e-01,1.447911750700882516e+00,9.182734833722675516e-01
2.718886363636364045e+00,9.183371597380783902e-01,1.448407234316087200e+00,9.183371597380783902e-01
2.720181818181818478e+00,9.184007622295959905e-01,1.448902383921694792e+00,9.184007622295959905e-01
2.721477272727272911e+00,9.184642909775879716e-01,1.449397199897491717e+00,9.184642909775879716e-01
2.722772727272727344e+00,9.185277461125084253e-01,1.449891682622620470e+00,9.185277461125084253e-01
2.724068181818182222e+00,9.185911277644975836e-01,1.450385832475582504e+00,9.185911277644975836e-01
2.725363636363636655e+00,9.186544360633842610e-01,1.450879649834240448e+00,9.186544360633842610e-01
2.726659090909091088e+00,9.187176711386859651e-01,1.451373135075818332e+00,9.187176711386859651e-01
2.727954545454545521e+00,9.187808331196100076e-01,1.451866288576903363e+00,9.187808331196100076e-01
2.729250000000000398e+00,9.188439221350545028e-01,1.452359110713448143e+00,9.188439221350545028e-01
2.730545454545454831e+00,9.189069383136093672e-01,1.452851601860771114e+00,9.189069383136093672e-01
2.731840909090909264e+00,9.189698817835572076e-01,1.453343762393557892e+00,9.189698817835572076e-01
2.733136363636363697e+00,9.190327526728743202e-01,1.453835592685865041e+00,9.190327526728743202e-01
2.734431818181818574e+00,9.190955511092312458e-01,1.454327093111119185e+00,9.190955511092312458e-01
2.735727272727273007e+00,9.191582772199941020e-01,1.454818264042117226e+00,9.191582772199941020e-01
2.737022727272727440e+00,9.192209311322254717e-01,1.455309105851031903e+00,9.192209311322254717e-01
2.738318181818181873e+00,9.192835129726852905e-01,1.455799618909410897e+00,9.192835129726852905e-01
2.739613636363636751e+00,9.193460228678316248e-01,1.456289803588176612e+00,9.193460228678316248e-01
2.740909090909091184e+00,9.194084609438216704e-01,1.456779660257630837e+00,9.194084609438216704e-01
2.742204545454545617e+00,9.194708273265126408e-01,1.457269189287454747e+00,9.194708273265126408e-01
2.743500000000000050e+00,9.195331221414628775e-01,1.457758391046709123e+00,9.195331221414628775e-01
2.744795454545454927e+00,9.195953455139322941e-01,1.458247265903838130e+00,9.195953455139322941e-01
2.746090909090909360e+00,9.196574975688837084e-01,1.458735814226668648e+00,9.196574975688837084e-01
2.747386363636363793e+00,9.197195784309838418e-01,1.459224036382413159e+00,9.197195784309838418e-01
2.748681818181818226e+00,9.197815882246033192e-01,1.459711932737670637e+00,9.197815882246033192e-01
2.749977272727273103e+00,9.198435270738188896e-01,1.460199503658426989e+00,9.198435270738188896e-01
2.751272727272727536e+00,9.199053951024129816e-01,1.460686749510057947e+00,9.199053951024129816e-01
2.752568181818181969e+00,9.199671924338760354e-01,1.461173670657330170e+00,9.199671924338760354e-01
2.753863636363636402e+00,9.200289191914056142e-01,1.461660267464401919e+00,9.200289191914056142e-01
2.755159090909091280e+00,9.200905754979090689e-01,1.462146540294825492e+00,9.200905754979090689e-01
2.756454545454545713e+00,9.201521614760029832e-01,1.462632489511546563e+00,9.201521614760029832e-01
2.757750000000000146e+00,9.202136772480150606e-01,1.463118115476908176e+00,9.202136772480150606e-01
2.759045454545454579e+00,9.202751229359843466e-01,1.463603418552650526e+00,9.202751229359843466e-01
2.760340909090909456e+00,9.203364986616623389e-01,1.464088399099912507e+00,9.203364986616623389e-01
2.761636363636363889e+00,9.203978045465139868e-01,1.464573057479234386e+00,9.203978045465139868e-01
2.762931818181818322e+00,9.204590407117182460e-01,1.465057394050556461e+00,9.204590407117182460e-01
2.764227272727272755e+00,9.205202072781691891e-01,1.465541409173223508e+00,9.205202072781691891e-01
2.765522727272727632e+00,9.205813043664763384e-01,1.466025103205983449e+00,9.205813043664763384e-01
2.766818181818182065e+00,9.206423320969666646e-01,1.466508476506990455e+00,9.206423320969666646e-01
2.768113636363636498e+00,9.207032905896841424e-01,1.466991529433806285e+00,9.207032905896841424e-01
2.769409090909090931e+00,9.207641799643913050e-01,1.467474262343400060e+00,9.207641799643913050e-01
2.770704545454545809e+00,9.208250003405696882e-01,1.467956675592151150e+00,9.208250003405696882e-01
2.772000000000000242e+00,9.208857518374213846e-01,1.468438769535850064e+00,9.208857518374213846e-01
2.773295454545454675e+00,9.209464345738689328e-01,1.468920544529700223e+00,9.209464345738689328e-01
2.774590909090909108e+00,9.210070486685570934e-01,1.469402000928317520e+00,9.210070486685570934e-01
2.775886363636363985e+00,9.210675942398524052e-01,1.469883139085734314e+00,9.210675942398524052e-01
2.777181818181818418e+00,9.211280714058457386e-01,1.470363959355398098e+00,9.211280714058457386e-01
2.778477272727272851e+00,9.211884802843511855e-01,1.470844462090174831e+00,9.211884802843511855e-01
2.779772727272727284e+00,9.212488209929089455e-01,1.471324647642349603e+00,9.212488209929089455e-01
2.781068181818182161e+00,9.213090936487841054e-01,1.471804516363627080e+00,9.213090936487841054e-01
2.782363636363636594e+00,9.213692983689687477e-01,1.472284068605133944e+00,9.213692983689687477e-01
2.783659090909091027e+00,9.214294352701827284e-01,1.472763304717420674e+00,9.214294352701827284e-01
2.784954545454545460e+00,9.214895044688736769e-01,1.473242225050460430e+00,9.214895044688736769e-01
2.786250000000000338e+00,9.215495060812187722e-01,1.473720829953653055e+00,9.215495060812187722e-01
2.787545454545454771e+00,9.216094402231244098e-01,1.474199119775824629e+00,9.216094402231244098e-01
2.788840909090909204e+00,9.216693070102282004e-01,1.474677094865229465e+00,9.216693070102282004e-01
2.790136363636363637e+00,9.217291065578993026e-01,1.475154755569551446e+00,9.217291065578993026e-01
2.791431818181818514e+00,9.217888389812385341e-01,1.475632102235905352e+00,9.217888389812385341e-01
2.792727272727272947e+00,9.218485043950803703e-01,1.476109135210836865e+00,9.218485043950803703e-01
2.794022727272727380e+00,9.219081029139927219e-01,1.476585854840325673e+00,9.219081029139927219e-01
2.795318181818181813e+00,9.219676346522782673e-01,1.477062261469786142e+00,9.219676346522782673e-01
2.796613636363636690e+00,9.220270997239752298e-01,1.477538355444068197e+00,9.220270997239752298e-01
2.797909090909091123e+00,9.220864982428574885e-01,1.478014137107457993e+00,9.220864982428574885e-01
2.799204545454545556e+00,9.221458303224366881e-01,1.478489606803681022e+00,9.221458303224366881e-01
2.800499999999999989e+00,9.222050960759611282e-01,1.478964764875901450e+00,9.222050960759611282e-01
2.801795454545454866e+00,9.222642956164187611e-01,1.479439611666725440e+00,9.222642956164187611e-01
2.803090909090909300e+00,9.223234290565358595e-01,1.479914147518199607e+00,9.223234290565358595e-01
2.804386363636363733e+00,9.223824965087792371e-01,1.480388372771815009e+00,9.223824965087792371e-01
2.805681818181818610e+00,9.224414980853564705e-01,1.480862287768506258e+00,9.224414980853564705e-01
2.806977272727273043e+00,9.225004338982162322e-01,1.481335892848654412e+00,9.225004338982162322e-01
2.808272727272727476e+00,9.225593040590499561e-01,1.481809188352087192e+00,9.225593040590499561e-01
2.809568181818181909e+00,9.226181086792920594e-01,1.482282174618080983e+00,9.226181086792920594e-01
2.810863636363636786e+00,9.226768478701204979e-01,1.482754851985360389e+00,9.226768478701204979e-01
2.812159090909091219e+00,9.227355217424579870e-01,1.483227220792102452e+00,9.227355217424579870e-01
2.813454545454545652e+00,9.227941304069726680e-01,1.483699281375933987e+00,9.227941304069726680e-01
2.814750000000000085e+00,9.228526739740783302e-01,1.484171034073936912e+00,9.228526739740783302e-01
2.816045454545454962e+00,9.229111525539358540e-01,1.484642479222645806e+00,9.229111525539358540e-01
2.817340909090909395e+00,9.229695662564534331e-01,1.485113617158051458e+00,9.229695662564534331e-01
2.818636363636363829e+00,9.230279151912876845e-01,1.485584448215601094e+00,9.230279151912876845e-01
2.819931818181818262e+00,9.230861994678440929e-01,1.486054972730200818e+00,9.230861994678440929e-01
2.821227272727273139e+00,9.231444191952780098e-01,1.486525191036214277e+00,9.231444191952780098e-01
2.822522727272727572e+00,9.232025744824948754e-01,1.486995103467465995e+00,9.232025744824948754e-01
2.823818181818182005e+00,9.232606654381516620e-01,1.487464710357242703e+00,9.232606654381516620e-01
2.825113636363636438e+00,9.233186921706569850e-01,1.487934012038292897e+00,9.233186921706569850e-01
2.826409090909091315e+00,9.233766547881722131e-01,1.488403008842829278e+00,9.233766547881722131e-01
2.827704545454545748e+00,9.234345533986118015e-01,1.488871701102529643e+00,9.234345533986118015e-01
2.829000000000000181e+00,9.234923881096446241e-01,1.489340089148537549e+00,9.234923881096446241e-01
2.830295454545454614e+00,9.235501590286938622e-01,1.489808173311464312e+00,9.235501590286938622e-01
2.831590909090909491e+00,9.236078662629386704e-01,1.490275953921390339e+00,9.236078662629386704e-01
2.832886363636363924e+00,9.236655099193136209e-01,1.490743431307864020e+00,9.236655099193136209e-01
2.834181818181818358e+00,9.237230901045109244e-01,1.491210605799906386e+00,9.237230901045109244e-01
2.835477272727272791e+00,9.237806069249798746e-01,1.491677477726010226e+00,9.237806069249798746e-01
2.836772727272727668e+00,9.238380604869280699e-01,1.492144047414140307e+00,9.238380604869280699e-01
2.838068181818182101e+00,9.238954508963221901e-01,1.492610315191736925e+00,9.238954508963221901e-01
2.839363636363636534e+00,9.239527782588886629e-01,1.493076281385715687e+00,9.239527782588886629e-01
2.840659090909090967e+00,9.240100426801142186e-01,1.493541946322468394e+00,9.240100426801142186e-01
2.841954545454545844e+00,9.240672442652463348e-01,1.494007310327865490e+00,9.240672442652463348e-01
2.843250000000000277e+00,9.241243831192944569e-01,1.494472373727255388e+00,9.241243831192944569e-01
2.844545454545454710e+00,9.241814593470304429e-01,1.494937136845466474e+00,9.241814593470304429e-01
2.845840909090909143e+00,9.242384730529890069e-01,1.495401600006809328e+00,9.242384730529890069e-01
2.847136363636364020e+00,9.242954243414691629e-01,1.495865763535076942e+00,9.242954243414691629e-01
2.848431818181818453e+00,9.243523133165338912e-01,1.496329627753544500e+00,9.243523133165338912e-01
2.849727272727272886e+00,9.244091400820113602e-01,1.496793192984972487e+00,9.244091400820113602e-01
2.851022727272727320e+00,9.244659047414957032e-01,1.497256459551607133e+00,9.244659047414957032e-01
2.852318181818182197e+00,9.245226073983473514e-01,1.497719427775182188e+00,9.245226073983473514e-01
2.853613636363636630e+00,9.245792481556940334e-01,1.498182097976917149e+00,9.245792481556940334e-01
2.854909090909091063e+00,9.246358271164309972e-01,1.498644470477522805e+00,9.246358271164309972e-01
2.856204545454545496e+00,9.246923443832223422e-01,1.499106545597199691e+00,9.246923443832223422e-01
2.857500000000000373e+00,9.247488000585010193e-01,1.499568323655638968e+00,9.247488000585010193e-01
2.858795454545454806e+00,9.248051942444698303e-01,1.500029804972024206e+00,9.248051942444698303e-01
2.860090909090909239e+00,9.248615270431019830e-01,1.500490989865032709e+00,9.248615270431019830e-01
2.861386363636363672e+00,9.249177985561417570e-01,1.500951878652836413e+00,9.249177985561417570e-01
2.862681818181818549e+00,9.249740088851051700e-01,1.501412471653102543e+00,9.249740088851051700e-01
2.863977272727272982e+00,9.250301581312810884e-01,1.501872769182996503e+00,9.250301581312810884e-01
2.865272727272727415e+00,9.250862463957305604e-01,1.502332771559178770e+00,9.250862463957305604e-01
2.866568181818181849e+00,9.251422737792890372e-01,1.502792479097811773e+00,9.251422737792890372e-01
2.867863636363636726e+00,9.251982403825659285e-01,1.503251892114555899e+00,9.251982403825659285e-01
2.869159090909091159e+00,9.252541463059458238e-01,1.503711010924573266e+00,9.252541463059458238e-01
2.870454545454545592e+00,9.253099916495887145e-01,1.504169835842528391e+00,9.253099916495887145e-01
2.871750000000000025e+00,9.253657765134311042e-01,1.504628367182588855e+00,9.253657765134311042e-01
2.873045454545454902e+00,9.254215009971862305e-01,1.505086605258426413e+00,9.254215009971862305e-01
2.874340909090909335e+00,9.254771652003445093e-01,1.505544550383218327e+00,9.254771652003445093e-01
2.875636363636363768e+00,9.255327692221753111e-01,1.506002202869648254e+00,9.255327692221753111e-01
2.876931818181818201e+00,9.255883131617258508e-01,1.506459563029907134e+00,9.255883131617258508e-01
2.878227272727273078e+00,9.256437971178234081e-01,1.506916631175694743e+00,9.256437971178234081e-01
2.879522727272727511e+00,9.256992211890749944e-01,1.507373407618220806e+00,9.256992211890749944e-01
2.880818181818181944e+00,9.257545854738684632e-01,1.507829892668204996e+00,9.257545854738684632e-01
2.882113636363636378e+00,9.258098900703725098e-01,1.508286086635878931e+00,9.258098900703725098e-01
2.883409090909091255e+00,9.258651350765380039e-01,1.508741989830987063e+00,9.258651350765380039e-01
2.884704545454545688e+00,9.259203205900984335e-01,1.509197602562787788e+00,9.259203205900984335e-01
2.886000000000000121e+00,9.259754467085701268e-01,1.509652925140054114e+00,9.259754467085701268e-01
2.887295454545454554e+00,9.260305135292532519e-01,1.510107957871075435e+00,9.260305135292532519e-01
2.888590909090909431e+00,9.260855211492322603e-01,1.510562701063657309e+00,9.260855211492322603e-01
2.889886363636363864e+00,9.261404696653763313e-01,1.511017155025123238e+00,9.261404696653763313e-01
2.891181818181818297e+00,9.261953591743409264e-01,1.511471320062316659e+00,9.261953591743409264e-01
2.892477272727272730e+00,9.262501897725664568e-01,1.511925196481600508e+00,9.262501897725664568e-01
2.893772727272727607e+00,9.263049615562809480e-01,1.512378784588857883e+00,9.263049615562809480e-01
2.895068181818182040e+00,9.263596746214998179e-01,1.512832084689495149e+00,9.263596746214998179e-01
2.896363636363636473e+00,9.264143290640256545e-01,1.513285097088441056e+00,9.264143290640256545e-01
2.897659090909090907e+00,9.264689249794502146e-01,1.513737822090148955e+00,9.264689249794502146e-01
2.898954545454545784e+00,9.265234624631542015e-01,1.514190259998596577e+00,9.265234624631542015e-01
2.900250000000000217e+00,9.265779416103079313e-01,1.514642411117288701e+00,9.265779416103079313e-01
2.901545454545454650e+00,9.266323625158721100e-01,1.515094275749256036e+00,9.266323625158721100e-01
2.902840909090909527e+00,9.266867252745983885e-01,1.515545854197058562e+00,9.266867252745983885e-01
2.904136363636363960e+00,9.267410299810294738e-01,1.515997146762784631e+00,9.267410299810294738e-01
2.905431818181818393e+00,9.267952767295006833e-01,1.516448153748052752e+00,9.267952767295006833e-01
2.906727272727272826e+00,9.268494656141398336e-01,1.516898875454013362e+00,9.268494656141398336e-01
2.908022727272727703e+00,9.269035967288673517e-01,1.517349312181347720e+00,9.269035967288673517e-01
2.909318181818182136e+00,9.269576701673982733e-01,1.517799464230271012e+00,9.269576701673982733e-01
2.910613636363636569e+00,9.270116860232415767e-01,1.518249331900532129e+00,9.270116860232415767e-01
2.911909090909091002e+00,9.270656443897009602e-01,1.518698915491415224e+00,9.270656443897009602e-01
2.913204545454545880e+00,9.271195453598761738e-01,1.519148215301741267e+00,9.271195453598761738e-01
2.914500000000000313e+00,9.271733890266626865e-01,1.519597231629866485e+00,9.271733890266626865e-01
2.915795454545454746e+00,9.272271754827523527e-01,1.520045964773686364e+00,9.272271754827523527e-01
2.917090909090909179e+00,9.272809048206345217e-01,1.520494415030634761e+00,9.272809048206345217e-01
2.918386363636364056e+00,9.273345771325963716e-01,1.520942582697686785e+00,9.273345771325963716e-01
2.919681818181818489e+00,9.273881925107235746e-01,1.521390468071356583e+00,9.273881925107235746e-01
2.920977272727272922e+00,9.274417510468999648e-01,1.521838071447701557e+00,9.274417510468999648e-01
2.922272727272727355e+00,9.274952528328093138e-01,1.522285393122320807e+00,9.274952528328093138e-01
2.923568181818182232e+00,9.275486979599355530e-01,1.522732433390358908e+00,9.275486979599355530e-01
2.924863636363636665e+00,9.276020865195626630e-01,1.523179192546503691e+00,9.276020865195626630e-01
2.926159090909091098e+00,9.276554186027763382e-01,1.523625670884989125e+00,9.276554186027763382e-01
2.927454545454545531e+00,9.277086943004628772e-01,1.524071868699595989e+00,9.277086943004628772e-01
2.928750000000000409e+00,9.277619137033121799e-01,1.524517786283653198e+00,9.277619137033121799e-01
2.930045454545454842e+00,9.278150769018156385e-01,1.524963423930037143e+00,9.278150769018156385e-01
2.931340909090909275e+00,9.278681839862685798e-01,1.525408781931174351e+00,9.278681839862685798e-01
2.932636363636363708e+00,9.279212350467700432e-01,1.525853860579042376e+00,9.279212350467700432e-01
2.933931818181818585e+00,9.279742301732234466e-01,1.526298660165169130e+00,9.279742301732234466e-01
2.935227272727273018e+00,9.280271694553366979e-01,1.526743180980634884e+00,9.280271694553366979e-01
2.936522727272727451e+00,9.280800529826239709e-01,1.527187423316074932e+00,9.280800529826239709e-01
2.937818181818181884e+00,9.281328808444045952e-01,1.527631387461676038e+00,9.281328808444045952e-01
2.939113636363636761e+00,9.281856531298047219e-01,1.528075073707182208e+00,9.281856531298047219e-01
2.940409090909091194e+00,9.282383699277577671e-01,1.528518482341893137e+00,9.282383699277577671e-01
2.941704545454545627e+00,9.282910313270045233e-01,1.528961613654665097e+00,9.282910313270045233e-01
2.943000000000000060e+00,9.283436374160934923e-01,1.529404467933911604e+00,9.283436374160934923e-01
2.944295454545454938e+00,9.283961882833825507e-01,1.529847045467606748e+00,9.283961882833825507e-01
2.945590909090909371e+00,9.284486840170380617e-01,1.530289346543283413e+00,9.284486840170380617e-01
2.946886363636363804e+00,9.285011247050364291e-01,1.530731371448034395e+00,9.285011247050364291e-01
2.948181818181818237e+00,9.285535104351642088e-01,1.531173120468516391e+00,9.285535104351642088e-01
2.949477272727273114e+00,9.286058412950183305e-01,1.531614593890945564e+00,9.286058412950183305e-01
2.950772727272727547e+00,9.286581173720075411e-01,1.532055792001103978e+00,9.286581173720075411e-01
2.952068181818181980e+00,9.287103387533518495e-01,1.532496715084337158e+00,9.287103387533518495e-01
2.953363636363636413e+00,9.287625055260836371e-01,1.532937363425554977e+00,9.287625055260836371e-01
2.954659090909091290e+00,9.288146177770481016e-01,1.533377737309234989e+00,9.288146177770481016e-01
2.955954545454545723e+00,9.288666755929037011e-01,1.533817837019420205e+00,9.288666755929037011e-01
2.957250000000000156e+00,9.289186790601224875e-01,1.534257662839722869e+00,9.289186790601224875e-01
2.958545454545454589e+00,9.289706282649912161e-01,1.534697215053323349e+00,9.289706282649912161e-01
2.959840909090909467e+00,9.290225232936110134e-01,1.535136493942972136e+00,9.290225232936110134e-01
2.961136363636363900e+00,9.290743642318988194e-01,1.535575499790989173e+00,9.290743642318988194e-01
2.962431818181818333e+00,9.291261511655865002e-01,1.536014232879267416e+00,9.291261511655865002e-01
2.963727272727272766e+00,9.291778841802232902e-01,1.536452693489271493e+00,9.291778841802232902e-01
2.965022727272727643e+00,9.292295633611745709e-01,1.536890881902039263e+00,9.292295633611745709e-01
2.966318181818182076e+00,9.292811887936232029e-01,1.537328798398182483e+00,9.292811887936232029e-01
2.967613636363636509e+00,9.293327605625696375e-01,1.537766443257887916e+00,9.293327605625696375e-01
2.968909090909090942e+00,9.293842787528328042e-01,1.538203816760918663e+00,9.293842787528328042e-01
2.970204545454545819e+00,9.294357434490505554e-01,1.538640919186614830e+00,9.294357434490505554e-01
2.971500000000000252e+00,9.294871547356799990e-01,1.539077750813893308e+00,9.294871547356799990e-01
2.972795454545454685e+00,9.295385126969972767e-01,1.539514311921249545e+00,9.295385126969972767e-01
2.974090909090909118e+00,9.295898174170998951e-01,1.539950602786758882e+00,9.295898174170998951e-01
2.975386363636363996e+00,9.296410689799053939e-01,1.540386623688076773e+00,9.296410689799053939e-01
2.976681818181818429e+00,9.296922674691526778e-01,1.540822374902439007e+00,9.296922674691526778e-01
2.977977272727272862e+00,9.297434129684023496e-01,1.541257856706664597e+00,9.297434129684023496e-01
2.979272727272727295e+00,9.297945055610371545e-01,1.541693069377154002e+00,9.297945055610371545e-01
2.980568181818182172e+00,9.298455453302628682e-01,1.542128013189892233e+00,9.298455453302628682e-01
2.981863636363636605e+00,9.298965323591076304e-01,1.542562688420448413e+00,9.298965323591076304e-01
2.983159090909091038e+00,9.299474667304239439e-01,1.542997095343977332e+00,9.299474667304239439e-01
2.984454545454545471e+00,9.299983485268882299e-01,1.543431234235219884e+00,9.299983485268882299e-01
2.985750000000000348e+00,9.300491778310009394e-01,1.543865105368503299e+00,9.300491778310009394e-01
2.987045454545454781e+00,9.300999547250884403e-01,1.544298709017744242e+00,9.300999547250884403e-01
2.988340909090909214e+00,9.301506792913017962e-01,1.544732045456445935e+00,9.301506792913017962e-01
2.989636363636363647e+00,9.302013516116185432e-01,1.545165114957703478e+00,9.302013516116185432e-01
2.990931818181818524e+00,9.302519717678424671e-01,1.545597917794200971e+00,9.302519717678424671e-01
2.992227272727272958e+00,9.303025398416042702e-01,1.546030454238213725e+00,9.303025398416042702e-01
2.993522727272727391e+00,9.303530559143623480e-01,1.546462724561609825e+00,9.303530559143623480e-01
2.994818181818182268e+00,9.304035200674021233e-01,1.546894729035850125e+00,9.304035200674021233e-01
2.996113636363636701e+00,9.304539323818382668e-01,1.547326467931988248e+00,9.304539323818382668e-01
2.997409090909091134e+00,9.305042929386133643e-01,1.547757941520673475e+00,9.305042929386133643e-01
2.998704545454545567e+00,9.305546018184998047e-01,1.548189150072150522e+00,9.305546018184998047e-01
3.000000000000000000e+00,9.306048591020995575e-01,1.548620093856258872e+00,9.306048591020995575e-01
