minus_chi,L,a,ell1,flux1,ell2,flux2
0.010000000000000004,1.0188564166492733,0.9690222042962143,1.0,0.0,0.0,0.024800695066485124
0.009847666521101583,1.018871672322682,0.9694352742396427,0.9999689015442833,-0.0036488560306765366,0.0004217583540404563,0.024799927370414598
0.009697653591082501,1.0188867487490374,0.9698434983353008,0.9998760456256809,-0.0072510201051155364,0.0008439555759677014,0.02479764930474011
0.009549925860214366,1.0189016474819372,0.9702469182662967,0.9997220908267637,-0.010806767606320569,0.0012665633548846157,0.02479389806236201
0.009404448517263521,1.0189163700731192,0.9706455756803812,0.999507694804404,-0.014316381828669851,0.0016895539008095239,0.024788710378632502
0.009261187281287936,1.018930918072217,0.971039512182826,0.9992335141199318,-0.017780153635124966,0.0021128999416012307,0.024782122527903547
0.009120108393559105,1.0189452930265206,0.9714287693294066,0.9989002040735109,-0.021198381120605972,0.0025365747197555848,0.02477417032043545
0.008981178609606951,1.0189594964807382,0.971813388619493,0.9985084185427167,-0.024571369281567938,0.002960551989078239,0.02476488909965694
0.008844365191386,1.0189735299767637,0.9721934114892473,0.998058809825295,-0.02789942969180401,0.0033848060112373953,0.024754313739767293
0.008709635899560808,1.0189873950534454,0.9725688793049315,0.9975520284860734,-0.0311828801844826,0.0038093115522012688,0.024742478643671045
0.008576958985908947,1.0190010932463598,0.9729398333563254,0.9969887232080096,-0.03442204454043347,0.0042340438785650365,0.02472941774123469
0.00844630318583969,1.0190146260875887,0.9733063148502576,0.9963695406473574,-0.03761725218269364,0.004658978753769376,0.024715164487857228
0.008317637711026712,1.0190279951055006,0.973668364904248,0.9956951252928902,-0.04076883787733258,0.005084092434217353,0.024699751863347438
0.008190932242152973,1.0190412018245327,0.9740260245402652,0.9949661193291859,-0.04387714144052643,0.005509361665293072,0.024683212371094856
0.00806615692176614,1.0190542477649818,0.9743793346785993,0.9941831625039359,-0.046942507451866414,0.005934763677285645,0.024665578037525997
0.007943282347242819,1.0190671344427942,0.9747283361318503,0.9933468919992435,-0.04996528497389289,0.006360276181222835,0.024646880411837345
0.007822279563860028,1.0190798633693627,0.9750730695990335,0.9924579423068728,-0.052945827277841764,0.006785877364618059,0.02462715056599686
0.007703120057972146,1.0190924360513256,0.9754135756598018,0.9915169451074121,-0.05588449157559629,0.007211545887135275,0.024606419095005584
0.007585775750291843,1.0191048539903702,0.9757498947687868,0.990524529153316,-0.05878163875783085,0.007637260876175443,0.024584716117410994
0.00747021898927332,1.019117118683041,0.9760820672500587,0.9894813201557864,-0.06163763313833827,0.008063001922388915,0.02456207127606375
0.007356422544596415,1.019129231620551,0.976410133291705,0.9883879406754695,-0.06445284220447214,0.008488749075117449,0.024538513739107502
0.007244359600749907,1.0191411942885968,0.9767341329405307,0.987245010016969,-0.06722763637329301,0.008914482837770417,0.024514072201180893
0.007134003750712567,1.0191530081671796,0.9770541060968768,0.9860531441269909,-0.06996238875419608,0.00934018416313618,0.02448877488485374
0.007025328989730524,1.0191646747304268,0.97737009250956,0.9848129554962354,-0.07265747491734213,0.009765834448634218,0.024462649542264663
0.006918309709189366,1.0191761954464225,0.9776821317709332,0.9835250530648971,-0.07531327266801897,0.01019141553151296,0.02443572345696021
0.006812920690579619,1.0191875717770371,0.9779902633120667,0.9821900421317656,-0.07793016182689295,0.010616909683995434,0.02440802344592639
0.006709137099554116,1.019198805177765,0.9782945263980509,0.9808085242668831,-0.08050852401607655,0.011042299608376457,0.024379575861804417
0.0066069344800759626,1.0192098970975636,0.9785949601234194,0.9793810972277076,-0.08304874245095738,0.011467568432074481,0.024350406595283484
0.006506288748655573,1.0192208489786991,0.9788916034076935,0.9779083548787291,-0.08555120173773946,0.011892699702642041,0.02432054107766352
0.006407176188675543,1.0192316622565938,0.9791844949910472,0.9763908871144897,-0.08801628767664238,0.012317677382737926,0.024290004283580694
0.006309573444801936,1.0192423383596791,0.9794736734300927,0.9748292797859545,-0.0904443870707079,0.012742485845064804,0.024258820733888627
0.006213457517480759,1.019252878709253,0.9797591770937868,0.9732241146301831,-0.09283588754015949,0.013167109867275453,0.024227014498688117
0.006118805757518221,1.0192632847193404,0.9800410441594567,0.971575969203262,-0.09519117734222973,0.013591534626851294,0.024194609200497454
0.006025595860743582,1.0192735577965586,0.9803193126089468,0.9698854168165283,-0.09751064519610042,0.014015745695954243,0.024161628017550837
0.005933805862753283,1.0192836993399865,0.980594020224883,0.9681530264758346,-0.0997946801134874,0.014439729036257141,0.024128093687232385
0.005843414133735177,1.019293710741038,0.9808652045870567,0.9663793628239793,-0.10204367123435251,0.014863470993754542,0.024094028509627868
0.00575439937337157,1.0193035933833399,0.9811329030689274,0.9645649860861703,-0.10425800766777375,0.015286958293557924,0.02405945435119139
0.005666740605819917,1.019313348642613,0.9813971528342411,0.9627104520184927,-0.10643807833791402,0.015710178034677454,0.02402439264851999
0.0055804171747699674,1.019322977886558,0.9816579908337674,0.9608163118593307,-0.10858427183499737,0.016133117684793214,0.02398886441223002
0.005495408738576247,1.0193324824747463,0.9819154538021522,0.9588831122836871,-0.1106969762712178,0.01655576507501826,0.02395289023092969
0.005411695265464642,1.0193418637585119,0.9821695782548847,0.9569113953603405,-0.11277657914151035,0.016978108394656626,0.023916490275282108
0.005329257028812008,1.019351123080851,0.9824204004853804,0.9549016985117841,-0.11482346718911043,0.017400136185958898,0.023879684302153283
0.005248074602497728,1.0193602617763236,0.982667956562176,0.9528545544768866,-0.11683802627582761,0.017821837338877773,0.02384249165883943
0.005168128856326036,1.019369281170958,0.9829122823262386,0.9507704912762186,-0.11882064125696332,0.01824320108582683,0.023804931287367995
0.00508940095151809,1.0193781825821624,0.983153413388385,0.9486500321800377,-0.1207716958607097,0.018664216996443862,0.02376702172886595
0.005011872336272726,1.0193869673186375,0.9833913851268128,0.9464936956788722,-0.12269157257192953,0.01908487497236021,0.02372878112799144
0.0049355247413948086,1.0193956366802943,0.9836262326847403,0.9443019954565316,-0.12458065252049325,0.01950516524198141,0.02369022723742503
0.004860340175990218,1.0194041919581753,0.9838579909681546,0.9420754403656394,-0.12643931537379285,0.019925078355278326,0.02365137742241375
0.004786300923226387,1.0194126344343797,0.9840866946436678,0.9398145344055409,-0.1282679392334986,0.020344605178592927,0.023612248665364356
0.004713389536157408,1.0194209653819926,0.9843123781364778,0.9375197767025725,-0.13006690053643163,0.020763736889459983,0.023572857570480298
0.004641588833612781,1.0194291860650173,0.9845350756284352,0.9351916614926351,-0.13183657395947318,0.021182464971446442,0.023533220368438437
0.004570881896148751,1.019437297738312,0.9847548210562133,0.9328306781060113,-0.13357733232843472,0.02160078120901086,0.023493352921101333
0.00450125206206134,1.0194453016475291,0.9849716481095793,0.9304373109543684,-0.13528954653080882,0.02201867768238442,0.023453270726261112
0.004432682923460091,1.0194531990290594,0.9851855902297679,0.9280120395198903,-0.13697358543232457,0.022436146762475757,0.023412988922410827
0.004365158322401661,1.0194609911099788,0.9853966806079529,0.9255553383464783,-0.13862981579722736,0.022853181105801167,0.02337252229353923
0.004298662347082277,1.0194686791079985,0.985604952183818,0.9230676770329624,-0.140258602212207,0.023269773649442563,0.023331885273944905
0.004233179328088212,1.0194762642314203,0.9858104376442232,0.9205495202283601,-0.14186030701380503,0.023685917606033276,0.02329109195306608
0.004168693834703356,1.019483747679092,0.9860131694219669,0.9180013276290356,-0.14343529021929827,0.024101606458773704,0.02325015608032405
0.00410519067127308,1.0194911306403698,0.9862131796946424,0.9154235539776796,-0.1449839094610478,0.024516833956479876,0.02320909106997428
0.004042654873623447,1.0194984142950816,0.9864105003835849,0.912816649064155,-0.14650651992410169,0.02493159410866432,0.02316791000596447
0.003981071705534975,1.0195055998134943,0.9866051631529107,0.9101810577280796,-0.14800347428704863,0.02534588118065199,0.023126625646795226
0.003920426655270154,1.0195126883562848,0.9867971994086447,0.9075172198631372,-0.14947512266600999,0.025759689688731963,0.023085250430379976
0.003860705432153814,1.0195196810745124,0.9869866402979364,0.9048255704230634,-0.15092181256169884,0.02617301439534646,0.02304379647890152
0.003801893963205612,1.0195265791095967,0.9871735167083606,0.9021065394292512,-0.1523438888094721,0.026585850304318037,0.02300227560366256
0.003743978389823814,1.0195333835932967,0.9873578592673039,0.8993605519799244,-0.15374169353230288,0.026998192656116155,0.02296069930992764
0.0036869450645195772,1.0195400956476932,0.9875396983414336,0.8965880282608227,-0.1551155660966011,0.02741003692316438,0.02291907880175381
0.003630780547701014,1.0195467163851752,0.9877190640362473,0.8937893835573482,-0.15646584307080763,0.027821378805189062,0.022877424986807476
0.0035754716045062166,1.0195532469084276,0.9878959861957033,0.8909650282681146,-0.15779285818669114,0.02823221422461103,0.022835748481164687
0.0035210052016845217,1.0195596883104228,0.9880704944019282,0.8881153679198522,-0.15909694230327243,0.02864253932198122,0.0227940596140924
0.003467368504525318,1.0195660416744146,0.9882426179750015,0.8852408031837812,-0.16037842337320732,0.02905235045145995,0.022752368432810165
0.003414548873833602,1.0195723080739343,0.9884123859728147,0.8823417298931611,-0.1616376264117154,0.02946164417634091,0.02271068470722959
0.0033625338629516264,1.0195784885727914,0.9885798271910041,0.879418539062055,-0.16287487346792684,0.029870417264622567,0.022669017934666434
0.003311311214825913,1.0195845842250744,0.9887449701629545,0.876471616905345,-0.164090483598539,0.030278666684625102,0.022627377344528344
0.003260868859118934,1.0195905960751548,0.9889078431598733,0.8735013448598538,-0.1652847728437589,0.03068638960065507,0.022585771902973773
0.003211194909364823,1.0195965251576953,0.9890684741909332,0.8705080996065853,-0.16645805420543258,0.03109358336871808,0.02254421031754043
0.003162277660168382,1.019602372497658,0.9892268910034816,0.8674922530940364,-0.16761063762730224,0.031500245532280355,0.022502701041741905
0.003114105584446761,1.0196081391103162,0.9893831210833138,0.8644541725625364,-0.168742829977329,0.03190637381807931,0.022461252279631052
0.0030666673307131838,1.0196138260012693,0.9895371916550124,0.86139422056957,-0.16985493503202015,0.032311966131983484,0.022419871990328806
0.003019951720402019,1.0196194341664564,0.9896891296823458,0.8583127550160374,-0.170947253462701,0.032717020554902526,0.022378567892516982
0.002973947745234608,1.0196249645921778,0.9898389618687287,0.8552101291734063,-0.1720200828236698,0.03312153533874753,0.022337347468893716
0.002928644564625238,1.019630418255113,0.9899867146577407,0.8520866917117148,-0.173073717542174,0.03352550890244194,0.02229621797059016
0.002884031503126607,1.0196357961223443,0.9901324142337029,0.8489427867283746,-0.17410844891014857,0.03392893982798381,0.022255186421547044
0.0028400980479142152,1.0196410991513805,0.9902760865223083,0.8457787537777336,-0.17512456507765403,0.03433182685655958,0.022214259622849723
0.002796833846309079,1.0196463282901844,0.9904177571913082,0.8425949279015248,-0.17612235104790003,0.034734168884710474,0.022173444157022916
0.0027542287033381677,1.0196514844772004,0.9905574516512499,0.8393916396600501,-0.1771020886738743,0.03513596496054903,0.022132746392285036
0.002712272579332029,1.019656568641384,0.9906951950562655,0.8361692151637736,-0.17806405665655584,0.03553721428002804,0.022092172486752583
0.002670955587558987,1.0196615817022356,0.99083101230491,0.832927976105806,-0.1790085305445386,0.0359379161832625,0.022051728392604508
0.0026302679918953835,1.019666524569832,0.990964928041048,0.8296682397948902,-0.1799357827351187,0.03633807015090248,0.022011419860200748
0.002590200204531325,1.0196713981448635,0.9910969666547856,0.8263903191889731,-0.1808460824767352,0.03673767580055862,0.021971252442154615
0.002550742783711359,1.0196762033186697,0.9912271522834492,0.8230945229293284,-0.1817396958727202,0.03713673288328049,0.02193123149735861
0.00251188643150958,1.0196809409732785,0.9913555088126045,0.8197811553751988,-0.182616885886312,0.037535241280087284,0.021891362194963206
0.002473621991638623,1.0196856119814464,0.9914820598771212,0.8164505166389243,-0.1834779123468857,0.03793320099855084,0.021851649518308196
0.002435940447292028,1.019690217206699,0.9916068288622757,0.8131029026215214,-0.184323031957357,0.03833061216943098,0.02181209826880611
0.0023988329190194908,1.0196947575033755,0.9917298389048935,0.8097386050486841,-0.18515249830271194,0.03872747504336259,0.021772713069777336
0.0023622906626344638,1.0196992337166713,0.9918511128945303,0.8063579115071684,-0.18596656185961924,0.0391237899875948,0.021733498370236415
0.0023263050671536276,1.019703646682685,0.9919706734746887,0.8029611054815298,-0.18676547000707855,0.03951955748278192,0.021694458448629158
0.0022908676527677737,1.019707997228464,0.9920885430440701,0.7995484663911819,-0.18754946703805903,0.039914778119825745,0.021655597416520067
0.0022559700688435783,1.0197122861720538,0.99220474375786,0.7961202696277395,-0.18831879417208383,0.04030945259676935,0.021616919222229684
0.0022216040919558135,1.0197165143225466,0.9923192975290465,0.7926767865926205,-0.18907368956871334,0.04070358171574253,0.021578427654421473
0.002187761623949554,1.0197206824801315,0.9924322260297682,0.78921828473524,-0.18981438834184303,0.041097166379963704,0.021540126345644138
0.0021544346900318843,1.0197247914361465,0.9925435506926951,0.785745027591086,-0.19054112257493366,0.04149020759078374,0.02150201877582015
0.0021216154368926847,1.0197288419731305,0.992653292712434,0.7822572748200043,-0.19125412133693984,0.04188270644478532,0.021464108275681022
0.002089296130854041,1.0197328348648769,0.9927614730469635,0.7787552822448432,-0.1919536106990205,0.042274664130932796,0.021426398030156935
0.0020574691560478406,1.0197367708764884,0.9928681124190957,0.7752393018901635,-0.1926398137519831,0.04266608192777007,0.02138889108171495
0.002026127012621144,1.0197406507644318,0.9929732313179611,0.7717095820210997,-0.19331295062439252,0.043056961200668493,0.02135159033364712
0.0019952623149688815,1.0197444752765943,0.9930768500005189,0.7681663671823488,-0.19397323850131626,0.043447303399124906,0.021314498553308494
0.001964867789993469,1.0197482451523405,0.9931789884930882,0.7646098982372659,-0.19462089164367585,0.04383711005410893,0.021277618375305306
0.0019349362753909533,1.0197519611225703,0.9932796665929013,0.7610404124070496,-0.19525612140817503,0.0442263827754589,0.02124095230463345
0.0019054607179632475,1.0197556239097771,0.993378903869678,0.75745814330999,-0.1958791362677755,0.0446151232493263,0.021204502719767423
0.0018764341719560852,1.0197592342281074,0.9934767196672177,0.7538633210007623,-0.19649014183269065,0.045003333235667874,0.02116827187569989
0.0018478497974222922,1.0197627927834203,0.9935731331050114,0.7502561720097453,-0.19708934087186766,0.045391014565784954,0.021132261906932064
0.0018197008586099842,1.0197663002733477,0.9936681630798696,0.7466369193823401,-0.1976769333349288,0.045778169139909716,0.021096474830414998
0.001791980722375334,1.0197697573873559,0.9937618282675673,0.7430057827182738,-0.19825311637454215,0.04616479892483737,0.021060912548442064
0.0017646828566195017,1.0197731648068071,0.9938541471245033,0.7393629782108606,-0.19881808436919232,0.04655090595160431,0.021025576851492665
0.0017378008287493765,1.0197765232050215,0.9939451378893737,0.7357087186862044,-0.19937202894632228,0.04693649231321141,0.020990469421027405
0.0017113283041617815,1.019779833247339,0.9940348185848588,0.7320432136423198,-0.1999151390058157,0.04732156016239185,0.02095559183223489
0.0016852590447507516,1.0197830955911833,0.9941232070193218,0.7283666692881936,-0.2004476007437893,0.04770611170942514,0.020920945556731046
0.0016595869074375604,1.019786310886125,0.9942103207885197,0.7246792885832476,-0.20096959767670816,0.04809014922001269,0.020886531965220077
0.0016343058427231384,1.0197894797739453,0.9942961772773261,0.7209812712759068,-0.20148131066583153,0.048473675013161584,0.02085235233009521
0.0016094098932625354,1.0197926028886997,0.9943807936614585,0.7172728139424372,-0.20198291794177411,0.04885669145913754,0.020818407827998223
0.0015848931924611136,1.019795680856783,0.9944641869092181,0.7135541100257025,-0.20247459512939736,0.04923920097745497,0.020784699542334372
0.0015607499630921125,1.0197987142969944,0.9945463737832384,0.7098253498737042,-0.20295651527291333,0.04962120603490606,0.020751228465740408
0.0015369745159352721,1.0198017038206009,0.9946273708422383,0.7060867207779755,-0.20342884886116702,0.05000270914363254,0.02071799550250737
0.0015135612484362085,1.0198046500314046,0.9947071944427837,0.7023384070118226,-0.20389176385308214,0.05038371285923905,0.020685001470958617
0.0014905046433861975,1.019807553525806,0.9947858607410529,0.6985805898683963,-0.20434542570325423,0.05076421977894797,0.020652247105783575
0.0014677992676220707,1.0198104148928713,0.9948633856946075,0.6948134476985891,-0.2047899973876759,0.051144232539794866,0.02061973306032758
0.0014454397707459282,1.0198132347143969,0.994939785064167,0.6910371559487479,-0.20522563942957778,0.05152375381686364,0.020587459908838358
0.0014234208838643419,1.0198160135649759,0.995015074415387,0.6872518871981881,-0.20565250992537024,0.051902786321561076,0.020555428148669518
0.0014017374183467699,1.0198187520120638,0.9950892691206399,0.6834578111965022,-0.20607076457066978,0.05228133279992998,0.020523638202441546
0.0013803842646028857,1.0198214506160441,0.9951623843607984,0.6796550949006528,-0.20648055668639428,0.05265939603100013,0.02049209042016076
0.0013593563908785263,1.019824109930295,0.9952344351270194,0.675843902511838,-0.2068820372449119,0.05303697882517659,0.020460785081296635
0.0013386488420699936,1.0198267305012547,0.9953054362225294,0.6720243955121211,-0.20727535489622723,0.05341408402266448,0.020429722396817986
0.0013182567385564082,1.019829312868488,0.9953754022644105,0.6681967327008137,-0.2076606559941897,0.05379071449192974,0.020398902511188456
0.00129817527504985,1.019831857564753,0.9954443476853836,0.6643610702306001,-0.20803808462270826,0.05416687312819522,0.020368325504321744
0.0012783997194630243,1.0198343651160642,0.9955122867355936,0.660517561643398,-0.20840778262195617,0.054542562851971156,0.020337991393497033
0.0012589254117941686,1.0198368360417625,0.99557923348439,0.6566663579059403,-0.20876988961455123,0.05491778660761971,0.02030790013523507
0.0012397477630289443,1.0198392708545776,0.9956452018221067,0.6528076074450684,-0.20912454303169487,0.05529254736195284,0.020278051627135345
0.0012208622540590718,1.0198416700606954,0.9957102054618381,0.6489414561829479,-0.209471878139284,0.05566684810288207,0.020248445709679437
0.0012022644346174132,1.0198440341598232,0.9957742579412185,0.6450680475722984,-0.20981202806411545,0.05604069183811266,0.02021908216800105
0.001183949922229302,1.019846363645255,0.9958373726241897,0.6411875226303286,-0.2101451238197972,0.05641408159379289,0.02018996073359976
0.0011659144011798327,1.0198486590039377,0.9958995627027644,0.6373000199731913,-0.21047129433264622,0.05678702041327815,0.020161081086036283
0.0011481536214968833,1.0198509207165347,0.9959608411987898,0.6334056758499649,-0.210790666467572,0.057159511355894886,0.02013244285458563
0.0011306633979496392,1.0198531492574918,0.996021220965705,0.6295046241763252,-0.21110336505385724,0.05753155749573486,0.020104045619854793
0.0011134396090623625,1.0198553450951016,0.9960807146902928,0.6255969965679173,-0.21140951291083115,0.057903161920481075,0.020075888915365686
0.001096478196143185,1.0198575086915687,0.9961393348944246,0.6216829223734242,-0.21170923087342838,0.05827432773026472,0.020047972229103872
0.0010797751623277101,1.0198596405030727,0.9961970939368008,0.6177625287073366,-0.2120026378176283,0.058645058036551956,0.020020295005033578
0.0010633265716371615,1.0198617409798338,0.9962540040146821,0.6138359404824119,-0.21228985068576905,0.05901535596106095,0.019992856644579456
0.0010471285480508996,1.0198638105661753,0.9963100771656159,0.6099032804418303,-0.2125709845117304,0.05938522463470739,0.019965656508075597
0.0010311772745930559,1.0198658497005875,0.996365325269154,0.6059646691910395,-0.21284615244597918,0.059754667196578654,0.019938693916182294
0.0010154689924330807,1.0198678588157908,0.9964197600485635,0.6020202252292868,-0.2131154657804727,0.06012368679293577,0.019911968151270984
0.0010000000000000002,1.0198698383387994,0.9964733930725294,0.5980700649808405,-0.213379033973413,0.060492286576242324,0.019885478458777955
0.000984766652110159,1.0198717886909825,0.9965262357568492,0.5941143028258927,-0.2136369646738472,0.060860469704219995,0.019859224048527205
0.0009697653591082499,1.0198737102881277,0.9965782993661193,0.5901530511311458,-0.21388936374610779,0.06122823933893007,0.019833204096023002
0.0009549925860214363,1.0198756035405028,0.9966295950154114,0.5861864202800798,-0.21413633529408674,0.06159559864587992,0.01980741774371262
0.0009404448517263528,1.0198774688529169,0.9966801336719417,0.5822145187028965,-0.21437798168533867,0.06196255079315438,0.01978186410221973
0.0009261187281287935,1.0198793066247818,0.996729926156729,0.5782374529061393,-0.21461440357500614,0.062329098950571045,0.019756542251548912
0.0009120108393559103,1.019881117250174,0.9967789831462439,0.5742553275019906,-0.21484569992956187,0.06269524628885872,0.019731451242261857
0.0008981178609606948,1.0198829011178936,0.9968273151740484,0.5702682452372355,-0.2150719680503625,0.06306099597885913,0.019706590096625617
0.0008844365191385998,1.0198846586115253,0.9968749326324242,0.5662763070219011,-0.2152933035970072,0.06342635119075005,0.01968195780973353
0.0008709635899560814,1.0198863901094986,0.9969218457739913,0.5622796119575599,-0.21550980061049607,0.0637913150932905,0.019657553350599193
0.0008576958985908946,1.0198880959851462,0.9969680647133151,0.5582782573652998,-0.2157215515361825,0.06415589085308658,0.019633375663224036
0.0008446303185839689,1.0198897766067636,0.9970135994285032,0.5542723388133799,-0.2159286472465288,0.06452008163388528,0.019609423667639923
0.0008317637711026719,1.019891432337668,0.9970584597627978,0.5502619501449116,-0.21613117706391186,0.06488389059598833,0.01958569626093746
0.0008190932242152972,1.019893063536256,0.9971026554261502,0.5462471835047126,-0.2163292287828597,0.06524732089548745,0.019562192318244784
0.0008066156921766139,1.0198946705560614,0.997146195996781,0.5422281293659016,-0.216522888692148,0.06561037568363073,0.01953891069369778
0.0007943282347242817,1.0198962537458127,0.9971890909227352,0.538204876556349,-0.21671224159680472,0.06597305810622006,0.019515850221385554
0.0007822279563860027,1.01989781344949,0.997231349523424,0.5341775122847685,-0.2168973708398686,0.06633537130300607,0.0194930097162697
0.0007703120057972151,1.0198993500063818,0.9972729809911552,0.5301461221664804,-0.2170783583239309,0.06669731840710372,0.01947038797508069
0.0007585775750291842,1.0199008637511402,0.9973139943926529,0.5261107902488521,-0.2172552845324602,0.06705890254442726,0.019447983777191747
0.0007470218989273318,1.019902355013838,0.9973543986705625,0.5220715990364204,-0.21742822855090901,0.06742012683314422,0.019425795885470647
0.0007356422544596419,1.0199038241200222,0.9973942026449469,0.5180286295156924,-0.2175972680876031,0.0677809943831482,0.01940382304710975
0.0007244359600749906,1.0199052713907704,0.9974334150147678,0.5139819611796307,-0.2177624794944118,0.06814150829554998,0.01938206399443472
0.0007134003750712565,1.0199066971427435,0.9974720443593565,0.5099316720518259,-0.21792393778719985,0.06850167166218597,0.019360517445692272
0.0007025328989730529,1.0199081016882408,0.9975100991398728,0.5058778387103551,-0.2180817166660598,0.06886148756514435,0.019339182105817348
0.0006918309709189364,1.0199094853352528,0.9975475877007494,0.50182053631133,-0.21823588853532483,0.06922095907630782,0.019318056667180096
0.0006812920690579617,1.0199108483875143,0.9975845182711269,0.49775983861214135,-0.2183865245233615,0.06958008925691261,0.01929713981031306
0.0006709137099554115,1.0199121911445568,0.9976208989662745,0.4936958179943912,-0.21853369450214197,0.06993888115712368,0.019276430204618913
0.0006606934480075961,1.0199135139017603,0.9976567377889987,0.48962854548652807,-0.2186774671065955,0.07029733781562496,0.019255926509059162
0.0006506288748655577,1.0199148169504058,0.9976920426310398,0.4855580907861771,-0.21881790975373835,0.07065546225922473,0.019235627372824225
0.0006407176188675542,1.0199161005777249,0.9977268212744557,0.4814845222821714,-0.21895508866158228,0.07101325750247564,0.01921553143598518
0.0006309573444801935,1.0199173650669513,0.997761081392993,0.47740790707628866,-0.21908906886782079,0.07137072654730839,0.019195637330127677
0.0006213457517480764,1.0199186106973717,0.9977948305534459,0.4733283110046905,-0.21921991424829268,0.07172787238267925,0.019175943678968292
0.000611880575751822,1.0199198377443737,0.9978280762170011,0.4692457986590697,-0.21934768753522305,0.07208469798423067,0.01915644909895381
0.0006025595860743581,1.0199210464794963,0.997860825740572,0.46516043340750945,-0.21947245033524054,0.07244120631396427,0.01913715219984373
0.0005933805862753282,1.0199222371704786,0.9978930863781185,0.4610722774150497,-0.21959426314717112,0.07279740031992636,0.019118051585276425
0.0005843414133735176,1.0199234100813075,0.9979248652819537,0.4569813916639722,-0.21971318537960743,0.07315328293590487,0.019099145853319344
0.0005754399373371574,1.019924565472266,0.9979561695040393,0.4528878359737986,-0.2198292753682538,0.07350885708113761,0.019080433597003604
0.0005666740605819915,1.01992570359998,0.9979870059972676,0.4487916690209219,-0.2199425903930915,0.07386412566005593,0.01906191340484436
0.0005580417174769967,1.019926824717466,0.9980173816167358,0.44469294835778284,-0.22005318669547783,0.07421909156210706,0.019043583861346997
0.0005495408738576251,1.0199279290741767,0.9980473031209988,0.4405917304324519,-0.2201611194946446,0.07457375766138287,0.01902544354749105
0.0005411695265464635,1.0199290169160478,0.9980767771733131,0.43648807060731193,-0.22026644300424258,0.07492812681642028,0.019007491041208174
0.0005329257028812007,1.0199300884855422,0.9981058103428704,0.43238202317764546,-0.2203692104486383,0.07528220186998022,0.018989724917842836
0.0005248074602497727,1.0199311440216963,0.9981344091060153,0.4282736413899691,-0.22046947407898457,0.0756359856488312,0.018972143750599017
0.0005168128856326035,1.019932183760164,0.998162579847453,0.4241629774601022,-0.2205672851890783,0.07598948096354322,0.018954746110973593
0.0005089400951518093,1.0199332079332606,0.9981903288614433,0.42005008259096216,-0.22066269413100745,0.07634269060829277,0.01893753056917669
0.0005011872336272725,1.0199342167700065,0.9982176623529813,0.41593500699009506,-0.22075575033058822,0.076695617360678,0.01892049569453918
0.0004935524741394807,1.0199352104961708,0.998244586438967,0.4118177998869454,-0.22084650230259456,0.07704826398154398,0.018903640055907688
0.00048603401759902216,1.0199361893343135,0.9982711071493616,0.40769850954986486,-0.2209349976657806,0.07740063321481776,0.01888696222202728
0.00047863009232263865,1.0199371535038277,0.998297230428332,0.4035771833028653,-0.2210212831576987,0.07775272778735302,0.018870460761912115
0.00047133895361574065,1.019938103220982,0.9983229621353814,0.3994538675421209,-0.22110540464931375,0.07810455040878365,0.01885413424520436
0.0004641588833612784,1.0199390386989606,0.9983483080464706,0.3953286077522193,-0.22118740715941534,0.07845610377138648,0.01883798124252154
0.000457088189614875,1.0199399601479062,0.9983732738551235,0.39120144852216604,-0.2212673348688301,0.07880739054995249,0.018822000325792673
0.00045012520620613393,1.019940867774958,0.9983978651735235,0.38707243356115006,-0.22134523113443438,0.07915841340166627,0.018806190068583396
0.00044326829234600897,1.0199417617842932,0.9984220875335955,0.38294160571406366,-0.2214211385029703,0.07950917496599372,0.018790549046410317
0.000436515832240166,1.0199426423771667,0.9984459463880776,0.3788090069767923,-0.22149509872466527,0.07985967786457714,0.01877507583704493
0.000429866234708228,1.0199435097519494,0.9984694471115795,0.3746746785112677,-0.22156715276665784,0.08020992470113797,0.018759769020807268
0.0004233179328088211,1.0199443641041666,0.9984925950016295,0.3705386606602911,-0.22163734082623016,0.08055991806138667,0.018744627180849602
0.0004168693834703355,1.0199452056265375,0.9985153952797097,0.36640099296213374,-0.2217057023438495,0.08090966051293921,0.018729648903430415
0.0004105190671273083,1.019946034509012,0.9985378530922793,0.36226171416490993,-0.22177227601602,0.08125915460524032,0.018714832778178946
0.0004042654873623442,1.0199468509388079,0.9985599735117854,0.358120862240732,-0.22183709980794591,0.08160840286949295,0.018700177398350493
0.00039810717055349746,1.0199476551004485,0.9985817615376634,0.35397847439965063,-0.22190021096600843,0.08195740781859341,0.01868568136107284
0.00039204266552701533,1.0199484471757987,0.9986032220973248,0.3498345871033735,-0.2219616460300576,0.08230617194707313,0.018671343267583938
0.00038607054321538134,1.019949227344101,0.9986243600471342,0.34568923607840146,-0.22202144084557648,0.08265469773108766,0.018657161723460644
0.00038018939632056145,1.019949995782011,0.9986451801733754,0.3415424563294817,-0.22207963057559915,0.08300298762835659,0.018643135338837723
0.0003743978389823813,1.0199507526636336,0.9986656871932044,0.3373942821528366,-0.222136249712439,0.08335104407810427,0.01862926272862119
0.0003686945064519576,1.019951498160556,0.9986858857555918,0.3332447471488615,-0.2221913320892906,0.0836988695010448,0.018615542512692516
0.00036307805477010167,1.0199522324418835,0.9987057804422549,0.3290938842347718,-0.22224491089163748,0.08404646629935628,0.018601973316104706
0.0003575471604506216,1.0199529556742737,0.9987253757685777,0.3249417256570439,-0.222297018668488,0.08439383685666073,0.018588553769270832
0.0003521005201684521,1.0199536680219683,0.9987446761845203,0.3207883030036529,-0.22234768734344085,0.0847409835380094,0.018575282508145306
0.000346736850452532,1.0199543696468285,0.9987636860755177,0.3166336472161089,-0.22239694822558254,0.08508790868987355,0.0185621581743979
0.00034145488738336014,1.0199550607083658,0.9987824097633664,0.3124777886012937,-0.22244483202021795,0.0854346146401402,0.018549179415580812
0.00033625338629516286,1.0199557413637759,0.998800851507102,0.30832075684310706,-0.22249136883943685,0.08578110369811281,0.018536344885288845
0.00033113112148259154,1.0199564117679694,0.9988190155038646,0.30416258101391525,-0.2225365882125171,0.08612737815451706,0.018523653243312916
0.00032608688591189333,1.0199570720736044,0.9988369058897547,0.30000328958581546,-0.22258051909616733,0.08647344028151077,0.01851110315578701
0.0003211194909364825,1.0199577224311172,0.9988545267406778,0.2958429104417141,-0.2226231898846104,0.0868192923326985,0.01849869329532878
0.0003162277660168384,1.019958362988753,0.9988718820731791,0.2916814708862189,-0.22266462841950968,0.08716493654315051,0.01848642234117392
0.00031141055844467606,1.0199589938925961,0.9988889758452677,0.2875189976563544,-0.22270486199974002,0.08751037512942553,0.018474288979304507
0.0003066667330713186,1.0199596152866013,0.9989058119572304,0.28335551693210237,-0.22274391739100524,0.08785561028959749,0.018462291902571433
0.0003019951720402016,1.019960227312622,0.9989223942524356,0.2791910543467624,-0.22278182083530396,0.08820064420328622,0.01845042981081109
0.00029739477452346075,1.0199608301104397,0.9989387265181269,0.2750256349971505,-0.22281859806024568,0.0885454790316913,0.018438701410956538
0.0002928644564625235,1.019961423817794,0.9989548124862072,0.27085928345362126,-0.2228542742882189,0.08889011691762967,0.018427105417143205
0.0002884031503126606,1.0199620085704104,0.9989706558340121,0.2666920237699342,-0.2228888742454132,0.08923455998557607,0.018415640550809367
0.0002840098047914217,1.0199625845020284,0.9989862601850746,0.262523879492951,-0.22292242217069716,0.08957881034170682,0.01840430554079153
0.0002796833846309076,1.019963151744429,0.9990016291098788,0.25835487367217935,-0.22295494182435383,0.08992287007394628,0.018393099123414882
0.00027542287033381673,1.0199637104274637,0.9990167661266052,0.25418502886916133,-0.22298645649667573,0.09026674125201582,0.018382020042578984
0.0002712272579332031,1.0199642606790802,0.9990316747018657,0.25001436716669845,-0.22301698901642164,0.09061042592748621,0.018371067049838805
0.00026709555875589845,1.0199648026253496,0.9990463582514301,0.2458429101775928,-0.22304656175915383,0.09095392613385618,0.01836023890448031
0.0002630267991895383,1.0199653363904928,0.9990608201409418,0.24167067905374814,-0.2230751966554104,0.0912972438865987,0.018349534373591693
0.0002590200204531327,1.0199658620969072,0.9990750636866256,0.23749769449501473,-0.22310291519875544,0.09164038118321471,0.018338952232131826
0.00025507427837113587,1.0199663798651915,0.999089092155986,0.23332397675767844,-0.2231297384537061,0.09198334000330542,0.018328491262993237
0.00025118864315095817,1.0199668898141716,0.9991029087684962,0.22914954566291565,-0.22315568706352318,0.09232612230863915,0.01831815025706101
0.0002473621991638624,1.019967392060926,0.9991165166962782,0.22497442060509582,-0.22318078125787472,0.09266873004322114,0.018307928013267756
0.00024359404472920274,1.0199678867208106,0.9991299190647746,0.22079862055994304,-0.22320504086037374,0.09301116513336544,0.018297823338644794
0.00023988329190194923,1.0199683739074819,0.9991431189534102,0.21662216409255483,-0.22322848529599223,0.09335342948776898,0.01828783504836957
0.00023622906626344654,1.019968853732923,0.9991561193962472,0.2124450693652757,-0.22325113359835258,0.0936955249975884,0.018277961965809473
0.0002326305067153627,1.0199693263074658,0.9991689233826291,0.2082673541454373,-0.22327300441689837,0.09403745353651842,0.01826820292256208
0.00022908676527677753,1.019969791739816,0.9991815338578189,0.2040890358129624,-0.22329411602394597,0.09437921696087236,0.018258556758491983
0.0002255970068843576,1.019970250137075,0.9991939537236266,0.19991013136783126,-0.22331448632161868,0.09472081710966491,0.018249022321764254
0.00022216040919558128,1.0199707016047634,0.9992061858390295,0.19573065743742415,-0.22333413284866505,0.09506225580469616,0.018239598468874657
0.00021877616239495513,1.0199711462468433,0.9992182330207843,0.19155063028372743,-0.22335307278716277,0.09540353485063785,0.018230284064676694
0.0002154434690031884,1.019971584165741,0.9992300980440304,0.18737006581042184,-0.2233713229691102,0.09574465603512083,0.018221077982405583
0.00021216154368926862,1.0199720154623688,0.9992417836428865,0.18318897956983954,-0.2233888998829066,0.09608562112882439,0.018211979103699275
0.00020892961308540387,1.0199724402361465,0.9992532925110372,0.179007386769805,-0.22340581967972323,0.09642643188556671,0.01820298631861657
0.000205746915604784,1.019972858585023,0.9992646273023136,0.17482530228035686,-0.2234220981797665,0.09676709004239667,0.018194098525652486
0.00020261270126211453,1.0199732706054971,0.9992757906312655,0.17064274064034962,-0.22343775087843515,0.09710759731968716,0.018185314631750885
0.00019952623149688793,1.0199736763926395,0.999286785073725,0.166459716063945,-0.22345279295237275,0.09744795542122911,0.01817663355231455
0.00019648677899934683,1.0199740760401113,0.9992976131673648,0.16227624244699246,-0.22346723926541748,0.09778816603432675,0.01816805421121274
0.00019349362753909546,1.019974469640186,0.9993082774122456,0.15809233337329595,-0.22348110437445048,0.0981282308298938,0.018159575540786354
0.0001905460717963247,1.0199748572837692,0.9993187802713599,0.15390800212077832,-0.2234944025351448,0.0984681514625505,0.018151196481850734
0.00018764341719560866,1.0199752390604175,0.9993291241711653,0.1497232616675198,-0.22350714770761623,0.09880792957072217,0.018142915983696283
0.00018478497974222933,1.0199756150583588,0.9993393115021122,0.14553812469740857,-0.22351935356197902,0.09914756677675356,0.0181347330040858
0.00018197008586099837,1.019975985364511,0.9993493446191636,0.1413526036062272,-0.22353103348379594,0.0994870646869965,0.018126646509250777
0.00017919807223753352,1.0199763500645016,0.9993592258423085,0.13716671050735607,-0.2235422005794468,0.09982642489191174,0.01811865547388584
0.00017646828566195028,1.0199767092426857,0.9993689574570682,0.1329804572373313,-0.2235528676813993,0.1001656489661743,0.018110758881140523
0.0001737800828749376,1.0199770629821643,0.9993785417149945,0.1287938553613618,-0.2235630473533873,0.10050473846877667,0.018102955722609143
0.00017113283041617796,1.0199774113648035,0.9993879808341629,0.12460691617874431,-0.2235727518955001,0.10084369494313267,0.018095244998318917
0.00016852590447507542,1.019977754471251,0.9993972769996575,0.12041965072817762,-0.22358199334918333,0.10118251991718218,0.01808762571671621
0.00016595869074375615,1.0199780923809552,0.9994064323640499,0.11623206979297587,-0.2235907835021531,0.10152121490349678,0.0180800968946511
0.00016343058427231366,1.0199784251721815,0.9994154490478718,0.11204418390619529,-0.2235991338932248,0.10185978139938516,0.01807265755736025
0.0001609409893262535,1.0199787529220299,0.9994243291400805,0.10785600335565725,-0.2236070558170572,0.102198220887,0.01806530673844814
0.00015848931924611147,1.0199790757064524,0.999433074698518,0.10366753818888194,-0.22361456032881377,0.10253653483344487,0.01805804347986674
0.00015607499630921107,1.019979393600269,0.9994416877503645,0.0994787982179329,-0.22362165824874214,0.10287472469088171,0.01805086683189366
0.0001536974515935272,1.0199797066771845,0.9994501702925842,0.09528979302417284,-0.22362836016667284,0.10321279189663854,0.01804377585310881
0.00015135612484362096,1.0199800150098048,0.9994585242923668,0.0911005319629283,-0.2236346764464389,0.10355073787331785,0.01803676961036967
0.00014905046433861957,1.019980318669653,0.9994667516875612,0.08691102416807324,-0.22364061723021728,0.10388856402890498,0.018029847178785165
0.00014677992676220703,1.0199806177271848,0.9994748543871036,0.08272127855652889,-0.2236461924427936,0.10422627175687676,0.018023007641688276
0.0001445439770745929,1.0199809122518044,0.9994828342714405,0.07853130383267781,-0.22365141179575118,0.10456386243631063,0.01801625009060734
0.00014234208838643416,1.0199812023118804,0.9994906931929446,0.07434110849270203,-0.22365628479158592,0.10490133743199356,0.018009573625236155
0.0001401737418346771,1.0199814879747595,0.9994984329763253,0.07015070082884309,-0.22366082072774793,0.10523869809453111,0.018002977353402984
0.00013803842646028865,1.019981769306783,0.9995060554190341,0.06596008893358121,-0.22366502870061156,0.10557594576045684,0.017996460391038378
0.0001359356390878526,1.0199820463733007,0.9995135622916634,0.06176928070374435,-0.22366891760937482,0.10591308175234129,0.017990021862142012
0.00013386488420699945,1.0199823192386854,0.9995209553383401,0.05757828384454412,-0.2236724961598894,0.10625010737890102,0.0179836608987485
0.0001318256738556409,1.0199825879663478,0.9995282362771135,0.053387105873536414,-0.2236757728684228,0.10658702393510777,0.017977376640892273
0.00012981752750498496,1.0199828526187502,0.9995354068003386,0.04919575412446458,-0.22367875606535295,0.10692383270229913,0.017971168236571418
0.00012783997194630228,1.01998311325742,0.9995424685750521,0.04500423575088687,-0.2236814538987912,0.10726053494829493,0.017965034841709998
0.00012589254117941693,1.0199833699429641,0.9995494232433452,0.040812557730153104,-0.22368387433814652,0.1075971319274974,0.01795897562012067
0.0001239747763028945,1.0199836227350825,0.9995562724227296,0.03662072686698277,-0.2236860251776259,0.10793362488100369,0.017952989743465958
0.00012208622540590706,1.0199838716925813,0.9995630177064995,0.032428749797052105,-0.22368791403966862,0.10827001503671527,0.01794707639121865
0.00012022644346174131,1.0199841168733854,0.9995696606640876,0.02823663299051799,-0.22368954837831853,0.10860630360944726,0.017941234750621444
0.00011839499222293027,1.0199843583345527,0.9995762028414162,0.024044382755477097,-0.22369093548253569,0.10894249180103759,0.017935464016645926
0.00011659144011798314,1.0199845961322855,0.9995826457612438,0.019852005241360313,-0.22369208247944844,0.10927858080045574,0.01792976339195088
0.00011481536214968831,1.0199848303219443,0.9995889909235057,0.015659506442262654,-0.2236929963375464,0.10961457178391139,0.01792413208683994
0.00011306633979496401,1.0199850609580594,0.9995952398056517,0.011466892200204942,-0.22369368386981572,0.10995046591496312,0.01791856931921866
0.00011134396090623613,1.0199852880943432,0.9996013938629765,0.007274168208337491,-0.22369415173681706,0.11028626434462657,0.017913074314550952
0.00010964781961431856,1.0199855117837027,0.9996074545289477,0.003081340014082376,-0.2236944064497076,0.11062196821148244,0.01790764630581502
0.00010797751623277109,1.0199857320782515,0.9996134232155275,-0.001111586977788577,-0.2236944543732078,0.1109575786417844,0.017902284533458716
0.00010633265716371613,1.0199859490293206,0.9996193013134904,-0.005304607502130292,-0.22369430172851393,0.11129309674956651,0.017896988245354444
0.00010471285480509003,1.0199861626874707,0.9996250901927367,-0.009497716430458387,-0.22369395459615687,0.1116285236367502,0.017891756696753545
0.00010311772745930567,1.019986373102504,0.9996307912026009,-0.013690908768043755,-0.22369341891880878,0.11196386039325137,0.017886589150240263
0.00010154689924330805,1.0199865803234742,0.9996364056721558,-0.017884179651057916,-0.22369270050403794,0.11229910809708668,0.0178814848756853
0.00010000000000000009,1.0199867843986985,0.9996419349105127,-0.022077524343772012,-0.22369180502701302,0.11263426781447947,0.01787644315019896
9.847666521101597e-05,1.0199869853757684,0.9996473802071167,-0.026270938235812766,-0.22369073803315742,0.11296934059996562,0.01787146325808394
9.697653591082497e-05,1.01998718330156,0.9996527428320381,-0.030464416839465353,-0.22368950494075496,0.11330432749649866,0.0178665444907878
9.549925860214353e-05,1.019987378222245,0.9996580240362594,-0.03465795578702674,-0.2236881110435073,0.11363922953555433,0.01786168614685512
9.404448517263534e-05,1.0199875701833014,0.9996632250519586,-0.03885155082820929,-0.22368656151304467,0.11397404773723491,0.01785688753187938
9.261187281287941e-05,1.019987759229523,0.9996683470927878,-0.0430451978275949,-0.22368486140139002,0.11430878311037314,0.01785214795845457
9.120108393559092e-05,1.0199879454050302,0.9996733913541486,-0.04723889276213903,-0.22368301564337795,0.11464343665263536,0.017847466746126604
8.981178609606946e-05,1.0199881287532797,0.999678359013462,-0.051432631718855,-0.22368102905902368,0.1149780093506283,0.017842843221344055
8.844365191386005e-05,1.0199883093170743,0.9996832512304364,-0.05562641089229687,-0.22367890635585364,0.11531250217999832,0.017838276717409285
8.709635899560804e-05,1.0199884871385732,0.9996880691473302,-0.05982022658222092,-0.22367665213119264,0.11564691610553368,0.017833766574429224
8.576958985908944e-05,1.0199886622593008,0.9996928138892114,-0.06401407519130012,-0.2236742708744061,0.11598125208126658,0.017829312139265845
8.446303185839694e-05,1.0199888347201564,0.999697486564213,-0.0682079532228682,-0.22367176696910032,0.11631551105057446,0.017824912765486558
8.317637711026709e-05,1.0199890045614237,0.9997020882637849,-0.07240185727870402,-0.22366914469528218,0.11664969394628041,0.01782056781331441
8.190932242152977e-05,1.0199891718227798,0.9997066200629424,-0.07659578405686,-0.22366640823147838,0.11698380169075323,0.017816276649578282
8.066156921766144e-05,1.0199893365433041,0.9997110830205101,-0.08078973034953789,-0.22366356165681497,0.11731783519600712,0.017812038647662884
7.943282347242815e-05,1.019989498761488,0.9997154781793639,-0.08498369304100231,-0.2236606089530579,0.11765179536380059,0.01780785318745873
7.822279563860032e-05,1.0199896585152417,0.9997198065666676,-0.08917766910553576,-0.22365755400661513,0.11798568308573482,0.01780371965531205
7.703120057972156e-05,1.0199898158419054,0.999724069194108,-0.09337165560543839,-0.22365440061050104,0.11831949924335171,0.017799637443974618
7.58577575029184e-05,1.019989970778256,0.9997282670581243,-0.09756564968906305,-0.22365115246626366,0.11865324470823123,0.017795605952553546
7.470218989273309e-05,1.019990123360516,0.999732401140137,-0.10175964858888958,-0.22364781318587554,0.11898692034208802,0.017791624586461097
7.356422544596425e-05,1.0199902736243622,0.9997364724067705,-0.10595364961963857,-0.22364438629358863,0.1193205269968676,0.01778769275736442
7.244359600749903e-05,1.0199904216049331,0.9997404818100748,-0.11014765017642487,-0.2236408752277543,0.11965406551484227,0.01778380988313534
7.134003750712557e-05,1.0199905673368372,0.9997444302877422,-0.11434164773293837,-0.22363728334260838,0.11998753672870562,0.01777997538780016
7.025328989730533e-05,1.0199907108541617,0.9997483187633224,-0.1185356398396686,-0.22363361391002268,0.12032094146166708,0.01777618870148947
6.918309709189369e-05,1.0199908521904788,0.9997521481464332,-0.12272962412216397,-0.22362987012122318,0.120654280527546,0.01777244926038802
6.81292069057961e-05,1.0199909913788545,0.9997559193329687,-0.12692359827931585,-0.22362605508847544,0.12098755473086417,0.017768756506684674
6.709137099554113e-05,1.0199911284518561,0.9997596332053047,-0.13111756008168468,-0.2236221718467383,0.1213207648669387,0.017765109888522385
6.606934480075966e-05,1.0199912634415589,0.9997632906325005,-0.1353115073698552,-0.22361822335528603,0.12165391172197376,0.01776150885994833
6.50628874865557e-05,1.0199913963795544,0.9997668924704977,-0.139505438052869,-0.2236142124992987,0.12198699607315268,0.01775795288086398
6.40717618867554e-05,1.0199915272969573,0.9997704395623167,-0.14369935010663612,-0.22361014209141936,0.12232001868872831,0.017754441416975287
6.309573444801939e-05,1.0199916562244122,0.9997739327382503,-0.14789324157236552,-0.2236060148732878,0.12265298032811281,0.01775097393974317
6.213457517480756e-05,1.019991783192101,0.9997773728160535,-0.1520871105550758,-0.22360183351704138,0.12298588174196726,0.017747549926334
6.118805757518224e-05,1.0199919082297504,0.9997807606011317,-0.1562809552221104,-0.2235976006267866,0.12331872367229041,0.017744168859570173
6.0255958607435847e-05,1.019992031366637,0.9997840968867255,-0.16047477380168804,-0.2235933187400423,0.12365150685250709,0.01774083022788084
5.93380586275328e-05,1.0199921526315963,0.9997873824540925,-0.16466856458147838,-0.22358899032915527,0.12398423200755558,0.017737533525252785
5.8434141337351805e-05,1.0199922720530272,0.9997906180726872,-0.16886232590720748,-0.22358461780268898,0.1243168998539744,0.017734278251181464
5.754399373371577e-05,1.0199923896589,0.9997938045003377,-0.17305605618129616,-0.22358020350678492,0.12464951109998884,0.0177310639106222
5.666740605819914e-05,1.0199925054767625,0.99979694248342,-0.17724975386152222,-0.22357574972649835,0.12498206644559642,0.017727890013941552
5.58041717476996e-05,1.0199926195337456,0.9998000327570297,-0.18144341745971101,-0.22357125868710762,0.12531456658265186,0.01772475607686885
5.495408738576254e-05,1.0199927318565707,0.9998030760451511,-0.18563704554045407,-0.2235667325553983,0.12564701219495136,0.017721661620447922
5.4116952654646394e-05,1.0199928424715545,0.9998060730608239,-0.18983063671985745,-0.2235621734409224,0.12597940395831672,0.017718606170989006
5.329257028812001e-05,1.0199929514046167,0.9998090245063073,-0.1940241896643064,-0.22355758339723275,0.12631174254067776,0.017715589260020842
5.2480746024977355e-05,1.0199930586812844,0.9998119310732421,-0.19821770308926434,-0.22355296442309347,0.1266440286021551,0.01771261042424299
5.1681288563260386e-05,1.0199931643266988,0.9998147934428094,-0.20241117575809595,-0.22354831846366685,0.12697626279514204,0.017709669205478312
5.089400951518088e-05,1.0199932683656214,0.9998176122858885,-0.20660460648090617,-0.22354364741167662,0.12730844576438533,0.017706765150625716
5.011872336272724e-05,1.0199933708224382,0.9998203882632108,-0.2107979941134114,-0.22353895310854893,0.1276405781470657,0.017703897811613068
4.9355247413948105e-05,1.0199934717211672,0.9998231220255129,-0.214991337555831,-0.2235342373455305,0.12797266057287798,0.017701066745350363
4.8603401759902163e-05,1.0199935710854624,0.9998258142136859,-0.21918463575179914,-0.22352950186478507,0.12830469366410982,0.017698271513683108
4.786300923226385e-05,1.0199936689386202,0.9998284654589241,-0.2233778876872985,-0.22352474836046854,0.1286366780357204,0.017695511683345946
4.71338953615741e-05,1.0199937653035847,0.9998310763828705,-0.22757109238961865,-0.2235199784797827,0.12896861429541817,0.01769278682591652
4.6415888336127784e-05,1.0199938602029524,0.9998336475977603,-0.23176424892633124,-0.22351519382400858,0.12930050304373816,0.017690096517769587
4.570881896148753e-05,1.0199939536589777,0.9998361797065624,-0.23595735640428445,-0.22351039594951966,0.1296323448741182,0.017687440340031373
4.501252062061342e-05,1.0199940456935785,0.9998386733031188,-0.2401504139686219,-0.22350558636877527,0.12996414037297505,0.017684817878534216
4.432682923460089e-05,1.0199941363283407,0.999841128972282,-0.24434342080189672,-0.22350076655129175,0.1302958901197803,0.017682228723771305
4.3651583224016634e-05,1.0199942255845236,0.9998435472900494,-0.24853637612310198,-0.2234959379245928,0.1306275946871349,0.017679672470851716
4.298662347082283e-05,1.0199943134830642,0.9998459288236979,-0.2527292791867054,-0.2234911018751492,0.1309592546408425,0.017677148719455946
4.2331793280882096e-05,1.0199944000445829,0.9998482741319139,-0.2569221292817895,-0.22348625974929487,0.1312908705399831,0.017674657073791514
4.1686938347033504e-05,1.0199944852893876,0.9998505837649234,-0.26111492573116957,-0.22348141285412404,0.13162244293698586,0.017672197142548838
4.1051906712730854e-05,1.0199945692374788,0.9998528582646194,-0.26530766789053295,-0.2234765624583708,0.1319539723777011,0.017669768538857385
4.042654873623445e-05,1.0199946519085539,0.9998550981646868,-0.26950035514759907,-0.22347170979327138,0.132285459401472,0.017667370880242114
3.98107170553497e-05,1.0199947333220118,0.9998573039907263,-0.27369298692128924,-0.22346685605340927,0.13261690454120514,0.017665003788580165
3.920426655270153e-05,1.0199948134969579,0.9998594762603762,-0.2778855626609233,-0.22346200239754344,0.13294830832344082,0.017662666890057858
3.860705432153816e-05,1.0199948924522078,0.9998616154834324,-0.2820780818454309,-0.22345714994942015,0.13327967126842274,0.017660359815127962
3.80189396320561e-05,1.019994970206292,0.9998637221619667,-0.2862705439825789,-0.22345229979856832,0.1336109938901669,0.017658082198467227
3.743978389823812e-05,1.0199950467774608,0.9998657967904426,-0.2904629486082146,-0.22344745300107918,0.13394227669652978,0.017655833678934234
3.686945064519579e-05,1.0199951221836872,0.9998678398558308,-0.29465529528553014,-0.2234426105803699,0.1342735201892763,0.017653613899527507
3.6307805477010126e-05,1.0199951964426721,0.9998698518377217,-0.2988475836043382,-0.22343777352793207,0.13460472486414682,0.017651422507343896
3.575471604506215e-05,1.0199952695718484,0.9998718332084368,-0.30303981318036405,-0.2234329428040647,0.13493589121092356,0.017649259153537284
3.5210052016845235e-05,1.019995341588384,0.999873784433138,-0.3072319836545562,-0.22342811933859275,0.1352670197134966,0.01764712349327756
3.467368504525316e-05,1.0199954125091875,0.9998757059699364,-0.31142409469240884,-0.22342330403157068,0.13559811084992915,0.017645015185709868
3.4145488738336036e-05,1.0199954823509103,0.9998775982699978,-0.3156161459832977,-0.223418497753972,0.13592916509252195,0.017642933893914185
3.362533862951631e-05,1.0199955511299519,0.9998794617776479,-0.31980813723983514,-0.2234137013483644,0.1362601829078778,0.01764087928486515
3.311311214825912e-05,1.019995618862463,0.9998812969304754,-0.32400006819723437,-0.2234089156295717,0.13659116475696467,0.017638851029392215
3.2608688591189355e-05,1.0199956855643497,0.999883104159434,-0.32819193861268703,-0.2234041413853216,0.1369221110951786,0.01763684880214007
3.2111949093648275e-05,1.019995751251276,0.9998848838889418,-0.33238374826475825,-0.2233993793768808,0.13725302237240605,0.017634872281529386
3.16227766016838e-05,1.0199958159386695,0.9998866365369806,-0.33657549695279,-0.22339463033967688,0.13758389903308565,0.017632921149717824
3.114105584446757e-05,1.0199958796417228,0.999888362515193,-0.3407671844963167,-0.2233898949839077,0.13791474151626903,0.01763099509256139
3.066667330713188e-05,1.0199959423753988,0.9998900622289779,-0.34495881073449525,-0.2233851739951383,0.1382455502556815,0.017629093799576032
3.019951720402018e-05,1.019996004154433,0.999891736077585,-0.34915037552554806,-0.2233804680348858,0.13857632567978204,0.01762721696389958
2.9739477452346042e-05,1.0199960649933377,0.9998933844542075,-0.35334187874620904,-0.22337577774119236,0.13890706821182236,0.017625364282253975
2.9286445646252367e-05,1.0199961249064047,0.9998950077460742,-0.3575333202911904,-0.22337110372918684,0.13923777826990572,0.0176235354549078
2.884031503126608e-05,1.0199961839077092,0.9998966063345387,-0.36172470007276286,-0.22336644659163027,0.13956845626704573,0.01762173018563897
2.8400980479142137e-05,1.0199962420111128,0.9998981805951684,-0.3659160180201786,-0.22336180689945137,0.13989910261122365,0.01761994818169784
2.7968338463090776e-05,1.019996299230267,0.9998997308978322,-0.3701072740791302,-0.2233571852022787,0.1402297177054452,0.01761818915377071
2.754228703338169e-05,1.0199963555786153,0.9999012576067867,-0.37429846821131113,-0.22335258202895575,0.1405603019477973,0.017616452815943515
2.7122725793320276e-05,1.0199964110693984,0.9999027610807608,-0.3784896003939388,-0.22334799788804513,0.14089085573150392,0.017614738885665795
2.670955587558986e-05,1.0199964657156553,0.9999042416730396,-0.3826806706192879,-0.22334343326832265,0.14122137944498148,0.017613047083714993
2.6302679918953848e-05,1.0199965195302272,0.9999056997315462,-0.38687167889423957,-0.22333888863926107,0.1415518734718938,0.017611377134161027
2.590200204531324e-05,1.0199965725257607,0.9999071355989231,-0.39106262523983637,-0.22333436445150406,0.14188233819120646,0.017609728764331183
2.5507427837113605e-05,1.0199966247147099,0.999908549612612,-0.395253509690848,-0.22332986113733003,0.1422127739772403,0.01760810170477529
2.5118864315095835e-05,1.0199966761093402,0.9999099421049324,-0.399444332295351,-0.22332537911110661,0.14254318119972506,0.0176064956892312
2.4736219916386217e-05,1.0199967267217311,0.9999113134031593,-0.4036350931143145,-0.22332091876973548,0.14287356022385175,0.017604910454590537
2.4359404472920287e-05,1.019996776563778,0.999912663829599,-0.4078257922211954,-0.2233164804930877,0.14320391141032485,0.017603345740864786
2.398832919019494e-05,1.0199968256471965,0.9999139937016648,-0.41201642970154745,-0.2233120646444302,0.14353423511541416,0.01760180129115163
2.3622906626344625e-05,1.019996873983524,0.9999153033319508,-0.41620700565263513,-0.22330767157084316,0.1438645316910057,0.0176002768516016
2.3263050671536243e-05,1.019996921584122,0.9999165930283049,-0.4203975201830572,-0.22330330160362816,0.14419480148465225,0.017598772171385016
2.290867652767777e-05,1.0199969684601808,0.9999178630939007,-0.42458797341237997,-0.22329895505870825,0.14452504483962356,0.017597287002659206
2.2559700688435776e-05,1.01999701462272,0.9999191138273081,-0.4287783654707831,-0.22329463223701915,0.14485526209495608,0.017595821100536032
2.2216040919558105e-05,1.0199970600825918,0.9999203455225631,-0.43296869649870307,-0.22329033342489196,0.14518545358550153,0.017594374223049682
2.187761623949553e-05,1.019997104850484,0.9999215584692364,-0.4371589666464953,-0.22328605889442815,0.14551561964197574,0.017592946131124772
2.1544346900318854e-05,1.0199971489369215,0.9999227529525008,-0.4413491760741004,-0.223281808903866,0.14584576059100685,0.0175915365885447
2.1216154368926836e-05,1.0199971923522702,0.9999239292531981,-0.4455393249507168,-0.2232775836979396,0.14617587675518254,0.017590145361920332
2.0892961308540402e-05,1.0199972351067377,0.9999250876479046,-0.44972941345448064,-0.22327338350822978,0.14650596845309724,0.01758877222065893
2.0574691560478415e-05,1.0199972772103771,0.9999262284089955,-0.4539194417721568,-0.22326920855350782,0.1468360359993987,0.017587416936933383
2.026127012621143e-05,1.0199973186730886,0.9999273518047088,-0.4581094100988328,-0.22326505904007157,0.14716607970483414,0.017586079285651715
1.9952623149688807e-05,1.0199973595046221,0.9999284580992078,-0.4622993186376192,-0.22326093516207451,0.1474960998762956,0.017584759044426874
1.9648677899934696e-05,1.0199973997145793,0.9999295475526429,-0.4664891675993611,-0.22325683710184754,0.14782609681686548,0.0175834559935468
1.9349362753909522e-05,1.0199974393124158,0.9999306204212121,-0.47067895720235164,-0.22325276503021424,0.1481560708258609,0.017582169915944787
1.9054607179632484e-05,1.0199974783074444,0.9999316769572213,-0.4748686876720512,-0.22324871910679905,0.14848602219887785,0.01758090059717008
1.8764341719560877e-05,1.0199975167088353,0.9999327174091434,-0.4790583592408171,-0.2232446994803291,0.14881595122783522,0.017579647825358816
1.8478497974222914e-05,1.01999755452562,0.9999337420216756,-0.4832479721476345,-0.22324070628892956,0.14914585820101786,0.017578411391205164
1.819700858609985e-05,1.0199975917666928,0.999934751035798,-0.487437526637854,-0.22323673966041288,0.14947574340311937,0.017577191087932816
1.7919807223753365e-05,1.0199976284408125,0.9999357446888284,-0.4916270229630512,-0.2232327997125566,0.14980560711528376,0.017575986711266582
1.7646828566195008e-05,1.0199976645566051,0.9999367232144782,-0.4958164613807038,-0.22322888655337758,0.15013544961514827,0.017574798059404415
1.7378008287493744e-05,1.0199977001225657,0.9999376868429076,-0.5000058421539015,-0.22322500028140757,0.1504652711768846,0.017573624932989723
1.7113283041617837e-05,1.0199977351470597,0.999938635800779,-0.5041951655511638,-0.22322114098595636,0.1507950720712397,0.01757246713508387
1.6852590447507524e-05,1.019997769638326,0.9999395703113106,-0.5083844318462154,-0.22321730874736936,0.1511248525655765,0.01757132447113892
1.6595869074375598e-05,1.0199978036044777,0.9999404905943281,-0.5125736413177583,-0.22321350363727943,0.1514546129239137,0.017570196748970715
1.634305842723138e-05,1.019997837053505,0.9999413968663159,-0.5167627942492591,-0.2232097257188535,0.15178435340696572,0.01756908377873217
1.6094098932625362e-05,1.0199978699932768,0.9999422893404686,-0.5209518909287393,-0.22320597504703352,0.152114074272182,0.017567985372886837
1.584893192461113e-05,1.0199979024315418,0.9999431682267399,-0.5251409316485689,-0.22320225166877236,0.15244377577378565,0.01756690134618271
1.5607499630921117e-05,1.0199979343759316,0.9999440337318928,-0.529329916705265,-0.22319855562326438,0.15277345816281201,0.01756583151562634
1.5369745159352728e-05,1.019997965833961,0.9999448860595469,-0.5335188463993008,-0.22319488694217088,0.1531031216871466,0.01756477570045715
1.513561248436208e-05,1.0199979968130317,0.999945725410227,-0.5377077210349146,-0.22319124564984041,0.15343276659156277,0.01756373372212202
1.490504643386197e-05,1.0199980273204317,0.9999465519814091,-0.5418965409199236,-0.22318763176352452,0.15376239311775863,0.01756270540425016
1.4677992676220712e-05,1.019998057363339,0.999947365967568,-0.546085306365548,-0.22318404529358807,0.15409200150439412,0.017561690572628155
1.4454397707459275e-05,1.019998086948822,0.9999481675602212,-0.5502740176862344,-0.2231804862437153,0.15442159198712718,0.01756068905517535
1.4234208838643425e-05,1.0199981160838423,0.9999489569479754,-0.5544626751994841,-0.223176954611111,0.15475116479864962,0.017559700681919407
1.4017374183467719e-05,1.0199981447752546,0.9999497343165693,-0.558651279225691,-0.223173450386697,0.15508072016872287,0.017558725284972147
1.3803842646028852e-05,1.0199981730298104,0.999950499848918,-0.5628398300879782,-0.22316997355530432,0.15541025832421307,0.017557762698505636
1.3593563908785268e-05,1.0199982008541582,0.9999512537251556,-0.5670283281120402,-0.22316652409586096,0.15573977948912568,0.01755681275872848
1.3386488420699954e-05,1.019998228254845,0.999951996122677,-0.5712167736259921,-0.22316310198157502,0.15606928388464014,0.017555875303862403
1.3182567385564076e-05,1.019998255238319,0.9999527272161802,-0.5754051669602203,-0.22315970718011408,0.15639877172914368,0.01755495017411903
1.2981752750498481e-05,1.0199982818109299,0.9999534471777067,-0.5795935084472358,-0.22315633965378004,0.15672824323826506,0.017554037211676927
1.2783997194630258e-05,1.0199983079789305,0.9999541561766819,-0.5837817984215338,-0.2231529993596801,0.1570576986249076,0.01755313626065886
1.258925411794168e-05,1.0199983337484797,0.999954854379955,-0.5879700372194592,-0.22314968624989376,0.1573871380992826,0.01755224716710929
1.2397477630289437e-05,1.0199983591256412,0.9999555419518378,-0.5921582251790669,-0.2231464002716358,0.15771656186894126,0.017551369778972127
1.2208622540590713e-05,1.0199983841163878,0.9999562190541436,-0.5963463626399945,-0.22314314136741567,0.15804597013880717,0.017550503946068666
1.2022644346174139e-05,1.0199984087266007,0.9999568858462247,-0.6005344499433349,-0.2231399094751932,0.15837536311120815,0.01754964952007579
1.1839499222293016e-05,1.019998432962072,0.99995754248501,-0.6047224874315118,-0.2231367045285303,0.1587047409859077,0.01754880635450437
1.165914401179832e-05,1.0199984568285054,0.9999581891250419,-0.6089104754481556,-0.2231335264567397,0.15903410396013587,0.017547974304677933
1.148153621496884e-05,1.0199984803315183,0.9999588259185123,-0.6130984143379892,-0.2231303751850299,0.1593634522286205,0.017547153227711488
1.1306633979496388e-05,1.0199985034766423,0.9999594530152984,-0.6172863044467101,-0.22312725063464686,0.15969278598361727,0.01754634298249064
1.113439609062362e-05,1.019998526269325,0.9999600705629982,-0.6214741461208757,-0.22312415272301242,0.16002210541493994,0.017545543429650878
1.0964781961431864e-05,1.0199985487149312,0.9999606787069643,-0.6256619397077963,-0.2231210813638597,0.16035141070999023,0.01754475443155709
1.0797751623277098e-05,1.019998570818744,0.9999612775903389,-0.629849685555425,-0.22311803646736506,0.1606807020537872,0.017543975852283324
1.063326571637162e-05,1.0199985925859663,0.9999618673540872,-0.6340373840122947,-0.22311501794027586,0.16100997962899527,0.01754320755759269
1.0471285480509009e-05,1.0199986140217214,0.9999624481370294,-0.6382250354274999,-0.22311202568602928,0.16133924361595192,0.017542449414917522
1.0311772745930554e-05,1.0199986351310555,0.9999630200758743,-0.6424126401504262,-0.22310905960488153,0.16166849419269946,0.0175417012933398
1.0154689924330812e-05,1.0199986559189371,0.999963583305251,-0.646600198530732,-0.22310611959402765,0.16199773153501124,0.017540963063571703
1.0000000000000016e-05,1.0199986763902598,0.9999641379577412,-0.650787710918266,-0.2231032055477175,0.16232695581641948,0.01754023459793638
9.847666521101587e-06,1.0199986965498424,0.9999646841639093,-0.6549751776629781,-0.223100317357369,0.16265616720824275,0.01753951577034895
9.697653591082486e-06,1.0199987164024307,0.9999652220523336,-0.6591625991148333,-0.2230974549116787,0.16298536587961296,0.0175388064562977
9.549925860214376e-06,1.0199987359526979,0.9999657517496368,-0.6633499756237298,-0.22309461809673004,0.1633145519975022,0.017538106532825483
9.404448517263523e-06,1.0199987552052465,0.9999662733805146,-0.6675373075394226,-0.22309180679609844,0.16364372572674957,0.017537415878511306
9.26118728128793e-06,1.0199987741646088,0.9999667870677662,-0.6717245952114405,-0.22308902089095436,0.16397288723008696,0.017536734373452136
9.1201083935591e-06,1.019998792835248,0.9999672929323222,-0.6759118389890142,-0.2230862602601635,0.16430203666816512,0.01753606189924489
8.981178609606952e-06,1.0199988112215597,0.9999677910932735,-0.6800990392210052,-0.2230835247803848,0.16463117419957937,0.017535398338968604
8.844365191385994e-06,1.0199988293278726,0.9999682816678991,-0.6842861962558348,-0.22308081432616556,0.16496029998089487,0.01753474357716684
8.709635899560809e-06,1.019998847158449,0.9999687647716934,-0.6884733104414144,-0.22307812877003488,0.16528941416667134,0.01753409749983023
8.57695898590895e-06,1.0199988647174871,0.9999692405183939,-0.6926603821250839,-0.22307546798259414,0.16561851690948817,0.01753345999437925
8.446303185839685e-06,1.0199988820091208,0.9999697090200074,-0.6968474116535461,-0.22307283183260546,0.16594760835996863,0.017532830949647152
8.317637711026714e-06,1.0199988990374214,0.9999701703868363,-0.7010343993728056,-0.2230702201870779,0.16627668866680395,0.017532210255863122
8.190932242152983e-06,1.0199989158063976,0.9999706247275051,-0.7052213456281111,-0.22306763291135137,0.16660575797677732,0.01753159780463557
8.066156921766134e-06,1.0199989323199978,0.9999710721489851,-0.7094082507638982,-0.2230650698691785,0.16693481643478741,0.017530993488935644
7.943282347242822e-06,1.0199989485821102,0.99997151275662,-0.7135951151237322,-0.22306253092280437,0.16726386418387157,0.017530397203080923
7.822279563860037e-06,1.0199989645965633,0.9999719466541507,-0.7177819390502582,-0.22306001593304392,0.16759290136522906,0.017529808842719253
7.703120057972148e-06,1.019998980367128,0.9999723739437394,-0.7219687228851484,-0.2230575247593578,0.16792192811824364,0.01752922830481281
7.585775750291831e-06,1.0199989958975177,0.9999727947259935,-0.7261554669690511,-0.2230550572599258,0.1682509445805061,0.01752865548762231
7.4702189892733285e-06,1.019999011191389,0.9999732090999899,-0.7303421716415435,-0.2230526132917186,0.16857995088783642,0.017528090290691394
7.356422544596417e-06,1.019999026252343,0.9999736171632974,-0.7345288372410892,-0.22305019271056742,0.1689089471743061,0.0175275326148312
7.244359600749896e-06,1.0199990410839261,0.9999740190120001,-0.7387154641049871,-0.22304779537123212,0.16923793357225936,0.017526982362105082
7.134003750712574e-06,1.0199990556896306,0.9999744147407201,-0.7429020525693314,-0.22304542112746711,0.16956691021233491,0.01752643943581355
7.025328989730526e-06,1.0199990700728954,0.9999748044426393,-0.7470886029689726,-0.2230430698320858,0.16989587722348728,0.01752590374047931
6.918309709189362e-06,1.0199990842371078,0.9999751882095216,-0.7512751156374718,-0.22304074133702326,0.17022483473300754,0.017525375181832517
6.812920690579614e-06,1.019999098185603,0.9999755661317342,-0.7554615909070642,-0.22303843549339702,0.17055378286654405,0.017524853666796188
6.709137099554118e-06,1.0199991119216654,0.9999759382982691,-0.7596480291086226,-0.2230361521515665,0.17088272174812322,0.017524339103471762
6.6069344800759585e-06,1.0199991254485297,0.999976304796764,-0.7638344305716193,-0.22303389116119068,0.1712116515001696,0.017523831401124824
6.506288748655574e-06,1.0199991387693812,0.9999766657135227,-0.7680207956240892,-0.22303165237128433,0.17154057224352584,0.017523330470171013
6.407176188675544e-06,1.0199991518873566,0.9999770211335355,-0.7722071245925988,-0.22302943563027258,0.1718694840974727,0.017522836222162056
6.309573444801932e-06,1.0199991648055453,0.999977371140499,-0.7763934178022105,-0.22302724078604427,0.17219838717974856,0.017522348569771983
6.2134575174807605e-06,1.019999177526989,0.9999777158168364,-0.7805796755764497,-0.22302506768600372,0.17252728160656863,0.017521867426783477
6.118805757518227e-06,1.019999190054684,0.9999780552437161,-0.7847658982372752,-0.22302291617712106,0.17285616749264437,0.017521392708074398
6.025595860743578e-06,1.0199992023915803,0.9999783895010714,-0.7889520861050474,-0.22302078610598153,0.17318504495120235,0.017520924329604445
5.933805862753284e-06,1.019999214540583,0.9999787186676191,-0.7931382394985071,-0.2230186773188328,0.1735139140940024,0.01752046220840197
5.843414133735184e-06,1.0199992265045532,0.9999790428208772,-0.7973243587348668,-0.2230165896616252,0.17384277503135206,0.017520006262550975
5.754399373371571e-06,1.0199992382863088,0.9999793620371841,-0.8015104441296356,-0.22301452298005944,0.17417162787213053,0.017519556411178288
5.666740605819908e-06,1.019999249888624,0.9999796763917159,-0.8056964959966129,-0.22301247711963318,0.17450047272380556,0.01751911257444073
5.580417174769974e-06,1.0199992613142315,0.9999799859585048,-0.8098825146478955,-0.2230104519256819,0.17482930969245014,0.01751867467351255
5.4954087385762485e-06,1.0199992725658218,0.999980290810456,-0.8140685003938588,-0.2230084472434197,0.17515813888276027,0.017518242630572972
5.4116952654646334e-06,1.0199992836460452,0.9999805910193651,-0.8182544535431301,-0.22300646291797882,0.17548696039807196,0.017517816368793897
5.3292570288120136e-06,1.019999294557511,0.9999808866559349,-0.822440374402573,-0.22300449879444773,0.17581577434037854,0.017517395812327745
5.24807460249773e-06,1.0199993053027887,0.9999811777897918,-0.826626263277271,-0.22300255471790847,0.17614458081034784,0.01751698088629544
5.1681288563260325e-06,1.0199993158844094,0.9999814644895023,-0.8308121204705051,-0.2230006305334728,0.17647337990733852,0.017516571516774528
5.089400951518091e-06,1.0199993263048652,0.9999817468225894,-0.8349979462837409,-0.22299872608631713,0.1768021717294167,0.01751616763078742
5.0118723362727275e-06,1.0199993365666102,0.9999820248555481,-0.8391837410166131,-0.22299684122171662,0.17713095637337256,0.01751576915628979
4.935524741394805e-06,1.0199993466720614,0.9999822986538609,-0.8433695049669107,-0.22299497578507804,0.1774597339347361,0.01751537602215909
4.860340175990219e-06,1.0199993566235985,0.9999825682820137,-0.8475552384305621,-0.22299312962197182,0.17778850450779318,0.017514988158183215
4.7863009232263885e-06,1.0199993664235658,0.9999828338035107,-0.8517409417016253,-0.2229913025781629,0.17811726818560134,0.017514605495049275
4.713389536157405e-06,1.0199993760742712,0.9999830952808894,-0.8559266150722745,-0.22298949449964078,0.1784460250600053,0.01751422796433251
4.641588833612782e-06,1.0199993855779879,0.999983352775735,-0.8601122588327887,-0.22298770523264852,0.17877477522165203,0.017513855498485345
4.570881896148756e-06,1.019999394936954,0.9999836063486955,-0.8642978732715434,-0.2229859346237108,0.17910351876000635,0.017513488030826554
4.5012520620613374e-06,1.0199994041533742,0.9999838560594954,-0.8684834586750008,-0.22298418251966112,0.1794322557633656,0.01751312549553054
4.432682923460092e-06,1.019999413229419,0.99998410196695,-0.8726690153276991,-0.22298244876766807,0.1797609863188744,0.017512767827616793
4.365158322401666e-06,1.0199994221672262,0.9999843441289792,-0.8768545435122488,-0.22298073321526074,0.18008971051253947,0.017512414962939392
4.298662347082278e-06,1.019999430968901,0.9999845826026211,-0.8810400435093229,-0.22297903571035319,0.18041842842924385,0.017512066838176698
4.233179328088205e-06,1.0199994396365166,0.9999848174440458,-0.8852255155976501,-0.2229773561012682,0.1807471401527612,0.01751172339082114
4.168693834703361e-06,1.0199994481721146,0.9999850487085677,-0.88941096005401,-0.2229756942367602,0.18107584576576982,0.017511384559169098
4.1051906712730816e-06,1.0199994565777053,0.9999852764506595,-0.8935963771532305,-0.2229740499660372,0.1814045453498669,0.01751105028231097
4.04265487362344e-06,1.0199994648552688,0.9999855007239643,-0.8977817671681783,-0.22297242313878224,0.18173323898558172,0.017510720500121275
3.9810717055349725e-06,1.0199994730067548,0.9999857215813088,-0.9019671303697576,-0.22297081360517382,0.1820619267523895,0.017510395153248925
3.920426655270155e-06,1.019999481034083,0.9999859390747151,-0.9061524670269079,-0.22296922121590573,0.1823906087287249,0.017510074183107613
3.860705432153811e-06,1.0199994889391448,0.9999861532554134,-0.9103377774065993,-0.22296764582220613,0.1827192849919951,0.017509757531866274
3.801893963205613e-06,1.019999496723802,0.999986364173854,-0.9145230617738296,-0.22296608727585593,0.1830479556185929,0.0175094451424397
3.743978389823815e-06,1.0199995043898882,0.9999865718797191,-0.9187083203916242,-0.2229645454292064,0.1833766206839098,0.017509136958479245
3.686945064519575e-06,1.0199995119392091,0.999986776421934,-0.922893553521034,-0.22296302013519623,0.18370528026234859,0.01750883292436364
3.630780547701015e-06,1.0199995193735432,0.9999869778486798,-0.9270787614211323,-0.22296151124736796,0.18403393442733607,0.01750853298518993
3.575471604506217e-06,1.0199995266946416,0.9999871762074034,-0.931263944349017,-0.2229600186198836,0.18436258325133553,0.017508237086764494
3.5210052016845195e-06,1.0199995339042287,0.9999873715448295,-0.935449102559809,-0.22295854210753985,0.18469122680585925,0.0175079451755942
3.4673685045253185e-06,1.019999541004003,0.9999875639069715,-0.9396342363066501,-0.22295708156578267,0.18501986516148025,0.017507657198877632
3.414548873833606e-06,1.0199995479956367,0.9999877533391418,-0.9438193458407068,-0.22295563685072123,0.18534849838784487,0.017507373104496467
3.3625338629516273e-06,1.019999554880777,0.9999879398859632,-0.9480044314111689,-0.22295420781914127,0.18567712655368437,0.017507092841006888
3.3113112148259077e-06,1.0199995616610456,0.9999881235913791,-0.9521894932652487,-0.22295279432851814,0.18600574972682676,0.017506816357631162
3.260868859118938e-06,1.0199995683380396,0.9999883044986636,-0.9563745316481838,-0.22295139623702914,0.18633436797420844,0.017506543604249275
3.2111949093648238e-06,1.0199995749133322,0.999988482650432,-0.9605595468032397,-0.22295001340356532,0.186662981361886,0.0175062745313907
3.162277660168377e-06,1.019999581388472,0.999988658088651,-0.9647445389717074,-0.22294864568774314,0.18699158995504708,0.017506009090226215
3.1141055844467645e-06,1.0199995877649843,0.9999888308546481,-0.9689295083929053,-0.2229472929499152,0.18732019381802206,0.01750574723255987
3.0666673307131845e-06,1.0199995940443713,0.9999890009891218,-0.9731144553041962,-0.22294595505118048,0.1876487930142945,0.017505488910821012
3.0199517204020146e-06,1.0199996002281126,0.9999891685321504,-0.977299379941081,-0.2229446318533887,0.1879773876065054,0.01750523407805655
2.9739477452346115e-06,1.0199996063176644,0.9999893335232016,-0.9814842825370669,-0.22294332321915367,0.18830597765647372,0.017504982687923158
2.9286445646252387e-06,1.0199996123144612,0.9999894960011428,-0.9856691633237008,-0.2229420290118637,0.18863456322520503,0.017504734694679516
2.884031503126605e-06,1.019999618219916,0.999989656004249,-0.9898540225305895,-0.22294074909568926,0.1889631443729001,0.01750449005317873
2.840098047914221e-06,1.0199996240354199,0.999989813570213,-0.9940388603854075,-0.2229394833355906,0.1892917211589656,0.017504248718860846
2.7968338463090796e-06,1.0199996297623428,0.9999899687361531,-0.9982236771139048,-0.22293823159732531,0.18962029364202446,0.017504010647745472
2.754228703338166e-06,1.0199996354020338,0.9999901215386228,-1.0024084729399074,-0.22293699374745507,0.18994886187992566,0.01750377579642446
2.7122725793320344e-06,1.0199996409558216,0.9999902720136189,-1.0065932480853257,-0.22293576965335235,0.19027742592975433,0.0175035441220547
2.670955587558988e-06,1.0199996464250143,0.9999904201965899,-1.0107780027701634,-0.22293455918320668,0.190605985847842,0.01750331558235096
2.630267991895382e-06,1.0199996518109007,0.9999905661224447,-1.0149627372125183,-0.2229333622060304,0.19093454168977572,0.017503090135578884
2.590200204531321e-06,1.0199996571147494,0.9999907098255607,-1.0191474516285932,-0.22293217859166437,0.19126309351040807,0.017502867740547986
2.5507427837113623e-06,1.0199996623378098,0.9999908513397914,-1.023332146232701,-0.22293100821078282,0.19159164136386647,0.017502648356604793
2.5118864315095806e-06,1.0199996674813125,0.999990990698475,-1.027516821237275,-0.2229298509348985,0.1919201853035629,0.01750243194362605
2.473621991638619e-06,1.019999672546469,0.999991127934442,-1.0317014768528716,-0.222928706636367,0.19224872538220258,0.017502218462011995
2.4359404472920304e-06,1.019999677534473,0.9999912630800231,-1.0358861132881805,-0.22292757518839085,0.19257726165179345,0.017502007872679727
2.3988329190194914e-06,1.0199996824464994,0.9999913961670562,-1.0400707307500356,-0.22292645646502357,0.19290579416365533,0.01750180013705666
2.36229066263446e-06,1.0199996872837052,0.999991527226895,-1.0442553294434176,-0.22292535034117306,0.19323432296842843,0.017501595217074045
2.32630506715363e-06,1.01999969204723,0.9999916562904151,-1.0484399095714647,-0.22292425669260485,0.1935628481160823,0.017501393075160573
2.2908676527677743e-06,1.0199996967381963,0.9999917833880223,-1.0526244713354853,-0.222923175395945,0.19389136965592466,0.01750119367423606
2.255970068843575e-06,1.0199997013577091,0.9999919085496592,-1.0568090149349594,-0.22292210632868287,0.1942198876366097,0.01750099697770521
2.221604091955816e-06,1.0199997059068566,0.9999920318048127,-1.0609935405675517,-0.22292104936917334,0.19454840210614663,0.017500802949451437
2.1877616239495543e-06,1.0199997103867107,0.9999921531825202,-1.065178048429123,-0.222920004396639,0.19487691311190825,0.017500611553830793
2.154434690031883e-06,1.0199997147983269,0.9999922727113773,-1.0693625387137335,-0.22291897129117189,0.19520542070063876,0.01750042275566594
2.121615436892689e-06,1.0199997191427441,0.9999923904195438,-1.0735470116136563,-0.22291794993373512,0.19553392491846208,0.01750023652024022
2.0892961308540415e-06,1.019999723420986,0.9999925063347511,-1.0777314673193885,-0.22291694020616415,0.19586242581089022,0.01750005281329178
2.0574691560478393e-06,1.0199997276340609,0.9999926204843079,-1.0819159060196555,-0.2229159419911678,0.19619092342283068,0.01749987160100777
2.026127012621141e-06,1.019999731782961,0.9999927328951073,-1.0861003279014247,-0.22291495517232918,0.19651941779859447,0.017499692850018633
1.995262314968882e-06,1.0199997358686637,0.9999928435936325,-1.0902847331499137,-0.22291397963410614,0.196847908981904,0.01749951652739244
1.9648677899934675e-06,1.0199997398921319,0.9999929526059637,-1.0944691219486038,-0.2229130152618318,0.19717639701590067,0.017499342600629297
1.93493627539095e-06,1.0199997438543131,0.9999930599577839,-1.098653494479244,-0.2229120619417145,0.19750488194315224,0.01749917103765586
1.9054607179632498e-06,1.0199997477561413,0.9999931656743848,-1.1028378509218657,-0.2229111195608379,0.19783336380566036,0.01749900180681984
1.8764341719560856e-06,1.0199997515985353,0.999993269780673,-1.1070221914547929,-0.22291018800716064,0.1981618426448682,0.017498834876884656
1.8478497974222894e-06,1.0199997553824005,0.999993372301176,-1.1112065162546494,-0.22290926716951587,0.19849031850166726,0.01749867021702411
1.8197008586099862e-06,1.0199997591086285,0.9999934732600474,-1.1153908254963705,-0.22290835693761063,0.19881879141640485,0.01749850779681714
1.7919807223753344e-06,1.0199997627780972,0.999993572681073,-1.1195751193532169,-0.22290745720202498,0.19914726142889133,0.017498347586242614
1.764682856619499e-06,1.019999766391671,0.9999936705876766,-1.1237593979967784,-0.22290656785421106,0.19947572857840665,0.017498189555674237
1.7378008287493785e-06,1.0199997699502013,0.999993767002925,-1.1279436615969887,-0.22290568878649186,0.19980419290370768,0.017498033675875477
1.7113283041617818e-06,1.0199997734545263,0.9999938619495339,-1.1321279103221369,-0.22290481989205987,0.2001326544430351,0.01749787991799456
1.6852590447507506e-06,1.019999776905472,0.9999939554498727,-1.1363121443388733,-0.22290396106497568,0.20046111323411986,0.01749772825355956
1.6595869074375639e-06,1.0199997803038512,0.9999940475259705,-1.1404963638122219,-0.22290311220016626,0.20078956931418995,0.01749757865447349
1.634305842723139e-06,1.0199997836504646,0.9999941381995207,-1.1446805689055946,-0.22290227319342323,0.20111802271997742,0.017497431093009518
1.6094098932625343e-06,1.0199997869461008,0.9999942274918863,-1.1488647597807944,-0.22290144394140102,0.2014464734877244,0.01749728554180618
1.5848931924611168e-06,1.0199997901915363,0.9999943154241049,-1.1530489365980297,-0.22290062434161473,0.20177492165318978,0.017497141973862713
1.5607499630921127e-06,1.0199997933875355,0.999994402016894,-1.1572330995159261,-0.22289981429243808,0.20210336725165584,0.017497000362534383
1.5369745159352712e-06,1.0199997965348515,0.9999944872906554,-1.1614172486915326,-0.2228990136931012,0.20243181031793417,0.017496860681527913
1.5135612484362063e-06,1.019999799634226,0.9999945712654803,-1.1656013842803334,-0.22289822244368812,0.20276025088637223,0.017496722904896962
1.4905046433861979e-06,1.019999802686389,0.999994653961154,-1.1697855064362574,-0.22289744044513457,0.20308868899085936,0.017496587007037625
1.4677992676220696e-06,1.0199998056920598,0.9999947353971604,-1.1739696153116963,-0.2228966675992249,0.20341712466483267,0.01749645296268404
1.445439770745926e-06,1.0199998086519464,0.9999948155926867,-1.17815371105758,-0.2228959038085855,0.20374555794127436,0.017496320746904208
1.4234208838643436e-06,1.0199998115667464,0.999994894566627,-1.1823377938232977,-0.22289514897668472,0.2040739888527292,0.017496190335095613
1.4017374183467703e-06,1.0199998144371463,0.9999949723375885,-1.1865218637567196,-0.22289440300783142,0.2044024174313092,0.017496061702980847
1.3803842646028836e-06,1.0199998172638223,0.9999950489238947,-1.1907059210042206,-0.2228936658071709,0.20473084370869646,0.017495934826603454
1.3593563908785278e-06,1.0199998200474407,0.9999951243435901,-1.1948899657106946,-0.22289293728068163,0.20505926771614905,0.017495809682323775
1.3386488420699938e-06,1.0199998227886575,0.9999951986144444,-1.1990739980195688,-0.22289221733517167,0.20538768948450686,0.017495686246814874
1.3182567385564061e-06,1.019999825488118,0.9999952717539567,-1.2032580180728083,-0.22289150587827533,0.2057161090441968,0.0174955644970585
1.2981752750498514e-06,1.0199998281464586,0.9999953437793597,-1.2074420260109306,-0.22289080281844958,0.20604452642523824,0.017495444410341107
1.2783997194630245e-06,1.0199998307643057,0.9999954147076235,-1.2116260219730195,-0.22289010806497023,0.20637294165724876,0.017495325964249898
1.2589254117941665e-06,1.019999833342276,0.9999954845554597,-1.21581000609673,-0.22288942152792837,0.20670135476944893,0.017495209136668965
1.2397477630289466e-06,1.0199998358809768,0.9999955533393254,-1.2199939785183027,-0.22288874311822654,0.20702976579066787,0.017495093905775423
1.2208622540590722e-06,1.0199998383810063,0.9999956210754273,-1.2241779393725771,-0.22288807274757483,0.20735817474934848,0.017494980250035628
1.2022644346174125e-06,1.0199998408429536,0.9999956877797248,-1.2283618887929983,-0.22288741032848697,0.20768658167355222,0.017494868148201434
1.1839499222293044e-06,1.0199998432673987,0.9999957534679345,-1.2325458269116294,-0.22288675577427633,0.2080149865909643,0.017494757579306488
1.165914401179833e-06,1.0199998456549129,0.9999958181555334,-1.236729753859166,-0.22288610899905187,0.20834338952889883,0.017494648522662578
1.1481536214968827e-06,1.0199998480060588,0.9999958818577632,-1.240913669764942,-0.22288546991771405,0.20867179051430335,0.017494540957856027
1.1306633979496376e-06,1.0199998503213903,0.9999959445896329,-1.2450975747569444,-0.22288483844595058,0.20900018957376384,0.017494434864744123
1.1134396090623628e-06,1.0199998526014529,0.9999960063659235,-1.2492814689618212,-0.22288421450023232,0.20932858673350946,0.01749433022345162
1.096478196143185e-06,1.0199998548467837,0.99999606720119,-1.2534653525048984,-0.22288359799780888,0.20965698201941746,0.017494227014367238
1.0797751623277085e-06,1.0199998570579119,0.9999961271097668,-1.2576492255101837,-0.22288298885670438,0.20998537545701737,0.01749412521814026
1.0633265716371627e-06,1.0199998592353585,0.999996186105769,-1.26183308810038,-0.22288238699571297,0.21031376707149585,0.017494024815677113
1.0471285480508998e-06,1.0199998613796366,0.9999962442030973,-1.2660169403969015,-0.22288179233439454,0.2106421568877014,0.017493925788138062
1.0311772745930543e-06,1.0199998634912513,0.9999963014154404,-1.270200782519876,-0.22288120479307014,0.21097054493014836,0.01749382811693388
1.0154689924330818e-06,1.0199998655707,0.9999963577562787,-1.2743846145881612,-0.22288062429281746,0.2112989312230215,0.01749373178372259
1.0000000000000004e-06,1.0199998676184732,0.9999964132388872,-1.278568436719357,-0.22288005075546638,0.21162731579018076,0.01749363677040626
9.847666521101575e-07,1.0199998696350527,0.9999964678763386,-1.2827522490298109,-0.22287948410359432,0.21195569865516478,0.01749354305912782
9.69765359108251e-07,1.0199998716209142,0.9999965216815065,-1.2869360516346318,-0.22287892426052155,0.21228407984119568,0.01749345063226792
9.549925860214367e-07,1.0199998735765252,0.9999965746670689,-1.291119844647704,-0.22287837115030662,0.21261245937118317,0.017493359472441822
9.404448517263513e-07,1.0199998755023467,0.9999966268455099,-1.2953036281816912,-0.22287782469774164,0.21294083726772842,0.01749326956249637
9.261187281287954e-07,1.0199998773988324,0.9999966782291242,-1.2994874023480518,-0.22287728482834748,0.21326921355312833,0.017493180885506943
9.120108393559105e-07,1.0199998792664293,0.9999967288300187,-1.3036711672570502,-0.2228767514683692,0.21359758824937963,0.017493093424774488
8.981178609606943e-07,1.0199998811055773,0.9999967786601162,-1.3078549230177636,-0.22287622454477102,0.21392596137818257,0.01749300716382257
8.844365191386016e-07,1.0199998829167096,0.9999968277311577,-1.3120386697380941,-0.2228757039852317,0.21425433296094498,0.017492922086394476
8.709635899560815e-07,1.0199998847002534,0.9999968760547058,-1.3162224075247833,-0.22287518971813974,0.21458270301878632,0.017492838176450327
8.57695898590894e-07,1.0199998864566286,0.9999969236421463,-1.3204061364834154,-0.22287468167258837,0.21491107157254116,0.01749275541816427
8.446303185839675e-07,1.019999888186249,0.9999969705046922,-1.3245898567184327,-0.2228741797783708,0.21523943864276315,0.017492673795921655
8.31763771102672e-07,1.0199998898895224,0.9999970166533853,-1.3287735683331439,-0.22287368396597532,0.21556780424972866,0.0174925932943163
8.190932242152974e-07,1.0199998915668498,0.9999970620990992,-1.3329572714297373,-0.22287319416658044,0.21589616841344073,0.017492513898147752
8.066156921766126e-07,1.0199998932186267,0.9999971068525424,-1.3371409661092863,-0.22287271031204994,0.21622453115363227,0.017492435592418587
7.943282347242826e-07,1.0199998948452422,0.9999971509242598,-1.3413246524717617,-0.222872232334928,0.21655289248976992,0.01749235836233177
7.822279563860028e-07,1.0199998964470796,0.9999971943246355,-1.3455083306160445,-0.22287176016843427,0.2168812524410577,0.01749228219328802
7.70312005797214e-07,1.0199998980245164,0.9999972370638961,-1.349692000639931,-0.22287129374645887,0.2172096110264402,0.017492207070883226
7.585775750291849e-07,1.019999899577924,0.9999972791521117,-1.3538756626401445,-0.22287083300355764,0.21753796826460634,0.01749213298090588
7.47021898927332e-07,1.0199999011076688,0.9999973205991995,-1.3580593167123487,-0.22287037787494704,0.21786632417399276,0.017492059909334563
7.356422544596409e-07,1.0199999026141109,0.9999973614149256,-1.3622429629511514,-0.22286992829649932,0.2181946787727871,0.01749198784233544
7.244359600749913e-07,1.0199999040976055,0.9999974016089069,-1.3664266014501167,-0.2228694842047376,0.21852303207893123,0.01749191676625981
7.134003750712567e-07,1.019999905558502,0.9999974411906144,-1.3706102323017781,-0.2228690455368309,0.21885138411012514,0.017491846667641652
7.025328989730518e-07,1.0199999069971448,0.9999974801693746,-1.374793855597642,-0.22286861223058924,0.21917973488382958,0.01749177753319524
6.918309709189379e-07,1.0199999084138727,0.9999975185543719,-1.378977471428199,-0.2228681842244588,0.21950808441726952,0.017491709349812777
6.812920690579619e-07,1.0199999098090196,0.9999975563546508,-1.3831610798829375,-0.22286776145751702,0.2198364327274377,0.01749164210456203
6.709137099554111e-07,1.0199999111829143,0.9999975935791184,-1.387344681050346,-0.22286734386946766,0.22016477983109728,0.017491575784684032
6.606934480075975e-07,1.0199999125358803,0.999997630236546,-1.391528275017926,-0.222866931400636,0.22049312574478536,0.017491510377590794
6.506288748655579e-07,1.0199999138682367,0.9999976663355711,-1.3957118618722026,-0.22286652399196394,0.2208214704848161,0.017491445870863036
6.407176188675537e-07,1.0199999151802974,0.9999977018846999,-1.399895441698758,-0.22286612158500343,0.22114981406727696,0.017491382252248132
6.309573444801925e-07,1.0199999164723714,0.9999977368923085,-1.4040790145822293,-0.22286572412191136,0.22147815650803573,0.017491319509657956
6.213457517480765e-07,1.0199999177447632,0.9999977713666456,-1.4082625806062845,-0.2228653315454473,0.22180649782275022,0.017491257631166487
6.118805757518221e-07,1.0199999189977726,0.9999978053158342,-1.4124461398536565,-0.22286494379896762,0.2221348380268662,0.01749119660500773
6.025595860743571e-07,1.019999920231695,0.9999978387478736,-1.4166296924061463,-0.22286456082642045,0.22246317713561986,0.017491136419573606
5.933805862753288e-07,1.0199999214468207,0.9999978716706418,-1.420813238344636,-0.22286418257234084,0.22279151516404083,0.01749107706341188
5.843414133735178e-07,1.0199999226434366,0.999997904091896,-1.4249967777490997,-0.22286380898184577,0.2231198521269551,0.017491018525224125
5.754399373371564e-07,1.0199999238218243,0.9999979360192759,-1.4291803106986072,-0.22286344000062946,0.22344818803898747,0.017490960793863666
5.666740605819921e-07,1.0199999249822616,0.9999979674603043,-1.4333638372713358,-0.2228630755749583,0.22377652291456432,0.017490903858333615
5.580417174769968e-07,1.0199999261250219,0.99999799842239,-1.4375473575445814,-0.22286271565166615,0.2241048567679166,0.01749084770778487
5.495408738576243e-07,1.0199999272503746,0.9999980289128285,-1.4417308715947625,-0.22286236017814945,0.224433189613082,0.017490792331514182
5.411695265464647e-07,1.0199999283585846,0.9999980589388044,-1.4459143794974312,-0.22286200910236245,0.2247615214639077,0.01749073771896223
5.329257028812007e-07,1.0199999294499131,0.9999980885073927,-1.450097881327284,-0.22286166237281238,0.22508985233405318,0.01749068385971172
5.248074602497724e-07,1.0199999305246175,0.9999981176255607,-1.4542813771581666,-0.22286131993855468,0.2254181822369924,0.01749063074348549
5.168128856326046e-07,1.0199999315829507,0.9999981463001696,-1.458464867063083,-0.22286098174918834,0.22574651118601624,0.017490578360144695
5.089400951518095e-07,1.0199999326251623,0.9999981745379759,-1.462648351114209,-0.22286064775485098,0.22607483919423554,0.017490526699686947
5.011872336272722e-07,1.0199999336514978,0.9999982023456336,-1.4668318293828926,-0.2228603179062143,0.22640316627458273,0.017490475752244525
4.935524741394817e-07,1.0199999346621988,0.9999982297296949,-1.4710153019396672,-0.22285999215447938,0.22673149243981472,0.017490425508082594
4.860340175990223e-07,1.019999935657504,0.9999982566966124,-1.4751987688542623,-0.2228596704513718,0.22705981770251518,0.01749037595759743
4.786300923226383e-07,1.0199999366376475,0.9999982832527402,-1.4793822301956046,-0.22285935274913735,0.22738814207509678,0.017490327091314713
4.7133895361573996e-07,1.0199999376028606,0.9999983094043361,-1.4835656860318318,-0.22285903900053694,0.22771646556980335,0.017490278899887784
4.6415888336127847e-07,1.0199999385533702,0.9999983351575621,-1.487749136430298,-0.22285872915884242,0.22804478819871238,0.017490231374095975
4.570881896148751e-07,1.0199999394894008,0.9999983605184863,-1.491932581457585,-0.22285842317783167,0.2283731099737373,0.017490184504842916
4.5012520620613324e-07,1.0199999404111726,0.999998385493085,-1.4961160211795057,-0.22285812101178418,0.2287014309066293,0.017490138283154922
4.432682923460095e-07,1.0199999413189031,0.9999984100872426,-1.5002994556611142,-0.2228578226154765,0.2290297510089798,0.017490092700179326
4.3651583224016615e-07,1.0199999422128059,0.9999984343067544,-1.5044828849667162,-0.22285752794417762,0.22935807029222258,0.017490047747182904
4.2986623470822735e-07,1.019999943093092,0.9999984581573275,-1.5086663091598722,-0.22285723695364454,0.22968638876763575,0.017490003415550275
4.2331793280882157e-07,1.0199999439599683,0.9999984816445818,-1.5128497283034068,-0.2228569496001178,0.23001470644634378,0.017489959696782343
4.168693834703356e-07,1.0199999448136394,0.9999985047740516,-1.5170331424594197,-0.22285666584031688,0.23034302333932,0.017489916582494755
4.105190671273077e-07,1.0199999456543065,0.9999985275511872,-1.521216551689288,-0.222856385631436,0.23067133945738802,0.017489874064416367
4.0426548736234507e-07,1.0199999464821676,0.9999985499813555,-1.525399956053676,-0.22285610893113947,0.23099965481122398,0.01748983213438775
3.9810717055349756e-07,1.0199999472974177,0.9999985720698419,-1.5295833556125462,-0.2228558356975574,0.23132796941135877,0.017489790784359714
3.920426655270151e-07,1.019999948100249,0.9999985938218512,-1.5337667504251602,-0.2228555658892814,0.23165628326817964,0.017489750006391816
3.860705432153821e-07,1.0199999488908509,0.9999986152425089,-1.5379501405500893,-0.2228552994653601,0.2319845963919321,0.017489709792650944
3.801893963205615e-07,1.0199999496694092,0.9999986363368626,-1.542133526045225,-0.22285503638529489,0.2323129087927223,0.017489670135409877
3.7439783898238104e-07,1.0199999504361075,0.9999986571098828,-1.5463169069677796,-0.22285477660903572,0.23264122048051822,0.017489631027045874
3.6869450645195835e-07,1.0199999511911269,0.9999986775664644,-1.5505002833742976,-0.22285452009697665,0.23296953146515192,0.017489592460039297
3.6307805477010174e-07,1.0199999519346448,0.9999986977114278,-1.5546836553206638,-0.2228542668099518,0.23329784175632154,0.01748955442697222
3.5754716045062136e-07,1.0199999526668364,0.9999987175495197,-1.5588670228621062,-0.2228540167092309,0.23362615136359263,0.017489516920527096
3.521005201684515e-07,1.0199999533878745,0.9999987370854149,-1.5630503860532066,-0.22285376975651547,0.23395446029640024,0.017489479933485413
3.467368504525321e-07,1.019999954097929,0.9999987563237165,-1.5672337449479044,-0.22285352591393418,0.23428276856405056,0.017489443458726373
3.4145488738336025e-07,1.0199999547971672,0.9999987752689579,-1.5714170995995087,-0.2228532851440391,0.23461107617572294,0.01748940748922559
3.3625338629516235e-07,1.0199999554857537,0.9999987939256033,-1.5756004500606984,-0.22285304740980144,0.23493938314047108,0.017489372018053815
3.311311214825916e-07,1.0199999561638506,0.9999988122980489,-1.5797837963835324,-0.22285281267460746,0.23526768946722515,0.017489337038375654
3.2608688591189344e-07,1.0199999568316183,0.9999988303906238,-1.583967138619459,-0.22285258090225446,0.23559599516479351,0.01748930254344833
3.21119490936482e-07,1.0199999574892136,0.9999988482075913,-1.5881504768193155,-0.2228523520569467,0.23592430024186398,0.01748926852662044
3.1622776601683845e-07,1.0199999581367918,0.9999988657531497,-1.59233381103334,-0.22285212610329147,0.2362526047070057,0.017489234981330738
3.114105584446761e-07,1.019999958774505,0.9999988830314335,-1.596517141311179,-0.2228519030062951,0.2365809085686711,0.01748920190110694
3.066667330713181e-07,1.019999959402504,0.9999989000465138,-1.600700467701888,-0.2228516827313589,0.23690921183519675,0.017489169279564502
3.019951720402022e-07,1.0199999600209366,0.9999989168024002,-1.6048837902539415,-0.22285146524427557,0.2372375145148056,0.017489137110405503
2.973947745234608e-07,1.0199999606299486,0.9999989333030408,-1.6090671090152417,-0.2228512505112249,0.23756581661560836,0.017489105387417433
2.9286445646252357e-07,1.019999961229683,0.9999989495523239,-1.6132504240331198,-0.22285103849877022,0.23789411814560493,0.01748907410447208
2.884031503126612e-07,1.019999961820282,0.9999989655540784,-1.6174337353543429,-0.22285082917385451,0.23822241911268596,0.017489043255524393
2.840098047914218e-07,1.019999962401884,0.9999989813120749,-1.6216170430251253,-0.22285062250379659,0.2385507195246347,0.017489012834611364
2.7968338463090764e-07,1.0199999629746264,0.9999989968300266,-1.6258003470911275,-0.22285041845628728,0.23887901938912803,0.01748898283585093
2.7542287033381727e-07,1.019999963538644,0.9999990121115901,-1.6299836475974652,-0.2228502169993859,0.23920731871373818,0.017488953253440884
2.712272579332031e-07,1.01999996409407,0.9999990271603666,-1.634166944588718,-0.22285001810151633,0.23953561750593452,0.0174889240816578
2.670955587558985e-07,1.019999964641035,0.9999990419799021,-1.6383502381089297,-0.22284982173146348,0.2398639157730844,0.017488895314855982
2.630267991895379e-07,1.0199999651796678,0.9999990565736889,-1.6425335282016207,-0.2228496278583693,0.24019221352245324,0.017488866947466437
2.5902002045313273e-07,1.0199999657100958,0.9999990709451657,-1.6467168149098004,-0.22284943645172814,0.24052051076119965,0.01748883897399609
2.5507427837113593e-07,1.0199999662324435,0.9999990850977187,-1.6509000982759596,-0.22284924748138488,0.24084880749639004,0.017488811389026478
2.511886431509578e-07,1.0199999667468342,0.9999990990346829,-1.6550833783420755,-0.2228490609175309,0.24117710373499446,0.017488784187212773
2.473621991638625e-07,1.019999967253389,0.9999991127593422,-1.6592666551496227,-0.2228488767307004,0.24150539948388738,0.017488757363282818
2.4359404472920275e-07,1.0199999677522276,0.9999991262749307,-1.6634499287395796,-0.2228486948917669,0.24183369474984925,0.017488730912036145
2.398832919019489e-07,1.019999968243467,0.9999991395846332,-1.6676331991524307,-0.2228485153719397,0.24216198953956725,0.017488704828343034
2.362290662634466e-07,1.0199999687272234,0.999999152691586,-1.6718164664281723,-0.2228483381427604,0.24249028385963683,0.017488679107143558
2.3263050671536276e-07,1.0199999692036106,0.9999991655988776,-1.6759997306063235,-0.22284816317609946,0.2428185777165632,0.017488653743446648
2.290867652767772e-07,1.0199999696727409,0.9999991783095495,-1.6801829917259234,-0.22284799044415282,0.24314687111676214,0.017488628732329172
2.2559700688435806e-07,1.0199999701347247,0.9999991908265969,-1.6843662498255416,-0.22284781991943844,0.24347516406656142,0.017488604068935033
2.2216040919558134e-07,1.0199999705896712,0.9999992031529692,-1.6885495049432842,-0.22284765157479303,0.24380345657220215,0.017488579748474255
2.187761623949552e-07,1.0199999710376872,0.999999215291571,-1.692732757116795,-0.22284748538336857,0.24413174863983966,0.01748855576622211
2.1544346900318883e-07,1.0199999714788786,0.9999992272452628,-1.6969160063832622,-0.22284732131862925,0.24446004027554477,0.017488532117518232
2.1216154368926867e-07,1.0199999719133492,0.9999992390168612,-1.701099252779428,-0.22284715935434787,0.24478833148530524,0.017488508797765766
2.0892961308540393e-07,1.0199999723412012,0.99999925060914,-1.705282496341586,-0.22284699946460287,0.2451166222750264,0.017488485802430502
2.0574691560478367e-07,1.019999972762536,0.999999262024831,-1.709465737105592,-0.22284684162377497,0.24544491265053264,0.017488463127040037
2.0261270126211457e-07,1.0199999731774523,0.9999992732666241,-1.7136489751068653,-0.22284668580654401,0.24577320261756827,0.017488440767182947
1.9952623149688798e-07,1.019999973586048,0.9999992843371682,-1.717832210380399,-0.2228465319878858,0.24610149218179897,0.017488418718507967
1.9648677899934654e-07,1.0199999739884196,0.9999992952390723,-1.7220154429607575,-0.22284638014306887,0.24642978134881244,0.01748839697672318
1.934936275390955e-07,1.0199999743846617,0.9999993059749048,-1.7261986728820862,-0.22284623024765154,0.24675807012411954,0.017488375537595215
1.9054607179632477e-07,1.0199999747748678,0.9999993165471959,-1.7303819001781173,-0.2228460822774787,0.24708635851315577,0.017488354396948468
1.8764341719560835e-07,1.01999997515913,0.9999993269584366,-1.7345651248821696,-0.2228459362086788,0.24741464652128164,0.017488333550664314
1.8478497974222938e-07,1.0199999755375384,0.9999993372110804,-1.7387483470271565,-0.22284579201766072,0.24774293415378407,0.017488312994680347
1.8197008586099843e-07,1.0199999759101823,0.9999993473075429,-1.7429315666455925,-0.222845649681111,0.24807122141587748,0.01748829272498962
1.7919807223753325e-07,1.01999997627715,0.9999993572502036,-1.7471147837695926,-0.22284550917599064,0.2483995083127044,0.017488272737639893
1.7646828566195034e-07,1.0199999766385273,0.9999993670414051,-1.7512979984308799,-0.22284537047953212,0.24872779484933671,0.017488253028732904
1.7378008287493765e-07,1.0199999769943995,0.9999993766834547,-1.7554812106607924,-0.22284523356923674,0.2490560810307767,0.017488233594423638
1.7113283041617799e-07,1.019999977344851,0.9999993861786245,-1.7596644204902823,-0.22284509842287145,0.24938436686195764,0.017488214430919607
1.6852590447507545e-07,1.0199999776899635,0.9999993955291518,-1.763847627949923,-0.22284496501846607,0.24971265234774498,0.01748819553448015
1.659586907437562e-07,1.0199999780298192,0.9999994047372401,-1.7680308330699155,-0.22284483333431046,0.2500409374929374,0.01748817690141571
1.634305842723137e-07,1.0199999783644977,0.9999994138050592,-1.772214035880089,-0.2228447033489517,0.2503692223022672,0.017488158528087185
1.6094098932625382e-07,1.0199999786940779,0.9999994227347456,-1.7763972364099065,-0.22284457504119126,0.2506975067804018,0.01748814041090521
1.5848931924611151e-07,1.0199999790186376,0.9999994315284038,-1.7805804346884715,-0.22284444839008227,0.2510257909319443,0.017488122546329494
1.560749963092111e-07,1.019999979338253,0.9999994401881057,-1.7847636307445276,-0.22284432337492666,0.25135407476143434,0.017488104930868185
1.5369745159352694e-07,1.019999979653,0.9999994487158921,-1.7889468246064664,-0.22284419997527258,0.25168235827334895,0.017488087561077177
1.51356124843621e-07,1.019999979962952,0.9999994571137724,-1.7931300163023285,-0.22284407817091165,0.2520106414721035,0.017488070433559492
1.4905046433861962e-07,1.0199999802681825,0.9999994653837254,-1.797313205859813,-0.2228439579418763,0.25233892436205274,0.017488053544964636
1.467799267622068e-07,1.0199999805687634,0.9999994735277,-1.8014963933062738,-0.22284383926843704,0.25266720694749106,0.01748803689198796
1.4454397707459295e-07,1.0199999808647655,0.9999994815476152,-1.8056795786687287,-0.22284372213109999,0.25299548923265375,0.01748802047137007
1.4234208838643419e-07,1.0199999811562583,0.9999994894453609,-1.8098627619738648,-0.2228436065106041,0.2533237712217178,0.017488004279896184
1.4017374183467686e-07,1.019999981443311,0.999999497222798,-1.8140459432480363,-0.22284349238791873,0.2536520529188025,0.017487988314395544
1.380384264602887e-07,1.0199999817259908,0.9999995048817593,-1.8182291225172722,-0.22284337974424107,0.25398033432797007,0.01748797257174083
1.359356390878526e-07,1.0199999820043646,0.9999995124240496,-1.822412299807283,-0.22284326856099354,0.25430861545322725,0.017487957048847546
1.3386488420699923e-07,1.0199999822784975,0.9999995198514461,-1.8265954751434572,-0.22284315881982136,0.25463689629852493,0.017487941742673478
1.3182567385564093e-07,1.019999982548455,0.999999527165699,-1.8307786485508706,-0.22284305050259004,0.25496517686775966,0.01748792665021809
1.2981752750498499e-07,1.0199999828142996,0.9999995343685318,-1.8349618200542896,-0.22284294359138296,0.25529345716477436,0.017487911768521974
1.278399719463023e-07,1.0199999830760949,0.999999541461642,-1.839144989678172,-0.2228428380684989,0.2556217371933588,0.017487897094666294
1.2589254117941696e-07,1.019999983333902,0.9999995484467009,-1.8433281574466716,-0.22284273391644963,0.2559500169572502,0.01748788262577224
1.2397477630289454e-07,1.019999983587782,0.9999995553253543,-1.8475113233836458,-0.22284263111795766,0.2562782964601347,0.017487868359000472
1.2208622540590708e-07,1.0199999838377944,0.9999995620992234,-1.8516944875126522,-0.22284252965595364,0.2566065757056472,0.0174878542915506
1.2022644346174156e-07,1.0199999840839984,0.9999995687699041,-1.8558776498569562,-0.22284242951357425,0.25693485469737243,0.017487840420660657
1.183949922229303e-07,1.019999984326452,0.9999995753389684,-1.8600608104395369,-0.22284233067415976,0.2572631334388459,0.01748782674360656
1.1659144011798316e-07,1.0199999845652121,0.9999995818079643,-1.8642439692830843,-0.2228422331212518,0.25759141193355417,0.01748781325770161
1.1481536214968814e-07,1.0199999848003352,0.999999588178416,-1.8684271264100074,-0.222842136838591,0.25791969018493577,0.01748779996029599
1.1306633979496403e-07,1.0199999850318764,0.9999995944518247,-1.8726102818424342,-0.22284204181011488,0.2582479681963818,0.01748778684877625
1.1134396090623615e-07,1.0199999852598907,0.9999996006296688,-1.8767934356022211,-0.2228419480199556,0.2585762459712368,0.017487773920564813
1.0964781961431838e-07,1.0199999854844315,0.9999996067134038,-1.8809765877109483,-0.22284185545243765,0.258904523512799,0.017487761173119502
1.0797751623277112e-07,1.0199999857055517,0.9999996127044635,-1.8851597381899272,-0.2228417640920758,0.25923280082432143,0.017487748603933036
1.0633265716371616e-07,1.0199999859233035,0.9999996186042596,-1.8893428870602058,-0.2228416739235728,0.25956107790901234,0.01748773621053257
1.0471285480508987e-07,1.0199999861377385,0.9999996244141822,-1.8935260343425664,-0.2228415849318175,0.25988935477003594,0.017487723990479227
1.0311772745930569e-07,1.0199999863489067,0.9999996301356007,-1.8977091800575323,-0.22284149710188242,0.2602176314105128,0.01748771194136761
1.0154689924330808e-07,1.019999986556858,0.9999996357698632,-1.9018923242253725,-0.22284141041902197,0.260545907833521,0.017487700060825364
9.999999999999994e-08,1.0199999867616418,0.9999996413182974,-1.9060754668661,-0.22284132486867012,0.2608741840420963,0.017487688346512726
9.847666521101599e-08,1.019999986963306,0.999999646782211,-1.9102586079994732,-0.2228412404364383,0.26120246003922876,0.01748767679612217
9.6976535910825e-08,1.0199999871618983,0.9999996521628912,-1.914441747645005,-0.22284115710811334,0.2615307358278651,0.017487665407378016
9.549925860214356e-08,1.0199999873574652,0.9999996574616059,-1.9186248858219639,-0.2228410748696559,0.2618590114109153,0.017487654178035814
9.404448517263536e-08,1.019999987550053,0.9999996626796037,-1.9228080225493769,-0.22284099370719818,0.2621872867912486,0.01748764310588196
9.261187281287944e-08,1.019999987739707,0.9999996678181142,-1.926991157846035,-0.22284091360704195,0.262515561971695,0.0174876321887333
9.120108393559095e-08,1.019999987926472,0.9999996728783482,-1.93117429173049,-0.22284083455565665,0.26284383695504504,0.0174876214244367
8.981178609606964e-08,1.019999988110392,0.9999996778614981,-1.9353574242210598,-0.22284075653967741,0.26317211174405053,0.017487610810868658
8.844365191386006e-08,1.0199999882915103,0.9999996827687381,-1.9395405553358354,-0.22284067954590317,0.26350038634142525,0.01748760034593489
8.709635899560806e-08,1.0199999884698696,0.9999996876012247,-1.943723685092677,-0.2228406035612948,0.2638286607498453,0.01748759002756994
8.576958985908931e-08,1.0199999886455118,0.9999996923600964,-1.9479068135092206,-0.22284052857297315,0.26415693497194975,0.01748757985373678
8.446303185839695e-08,1.0199999888184783,0.999999697046475,-1.9520899406028793,-0.22284045456821738,0.264485209010341,0.017487569822426434
8.317637711026711e-08,1.0199999889888103,0.9999997016614643,-1.9562730663908492,-0.22284038153446292,0.26481348286758566,0.01748755993165759
8.190932242152964e-08,1.0199999891565472,0.9999997062061522,-1.9604561908901066,-0.22284030945929983,0.26514175654621436,0.017487550179476233
8.066156921766146e-08,1.019999989321729,0.9999997106816095,-1.964639314117414,-0.22284023833047087,0.26547003004872294,0.017487540563955264
7.943282347242818e-08,1.0199999894843947,0.9999997150888909,-1.968822436089325,-0.22284016813586982,0.26579830337757265,0.017487531083194133
7.82227956386002e-08,1.0199999896445824,0.9999997194290348,-1.9730055568221807,-0.22284009886353973,0.2661265765351905,0.017487521735318486
7.703120057972159e-08,1.0199999898023298,0.999999723703064,-1.977188676332116,-0.22284003050167106,0.26645484952396986,0.017487512518479808
7.585775750291841e-08,1.0199999899576744,0.9999997279119855,-1.981371794635065,-0.22283996303860015,0.26678312234627116,0.017487503430855054
7.470218989273311e-08,1.0199999901106522,0.9999997320567915,-1.9855549117467568,-0.22283989646280733,0.2671113950044218,0.017487494470646334
7.356422544596427e-08,1.0199999902613,0.9999997361384583,-1.9897380276827212,-0.22283983076291536,0.267439667500717,0.01748748563608053
7.244359600749906e-08,1.0199999904096528,0.9999997401579478,-1.9939211424582952,-0.22283976592768776,0.2677679398374205,0.01748747692540899
7.134003750712559e-08,1.0199999905557458,0.9999997441162072,-1.9981042560886173,-0.2228397019460271,0.26809621201676404,0.017487468336907185
7.025328989730535e-08,1.0199999906996133,0.9999997480141692,-2.002287368588635,-0.22283963880697338,0.2684244840409488,0.017487459868874372
6.91830970918937e-08,1.0199999908412891,0.9999997518527525,-2.006470479973109,-0.2228395764997025,0.26875275591214554,0.017487451519633268
6.812920690579612e-08,1.0199999909808068,0.9999997556328614,-2.010653590256609,-0.22283951501352456,0.2690810276324946,0.017487443287529752
6.709137099554127e-08,1.0199999911181992,0.9999997593553867,-2.0148366994535207,-0.2228394543378823,0.2694092992041066,0.01748743517093252
6.606934480075967e-08,1.0199999912534985,0.9999997630212055,-2.019019807578049,-0.22283939446234963,0.26973757062906334,0.017487427168232796
6.506288748655571e-08,1.019999991386737,0.999999766631182,-2.0232029146442163,-0.22283933537663,0.2700658419094172,0.017487419277844002
6.40717618867553e-08,1.0199999915179456,0.9999997701861664,-2.0273860206658667,-0.22283927707055484,0.2703941130471923,0.017487411498201474
6.30957344480194e-08,1.0199999916471556,0.9999997736869966,-2.0315691256566675,-0.2228392195340822,0.2707223840443846,0.01748740382776216
6.213457517480758e-08,1.0199999917743972,0.9999997771344975,-2.0357522296301154,-0.222839162757295,0.2710506549029625,0.017487396265004312
6.118805757518214e-08,1.0199999918997007,0.9999997805294816,-2.0399353325995317,-0.22283910673039992,0.2713789256248669,0.017487388808427207
6.025595860743586e-08,1.019999992023095,0.9999997838727487,-2.0441184345780674,-0.2228390514437255,0.27170719621201156,0.017487381456550845
5.933805862753282e-08,1.0199999921446101,0.9999997871650868,-2.04830153557871,-0.22283899688772107,0.27203546666628414,0.017487374207915695
5.843414133735172e-08,1.0199999922642737,0.9999997904072715,-2.0524846356142774,-0.2228389430529551,0.2723637369895457,0.01748736706108238
5.754399373371579e-08,1.0199999923821146,0.9999997936000671,-2.0566677346974243,-0.22283888993011386,0.2726920071836313,0.01748736001463142
5.6667406058199155e-08,1.0199999924981604,0.9999997967442257,-2.0608508328406465,-0.22283883751000003,0.27302027725035094,0.01748735306716296
5.580417174769961e-08,1.0199999926124386,0.9999997998404884,-2.065033930056277,-0.22283878578353125,0.27334854719148904,0.017487346217296498
5.4954087385762556e-08,1.0199999927249757,0.9999998028895846,-2.0692170263564913,-0.22283873474173885,0.2736768170088053,0.017487339463670617
5.4116952654646406e-08,1.0199999928357986,0.9999998058922329,-2.0734001217533127,-0.2228386843757664,0.2740050867040351,0.017487332804942735
5.329257028812002e-08,1.0199999929449333,0.999999808849141,-2.0775832162586063,-0.22283863467686843,0.2743333562788895,0.017487326239788836
5.2480746024977364e-08,1.0199999930524055,0.9999998117610054,-2.081766309884087,-0.22283858563640907,0.27466162573505565,0.017487319766903212
5.1681288563260397e-08,1.0199999931582404,0.9999998146285125,-2.0859494026413206,-0.22283853724586078,0.27498989507419747,0.01748731338499824
5.089400951518089e-08,1.0199999932624633,0.999999817452338,-2.090132494541723,-0.222838489496803,0.2753181642979555,0.017487307092804095
5.011872336272734e-08,1.0199999933650985,0.9999998202331472,-2.0943155855965636,-0.22283844238092093,0.27564643340794753,0.01748730088906854
4.9355247413948115e-08,1.01999999346617,0.9999998229715954,-2.0984986758169697,-0.2228383958900042,0.2759747024057687,0.017487294772556665
4.8603401759902176e-08,1.019999993565702,0.999999825668328,-2.102681765213923,-0.22283835001594574,0.27630297129299214,0.01748728874205066
4.786300923226378e-08,1.0199999936637179,0.9999998283239805,-2.1068648537982657,-0.22283830475074032,0.2766312400711688,0.017487282796349573
4.713389536157411e-08,1.0199999937602406,0.9999998309391784,-2.1110479415806984,-0.22283826008648353,0.27695950874182806,0.017487276934269092
4.6415888336127794e-08,1.019999993855293,0.9999998335145384,-2.1152310285717886,-0.2228382160153705,0.27728777730647824,0.017487271154641302
4.570881896148746e-08,1.0199999939488973,0.9999998360506669,-2.1194141147819643,-0.22283817252969465,0.2776160457666064,0.017487265456314467
4.501252062061343e-08,1.0199999940410758,0.9999998385481619,-2.123597200221519,-0.22283812962184663,0.2779443141236788,0.017487259838152813
4.43268292346009e-08,1.0199999941318503,0.9999998410076117,-2.1277802849006178,-0.222838087284313,0.27827258237914165,0.017487254299036303
4.3651583224016566e-08,1.0199999942212417,0.9999998434295959,-2.13196336882929,-0.22283804550967518,0.27860085053442063,0.017487248837860417
4.298662347082284e-08,1.0199999943092715,0.9999998458146853,-2.1361464520174387,-0.2228380042906082,0.2789291185909216,0.017487243453535948
4.233179328088211e-08,1.0199999943959603,0.9999998481634418,-2.1403295344748394,-0.2228379636198798,0.2792573865500312,0.017487238144988797
4.1686938347033516e-08,1.0199999944813285,0.9999998504764189,-2.144512616211141,-0.2228379234903489,0.2795856544131163,0.017487232911159743
4.105190671273087e-08,1.0199999945653964,0.9999998527541617,-2.148695697235867,-0.22283788389496495,0.27991392218152494,0.01748722775100426
4.042654873623446e-08,1.0199999946481835,0.9999998549972069,-2.1528787775584206,-0.22283784482676652,0.2802421898565866,0.017487222663492303
3.981071705534971e-08,1.0199999947297094,0.999999857206083,-2.157061857188083,-0.22283780627888036,0.28057045743961206,0.017487217647608123
3.92042665527016e-08,1.0199999948099936,0.9999998593813105,-2.161244936134013,-0.22283776824452026,0.28089872493189383,0.01748721270235004
3.860705432153817e-08,1.0199999948890546,0.999999861523402,-2.165428014405256,-0.222837730716986,0.28122699233470677,0.017487207826730286
3.801893963205611e-08,1.0199999949669114,0.9999998636328623,-2.1696110920107383,-0.2228376936896624,0.2815552596493078,0.01748720301977479
3.7439783898238197e-08,1.019999995043582,0.9999998657101884,-2.1737941689592692,-0.22283765715601817,0.28188352687693646,0.01748719828052299
3.68694506451958e-08,1.019999995119085,0.9999998677558699,-2.1779772452595494,-0.22283762110960484,0.28221179401881535,0.017487193608027644
3.6307805477010135e-08,1.0199999951934375,0.9999998697703888,-2.1821603209201634,-0.22283758554405597,0.28254006107615,0.017487189001354667
3.5754716045062094e-08,1.0199999952666576,0.9999998717542199,-2.1863433959495864,-0.2228375504530859,0.2828683280501293,0.017487184459582916
3.521005201684524e-08,1.0199999953387622,0.9999998737078307,-2.1905264703561835,-0.22283751583048894,0.28319659494192573,0.017487179981804032
3.467368504525317e-08,1.0199999954097683,0.9999998756316816,-2.1947095441482145,-0.2228374816701383,0.28352486175269587,0.017487175567122253
3.4145488738335984e-08,1.019999995479693,0.9999998775262259,-2.19889261733383,-0.22283744796598512,0.28385312848357985,0.017487171214654252
3.3625338629516316e-08,1.0199999955485524,0.9999998793919102,-2.2030756899210617,-0.22283741471205765,0.28418139513569746,0.01748716692352909
3.3113112148259124e-08,1.0199999956163628,0.9999998812291738,-2.2072587619178465,-0.22283738190246036,0.28450966171015524,0.01748716269288792
3.260868859118931e-08,1.0199999956831403,0.9999998830384499,-2.211441833332019,-0.2228373495313727,0.2848379282080453,0.017487158521883796
3.2111949093648284e-08,1.0199999957489003,0.9999998848201646,-2.215624904171313,-0.22283731759304853,0.28516619463044457,0.01748715440968153
3.162277660168381e-08,1.0199999958136587,0.9999998865747378,-2.2198079744433628,-0.2228372860818148,0.2854944609784149,0.01748715035545754
3.114105584446758e-08,1.0199999958774308,0.9999998883025831,-2.223991044155702,-0.22283725499207094,0.28582272725300334,0.017487146358399677
3.066667330713189e-08,1.0199999959402313,0.9999998900041075,-2.2281741133157658,-0.22283722431828795,0.28615099345524203,0.017487142417707085
3.019951720402019e-08,1.0199999960020751,0.9999998916797119,-2.232357181930895,-0.2228371940550074,0.286479259586149,0.01748713853259004
2.973947745234605e-08,1.0199999960629769,0.9999998933297914,-2.236540250008333,-0.22283716419684063,0.2868075256467278,0.017487134702269796
2.9286445646252427e-08,1.019999996122951,0.9999998949547346,-2.2407233175552275,-0.2228371347384679,0.28713579163796804,0.01748713092597843
2.8840315031266087e-08,1.0199999961820112,0.9999998965549245,-2.2449063845786372,-0.22283710567463752,0.2874640575608456,0.017487127202958704
2.8400980479142144e-08,1.019999996240172,0.9999998981307382,-2.249089451085526,-0.22283707700016508,0.28779232341632244,0.017487123532463907
2.7968338463090834e-08,1.0199999962974466,0.999999899682547,-2.253272517082766,-0.22283704870993248,0.2881205892053472,0.017487119913757718
2.7542287033381696e-08,1.019999996353849,0.9999999012107166,-2.2574555825771436,-0.22283702079888731,0.2884488549288554,0.01748711634611406
2.7122725793320284e-08,1.019999996409392,0.999999902715607,-2.2616386475753543,-0.2228369932620418,0.2887771205877694,0.01748711282881697
2.670955587558982e-08,1.0199999964640891,0.999999904197573,-2.2658217120840054,-0.22283696609447226,0.2891053861829984,0.017487109361160432
2.6302679918953854e-08,1.0199999965179527,0.9999999056569637,-2.2700047761096185,-0.2228369392913181,0.2894336517154392,0.017487105942448268
2.5902002045313245e-08,1.019999996570996,0.9999999070941231,-2.2741878396586332,-0.22283691284778115,0.2897619171859761,0.017487102571993988
2.5507427837113565e-08,1.0199999966232312,0.9999999085093898,-2.278370902737401,-0.22283688675912489,0.29009018259548075,0.017487099249120664
2.511886431509584e-08,1.0199999966746707,0.9999999099030973,-2.282553965352192,-0.2228368610206736,0.2904184479448127,0.017487095973160793
2.4736219916386223e-08,1.0199999967253266,0.9999999112755739,-2.286737027509196,-0.22283683562781176,0.29074671323481976,0.017487092743456164
2.4359404472920252e-08,1.0199999967752107,0.9999999126271432,-2.290920089214519,-0.22283681057598306,0.29107497846633756,0.01748708955935774
2.3988329190194947e-08,1.0199999968243352,0.9999999139581236,-2.295103150474189,-0.22283678586069,0.29140324364019005,0.01748708642022552
2.3622906626344633e-08,1.0199999968727111,0.9999999152688287,-2.2992862112941554,-0.22283676147749276,0.29173150875718995,0.01748708332542842
2.3263050671536248e-08,1.0199999969203501,0.9999999165595674,-2.303469271680289,-0.22283673742200888,0.2920597738181383,0.017487080274344154
2.2908676527677776e-08,1.0199999969672635,0.999999917830644,-2.3076523316383835,-0.22283671368991223,0.292388038823825,0.017487077266359098
2.255970068843578e-08,1.0199999970134623,0.9999999190823577,-2.311835391174159,-0.2228366902769325,0.29271630377502916,0.01748707430086819
2.221604091955811e-08,1.0199999970589573,0.9999999203150037,-2.316018450293258,-0.2228366671788544,0.29304456867251866,0.017487071377274795
2.187761623949557e-08,1.0199999971037592,0.9999999215288724,-2.320201509001249,-0.22283664439151704,0.2933728335170507,0.017487068494990595
2.154434690031886e-08,1.0199999971478786,0.9999999227242499,-2.324384567303632,-0.22283662191081324,0.293701098309372,0.017487065653435475
2.1216154368926844e-08,1.019999997191326,0.9999999239014177,-2.328567625205829,-0.22283659973268877,0.2940293630502188,0.01748706285203741
2.0892961308540368e-08,1.0199999972341114,0.9999999250606533,-2.3327506827131943,-0.22283657785314187,0.294357627740317,0.017487060090232345
2.0574691560478417e-08,1.0199999972762452,0.9999999262022299,-2.3369337398310104,-0.2228365562682224,0.2946858923803822,0.017487057367464094
2.0261270126211435e-08,1.0199999973177372,0.9999999273264164,-2.341116796564493,-0.2228365349740313,0.29501415697112016,0.017487054683184233
1.9952623149688776e-08,1.019999997358597,0.9999999284334778,-2.345299852918787,-0.22283651396671994,0.2953424215132268,0.017487052036851983
1.9648677899934703e-08,1.0199999973988343,0.999999929523675,-2.349482908898969,-0.2228364932424895,0.29567068600738805,0.017487049427934106
1.934936275390953e-08,1.0199999974384588,0.9999999305972648,-2.3536659645100526,-0.22283647279759028,0.29599895045428043,0.017487046855904808
1.9054607179632456e-08,1.0199999974774796,0.9999999316545002,-2.3578490197569817,-0.22283645262832114,0.2963272148545709,0.017487044320245632
1.8764341719560882e-08,1.019999997515906,0.9999999326956304,-2.3620320746446364,-0.2228364327310289,0.296655479208917,0.01748704182044535
1.8478497974222916e-08,1.019999997553747,0.9999999337209007,-2.366215129177834,-0.2228364131021077,0.2969837435179672,0.017487039355999875
1.8197008586099822e-08,1.0199999975910117,0.9999999347305526,-2.3703981833613272,-0.22283639373799843,0.29731200778236067,0.017487036926412153
1.7919807223753367e-08,1.0199999976277088,0.9999999357248242,-2.3745812371998043,-0.22283637463518816,0.29764027200272775,0.017487034531192068
1.7646828566195012e-08,1.0199999976638465,0.9999999367039496,-2.3787642906978963,-0.22283635579020947,0.29796853617969,0.01748703216985635
1.7378008287493747e-08,1.019999997699434,0.9999999376681598,-2.382947343860169,-0.22283633719963997,0.2982968003138601,0.017487029841928476
1.7113283041617842e-08,1.0199999977344794,0.9999999386176817,-2.3871303966911293,-0.22283631886010177,0.29862506440584197,0.017487027546938576
1.6852590447507528e-08,1.0199999977689909,0.9999999395527392,-2.391313449195226,-0.22283630076826078,0.29895332845623157,0.017487025284423342
1.65958690743756e-08,1.0199999978029766,0.9999999404735528,-2.3954965013768486,-0.22283628292082622,0.299281592465616,0.017487023053925937
1.634305842723141e-08,1.0199999978364447,0.9999999413803392,-2.3996795532403263,-0.22283626531455017,0.29960985643457416,0.017487020854995913
1.6094098932625365e-08,1.0199999978694028,0.9999999422733122,-2.4038626047899347,-0.2228362479462269,0.2999381203636772,0.01748701868718911
1.5848931924611133e-08,1.0199999979018588,0.9999999431526824,-2.408045656029891,-0.22283623081269238,0.30026638425348773,0.017487016550067576
1.5607499630921092e-08,1.0199999979338206,0.9999999440186567,-2.4122287069643567,-0.22283621391082375,0.30059464810456077,0.017487014443199476
1.536974515935273e-08,1.0199999979652954,0.9999999448714394,-2.4164117575974378,-0.2228361972375389,0.30092291191744336,0.01748701236615902
1.5135612484362082e-08,1.0199999979962908,0.9999999457112313,-2.4205948079331883,-0.2228361807897957,0.30125117569267507,0.01748701031852636
1.4905046433861947e-08,1.019999998026814,0.9999999465382304,-2.4247778579756067,-0.22283616456459182,0.3015794394307877,0.017487008299887526
1.4677992676220716e-08,1.0199999980568721,0.9999999473526316,-2.4289609077286376,-0.222836148558964,0.30190770313230547,0.017487006309834335
1.4454397707459279e-08,1.0199999980864725,0.9999999481546268,-2.433143957196177,-0.2228361327699876,0.3022359667977456,0.017487004347964314
1.4234208838643404e-08,1.019999998115622,0.9999999489444048,-2.4373270063820662,-0.22283611719477614,0.30256423042761765,0.017487002413880612
1.4017374183467721e-08,1.0199999981443273,0.999999949722152,-2.4415100552900957,-0.22283610183048086,0.30289249402242424,0.01748700050719194
1.3803842646028854e-08,1.0199999981725956,0.9999999504880515,-2.445693103924009,-0.22283608667429014,0.30322075758266087,0.017486998627512476
1.3593563908785248e-08,1.0199999982004329,0.9999999512422837,-2.449876152287496,-0.2228360717234291,0.3035490211088161,0.0174869967744618
1.3386488420699957e-08,1.0199999982278465,0.9999999519850264,-2.4540592003841994,-0.2228360569751591,0.3038772846013715,0.017486994947664813
1.318256738556408e-08,1.0199999982548422,0.9999999527164548,-2.4582422482177164,-0.22283604242677726,0.30420554806080213,0.017486993146751666
1.2981752750498485e-08,1.0199999982814267,0.999999953436741,-2.462425295791592,-0.22283602807561614,0.3045338114875762,0.017486991371357685
1.2783997194630262e-08,1.0199999983076065,0.9999999541460548,-2.466608343109326,-0.22283601391904312,0.30486207488215533,0.017486989621123307
1.2589254117941683e-08,1.0199999983333872,0.9999999548445634,-2.470791390174375,-0.22283599995445996,0.305190338244995,0.017486987895693994
1.239747763028944e-08,1.0199999983587753,0.9999999555324314,-2.4749744369901454,-0.22283598617930253,0.3055186015765438,0.017486986194720177
1.2208622540590738e-08,1.0199999983837766,0.9999999562098207,-2.4791574835600003,-0.2228359725910402,0.30584686487724444,0.017486984517857174
1.2022644346174142e-08,1.0199999984083972,0.9999999568768912,-2.4833405298872595,-0.22283595918717553,0.30617512814753345,0.017486982864765133
1.1839499222293018e-08,1.0199999984326427,0.9999999575338,-2.487523575975198,-0.22283594596524375,0.3065033913878411,0.01748698123510896
1.1659144011798304e-08,1.0199999984565187,0.9999999581807018,-2.491706621827048,-0.22283593292281237,0.30683165459859174,0.017486979628558243
1.1481536214968842e-08,1.019999998480031,0.9999999588177491,-2.4958896674459967,-0.22283592005748087,0.30715991778020385,0.01748697804478721
1.130663397949639e-08,1.0199999985031853,0.9999999594450919,-2.5000727128351943,-0.2228359073668801,0.3074881809330902,0.017486976483474637
1.1134396090623603e-08,1.0199999985259869,0.9999999600628783,-2.504255757997745,-0.22283589484867203,0.3078164440576578,0.017486974944303794
1.0964781961431866e-08,1.019999998548441,0.9999999606712537,-2.508438802936714,-0.22283588250054925,0.3081447071543078,0.01748697342696239
1.07977516232771e-08,1.019999998570553,0.9999999612703616,-2.5126218476551276,-0.22283587032023472,0.30847297022343634,0.017486971931142493
1.0633265716371604e-08,1.0199999985923283,0.9999999618603431,-2.51680489215597,-0.22283585830548114,0.30880123326543374,0.017486970456540487
1.0471285480509012e-08,1.0199999986137718,0.9999999624413373,-2.520987936442184,-0.2228358464540708,0.3091294962806844,0.01748696900285701
1.0311772745930557e-08,1.0199999986348887,0.999999963013481,-2.525170980516664,-0.22283583476381547,0.3094577592695647,0.017486967569796997
1.0154689924330796e-08,1.019999998655684,0.9999999635769092,-2.5293540243822714,-0.2228358232325555,0.30978602223244744,0.01748696615706947
1.0000000000000018e-08,1.0199999986761623,0.9999999641317544,-2.5335370680418325,-0.2228358118581597,0.31011428516970085,0.01748696476438754
9.847666521101589e-09,1.0199999986963288,0.9999999646781474,-2.5377201114981376,-0.22283580063852484,0.31044254808168803,0.017486963391468314
9.697653591082489e-09,1.019999998716188,0.9999999652162171,-2.541903154753938,-0.2228357895715754,0.3107708109687669,0.017486962038032874
9.549925860214378e-09,1.0199999987357449,0.9999999657460903,-2.5460861978119484,-0.22283577865526313,0.31109907383129015,0.017486960703806214
9.404448517263526e-09,1.0199999987550037,0.9999999662678916,-2.550269240674848,-0.2228357678875668,0.31142733666960576,0.017486959388517177
9.261187281287933e-09,1.0199999987739692,0.9999999667817441,-2.55445228334528,-0.2228357572664917,0.3117555994840566,0.01748695809189841
9.120108393559118e-09,1.0199999987926458,0.999999967287769,-2.558635325825851,-0.22283574679006954,0.3120838622749808,0.017486956813686307
8.981178609606955e-09,1.0199999988110378,0.9999999677860854,-2.562818368119135,-0.22283573645635782,0.31241212504271176,0.01748695555362097
8.844365191385996e-09,1.0199999988291497,0.9999999682768107,-2.567001410227671,-0.22283572626343973,0.31274038778757796,0.01748695431144614
8.709635899560797e-09,1.0199999988469857,0.9999999687600606,-2.571184452153962,-0.22283571620942375,0.3130686505099035,0.017486953086909146
8.576958985908952e-09,1.0199999988645498,0.999999969235949,-2.575367493900479,-0.22283570629244326,0.3133969132100077,0.017486951879760876
8.446303185839686e-09,1.0199999988818467,0.9999999697045882,-2.579550535469662,-0.22283569651065638,0.31372517588820553,0.01748695068975571
8.317637711026702e-09,1.01999999889888,0.9999999701660882,-2.583733576863916,-0.2228356868622454,0.3140534385448075,0.01748694951665147
8.190932242152985e-09,1.0199999989156536,0.9999999706205582,-2.587916618085612,-0.22283567734541673,0.31438170118011954,0.01748694836020939
8.066156921766137e-09,1.0199999989321717,0.9999999710681051,-2.592099659137095,-0.22283566795840043,0.31470996379444366,0.01748694722019405
7.943282347242809e-09,1.0199999989484385,0.9999999715088344,-2.5962827000206734,-0.22283565869945,0.3150382263880773,0.017486946096373336
7.82227956386004e-09,1.0199999989644573,0.9999999719428497,-2.6004657407386267,-0.22283564956684193,0.3153664889613137,0.017486944988518396
7.70312005797215e-09,1.019999998980232,0.9999999723702537,-2.604648781293205,-0.22283564055887561,0.3156947515144422,0.01748694389640359
7.585775750291832e-09,1.0199999989957664,0.9999999727911469,-2.6088318216866266,-0.22283563167387285,0.3160230140477479,0.017486942819806457
7.47021898927333e-09,1.0199999990110644,0.9999999732056285,-2.6130148619210805,-0.22283562291017772,0.3163512765615118,0.017486941758507644
7.356422544596418e-09,1.0199999990261293,0.9999999736137962,-2.6171979019987273,-0.22283561426615617,0.3166795390560112,0.0174869407122909
7.244359600749898e-09,1.0199999990409645,0.9999999740157461,-2.6213809419216982,-0.2228356057401958,0.31700780153151925,0.017486939680943003
7.134003750712576e-09,1.0199999990555737,0.999999974411573,-2.625563981692094,-0.2228355973307056,0.31733606398830533,0.017486938664253722
7.025328989730527e-09,1.0199999990699606,0.9999999748013702,-2.629747021311992,-0.22283558903611558,0.3176643264266351,0.017486937662015797
6.9183097091893634e-09,1.0199999990841282,0.9999999751852293,-2.633930060783437,-0.22283558085487656,0.3179925888467704,0.01748693667402487
6.812920690579628e-09,1.01999999909808,0.9999999755632412,-2.6381131001084475,-0.22283557278545996,0.3183208512489693,0.01748693570007945
6.70913709955412e-09,1.0199999991118194,0.9999999759354945,-2.6422961392890176,-0.22283556482635739,0.3186491136334865,0.0174869347399809
6.60693448007596e-09,1.0199999991253492,0.9999999763020773,-2.6464791783271124,-0.22283555697608054,0.31897737600057285,0.01748693379353335
6.506288748655564e-09,1.0199999991386732,0.9999999766630757,-2.6506622172246708,-0.22283554923316076,0.3193056383504757,0.017486932860543706
6.407176188675546e-09,1.019999999151794,0.999999977018575,-2.6548452559836044,-0.22283554159614902,0.31963390068343894,0.017486931940821578
6.309573444801934e-09,1.019999999164715,0.9999999773686589,-2.659028294605804,-0.22283553406361536,0.3199621629997032,0.017486931034179257
6.213457517480751e-09,1.0199999991774393,0.9999999777134096,-2.663211333093129,-0.22283552663414896,0.32029042529950547,0.01748693014043167
6.118805757518229e-09,1.0199999991899695,0.9999999780529089,-2.6673943714474175,-0.22283551930635764,0.3206186875830794,0.017486929259396357
6.02559586074358e-09,1.019999999202309,0.9999999783872362,-2.6715774096704825,-0.22283551207886776,0.3209469498506555,0.01748692839089341
5.933805862753275e-09,1.0199999992144606,0.9999999787164707,-2.6757604477641124,-0.22283550495032392,0.32127521210246107,0.017486927534745463
5.843414133735186e-09,1.019999999226427,0.9999999790406899,-2.6799434857300697,-0.22283549791938878,0.32160347433871983,0.017486926690777643
5.754399373371573e-09,1.0199999992382112,0.9999999793599701,-2.684126523570097,-0.2228354909847427,0.32193173655965285,0.01748692585881754
5.666740605819909e-09,1.0199999992498157,0.9999999796743866,-2.6883095612859105,-0.2228354841450837,0.3222599987654777,0.01748692503869516
5.580417174769975e-09,1.0199999992612436,0.9999999799840135,-2.692492598879203,-0.22283547739912699,0.3225882609564089,0.017486924230242912
5.49540873857625e-09,1.0199999992724973,0.9999999802889237,-2.6966756363516478,-0.222835470745605,0.32291652313265823,0.017486923433295564
5.411695265464635e-09,1.0199999992835795,0.999999980589189,-2.700858673704893,-0.22283546418326697,0.32324478529443423,0.0174869226476902
5.329257028812015e-09,1.019999999294493,0.9999999808848803,-2.7050417109405633,-0.2228354577108788,0.3235730474419424,0.017486921873266205
5.2480746024977305e-09,1.0199999993052402,0.9999999811760673,-2.709224748060266,-0.22283545132722285,0.3239013095753856,0.017486921109865224
5.168128856326034e-09,1.0199999993158237,0.9999999814628184,-2.713407785065583,-0.2228354450310977,0.32422957169496375,0.017486920357331126
5.089400951518101e-09,1.019999999326246,0.9999999817452014,-2.7175908219580744,-0.22283543882131793,0.32455783380087366,0.01748691961550999
5.011872336272729e-09,1.0199999993365096,0.9999999820232828,-2.7217738587392835,-0.22283543269671388,0.32488609589330986,0.017486918884250052
4.935524741394806e-09,1.019999999346617,0.9999999822971279,-2.7259568954107283,-0.2228354266561316,0.3252143579724636,0.01748691816340169
4.860340175990212e-09,1.01999999935657,0.9999999825668016,-2.730139931973909,-0.2228354206984324,0.32554262003852386,0.017486917452817385
4.786300923226389e-09,1.0199999993663718,0.9999999828323672,-2.7343229684303028,-0.2228354148224929,0.3258708820916765,0.017486916752351707
4.713389536157406e-09,1.019999999376024,0.9999999830938874,-2.7385060047813714,-0.2228354090272046,0.32619914413210516,0.01748691606186126
4.6415888336127745e-09,1.019999999385529,0.9999999833514237,-2.7426890410285525,-0.22283540331147392,0.3265274061599907,0.01748691538120468
4.5708818961487575e-09,1.0199999993948896,0.9999999836050368,-2.7468720771732658,-0.22283539767422175,0.3268556681755113,0.017486914710242597
4.501252062061338e-09,1.0199999994041076,0.9999999838547866,-2.751055113216913,-0.22283539211438352,0.32718393017884284,0.017486914048837586
4.432682923460085e-09,1.019999999413185,0.9999999841007319,-2.7552381491608764,-0.2228353866309088,0.3275121921701586,0.017486913396854185
4.365158322401667e-09,1.019999999422124,0.9999999843429306,-2.7594211850065165,-0.22283538122276123,0.32784045414962926,0.01748691275415882
4.298662347082279e-09,1.019999999430927,0.9999999845814398,-2.7636042207551803,-0.22283537588891827,0.3281687161174233,0.017486912120619817
4.233179328088206e-09,1.019999999439596,0.9999999848163157,-2.767787256408194,-0.22283537062837114,0.3284969780737068,0.017486911496107344
4.168693834703362e-09,1.0199999994481328,0.9999999850476137,-2.771970291966864,-0.22283536544012447,0.3288252400186432,0.017486910880493416
4.1051906712730825e-09,1.0199999994565396,0.9999999852753882,-2.776153327432484,-0.22283536032319623,0.32915350195239407,0.017486910273651835
4.042654873623441e-09,1.0199999994648183,0.999999985499693,-2.780336362806326,-0.22283535527661755,0.3294817638751183,0.017486909675458198
3.9810717055349805e-09,1.019999999472971,0.9999999857205809,-2.7845193980896448,-0.22283535029943252,0.32981002578697255,0.01748690908578985
3.920426655270156e-09,1.0199999994809994,0.9999999859381039,-2.788702433283682,-0.22283534539069802,0.33013828768811165,0.017486908504525868
3.8607054321538126e-09,1.0199999994889055,0.9999999861523133,-2.7928854683896587,-0.2228353405494836,0.3304665495786878,0.017486907931547033
3.801893963205621e-09,1.019999999496691,0.9999999863632596,-2.7970685034087794,-0.22283533577487122,0.33079481145885115,0.017486907366735818
3.743978389823816e-09,1.0199999995043583,0.9999999865709925,-2.8012515383422363,-0.22283533106595518,0.33112307332875,0.01748690680997634
3.6869450645195754e-09,1.0199999995119085,0.9999999867755609,-2.805434573191201,-0.2228353264218419,0.3314513351885302,0.01748690626115436
3.6307805477010094e-09,1.0199999995193438,0.9999999869770131,-2.8096176079568314,-0.22283532184164984,0.33177959703833565,0.01748690572015725
3.575471604506218e-09,1.0199999995266658,0.9999999871753965,-2.8138006426402686,-0.22283531732450917,0.3321078588783083,0.017486905186873975
3.52100520168452e-09,1.0199999995338762,0.9999999873707578,-2.8179836772426414,-0.22283531286956187,0.332436120708588,0.01748690466119506
3.4673685045253134e-09,1.019999999540977,0.999999987563143,-2.8221667117650595,-0.22283530847596128,0.33276438252931284,0.017486904143012585
3.4145488738336067e-09,1.0199999995479694,0.9999999877525977,-2.8263497462086185,-0.22283530414287223,0.3330926443406185,0.017486903632220146
3.3625338629516284e-09,1.0199999995548554,0.9999999879391662,-2.830532780574402,-0.2228352998694707,0.3334209061426395,0.017486903128712844
3.3113112148259086e-09,1.0199999995616365,0.9999999881228927,-2.8347158148634763,-0.2228352956549437,0.3337491679355077,0.01748690263238726
3.2608688591189385e-09,1.0199999995683142,0.9999999883038204,-2.838898849076893,-0.22283529149848924,0.3340774297193535,0.01748690214314143
3.2111949093648247e-09,1.01999999957489,0.999999988481992,-2.843081883215693,-0.22283528739931602,0.33440569149430566,0.01748690166087484
3.162277660168378e-09,1.019999999581366,0.9999999886574493,-2.8472649172809006,-0.22283528335664338,0.33473395326049077,0.01748690118548838
3.1141055844467653e-09,1.0199999995877431,0.9999999888302339,-2.851447951273525,-0.2228352793697012,0.33506221501803385,0.017486900716884354
3.0666673307131852e-09,1.0199999995940232,0.9999999890003864,-2.8556309851945665,-0.22283527543772963,0.3353904767670583,0.01748690025496643
3.019951720402015e-09,1.0199999996002076,0.9999999891679469,-2.8598140190450083,-0.2228352715599791,0.33571873850768563,0.01748689979963964
2.9739477452346122e-09,1.0199999996062978,0.9999999893329549,-2.8639970528258205,-0.22283526773571,0.33604700024003575,0.017486899350810357
2.9286445646252395e-09,1.0199999996122953,0.9999999894954492,-2.8681800865379645,-0.22283526396419276,0.33637526196422707,0.017486898908386266
2.8840315031266055e-09,1.0199999996182012,0.9999999896554682,-2.8723631201823845,-0.22283526024470754,0.3367035236803762,0.01748689847227636
2.8400980479142214e-09,1.0199999996240172,0.9999999898130497,-2.8765461537600134,-0.2228352565765442,0.3370317853885982,0.01748689804239091
2.79683384630908e-09,1.0199999996297449,0.9999999899682307,-2.8807291872717724,-0.22283525295900217,0.3373600470890064,0.017486897618641455
2.7542287033381667e-09,1.019999999635385,0.9999999901210478,-2.8849122207185567,-0.22283524939139054,0.3376883087817103,0.017486897200940855
2.7122725793320253e-09,1.0199999996409392,0.999999990271537,-2.8890952541012576,-0.22283524587302767,0.33801657046681954,0.017486896789203166
2.6709555875589884e-09,1.019999999646409,0.9999999904197338,-2.8932782874207565,-0.222835242403241,0.3383448321444422,0.01748689638334366
2.6302679918953824e-09,1.0199999996517954,0.9999999905656729,-2.897461320677925,-0.22283523898136715,0.33867309381468536,0.017486895983278794
2.5902002045313215e-09,1.0199999996570996,0.999999990709389,-2.901644353873619,-0.22283523560675148,0.339001355477654,0.017486895588926216
2.5507427837113627e-09,1.0199999996623232,0.9999999908509158,-2.905827387008684,-0.22283523227874832,0.33932961713345183,0.01748689520020473
2.511886431509581e-09,1.0199999996674671,0.9999999909902867,-2.9100104200839563,-0.22283522899672062,0.3396578787821813,0.017486894817034283
2.4736219916386195e-09,1.0199999996725329,0.9999999911275345,-2.914193453100258,-0.22283522576003997,0.33998614042394304,0.01748689443933597
2.435940447292031e-09,1.0199999996775213,0.9999999912626915,-2.918376486058399,-0.2228352225680864,0.3403144020588364,0.01748689406703198
2.398832919019492e-09,1.0199999996824336,0.9999999913957897,-2.9225595189591838,-0.22283521942024834,0.34064266368695945,0.017486893700045615
2.362290662634461e-09,1.0199999996872713,0.9999999915268601,-2.9267425518033994,-0.22283521631592237,0.3409709253084086,0.01748689333830126
2.3263050671536307e-09,1.0199999996920353,0.9999999916559341,-2.9309255845918245,-0.22283521325451333,0.34129918692327904,0.017486892981724365
2.290867652767775e-09,1.0199999996967266,0.9999999917830419,-2.9351086173252297,-0.22283521023543404,0.34162744853166466,0.017486892630241443
2.2559700688435756e-09,1.0199999997013465,0.9999999919082133,-2.9392916500043715,-0.22283520725810527,0.3419557101336579,0.017486892283780038
2.221604091955816e-09,1.019999999705896,0.9999999920314779,-2.9434746826299967,-0.22283520432195555,0.3422839717293498,0.01748689194226872
2.1877616239495547e-09,1.0199999997103761,0.9999999921528648,-2.9476577152028445,-0.22283520142642127,0.3426122333188305,0.017486891605637076
2.1544346900318837e-09,1.019999999714788,0.9999999922724027,-2.951840747723641,-0.22283519857094627,0.3429404949021884,0.017486891273815683
2.121615436892682e-09,1.0199999997191327,0.9999999923901195,-2.956023780193104,-0.222835195754982,0.3432687564795109,0.017486890946736104
2.0892961308540418e-09,1.0199999997234113,0.9999999925060431,-2.9602068126119394,-0.22283519297798737,0.343597018050884,0.017486890624330877
2.0574691560478397e-09,1.0199999997276248,0.9999999926202008,-2.964389844980848,-0.22283519023942852,0.3439252796163927,0.01748689030653348
2.0261270126211414e-09,1.019999999731774,0.9999999927326195,-2.968572877300517,-0.22283518753877884,0.3442535411761206,0.017486889993278347
1.9952623149688824e-09,1.01999999973586,0.9999999928433257,-2.9727559095716245,-0.22283518487551884,0.34458180273015016,0.017486889684500833
1.964867789993468e-09,1.0199999997398836,0.9999999929523455,-2.9769389417948418,-0.22283518224913612,0.3449100642785628,0.017486889380137215
1.9349362753909508e-09,1.019999999743846,0.9999999930597047,-2.981121973970829,-0.2228351796591251,0.3452383258214386,0.017486889080124666
1.90546071796325e-09,1.0199999997477482,0.9999999931654282,-2.9853050061002366,-0.2228351771049872,0.3455665873588565,0.017486888784401255
1.876434171956086e-09,1.0199999997515907,0.9999999932695414,-2.9894880381837097,-0.22283517458623045,0.3458948488908945,0.01748688849290592
1.8478497974222897e-09,1.019999999755375,0.9999999933720685,-2.993671070221881,-0.2228351721023696,0.34622311041762943,0.017486888205578473
1.8197008586099866e-09,1.0199999997591014,0.9999999934730338,-2.997854102215375,-0.22283516965292605,0.3465513719391369,0.017486887922359574
1.791980722375335e-09,1.0199999997627711,0.999999993572461,-3.002037134164811,-0.22283516723742752,0.34687963345549155,0.01748688764319073
1.7646828566194992e-09,1.019999999766385,0.9999999936703737,-3.0062201660707952,-0.2228351648554083,0.34720789496676707,0.017486887368014264
1.737800828749379e-09,1.0199999997699436,0.9999999937667948,-3.010403197933928,-0.22283516250640886,0.34753615647303576,0.017486887096773332
1.7113283041617822e-09,1.0199999997734481,0.9999999938617472,-3.014586229754803,-0.222835160189976,0.34786441797436934,0.017486886829411886
1.6852590447507509e-09,1.0199999997768994,0.9999999939552531,-3.0187692615340027,-0.22283515790566263,0.34819267947083826,0.017486886565874674
1.6595869074375642e-09,1.019999999780298,0.9999999940473345,-3.0229522932721022,-0.22283515565302772,0.34852094096251185,0.01748688630610723
1.6343058427231392e-09,1.0199999997836446,0.9999999941380133,-3.027135324969672,-0.2228351534316362,0.34884920244945883,0.017486886050055855
1.6094098932625348e-09,1.0199999997869404,0.9999999942273108,-3.0313183566272706,-0.22283515124105893,0.3491774639317466,0.017486885797667617
1.5848931924611115e-09,1.019999999790186,0.9999999943152479,-3.0355013882454513,-0.22283514908087262,0.3495057254094417,0.01748688554889033
1.5607499630921133e-09,1.0199999997933824,0.9999999944018455,-3.039684419824758,-0.2228351469506597,0.34983398688260975,0.01748688530367255
1.5369745159352715e-09,1.0199999997965299,0.9999999944871238,-3.0438674513657302,-0.22283514485000827,0.3501622483513156,0.017486885061963563
1.5135612484362067e-09,1.0199999997996294,0.9999999945711031,-3.0480504828688972,-0.222835142778512,0.3504905098156229,0.01748688482371337
1.4905046433861982e-09,1.0199999998026816,0.9999999946538032,-3.052233514334781,-0.2228351407357701,0.3508187712755944,0.017486884588872688
1.4677992676220699e-09,1.0199999998056875,0.9999999947352434,-3.0564165457639,-0.22283513872138727,0.3511470327312924,0.01748688435739293
1.4454397707459264e-09,1.0199999998086475,0.999999994815443,-3.0605995771567613,-0.2228351367349735,0.3514752941827777,0.01748688412922619
1.4234208838643438e-09,1.0199999998115625,0.9999999948944209,-3.064782608513866,-0.22283513477614414,0.35180355563011056,0.017486883904325252
1.4017374183467706e-09,1.0199999998144331,0.9999999949721957,-3.0689656398357115,-0.22283513284451972,0.3521318170733505,0.01748688368264357
1.380384264602884e-09,1.0199999998172598,0.9999999950487857,-3.0731486711227842,-0.22283513093972598,0.35246007851255595,0.017486883464135246
1.359356390878528e-09,1.0199999998200435,0.999999995124209,-3.0773317023755653,-0.22283512906139372,0.3527883399477845,0.01748688324875505
1.3386488420699942e-09,1.0199999998227849,0.9999999951984834,-3.0815147335945317,-0.22283512720915874,0.3531166013790932,0.017486883036458376
1.3182567385564066e-09,1.0199999998254845,0.9999999952716262,-3.0856977647801505,-0.22283512538266187,0.35344486280653803,0.017486882827201265
1.2981752750498516e-09,1.019999999828143,0.9999999953436548,-3.0898807959328822,-0.22283512358154872,0.35377312423017415,0.017486882620940378
1.2783997194630248e-09,1.019999999830761,0.9999999954145863,-3.0940638270531853,-0.22283512180546983,0.35410138565005617,0.017486882417632982
1.2589254117941669e-09,1.019999999833339,0.9999999954844372,-3.0982468581415077,-0.22283512005408043,0.35442964706623775,0.017486882217236963
1.239747763028947e-09,1.0199999998358777,0.9999999955532239,-3.1024298891982918,-0.22283511832704042,0.3547579084787717,0.017486882019710798
1.2208622540590724e-09,1.019999999838378,0.999999995620963,-3.1066129202239763,-0.22283511662401442,0.35508616988771036,0.017486881825013557
1.2022644346174128e-09,1.01999999984084,0.99999999568767,-3.1107959512189916,-0.22283511494467156,0.35541443129310507,0.01748688163310488
1.1839499222293004e-09,1.0199999998432645,0.9999999957533608,-3.1149789821837626,-0.22283511328868547,0.3557426926950065,0.017486881443944998
1.1659144011798333e-09,1.0199999998456521,0.9999999958180511,-3.119162013118708,-0.22283511165573422,0.35607095409346456,0.01748688125749469
1.1481536214968828e-09,1.0199999998480034,0.9999999958817558,-3.123345044024243,-0.22283511004550033,0.3563992154885287,0.017486881073715304
1.1306633979496378e-09,1.0199999998503189,0.9999999959444901,-3.127528074900774,-0.2228351084576706,0.35672747688024725,0.017486880892568727
1.113439609062363e-09,1.019999999852599,0.9999999960062688,-3.131711105748703,-0.22283510689193606,0.3570557382686681,0.017486880714017394
1.0964781961431854e-09,1.0199999998548444,0.9999999960671063,-3.135894136568428,-0.22283510534799206,0.35738399965383855,0.01748688053802427
1.0797751623277126e-09,1.0199999998570557,0.9999999961270171,-3.1400771673603383,-0.222835103825538,0.3577122610358049,0.01748688036455285
1.063326571637163e-09,1.019999999859233,0.9999999961860152,-3.144260198124822,-0.22283510232427747,0.3580405224146131,0.017486880193567145
1.0471285480509e-09,1.0199999998613776,0.9999999962441146,-3.148443228862258,-0.22283510084391803,0.35836878379030834,0.017486880025031674
1.0311772745930583e-09,1.0199999998634892,0.999999996301329,-3.1526262595730206,-0.22283509938417123,0.35869704516293494,0.017486879858911463
1.0154689924330821e-09,1.0199999998655687,0.9999999963576718,-3.1568092902574825,-0.22283509794475267,0.359025306532537,0.017486879695172042
1.0000000000000007e-09,1.0199999998676166,0.9999999964131563,-3.160992320916007,-0.2228350965253817,0.3593535678991577,0.01748687953377942
9.847666521101612e-10,1.0199999998696332,0.9999999964677956,-3.1651753515489527,-0.22283509512578153,0.35968182926283954,0.01748687937470009
9.697653591082512e-10,1.0199999998716192,0.9999999965216025,-3.169358382156677,-0.22283509374567925,0.36001009062362477,0.017486879217901034
9.549925860214368e-10,1.0199999998735747,0.9999999965745899,-3.1735414127395285,-0.22283509238480553,0.36033835198155467,0.017486879063349687
9.404448517263516e-10,1.0199999998755007,0.9999999966267701,-3.177724443297853,-0.22283509104289487,0.3606666133366701,0.017486878911013956
9.261187281287956e-10,1.0199999998773972,0.9999999966781553,-3.181907473831989,-0.2228350897196853,0.3609948746890112,0.017486878760862207
9.120108393559107e-10,1.0199999998792648,0.9999999967287578,-3.186090504342275,-0.22283508841491845,0.3613231360386178,0.017486878612863247
8.981178609606945e-10,1.019999999881104,0.9999999967785894,-3.1902735348290405,-0.22283508712833947,0.3616513973855289,0.017486878466986336
8.844365191386018e-10,1.0199999998829152,0.9999999968276619,-3.1944565652926116,-0.22283508585969705,0.36197965872978305,0.01748687832320116
8.709635899560817e-10,1.019999999884699,0.999999996875987,-3.198639595733312,-0.2228350846087433,0.3623079200714183,0.017486878181477854
8.576958985908943e-10,1.0199999998864553,0.9999999969235759,-3.202822626151458,-0.22283508337523364,0.3626361814104721,0.017486878041786957
8.446303185839707e-10,1.019999999888185,0.9999999969704397,-3.207005656547363,-0.22283508215892697,0.3629644427469812,0.017486877904099443
8.317637711026723e-10,1.0199999998898883,0.9999999970165898,-3.211188686921336,-0.22283508095958543,0.36329270408098224,0.01748687776838669
8.190932242152975e-10,1.0199999998915656,0.9999999970620368,-3.2153717172736824,-0.22283507977697434,0.363620965412511,0.01748687763462049
8.066156921766156e-10,1.0199999998932174,0.9999999971067914,-3.2195547476047013,-0.22283507861086238,0.3639492267416028,0.01748687750277303
7.943282347242828e-10,1.0199999998948441,0.9999999971508644,-3.223737777914691,-0.22283507746102124,0.3642774880682926,0.017486877372816893
7.82227956386003e-10,1.019999999896446,0.9999999971942659,-3.227920808203943,-0.2228350763272259,0.36460574939261475,0.01748687724472506
7.703120057972169e-10,1.0199999998980236,0.9999999972370063,-3.2321038384727445,-0.22283507520925427,0.36493401071460313,0.017486877118470887
7.585775750291851e-10,1.019999999899577,0.9999999972790956,-3.2362868687213826,-0.22283507410688738,0.36526227203429124,0.017486876994028115
7.470218989273322e-10,1.0199999999011067,0.9999999973205438,-3.2404698989501366,-0.2228350730199093,0.36559053335171204,0.017486876871370856
7.356422544596436e-10,1.0199999999026133,0.9999999973613605,-3.2446529291592823,-0.2228350719481069,0.365918794666898,0.017486876750473588
7.244359600749915e-10,1.0199999999040967,0.9999999974015554,-3.2488359593490954,-0.22283507089127014,0.3662470559798812,0.017486876631311155
7.134003750712568e-10,1.0199999999055576,0.999999997441138,-3.2530189895198443,-0.22283506984919177,0.36657531729069337,0.017486876513858753
7.025328989730519e-10,1.0199999999069964,0.9999999974801177,-3.257202019671795,-0.22283506882166737,0.3669035785993656,0.01748687639809194
6.918309709189381e-10,1.019999999908413,0.9999999975185034,-3.261385049805208,-0.22283506780849538,0.3672318399059286,0.01748687628398661
6.81292069057962e-10,1.0199999999098084,0.9999999975563045,-3.265568079920346,-0.22283506680947687,0.36756010121041294,0.017486876171519006
6.709137099554112e-10,1.0199999999111822,0.9999999975935299,-3.2697511100174625,-0.2228350658244158,0.36788836251284845,0.017486876060665707
6.606934480075976e-10,1.019999999912535,0.999999997630188,-3.2739341400968094,-0.22283506485311866,0.3682166238132647,0.01748687595140362
6.50628874865558e-10,1.0199999999138676,0.9999999976662878,-3.278117170158637,-0.22283506389539467,0.36854488511169087,0.017486875843709983
6.407176188675538e-10,1.0199999999151796,0.9999999977018377,-3.2823002002031907,-0.22283506295105565,0.3688731464081558,0.01748687573756235
6.309573444801949e-10,1.0199999999164717,0.999999997736846,-3.286483230230712,-0.22283506201991593,0.3692014077026879,0.0174868756329386
6.213457517480767e-10,1.0199999999177443,0.9999999977713211,-3.2906662602414403,-0.22283506110179246,0.3695296689953149,0.017486875529816925
6.118805757518222e-10,1.0199999999189973,0.999999997805271,-3.294849290235602,-0.22283506019650492,0.3698579302860631,0.017486875428175872
6.025595860743595e-10,1.0199999999202312,0.9999999978387037,-3.299032320213426,-0.22283505930387534,0.37018619157495913,0.01748687532799427
5.93380586275329e-10,1.0199999999214464,0.9999999978716272,-3.303215350175142,-0.22283505842372817,0.3705144528620297,0.01748687522925124
5.843414133735179e-10,1.019999999922643,0.9999999979040491,-3.3073983801209743,-0.22283505755589028,0.3708427141473011,0.01748687513192621
5.754399373371587e-10,1.0199999999238214,0.9999999979359772,-3.3115814100511436,-0.22283505670019094,0.37117097543079886,0.017486875035998887
5.666740605819923e-10,1.0199999999249818,0.9999999979674188,-3.31576443996587,-0.22283505585646166,0.37149923671254875,0.01748687494144928
5.580417174769968e-10,1.0199999999261247,0.9999999979983816,-3.3199474698653684,-0.22283505502453638,0.3718274979925757,0.017486874848257675
5.495408738576263e-10,1.01999999992725,0.9999999980288725,-3.3241304997498498,-0.22283505420425126,0.3721557592709044,0.01748687475640464
5.411695265464648e-10,1.0199999999283582,0.999999998058899,-3.3283135296195265,-0.2228350533954447,0.37248402054755936,0.01748687466587102
5.329257028812009e-10,1.0199999999294496,0.9999999980884683,-3.3324965594746034,-0.22283505259795736,0.3728122818225645,0.01748687457663793
5.248074602497725e-10,1.0199999999305243,0.999999998117587,-3.3366795893152847,-0.22283505181163205,0.37314054309594347,0.017486874488686757
5.168128856326046e-10,1.0199999999315827,0.9999999981462621,-3.3408626191417703,-0.22283505103631376,0.3734688043677196,0.017486874401999152
5.089400951518096e-10,1.0199999999326248,0.9999999981745004,-3.3450456489542604,-0.22283505027184966,0.373797065637916,0.017486874316557027
5.011872336272723e-10,1.0199999999336513,0.9999999982023086,-3.349228678752949,-0.22283504951808888,0.3741253269065552,0.01748687423234255
4.935524741394818e-10,1.0199999999346618,0.999999998229693,-3.353411708538028,-0.2228350487748828,0.37445358817365954,0.01748687414933815
4.860340175990224e-10,1.0199999999356573,0.9999999982566604,-3.3575947383096896,-0.2228350480420847,0.37478184943925114,0.017486874067526494
4.786300923226385e-10,1.0199999999366374,0.999999998283217,-3.36177776806812,-0.22283504731954998,0.37511011070335165,0.017486873986890514
4.713389536157417e-10,1.0199999999376026,0.9999999983093689,-3.365960797813502,-0.222835046607136,0.3754383719659824,0.017486873907413363
4.641588833612786e-10,1.0199999999385532,0.9999999983351227,-3.3701438275460216,-0.22283504590470202,0.37576663322716464,0.017486873829078455
4.570881896148752e-10,1.0199999999394893,0.9999999983604839,-3.374326857265856,-0.22283504521210934,0.376094894486919,0.01748687375186943
4.501252062061349e-10,1.019999999940411,0.9999999983854589,-3.378509886973182,-0.22283504452922112,0.376423155745266,0.017486873675770162
4.432682923460096e-10,1.0199999999413187,0.9999999984100535,-3.3826929166681765,-0.22283504385590241,0.3767514170022259,0.017486873600764754
4.3651583224016624e-10,1.0199999999422127,0.9999999984342733,-3.3868759463510103,-0.22283504319202013,0.37707967825781863,0.017486873526837542
4.29866234708229e-10,1.0199999999430929,0.9999999984581243,-3.391058976021853,-0.222835042537443,0.3774079395120636,0.01748687345397308
4.2331793280882166e-10,1.01999999994396,0.9999999984816119,-3.3952420056808728,-0.2228350418920416,0.3777362007649804,0.017486873382156147
4.168693834703357e-10,1.0199999999448135,0.9999999985047416,-3.3994250353282354,-0.22283504125568823,0.37806446201658794,0.01748687331137173
4.1051906712730775e-10,1.0199999999456542,0.9999999985275192,-3.4036080649641027,-0.22283504062825704,0.37839272326690504,0.01748687324160504
4.0426548736234515e-10,1.0199999999464822,0.9999999985499497,-3.407791094588635,-0.22283504000962387,0.3787209845159502,0.017486873172841498
3.9810717055349766e-10,1.0199999999472973,0.9999999985720385,-3.411974124201993,-0.22283503939966623,0.3790492457637418,0.01748687310506673
3.920426655270152e-10,1.0199999999481002,0.9999999985937909,-3.416157153804331,-0.22283503879826339,0.3793775070102978,0.017486873038266564
3.860705432153822e-10,1.019999999948891,0.9999999986152117,-3.420340183395803,-0.22283503820529624,0.3797057682556358,0.01748687297242704
3.8018939632056164e-10,1.0199999999496694,0.9999999986363064,-3.424523212976563,-0.22283503762064732,0.3800340294997735,0.01748687290753439
3.743978389823812e-10,1.019999999950436,0.9999999986570798,-3.428706242546759,-0.22283503704420085,0.380362290742728,0.01748687284357504
3.6869450645195846e-10,1.019999999951191,0.9999999986775366,-3.4328892721065385,-0.22283503647584257,0.38069055198451623,0.017486872780535623
3.630780547701018e-10,1.0199999999519347,0.9999999986976819,-3.4370723016560496,-0.22283503591545983,0.38101881322515513,0.017486872718402945
3.575471604506214e-10,1.0199999999526668,0.9999999987175202,-3.441255331195434,-0.22283503536294155,0.38134707446466115,0.017486872657164018
3.521005201684529e-10,1.019999999953388,0.9999999987370565,-3.4454383607248333,-0.22283503481817812,0.3816753357030505,0.017486872596806025
3.4673685045253217e-10,1.019999999954098,0.999999998756295,-3.4496213902443893,-0.22283503428106158,0.3820035969403393,0.01748687253731634
3.414548873833603e-10,1.0199999999547973,0.9999999987752405,-3.4538044197542384,-0.22283503375148528,0.38233185817654336,0.017486872478682514
3.3625338629516366e-10,1.0199999999554858,0.9999999987938974,-3.4579874492545155,-0.2228350332293442,0.38266011941167816,0.017486872420892283
3.311311214825917e-10,1.019999999956164,0.9999999988122701,-3.462170478745357,-0.2228350327145347,0.38298838064575924,0.017486872363933547
3.260868859118935e-10,1.0199999999568317,0.999999998830363,-3.466353508226894,-0.22283503220695455,0.3833166418788017,0.017486872307794384
3.2111949093648325e-10,1.0199999999574894,0.9999999988481801,-3.4705365376992563,-0.222835031706503,0.38364490311082033,0.017486872252463044
3.162277660168385e-10,1.0199999999581368,0.999999998865726,-3.474719567162574,-0.22283503121308063,0.38397316434183004,0.017486872197927945
3.114105584446762e-10,1.0199999999587746,0.9999999988830045,-3.478902596616973,-0.22283503072658944,0.3843014255718453,0.017486872144177667
3.0666673307131815e-10,1.0199999999594027,0.9999999989000198,-3.4830856260625778,-0.22283503024693277,0.3846296868008804,0.017486872091200957
3.0199517204020224e-10,1.019999999960021,0.9999999989167758,-3.4872686554995114,-0.22283502977401526,0.3849579480289493,0.017486872038986717
2.973947745234609e-10,1.0199999999606302,0.9999999989332767,-3.4914516849278976,-0.22283502930774293,0.3852862092560661,0.017486871987524015
2.928644564625236e-10,1.01999999996123,0.9999999989495262,-3.4956347143478546,-0.2228350288480231,0.38561447048224445,0.017486871936802068
2.8840315031266127e-10,1.0199999999618203,0.9999999989655282,-3.4998177437594995,-0.22283502839476424,0.3859427317074977,0.01748687188681025
2.8400980479142185e-10,1.019999999962402,0.9999999989812863,-3.504000773162952,-0.2228350279478763,0.3862709929318394,0.017486871837538092
2.796833846309077e-10,1.0199999999629747,0.9999999989968045,-3.508183802558325,-0.2228350275072703,0.3865992541552825,0.017486871788975265
2.7542287033381735e-10,1.0199999999635387,0.9999999990120861,-3.512366831945731,-0.22283502707285857,0.38692751537784,0.017486871741111593
2.712272579332032e-10,1.0199999999640943,0.9999999990271351,-3.5165498613252844,-0.22283502664455462,0.3872557765995246,0.017486871693937048
2.6709555875589855e-10,1.0199999999646412,0.9999999990419548,-3.520732890697094,-0.22283502622227322,0.38758403782034895,0.01748687164744174
2.630267991895389e-10,1.0199999999651799,0.9999999990565488,-3.524915920061267,-0.22283502580593026,0.38791229904032526,0.017486871601615918
2.590200204531328e-10,1.0199999999657103,0.9999999990709204,-3.529098949417914,-0.22283502539544278,0.38824056025946596,0.01748687155644998
2.55074278371136e-10,1.0199999999662326,0.9999999990850731,-3.533281978767138,-0.22283502499072902,0.38856882147778293,0.017486871511934458
2.511886431509587e-10,1.019999999966747,0.9999999990990102,-3.5374650081090433,-0.22283502459170834,0.388897082695288,0.01748687146806001
2.4736219916386256e-10,1.0199999999672535,0.999999999112735,-3.5416480374437342,-0.22283502419830117,0.389225343911993,0.017486871424817436
2.4359404472920284e-10,1.0199999999677525,0.9999999991262506,-3.545831066771311,-0.2228350238104291,0.3895536051279094,0.017486871382197667
2.398832919019498e-10,1.0199999999682436,0.9999999991395604,-3.550014096091873,-0.2228350234280148,0.38988186634304833,0.017486871340191765
2.362290662634466e-10,1.0199999999687275,0.9999999991526675,-3.55419712540552,-0.222835023050982,0.3902101275574213,0.017486871298790917
2.326305067153628e-10,1.0199999999692038,0.9999999991655748,-3.558380154712349,-0.22283502267925545,0.3905383887710392,0.017486871257986432
2.2908676527677724e-10,1.019999999969673,0.9999999991782856,-3.562563184012455,-0.22283502231276098,0.3908666499839129,0.01748687121776975
2.255970068843581e-10,1.019999999970135,0.9999999991908027,-3.5667462133059313,-0.22283502195142546,0.391194911196053,0.017486871178132437
2.2216040919558138e-10,1.01999999997059,0.9999999992031292,-3.570929242592874,-0.22283502159517674,0.39152317240747025,0.017486871139066166
2.1877616239495523e-10,1.0199999999710379,0.9999999992152678,-3.5751122718733725,-0.22283502124394372,0.3918514336181749,0.01748687110056274
2.1544346900318887e-10,1.019999999971479,0.9999999992272216,-3.5792953011475173,-0.22283502089765622,0.39217969482817727,0.01748687106261407
2.121615436892687e-10,1.0199999999719136,0.9999999992389933,-3.583478330415399,-0.2228350205562451,0.3925079560374875,0.017486871025212198
2.0892961308540397e-10,1.0199999999723415,0.9999999992505857,-3.587661359677105,-0.2228350202196421,0.39283621724611545,0.01748687098834927
2.0574691560478447e-10,1.0199999999727627,0.9999999992620014,-3.5918443889327207,-0.22283501988778,0.39316447845407093,0.017486870952017536
2.0261270126211463e-10,1.0199999999731777,0.9999999992732432,-3.596027418182334,-0.22283501956059248,0.3934927396613637,0.01748687091620937
1.9952623149688802e-10,1.0199999999735863,0.9999999992843138,-3.6002104474260275,-0.22283501923801408,0.39382100086800326,0.017486870880917257
1.964867789993473e-10,1.0199999999739886,0.9999999992952158,-3.604393476663884,-0.2228350189199803,0.3941492620739989,0.017486870846133776
1.9349362753909555e-10,1.019999999974385,0.9999999993059517,-3.6085765058959867,-0.22283501860642757,0.39447752327936003,0.017486870811851626
1.905460717963248e-10,1.019999999974775,0.9999999993165241,-3.612759535122416,-0.22283501829729313,0.3948057844840957,0.017486870778063598
1.8764341719560907e-10,1.0199999999751594,0.9999999993269354,-3.6169425643432507,-0.22283501799251515,0.3951340456882148,0.017486870744762597
1.8478497974222941e-10,1.0199999999755378,0.9999999993371881,-3.6211255935585704,-0.22283501769203262,0.39546230689172635,0.017486870711941622
1.8197008586099845e-10,1.0199999999759104,0.9999999993472846,-3.625308622768452,-0.22283501739578543,0.39579056809463903,0.017486870679593782
1.7919807223753392e-10,1.0199999999762774,0.9999999993572273,-3.629491651972971,-0.22283501710371423,0.3961188292969613,0.01748687064771227
1.7646828566195038e-10,1.0199999999766387,0.9999999993670186,-3.6336746811722045,-0.22283501681576054,0.39644709049870186,0.017486870616290392
1.737800828749377e-10,1.0199999999769946,0.9999999993766606,-3.6378577103662253,-0.22283501653186674,0.39677535169986894,0.017486870585321536
1.7113283041617804e-10,1.019999999977345,0.9999999993861559,-3.642040739555107,-0.22283501625197588,0.3971036129004708,0.017486870554799198
1.685259044750755e-10,1.0199999999776903,0.9999999993955064,-3.646223768738921,-0.22283501597603195,0.39743187410051545,0.017486870524716955
1.6595869074375624e-10,1.01999999997803,0.9999999994047146,-3.6504067979177397,-0.22283501570397962,0.3977601353000111,0.017486870495068488
1.6343058427231375e-10,1.0199999999783647,0.9999999994137825,-3.6545898270916326,-0.2228350154357644,0.39808839649896544,0.01748687046584756
1.6094098932625387e-10,1.0199999999786944,0.9999999994227122,-3.6587728562606676,-0.22283501517133247,0.3984166576973863,0.017486870437048024
1.5848931924611155e-10,1.0199999999790188,0.9999999994315059,-3.6629558854249153,-0.22283501491063082,0.3987449188952814,0.017486870408663823
1.5607499630921115e-10,1.0199999999793385,0.9999999994401656,-3.6671389145844415,-0.2228350146536072,0.3990731800926583,0.01748687038068899
1.5369745159352753e-10,1.0199999999796532,0.9999999994486934,-3.6713219437393114,-0.22283501440021003,0.3994014412895242,0.017486870353117637
1.5135612484362103e-10,1.0199999999799632,0.9999999994570914,-3.6755049728895925,-0.22283501415038848,0.3997297024858868,0.017486870325943964
1.4905046433861965e-10,1.0199999999802685,0.9999999994653614,-3.679688002035349,-0.2228350139040924,0.4000579636817531,0.01748687029916226
1.4677992676220736e-10,1.0199999999805691,0.9999999994735054,-3.683871031176642,-0.2228350136612724,0.4003862248771302,0.01748687027276688
1.44543977074593e-10,1.019999999980865,0.9999999994815254,-3.6880540603135374,-0.22283501342187972,0.40071448607202537,0.01748687024675228
1.4234208838643424e-10,1.0199999999811564,0.9999999994894231,-3.6922370894460963,-0.22283501318586627,0.40104274726644534,0.017486870221112977
1.401737418346774e-10,1.0199999999814435,0.9999999994972006,-3.6964201185743777,-0.2228350129531847,0.4013710084603969,0.01748687019584358
1.3803842646028874e-10,1.0199999999817262,0.9999999995048595,-3.700603147698444,-0.22283501272378822,0.401699269653887,0.017486870170938765
1.3593563908785265e-10,1.0199999999820046,0.9999999995124019,-3.704786176818354,-0.2228350124976308,0.4020275308469222,0.01748687014639329
1.3386488420699974e-10,1.0199999999822789,0.9999999995198293,-3.7089692059341655,-0.22283501227466695,0.402355792039509,0.017486870122201993
1.3182567385564098e-10,1.0199999999825486,0.9999999995271436,-3.713152235045938,-0.2228350120548519,0.40268405323165396,0.017486870098359773
1.2981752750498502e-10,1.0199999999828147,0.9999999995343464,-3.717335264153727,-0.22283501183814142,0.4030123144233635,0.01748687007486161
1.2783997194630233e-10,1.0199999999830764,0.9999999995414395,-3.72151829325759,-0.22283501162449193,0.4033405756146438,0.01748687005170256
1.25892541179417e-10,1.0199999999833342,0.9999999995484246,-3.7257013223575806,-0.2228350114138605,0.40366883680550114,0.01748687002887774
1.2397477630289457e-10,1.019999999983588,0.9999999995553032,-3.7298843514537565,-0.22283501120620472,0.4039970979959417,0.017486870006382337
1.2208622540590712e-10,1.019999999983838,0.999999999562077,-3.73406738054617,-0.2228350110014828,0.40432535918597157,0.017486869984211614
1.2022644346174158e-10,1.0199999999840843,0.9999999995687476,-3.738250409634875,-0.22283501079965354,0.4046536203755966,0.017486869962360898
1.1839499222293032e-10,1.0199999999843268,0.9999999995753167,-3.742433438719925,-0.22283501060067631,0.40498188156482284,0.01748686994082558
1.1659144011798319e-10,1.0199999999845655,0.9999999995817856,-3.7466164678013723,-0.222835010404511,0.4053101427536562,0.017486869919601116
1.1481536214968858e-10,1.0199999999848006,0.9999999995881561,-3.7507994968792664,-0.22283501021111812,0.4056384039421022,0.017486869898683033
1.1306633979496406e-10,1.0199999999850322,0.9999999995944295,-3.754982525953661,-0.2228350100204587,0.4059666651301669,0.017486869878066916
1.1134396090623619e-10,1.0199999999852603,0.9999999996006074,-3.7591655550246057,-0.22283500983249424,0.40629492631785563,0.01748686985774841
1.096478196143188e-10,1.0199999999854847,0.9999999996066911,-3.763348584092149,-0.22283500964718686,0.4066231875051741,0.017486869837723226
1.0797751623277114e-10,1.019999999985706,0.9999999996126822,-3.7675316131563408,-0.2228350094644992,0.40695144869212774,0.01748686981798714
1.0633265716371618e-10,1.0199999999859235,0.999999999618582,-3.7717146422172223,-0.22283500928439456,0.407279709878721,0.017486869798536007
1.0471285480509026e-10,1.019999999986138,0.999999999624392,-3.7758976712748393,-0.22283500910683665,0.407607971064959,0.01748686977936573
1.0311772745930571e-10,1.0199999999863492,0.9999999996301134,-3.78008070032924,-0.22283500893178973,0.407936232250847,0.017486869760472267
1.015468992433081e-10,1.0199999999865572,0.9999999996357477,-3.784263729380468,-0.22283500875921847,0.40826449343639,0.017486869741851638
1.0000000000000031e-10,1.019999999986762,0.9999999996412962,-3.7884467584285684,-0.22283500858908808,0.40859275462159295,0.01748686972349991
9.847666521101602e-11,1.0199999999869636,0.9999999996467601,-3.7926297874735866,-0.22283500842136428,0.40892101580646084,0.017486869705413216
9.697653591082502e-11,1.019999999987162,0.9999999996521408,-3.796812816515565,-0.22283500825601318,0.4092492769909985,0.017486869687587742
9.549925860214357e-11,1.0199999999873577,0.9999999996574396,-3.800995845554547,-0.2228350080930015,0.40957753817521064,0.017486869670019726
9.404448517263538e-11,1.0199999999875504,0.9999999996626576,-3.8051788745905744,-0.22283500793229624,0.409905799359102,0.01748686965270546
9.261187281287945e-11,1.01999999998774,0.9999999996677961,-3.80936190362369,-0.22283500777386503,0.4102340605426772,0.01748686963564129
9.120108393559097e-11,1.0199999999879268,0.9999999996728564,-3.813544932653935,-0.22283500761767588,0.4105623217259408,0.017486869618823616
8.981178609606967e-11,1.0199999999881106,0.9999999996778395,-3.8177279616813475,-0.22283500746369722,0.4108905829088973,0.01748686960224889
8.844365191386008e-11,1.0199999999882918,0.9999999996827468,-3.8219109907059705,-0.22283500731189795,0.4112188440915512,0.017486869585913608
8.709635899560808e-11,1.0199999999884701,0.9999999996875792,-3.8260940197278424,-0.2228350071622474,0.4115471052739068,0.017486869569814323
8.576958985908964e-11,1.0199999999886458,0.9999999996923382,-3.830277048747001,-0.22283500701471534,0.41187536645596834,0.017486869553947633
8.446303185839698e-11,1.0199999999888187,0.9999999996970246,-3.8344600777634863,-0.22283500686927196,0.41220362763774027,0.017486869538310194
8.317637711026713e-11,1.019999999988989,0.9999999997016396,-3.8386431067773352,-0.22283500672588785,0.4125318888192266,0.017486869522898695
8.190932242152995e-11,1.019999999989157,0.9999999997061843,-3.842826135788584,-0.22283500658453403,0.41286015000043136,0.017486869507709887
8.066156921766148e-11,1.019999999989322,0.9999999997106597,-3.8470091647972717,-0.22283500644518187,0.41318841118135885,0.01748686949274056
7.943282347242819e-11,1.0199999999894847,0.999999999715067,-3.851192193803433,-0.22283500630780323,0.41351667236201295,0.017486869477987547
7.822279563860049e-11,1.0199999999896447,0.9999999997194071,-3.8553752228071025,-0.22283500617237031,0.41384493354239754,0.017486869463447737
7.703120057972161e-11,1.0199999999898026,0.9999999997236811,-3.859558251808318,-0.2228350060388557,0.4141731947225167,0.017486869449118057
7.585775750291843e-11,1.019999999989958,0.9999999997278901,-3.8637412808071128,-0.22283500590723238,0.4145014559023741,0.017486869434995472
7.47021898927334e-11,1.0199999999901108,0.9999999997320349,-3.8679243098035196,-0.2228350057774737,0.41482971708197347,0.017486869421077005
7.356422544596429e-11,1.0199999999902616,0.9999999997361166,-3.872107338797575,-0.2228350056495534,0.41515797826131867,0.017486869407359707
7.244359600749907e-11,1.01999999999041,0.9999999997401361,-3.876290367789311,-0.2228350055234456,0.41548623944041335,0.017486869393840688
7.13400375071256e-11,1.019999999990556,0.9999999997440944,-3.88047339677876,-0.22283500539912474,0.41581450061926106,0.01748686938051708
7.025328989730536e-11,1.0199999999907,0.9999999997479924,-3.8846564257659537,-0.2228350052765656,0.4161427617978653,0.01748686936738607
6.918309709189373e-11,1.0199999999908416,0.999999999751831,-3.8888394547509257,-0.22283500515574345,0.4164710229762298,0.017486869354444885
6.812920690579612e-11,1.019999999990981,0.999999999755611,-3.8930224837337066,-0.2228350050366337,0.4167992841543578,0.017486869341690785
6.709137099554128e-11,1.0199999999911185,0.9999999997593336,-3.897205512714326,-0.2228350049192123,0.41712754533225277,0.017486869329121073
6.606934480075968e-11,1.0199999999912537,0.9999999997629995,-3.9013885416928167,-0.2228350048034554,0.4174558065099182,0.017486869316733093
6.506288748655573e-11,1.019999999991387,0.9999999997666095,-3.905571570669208,-0.22283500468933956,0.4177840676873573,0.01748686930452422
6.407176188675555e-11,1.0199999999915181,0.9999999997701644,-3.909754599643528,-0.22283500457684163,0.4181123288645732,0.01748686929249188
6.309573444801942e-11,1.0199999999916474,0.9999999997736653,-3.913937628615809,-0.2228350044659388,0.4184405900415694,0.01748686928063352
6.21345751748076e-11,1.0199999999917746,0.9999999997771128,-3.9181206575860776,-0.22283500435660858,0.41876885121834895,0.017486869268946634
6.118805757518237e-11,1.0199999999919,0.9999999997805078,-3.9223036865543626,-0.2228350042488288,0.4190971123949149,0.01748686925742875
6.025595860743588e-11,1.0199999999920233,0.9999999997838511,-3.9264867155206926,-0.22283500414257756,0.4194253735712704,0.017486869246077435
5.933805862753283e-11,1.019999999992145,0.9999999997871435,-3.9306697444850953,-0.22283500403783335,0.4197536347474185,0.01748686923489028
5.843414133735193e-11,1.0199999999922646,0.9999999997903857,-3.934852773447597,-0.2228350039345749,0.42008189592336215,0.01748686922386492
5.75439937337158e-11,1.0199999999923823,0.9999999997935785,-3.9390358024082257,-0.22283500383278124,0.4204101570991044,0.017486869212999023
5.6667406058199166e-11,1.0199999999924985,0.9999999997967227,-3.943218831367008,-0.22283500373243167,0.4207384182746481,0.01748686920229029
5.580417174769983e-11,1.0199999999926128,0.999999999799819,-3.9474018603239682,-0.2228350036335059,0.42106667944999604,0.017486869191736452
5.495408738576257e-11,1.0199999999927252,0.9999999998028681,-3.9515848892791348,-0.2228350035359838,0.42139494062515115,0.017486869181335275
5.411695265464642e-11,1.0199999999928362,0.9999999998058707,-3.9557679182325316,-0.22283500343984552,0.42172320180011624,0.017486869171084562
5.329257028812003e-11,1.0199999999929452,0.9999999998088277,-3.959950947184184,-0.2228350033450716,0.42205146297489404,0.01748686916098214
5.248074602497738e-11,1.0199999999930527,0.9999999998117396,-3.9641339761341157,-0.2228350032516427,0.4223797241494871,0.017486869151025868
5.168128856326041e-11,1.0199999999931586,0.9999999998146071,-3.968317005082353,-0.22283500315953994,0.4227079853238983,0.017486869141213637
5.08940095151809e-11,1.0199999999932627,0.9999999998174309,-3.9725000340289194,-0.22283500306874454,0.42303624649813026,0.017486869131543372
5.0118723362727355e-11,1.0199999999933653,0.9999999998202118,-3.976683062973837,-0.22283500297923803,0.42336450767218536,0.017486869122013027
4.935524741394813e-11,1.0199999999934666,0.9999999998229503,-3.980866091917131,-0.22283500289100225,0.42369276884606644,0.017486869112620578
4.8603401759902185e-11,1.019999999993566,0.999999999825647,-3.985049120858824,-0.22283500280401924,0.42402103001977587,0.01748686910336404
4.786300923226396e-11,1.019999999993664,0.9999999998283028,-3.9892321497989376,-0.22283500271827134,0.42434929119331605,0.017486869094241454
4.713389536157412e-11,1.0199999999937606,0.9999999998309179,-3.993415178737496,-0.22283500263374106,0.4246775523666896,0.017486869085250878
4.6415888336127806e-11,1.0199999999938556,0.9999999998334933,-3.9975982076745207,-0.22283500255041122,0.4250058135398989,0.017486869076390417
4.5708818961487634e-11,1.0199999999939493,0.9999999998360295,-4.001781236610032,-0.22283500246826488,0.4253340747129462,0.01748686906765819
4.501252062061344e-11,1.0199999999940415,0.999999999838527,-4.005964265544054,-0.2228350023872853,0.425662335885834,0.017486869059052345
4.432682923460091e-11,1.0199999999941323,0.9999999998409865,-4.010147294476606,-0.222835002307456,0.4259905970585646,0.01748686905057106
4.365158322401673e-11,1.0199999999942215,0.9999999998434085,-4.014330323407708,-0.22283500222876076,0.42631885823114013,0.017486869042212534
4.298662347082285e-11,1.0199999999943097,0.9999999998457936,-4.018513352337384,-0.22283500215118351,0.42664711940356304,0.017486869033975002
4.233179328088212e-11,1.0199999999943963,0.9999999998481424,-4.022696381265651,-0.2228350020747085,0.4269753805758354,0.01748686902585671
4.168693834703353e-11,1.0199999999944815,0.9999999998504554,-4.026879410192531,-0.2228350019993201,0.4273036417479595,0.017486869017855945
4.105190671273088e-11,1.0199999999945657,0.9999999998527331,-4.031062439118041,-0.222835001925003,0.42763190291993725,0.017486869009971002
4.042654873623447e-11,1.0199999999946485,0.9999999998549762,-4.035245468042204,-0.22283500185174202,0.42796016409177107,0.017486869002200214
3.981071705534972e-11,1.01999999999473,0.9999999998571851,-4.039428496965037,-0.22283500177952226,0.42828842526346295,0.017486868994541934
3.920426655270161e-11,1.0199999999948104,0.9999999998593603,-4.0436115258865595,-0.22283500170832898,0.42861668643501477,0.017486868986994534
3.860705432153818e-11,1.0199999999948894,0.9999999998615025,-4.04779455480679,-0.22283500163814765,0.4289449476064289,0.017486868979556414
3.801893963205612e-11,1.0199999999949672,0.9999999998636119,-4.051977583725748,-0.22283500156896402,0.429273208777707,0.017486868972225997
3.7439783898238206e-11,1.019999999995044,0.9999999998656892,-4.056160612643449,-0.2228350015007639,0.42960146994885123,0.01748686896500173
3.68694506451958e-11,1.0199999999951195,0.9999999998677349,-4.060343641559913,-0.22283500143353346,0.4299297311198635,0.017486868957882075
3.630780547701014e-11,1.0199999999951939,0.9999999998697494,-4.064526670475157,-0.22283500136725892,0.43025799229074574,0.017486868950865524
3.575471604506223e-11,1.019999999995267,0.9999999998717333,-4.068709699389198,-0.2228350013019268,0.4305862534614997,0.01748686894395059
3.521005201684525e-11,1.019999999995339,0.9999999998736869,-4.072892728302054,-0.22283500123752373,0.4309145146321275,0.017486868937135802
3.467368504525318e-11,1.0199999999954101,0.9999999998756107,-4.077075757213741,-0.2228350011740366,0.43124277580263076,0.017486868930419713
3.4145488738336115e-11,1.01999999999548,0.9999999998775053,-4.081258786124276,-0.22283500111145244,0.43157103697301125,0.0174868689238009
3.3625338629516326e-11,1.019999999995549,0.9999999998793709,-4.0854418150336755,-0.22283500104975845,0.43189929814327094,0.017486868917277954
3.311311214825913e-11,1.0199999999956166,0.9999999998812082,-4.089624843941955,-0.22283500098894204,0.43222755931341145,0.017486868910849496
3.260868859118943e-11,1.0199999999956835,0.9999999998830175,-4.093807872849131,-0.2228350009289908,0.4325558204834345,0.017486868904514157
3.211194909364829e-11,1.0199999999957492,0.9999999998847992,-4.097990901755219,-0.2228350008698925,0.4328840816533419,0.01748686889827059
3.162277660168382e-11,1.019999999995814,0.9999999998865537,-4.102173930660235,-0.22283500081163501,0.4332123428231352,0.017486868892117473
3.1141055844467586e-11,1.0199999999958778,0.9999999998882816,-4.106356959564193,-0.22283500075420645,0.43354060399281613,0.017486868886053494
3.066667330713189e-11,1.0199999999959406,0.9999999998899831,-4.110539988467108,-0.22283500069759513,0.43386886516238626,0.01748686888007737
3.019951720402019e-11,1.0199999999960023,0.9999999998916587,-4.1147230173689975,-0.2228350006417894,0.4341971263318472,0.01748686887418783
2.973947745234606e-11,1.0199999999960634,0.9999999998933088,-4.118906046269873,-0.2228350005867779,0.4345253875012006,0.017486868868383618
2.928644564625243e-11,1.0199999999961233,0.9999999998949337,-4.123089075169749,-0.22283500053254937,0.4348536486704479,0.017486868862663506
2.8840315031266094e-11,1.0199999999961824,0.9999999998965339,-4.127272104068642,-0.22283500047909272,0.43518190983959076,0.01748686885702628
2.840098047914215e-11,1.0199999999962406,0.9999999998981097,-4.131455132966565,-0.222835000426397,0.43551017100863065,0.017486868851470733
2.796833846309084e-11,1.0199999999962979,0.9999999998996615,-4.13563816186353,-0.22283500037445145,0.4358384321775689,0.017486868845995696
2.7542287033381702e-11,1.0199999999963543,0.9999999999011897,-4.139821190759553,-0.22283500032324544,0.43616669334640723,0.017486868840599995
2.712272579332029e-11,1.0199999999964098,0.9999999999026945,-4.144004219654645,-0.22283500027276848,0.4364949545151469,0.017486868835282488
2.670955587558992e-11,1.0199999999964644,0.9999999999041765,-4.148187248548821,-0.22283500022301025,0.43682321568378935,0.017486868830042048
2.630267991895386e-11,1.0199999999965184,0.9999999999056359,-4.152370277442094,-0.22283500017396055,0.43715147685233613,0.017486868824877554
2.5902002045313252e-11,1.0199999999965714,0.9999999999070731,-4.156553306334476,-0.22283500012560936,0.43747973802078843,0.01748686881978791
2.550742783711366e-11,1.0199999999966236,0.9999999999084883,-4.1607363352259785,-0.22283500007794677,0.4378079991891477,0.017486868814772037
2.5118864315095846e-11,1.019999999996675,0.999999999909882,-4.164919364116617,-0.22283500003096302,0.43813626035741526,0.017486868809828866
2.473621991638623e-11,1.0199999999967257,0.9999999999112545,-4.169102393006401,-0.22283499998464848,0.4384645215255925,0.017486868804957346
2.4359404472920342e-11,1.0199999999967755,0.999999999912606,-4.1732854218953435,-0.22283499993899367,0.43879278269368055,0.01748686880015644
2.398832919019495e-11,1.0199999999968246,0.9999999999139371,-4.177468450783458,-0.22283499989398925,0.4391210438616809,0.017486868795425128
2.362290662634464e-11,1.019999999996873,0.9999999999152478,-4.181651479670753,-0.22283499984962596,0.4394493050295947,0.017486868790762406
2.3263050671536255e-11,1.0199999999969207,0.9999999999165384,-4.185834508557243,-0.22283499980589477,0.43977756619742314,0.01748686878616728
2.290867652767778e-11,1.0199999999969676,0.9999999999178095,-4.1900175374429365,-0.22283499976278665,0.4401058273651675,0.01748686878163877
2.2559700688435785e-11,1.0199999999970137,0.9999999999190613,-4.194200566327847,-0.22283499972029283,0.44043408853282906,0.01748686877717592
2.2216040919558115e-11,1.0199999999970593,0.9999999999202939,-4.198383595211986,-0.22283499967840456,0.44076234970040895,0.017486868772777775
2.1877616239495577e-11,1.0199999999971041,0.9999999999215078,-4.202566624095361,-0.22283499963711326,0.44109061086790824,0.017486868768443402
2.1544346900318865e-11,1.0199999999971483,0.9999999999227032,-4.206749652977987,-0.22283499959641045,0.44141887203532826,0.017486868764171874
2.1216154368926846e-11,1.0199999999971916,0.9999999999238803,-4.210932681859872,-0.22283499955628783,0.44174713320267006,0.01748686875996229
2.0892961308540448e-11,1.0199999999972345,0.9999999999250395,-4.215115710741027,-0.22283499951673713,0.4420753943699347,0.017486868755813748
2.0574691560478422e-11,1.0199999999972766,0.9999999999261812,-4.219298739621462,-0.22283499947775026,0.4424036555371234,0.01748686875172537
2.026127012621144e-11,1.0199999999973182,0.9999999999273054,-4.2234817685011885,-0.2228349994393192,0.4427319167042373,0.01748686874769628
1.995262314968885e-11,1.019999999997359,0.9999999999284124,-4.227664797380214,-0.22283499940143608,0.4430601778712772,0.01748686874372563
1.9648677899934708e-11,1.0199999999973992,0.9999999999295026,-4.2318478262585515,-0.22283499936409315,0.44338843903824443,0.017486868739812565
1.9349362753909532e-11,1.0199999999974387,0.9999999999305762,-4.236030855136209,-0.2228349993272827,0.44371670020514,0.017486868735956257
1.9054607179632527e-11,1.0199999999974778,0.9999999999316335,-4.240213884013196,-0.2228349992909972,0.4440449613719648,0.017486868732155887
1.8764341719560887e-11,1.0199999999975162,0.9999999999326745,-4.244396912889522,-0.2228349992552292,0.44437322253871997,0.017486868728410643
1.8478497974222922e-11,1.019999999997554,0.9999999999336998,-4.248579941765198,-0.22283499921997138,0.4447014837054065,0.01748686872471973
1.819700858609989e-11,1.0199999999975913,0.9999999999347094,-4.25276297064023,-0.22283499918521646,0.44502974487202535,0.017486868721082363
1.7919807223753373e-11,1.0199999999976281,0.9999999999357038,-4.25694599951463,-0.2228349991509573,0.44535800603857756,0.017486868717497765
1.764682856619502e-11,1.019999999997664,0.9999999999366829,-4.261129028388406,-0.22283499911718693,0.445686267205064,0.017486868713965174
1.737800828749375e-11,1.0199999999976999,0.999999999937647,-4.265312057261568,-0.22283499908389834,0.4460145283714857,0.017486868710483834
1.7113283041617846e-11,1.0199999999977347,0.9999999999385966,-4.269495086134121,-0.22283499905108473,0.44634278953784345,0.017486868707053013
1.685259044750753e-11,1.0199999999977694,0.9999999999395316,-4.273678115006079,-0.22283499901873932,0.4466710507041385,0.017486868703671967
1.6595869074375605e-11,1.0199999999978033,0.9999999999404524,-4.277861143877447,-0.2228349989868555,0.44699931187037145,0.017486868700339987
1.6343058427231416e-11,1.0199999999978369,0.9999999999413591,-4.2820441727482335,-0.2228349989554267,0.4473275730365433,0.017486868697056356
1.609409893262537e-11,1.0199999999978697,0.9999999999422521,-4.286227201618449,-0.22283499892444644,0.4476558342026551,0.01748686869382038
1.5848931924611137e-11,1.0199999999979021,0.9999999999431315,-4.290410230488101,-0.22283499889390834,0.4479840953687076,0.01748686869063136
1.5607499630921154e-11,1.0199999999979341,0.9999999999439974,-4.294593259357196,-0.22283499886380614,0.4483123565347016,0.017486868687488624
1.5369745159352735e-11,1.0199999999979656,0.9999999999448501,-4.298776288225745,-0.22283499883413366,0.4486406177006382,0.017486868684391497
1.5135612484362085e-11,1.0199999999979965,0.9999999999456899,-4.3029593170937535,-0.22283499880488475,0.44896887886651815,0.01748686868133932
1.4905046433862002e-11,1.0199999999980272,0.9999999999465169,-4.30714234596123,-0.22283499877605337,0.44929714003234217,0.017486868678331442
1.4677992676220718e-11,1.0199999999980571,0.9999999999473312,-4.311325374828184,-0.2228349987476336,0.44962540119811134,0.01748686867536722
1.4454397707459282e-11,1.0199999999980869,0.9999999999481333,-4.315508403694621,-0.2228349987196196,0.4499536623638264,0.017486868672446015
1.4234208838643458e-11,1.019999999998116,0.999999999948923,-4.31969143256055,-0.22283499869200554,0.45028192352948815,0.01748686866956721
1.4017374183467724e-11,1.0199999999981446,0.9999999999497007,-4.323874461425979,-0.22283499866478573,0.4506101846950975,0.01748686866673018
1.3803842646028858e-11,1.0199999999981728,0.9999999999504666,-4.328057490290916,-0.22283499863795458,0.45093844586065523,0.017486868663934327
1.3593563908785299e-11,1.0199999999982008,0.9999999999512208,-4.3322405191553655,-0.22283499861150652,0.45126670702616206,0.017486868661179045
1.338648842069996e-11,1.019999999998228,0.9999999999519635,-4.336423548019338,-0.22283499858543607,0.451594968191619,0.017486868658463744
1.3182567385564083e-11,1.0199999999982552,0.9999999999526951,-4.340606576882838,-0.22283499855973793,0.45192322935702633,0.017486868655787857
1.2981752750498488e-11,1.0199999999982818,0.9999999999534153,-4.34478960574587,-0.22283499853440683,0.45225149052238467,0.017486868653150817
1.2783997194630265e-11,1.019999999998308,0.9999999999541246,-4.348972634608439,-0.22283499850943755,0.45257975168769465,0.01748686865055206
1.2589254117941686e-11,1.0199999999983338,0.9999999999548231,-4.353155663470557,-0.22283499848482496,0.4529080128529571,0.017486868647991028
1.2397477630289443e-11,1.019999999998359,0.999999999955511,-4.357338692332226,-0.222834998460564,0.4532362740181728,0.017486868645467182
1.2208622540590742e-11,1.0199999999983842,0.9999999999561884,-4.361521721193452,-0.2228349984366497,0.45356453518334217,0.017486868642979984
1.2022644346174145e-11,1.0199999999984086,0.9999999999568555,-4.3657047500542445,-0.22283499841307705,0.4538927963484661,0.0174868686405289
1.1839499222293021e-11,1.019999999998433,0.9999999999575124,-4.369887778914609,-0.22283499838984128,0.4542210575135452,0.017486868638113405
1.1659144011798347e-11,1.0199999999984568,0.9999999999581592,-4.374070807774549,-0.22283499836693751,0.45454931867858,0.01748686863573299
1.1481536214968845e-11,1.0199999999984803,0.9999999999587963,-4.378253836634074,-0.2228349983443611,0.45487757984357136,0.01748686863338714
1.1306633979496394e-11,1.0199999999985034,0.9999999999594237,-4.382436865493188,-0.22283499832210737,0.4552058410085198,0.017486868631075365
1.1134396090623645e-11,1.0199999999985263,0.9999999999600415,-4.386619894351896,-0.2228349983001717,0.4555341021734259,0.01748686862879716
1.0964781961431868e-11,1.0199999999985487,0.9999999999606498,-4.390802923210207,-0.22283499827854958,0.45586236333829033,0.017486868626552046
1.0797751623277102e-11,1.019999999998571,0.999999999961249,-4.394985952068124,-0.22283499825723657,0.4561906245031137,0.017486868624339538
1.0633265716371644e-11,1.0199999999985927,0.999999999961839,-4.399168980925652,-0.22283499823622824,0.45651888566789656,0.017486868622159167
1.0471285480509015e-11,1.019999999998614,0.99999999996242,-4.4033520097828,-0.22283499821552027,0.4568471468326396,0.01748686862001047
1.0311772745930559e-11,1.019999999998635,0.999999999962992,-4.407535038639571,-0.22283499819510838,0.4571754079973433,0.017486868617892982
1.0154689924330834e-11,1.019999999998656,0.9999999999635555,-4.411718067495969,-0.22283499817498836,0.45750366916200824,0.017486868615806256
1.000000000000002e-11,1.0199999999986764,0.9999999999641104,-4.415901096352004,-0.22283499815515603,0.45783193032663505,0.017486868613749845
9.847666521101591e-12,1.0199999999986966,0.9999999999646567,-4.420084125207676,-0.22283499813560734,0.4581601914912243,0.017486868611723307
9.697653591082491e-12,1.0199999999987166,0.9999999999651948,-4.424267154062994,-0.2228349981163382,0.45848845265577637,0.01748686860972621
9.549925860214381e-12,1.0199999999987361,0.9999999999657248,-4.42845018291796,-0.22283499809734467,0.4588167138202919,0.017486868607758128
9.404448517263528e-12,1.0199999999987552,0.9999999999662464,-4.432633211772581,-0.22283499807862278,0.45914497498477147,0.017486868605818637
9.261187281287935e-12,1.0199999999987743,0.9999999999667604,-4.436816240626862,-0.22283499806016868,0.45947323614921554,0.01748686860390733
9.120108393559119e-12,1.019999999998793,0.9999999999672664,-4.440999269480805,-0.22283499804197857,0.4598014973136246,0.01748686860202379
8.981178609606958e-12,1.0199999999988114,0.9999999999677647,-4.445182298334419,-0.22283499802404869,0.46012975847799925,0.01748686860016762
8.844365191385998e-12,1.0199999999988294,0.9999999999682554,-4.449365327187707,-0.2228349980063753,0.4604580196423399,0.01748686859833842
8.70963589956083e-12,1.0199999999988474,0.9999999999687387,-4.453548356040673,-0.22283499798895476,0.4607862808066471,0.0174868685965358
8.576958985908954e-12,1.019999999998865,0.9999999999692145,-4.457731384893322,-0.22283499797178347,0.4611145419709213,0.017486868594759373
8.446303185839688e-12,1.0199999999988822,0.9999999999696831,-4.461914413745659,-0.22283499795485787,0.46144280313516295,0.017486868593008763
8.317637711026733e-12,1.0199999999988991,0.9999999999701447,-4.466097442597687,-0.2228349979381745,0.46177106429937254,0.017486868591283594
8.190932242152986e-12,1.019999999998916,0.9999999999705992,-4.470280471449412,-0.22283499792172984,0.46209932546355065,0.017486868589583492
8.066156921766139e-12,1.0199999999989324,0.9999999999710467,-4.474463500300837,-0.22283499790552053,0.4624275866276976,0.017486868587908103
7.94328234724284e-12,1.0199999999989489,0.9999999999714875,-4.478646529151967,-0.2228349978895432,0.46275584779181383,0.01748686858625706
7.82227956386004e-12,1.0199999999989648,0.9999999999719215,-4.482829558002807,-0.22283499787379454,0.4630841089558999,0.017486868584630014
7.703120057972151e-12,1.0199999999989806,0.9999999999723489,-4.487012586853361,-0.2228349978582713,0.4634123701199562,0.017486868583026616
7.585775750291861e-12,1.0199999999989962,0.9999999999727698,-4.49119561570363,-0.22283499784297028,0.463740631283983,0.017486868581446522
7.470218989273332e-12,1.0199999999990115,0.9999999999731842,-4.495378644553622,-0.22283499782788826,0.464068892447981,0.017486868579889396
7.35642254459642e-12,1.0199999999990266,0.9999999999735923,-4.499561673403339,-0.22283499781302218,0.4643971536119505,0.0174868685783549
7.244359600749899e-12,1.0199999999990412,0.9999999999739944,-4.503744702252786,-0.22283499779836893,0.46472541477589185,0.017486868576842715
7.134003750712578e-12,1.0199999999990559,0.9999999999743902,-4.507927731101964,-0.2228349977839255,0.46505367593980546,0.01748686857535251
7.025328989730529e-12,1.0199999999990703,0.99999999997478,-4.512110759950882,-0.22283499776968882,0.46538193710369186,0.017486868573883967
6.918309709189365e-12,1.0199999999990845,0.9999999999751639,-4.516293788799539,-0.22283499775565602,0.46571019826755133,0.017486868572436774
6.81292069057963e-12,1.0199999999990985,0.9999999999755419,-4.52047681764794,-0.22283499774182416,0.4660384594313843,0.017486868571010623
6.709137099554121e-12,1.019999999999112,0.9999999999759142,-4.52465984649609,-0.2228349977281904,0.46636672059519113,0.017486868569605202
6.606934480075961e-12,1.0199999999991256,0.9999999999762808,-4.528842875343991,-0.2228349977147519,0.4666949817589722,0.017486868568220217
6.5062887486555886e-12,1.019999999999139,0.9999999999766417,-4.533025904191647,-0.22283499770150586,0.4670232429227279,0.017486868566855364
6.407176188675547e-12,1.0199999999991523,0.9999999999769972,-4.537208933039063,-0.22283499768844955,0.46735150408645865,0.01748686856551036
6.309573444801935e-12,1.0199999999991651,0.9999999999773473,-4.54139196188624,-0.22283499767558027,0.46767976525016475,0.017486868564184913
6.213457517480774e-12,1.0199999999991778,0.9999999999776921,-4.545574990733183,-0.22283499766289533,0.46800802641384653,0.017486868562878736
6.11880575751823e-12,1.0199999999991902,0.9999999999780316,-4.549758019579895,-0.2228349976503921,0.46833628757750445,0.017486868561591554
6.0255958607435815e-12,1.0199999999992027,0.999999999978366,-4.553941048426379,-0.22283499763806802,0.4686645487411387,0.017486868560323093
5.9338058627532976e-12,1.0199999999992149,0.9999999999786952,-4.5581240772726375,-0.22283499762592052,0.46899280990474973,0.017486868559073075
5.843414133735187e-12,1.0199999999992269,0.9999999999790193,-4.562307106118676,-0.22283499761394704,0.4693210710683379,0.017486868557841238
5.754399373371574e-12,1.0199999999992386,0.9999999999793386,-4.566490134964496,-0.22283499760214517,0.4696493322319035,0.017486868556627313
5.666740605819931e-12,1.0199999999992502,0.999999999979653,-4.570673163810101,-0.2228349975905124,0.4699775933954468,0.017486868555431044
5.580417174769976e-12,1.0199999999992615,0.9999999999799627,-4.574856192655494,-0.22283499757904635,0.4703058545589683,0.017486868554252178
5.495408738576251e-12,1.0199999999992728,0.9999999999802677,-4.579039221500678,-0.2228349975677446,0.47063411572246816,0.017486868553090455
5.411695265464636e-12,1.019999999999284,0.999999999980568,-4.583222250345657,-0.22283499755660488,0.4709623768859467,0.01748686855194563
5.329257028812016e-12,1.0199999999992948,0.9999999999808636,-4.587405279190431,-0.22283499754562483,0.47129063804940424,0.01748686855081746
5.248074602497732e-12,1.0199999999993057,0.9999999999811549,-4.591588308035007,-0.22283499753480215,0.47161889921284117,0.0174868685497057
5.168128856326035e-12,1.0199999999993161,0.9999999999814416,-4.595771336879385,-0.22283499752413463,0.4719471603762578,0.017486868548610115
5.089400951518103e-12,1.0199999999993266,0.999999999981724,-4.599954365723568,-0.22283499751362004,0.4722754215396542,0.017486868547530468
5.01187233627273e-12,1.0199999999993368,0.9999999999820021,-4.6041373945675605,-0.22283499750325622,0.47260368270303094,0.017486868546466527
4.935524741394807e-12,1.019999999999347,0.999999999982276,-4.608320423411364,-0.22283499749304098,0.4729319438663882,0.017486868545418064
4.8603401759902305e-12,1.019999999999357,0.9999999999825456,-4.61250345225498,-0.22283499748297222,0.47326020502972616,0.01748686854438486
4.786300923226391e-12,1.0199999999993667,0.9999999999828112,-4.616686481098415,-0.22283499747304783,0.4735884661930453,0.017486868543366684
4.713389536157407e-12,1.0199999999993763,0.9999999999830728,-4.620869509941668,-0.2228349974632658,0.47391672735634577,0.017486868542363327
4.641588833612792e-12,1.0199999999993858,0.9999999999833302,-4.625052538784742,-0.22283499745362403,0.4742449885196278,0.01748686854137457
4.570881896148758e-12,1.0199999999993952,0.9999999999835839,-4.629235567627641,-0.22283499744412055,0.47457324968289183,0.0174868685404002
4.501252062061339e-12,1.0199999999994045,0.9999999999838337,-4.633418596470368,-0.2228349974347534,0.474901510846138,0.01748686853944001
4.432682923460102e-12,1.0199999999994136,0.9999999999840796,-4.637601625312923,-0.22283499742552063,0.4752297720093665,0.017486868538493794
4.365158322401668e-12,1.0199999999994225,0.9999999999843218,-4.641784654155311,-0.22283499741642027,0.47555803317257783,0.017486868537561345
4.29866234708228e-12,1.0199999999994314,0.9999999999845604,-4.645967682997533,-0.2228349974074505,0.475886294335772,0.017486868536642473
4.233179328088207e-12,1.01999999999944,0.9999999999847953,-4.650150711839592,-0.2228349973986094,0.4762145554989494,0.01748686853573697
4.168693834703363e-12,1.0199999999994485,0.9999999999850265,-4.654333740681489,-0.22283499738989515,0.4765428166621102,0.01748686853484465
4.105190671273083e-12,1.019999999999457,0.9999999999852544,-4.658516769523228,-0.22283499738130594,0.4768710778252547,0.01748686853396532
4.042654873623442e-12,1.0199999999994651,0.9999999999854786,-4.662699798364811,-0.22283499737284,0.4771993389883831,0.017486868533098786
3.981071705534982e-12,1.0199999999994733,0.9999999999856996,-4.666882827206239,-0.22283499736449552,0.47752760015149565,0.01748686853224487
3.920426655270157e-12,1.0199999999994813,0.999999999985917,-4.671065856047516,-0.22283499735627083,0.47785586131459257,0.01748686853140338
3.8607054321538136e-12,1.0199999999994893,0.9999999999861312,-4.675248884888643,-0.22283499734816417,0.47818412247767417,0.017486868530574143
3.801893963205621e-12,1.019999999999497,0.9999999999863421,-4.679431913729623,-0.22283499734017387,0.4785123836407405,0.017486868529756977
3.743978389823816e-12,1.0199999999995046,0.99999999998655,-4.683614942570457,-0.22283499733229825,0.47884064480379196,0.01748686852895171
3.686945064519576e-12,1.0199999999995124,0.9999999999867545,-4.687797971411148,-0.22283499732453568,0.4791689059668287,0.01748686852815817
3.630780547701023e-12,1.0199999999995197,0.999999999986956,-4.6919810002516975,-0.22283499731688455,0.47949716712985085,0.01748686852737618
3.575471604506219e-12,1.019999999999527,0.9999999999871544,-4.696164029092108,-0.22283499730934325,0.47982542829285885,0.017486868526605574
3.521005201684521e-12,1.0199999999995342,0.9999999999873497,-4.700347057932382,-0.22283499730191025,0.4801536894558527,0.017486868525846192
3.4673685045253265e-12,1.0199999999995413,0.9999999999875421,-4.70453008677252,-0.22283499729458398,0.4804819506188326,0.017486868525097867
3.414548873833608e-12,1.0199999999995484,0.9999999999877316,-4.708713115612525,-0.22283499728736286,0.48081021178179895,0.017486868524360443
3.362533862951629e-12,1.0199999999995553,0.9999999999879181,-4.712896144452399,-0.22283499728024547,0.48113847294475176,0.017486868523633754
3.311311214825921e-12,1.019999999999562,0.9999999999881019,-4.717079173292143,-0.22283499727323028,0.4814667341076913,0.017486868522917646
3.2608688591189394e-12,1.0199999999995688,0.9999999999882828,-4.7212622021317605,-0.2228349972663158,0.4817949952706178,0.01748686852221197
3.2111949093648253e-12,1.0199999999995752,0.9999999999884609,-4.725445230971252,-0.22283499725950068,0.4821232564335314,0.01748686852151657
3.1622776601683786e-12,1.0199999999995817,0.9999999999886364,-4.729628259810619,-0.2228349972527834,0.4824515175964323,0.017486868520831297
3.114105584446766e-12,1.0199999999995881,0.9999999999888092,-4.733811288649864,-0.22283499724616262,0.48277977875932065,0.017486868520156004
3.066667330713186e-12,1.0199999999995943,0.9999999999889794,-4.737994317488989,-0.22283499723963696,0.4831080399221967,0.01748686851949055
3.019951720402016e-12,1.0199999999996006,0.9999999999891469,-4.742177346327996,-0.22283499723320502,0.48343630108506064,0.017486868518834787
2.973947745234613e-12,1.0199999999996068,0.9999999999893119,-4.746360375166885,-0.22283499722686545,0.4837645622479125,0.017486868518188575
2.92864456462524e-12,1.0199999999996128,0.9999999999894744,-4.7505434040056596,-0.222834997220617,0.48409282341075266,0.017486868517551775
2.8840315031266064e-12,1.0199999999996185,0.9999999999896344,-4.754726432844321,-0.2228349972144583,0.4844210845735812,0.017486868516924253
2.840098047914222e-12,1.0199999999996243,0.9999999999897919,-4.758909461682869,-0.22283499720838806,0.48474934573639816,0.01748686851630587
2.796833846309081e-12,1.01999999999963,0.9999999999899472,-4.7630924905213075,-0.22283499720240507,0.48507760689920393,0.017486868515696495
2.7542287033381675e-12,1.0199999999996359,0.9999999999901,-4.767275519359638,-0.22283499719650804,0.4854058680619986,0.017486868515096
2.7122725793320357e-12,1.0199999999996414,0.9999999999902505,-4.77145854819786,-0.22283499719069574,0.48573412922478215,0.01748686851450425
2.670955587558989e-12,1.0199999999996467,0.9999999999903987,-4.7756415770359775,-0.22283499718496697,0.48606239038755505,0.01748686851392112
2.6302679918953832e-12,1.0199999999996523,0.9999999999905446,-4.779824605873991,-0.22283499717932054,0.4863906515503173,0.017486868513346486
2.5902002045313315e-12,1.0199999999996574,0.9999999999906883,-4.784007634711901,-0.22283499717375524,0.48671891271306894,0.017486868512780227
2.5507427837113634e-12,1.0199999999996627,0.9999999999908298,-4.78819066354971,-0.22283499716826993,0.4870471738758103,0.017486868512222215
2.511886431509582e-12,1.0199999999996678,0.9999999999909692,-4.79237369238742,-0.22283499716286345,0.4873754350385415,0.017486868511672332
2.473621991638629e-12,1.019999999999673,0.9999999999911064,-4.79655672122503,-0.2228349971575347,0.48770369620126264,0.01748686851113046
2.4359404472920317e-12,1.0199999999996778,0.9999999999912416,-4.800739750062545,-0.2228349971522825,0.48803195736397387,0.017486868510596484
2.3988329190194925e-12,1.019999999999683,0.9999999999913747,-4.8049227788999636,-0.22283499714710583,0.4883602185266753,0.01748686851007029
2.3622906626344613e-12,1.0199999999996876,0.9999999999915058,-4.809105807737288,-0.22283499714200358,0.48868847968936724,0.01748686850955176
2.3263050671536313e-12,1.0199999999996925,0.9999999999916348,-4.81328883657452,-0.22283499713697466,0.48901674085204955,0.01748686850904079
2.2908676527677756e-12,1.0199999999996971,0.9999999999917619,-4.81747186541166,-0.22283499713201807,0.4893450020147226,0.017486868508537264
2.255970068843576e-12,1.0199999999997018,0.999999999991887,-4.82165489424871,-0.2228349971271327,0.4896732631773864,0.017486868508041074
2.221604091955817e-12,1.0199999999997063,0.9999999999920104,-4.825837923085671,-0.2228349971223176,0.4900015243400411,0.017486868507552114
2.1877616239495554e-12,1.0199999999997107,0.9999999999921317,-4.830020951922544,-0.22283499711757174,0.49032978550268685,0.01748686850707028
2.154434690031884e-12,1.0199999999997151,0.9999999999922513,-4.834203980759331,-0.2228349971128941,0.49065804666532387,0.017486868506595466
2.12161543689269e-12,1.0199999999997196,0.999999999992369,-4.838387009596032,-0.22283499710828372,0.49098630782795205,0.017486868506127573
2.0892961308540426e-12,1.0199999999997238,0.9999999999924849,-4.84257003843265,-0.22283499710373966,0.49131456899057174,0.0174868685056665
2.0574691560478402e-12,1.019999999999728,0.999999999992599,-4.8467530672691845,-0.22283499709926094,0.491642830153183,0.017486868505212146
2.026127012621149e-12,1.0199999999997322,0.9999999999927115,-4.850936096105637,-0.22283499709484664,0.4919710913157858,0.017486868504764413
1.9952623149688827e-12,1.0199999999997362,0.9999999999928222,-4.85511912494201,-0.2228349970904958,0.4922993524783805,0.017486868504323207
1.9648677899934683e-12,1.0199999999997402,0.9999999999929312,-4.859302153778303,-0.22283499708620758,0.4926276136409671,0.01748686850388843
1.934936275390958e-12,1.0199999999997442,0.9999999999930386,-4.863485182614517,-0.222834997081981,0.49295587480354564,0.01748686850345999
1.9054607179632507e-12,1.0199999999997482,0.9999999999931443,-4.867668211450654,-0.22283499707781526,0.4932841359661163,0.017486868503037798
1.8764341719560867e-12,1.019999999999752,0.9999999999932484,-4.871851240286716,-0.22283499707370943,0.4936123971286793,0.017486868502621756
1.8478497974222967e-12,1.0199999999997558,0.999999999993351,-4.876034269122702,-0.22283499706966267,0.4939406582912345,0.017486868502211782
1.819700858609987e-12,1.0199999999997595,0.9999999999934519,-4.880217297958613,-0.22283499706567414,0.4942689194537823,0.017486868501807785
1.7919807223753353e-12,1.019999999999763,0.9999999999935514,-4.884400326794452,-0.222834997061743,0.49459718061632263,0.017486868501409677
1.7646828566194997e-12,1.0199999999997669,0.9999999999936493,-4.88858335563022,-0.22283499705786844,0.4949254417788556,0.017486868501017373
1.7378008287493793e-12,1.0199999999997704,0.9999999999937457,-4.892766384465915,-0.2228349970540496,0.49525370294138127,0.01748686850063079
1.7113283041617827e-12,1.019999999999774,0.9999999999938406,-4.896949413301542,-0.22283499705028575,0.4955819641038999,0.01748686850024984
1.6852590447507513e-12,1.0199999999997773,0.9999999999939341,-4.901132442137098,-0.22283499704657606,0.49591022526641143,0.017486868499874447
1.6595869074375646e-12,1.0199999999997806,0.9999999999940262,-4.905315470972586,-0.22283499704291976,0.496238486428916,0.01748686849950453
1.6343058427231396e-12,1.019999999999784,0.9999999999941169,-4.9094984998080085,-0.2228349970393161,0.49656674759141384,0.017486868499140006
1.6094098932625352e-12,1.0199999999997873,0.9999999999942062,-4.913681528643364,-0.22283499703576432,0.4968950087539049,0.017486868498780797
1.5848931924611177e-12,1.0199999999997906,0.9999999999942941,-4.917864557478653,-0.22283499703226367,0.4972232699163892,0.01748686849842683
1.5607499630921137e-12,1.0199999999997937,0.9999999999943807,-4.922047586313879,-0.2228349970288134,0.49755153107886707,0.017486868498078022
1.5369745159352718e-12,1.019999999999797,0.999999999994466,-4.926230615149041,-0.22283499702541285,0.4978797922413385,0.017486868497734304
1.5135612484362124e-12,1.0199999999998,0.99999999999455,-4.93041364398414,-0.22283499702206122,0.4982080534038035,0.0174868684973956
1.4905046433861985e-12,1.019999999999803,0.9999999999946326,-4.934596672819178,-0.2228349970187579,0.4985363145662622,0.01748686849706184
1.4677992676220702e-12,1.0199999999998062,0.9999999999947141,-4.9387797016541555,-0.2228349970155021,0.4988645757287148,0.017486868496732942
1.4454397707459317e-12,1.019999999999809,0.9999999999947943,-4.942962730489072,-0.22283499701229326,0.4991928368911612,0.017486868496408847
1.4234208838643442e-12,1.019999999999812,0.9999999999948733,-4.947145759323931,-0.2228349970091306,0.4995210980536016,0.01748686849608948
1.401737418346771e-12,1.0199999999998148,0.999999999994951,-4.9513287881587305,-0.2228349970060135,0.4998493592160361,0.017486868495774775
1.3803842646028893e-12,1.0199999999998177,0.9999999999950276,-4.9555118169934715,-0.2228349970029413,0.5001776203784648,0.01748686849546466
1.3593563908785284e-12,1.0199999999998204,0.999999999995103,-4.959694845828158,-0.22283499699991338,0.5005058815408877,0.017486868495159073
1.3386488420699945e-12,1.0199999999998233,0.9999999999951773,-4.963877874662788,-0.22283499699692907,0.5008341427033051,0.017486868494857945
1.3182567385564068e-12,1.019999999999826,0.9999999999952505,-4.9680609034973635,-0.22283499699398776,0.5011624038657168,0.01748686849456121
1.2981752750498519e-12,1.0199999999998286,0.9999999999953225,-4.972243932331883,-0.22283499699108886,0.5014906650281229,0.017486868494268806
1.278399719463025e-12,1.0199999999998313,0.9999999999953934,-4.976426961166351,-0.2228349969882317,0.5018189261905237,0.01748686849398067
1.258925411794167e-12,1.0199999999998337,0.9999999999954632,-4.980609990000766,-0.22283499698541573,0.5021471873529191,0.017486868493696742
1.2397477630289472e-12,1.0199999999998364,0.999999999995532,-4.984793018835129,-0.22283499698264034,0.5024754485153092,0.017486868493416956
1.2208622540590728e-12,1.0199999999998388,0.9999999999955997,-4.988976047669441,-0.22283499697990497,0.5028037096776944,0.017486868493141253
1.2022644346174132e-12,1.0199999999998413,0.9999999999956665,-4.993159076503704,-0.222834996977209,0.5031319708400743,0.017486868492869574
1.183949922229305e-12,1.0199999999998437,0.9999999999957321,-4.997342105337916,-0.22283499697455186,0.5034602320024493,0.01748686849260186
1.1659144011798335e-12,1.0199999999998461,0.9999999999957968,-5.0015251341720806,-0.22283499697193304,0.5037884931648193,0.017486868492338055
1.1481536214968832e-12,1.0199999999998484,0.9999999999958605,-5.005708163006197,-0.22283499696935197,0.5041167543271846,0.0174868684920781
1.1306633979496421e-12,1.0199999999998508,0.9999999999959233,-5.009891191840267,-0.22283499696680809,0.504445015489545,0.01748686849182194
1.1134396090623633e-12,1.019999999999853,0.999999999995985,-5.01407422067429,-0.22283499696430087,0.5047732766519009,0.017486868491569513
1.0964781961431855e-12,1.0199999999998552,0.9999999999960458,-5.018257249508269,-0.22283499696182976,0.5051015378142522,0.01748686849132077
1.0797751623277129e-12,1.0199999999998575,0.9999999999961057,-5.022440278342202,-0.22283499695939424,0.5054297989765989,0.01748686849107566
1.0633265716371632e-12,1.0199999999998597,0.9999999999961647,-5.026623307176092,-0.22283499695699382,0.5057580601389413,0.01748686849083412
1.0471285480509003e-12,1.019999999999862,0.9999999999962228,-5.03080633600994,-0.22283499695462797,0.5060863213012794,0.0174868684905961
1.0311772745930585e-12,1.019999999999864,0.99999999999628,-5.034989364843745,-0.2228349969522962,0.5064145824636131,0.017486868490361553
1.0154689924330824e-12,1.019999999999866,0.9999999999963364,-5.039172393677509,-0.22283499694999798,0.5067428436259429,0.01748686849013042
1.000000000000001e-12,1.0199999999998681,0.9999999999963918,-5.043355422511232,-0.22283499694773282,0.5070711047882686,0.01748686848990266
