tau,V,V_dot,zeta,H_times_ell,H,a,q,D,constraint_residual,Cauchy_determinant
-4.500000000000000111e-01,1.000000000000000000e+00,7.547570007821787774e-01,2.000000000000000111e-01,-9.599999999999999645e-01,1.081081081081080919e+00,6.263980490722657057e-01,8.495284985173908732e-01,1.103879353344587200e+00,-1.110223024625156540e-16,-1.769851038577896496e+00
-4.490999999999999992e-01,1.000680648944130890e+00,7.577923126026472334e-01,2.163226081749105578e-01,-9.574161273091488233e-01,1.080905799059611816e+00,6.270077645795379961e-01,8.478771031571613603e-01,1.100219170424629134e+00,-1.526556658859590243e-16,-1.766410631577419510e+00
-4.481999999999999873e-01,1.001364019172561459e+00,7.608043239781805411e-01,2.325986875695991718e-01,-9.548442816586416582e-01,1.080730573867934696e+00,6.276179745709846713e-01,8.462291848868143118e-01,1.096567185094021735e+00,-2.359223927328457648e-16,-1.762977468514197232e+00
-4.473000000000000309e-01,1.002050089781569175e+00,7.637931829118401739e-01,2.488284574185709586e-01,-9.522843982978550503e-01,1.080555405478415887e+00,6.282286793673783620e-01,8.445847358232839719e-01,1.092923378528982248e+00,-3.608224830031758756e-16,-1.759551532965175413e+00
-4.464000000000000190e-01,1.002738840000177323e+00,7.667590363936145348e-01,2.650121357510389353e-01,-9.497364128499695690e-01,1.080380293863439922e+00,6.288398792896473521e-01,8.429437481026516021e-01,1.089287731951601668e+00,1.110223024625156540e-16,-1.756132808547191226e+00
-4.455000000000000071e-01,1.003430249189247503e+00,7.697020304079148501e-01,2.811499393980383954e-01,-9.472002613096398571e-01,1.080205238995409101e+00,6.294515746588769112e-01,8.413062138800918577e-01,1.085660226629717506e+00,-2.220446049250313081e-16,-1.752721278916856695e+00
-4.445999999999999952e-01,1.004124296840577246e+00,7.726223099410148842e-01,2.972420839995087438e-01,-9.446758800406754863e-01,1.080030240846743705e+00,6.300637657963067406e-01,8.396721253298302656e-01,1.082040843876812541e+00,-2.775557561562891351e-16,-1.749316927770479424e+00
-4.436999999999999833e-01,1.004820962576005394e+00,7.755200189884309259e-01,3.132887840113222633e-01,-9.421632057737409083e-01,1.079855299389881784e+00,6.306764530233343047e-01,8.380414746450853825e-01,1.078429565051876260e+00,-3.885780586188047891e-16,-1.745919738843926927e+00
-4.428000000000000269e-01,1.005520226146523921e+00,7.783953005622435972e-01,3.292902527122703038e-01,-9.396621756040698381e-01,1.079680414597279148e+00,6.312896366615128319e-01,8.364142540380252733e-01,1.074826371559298499e+00,0.000000000000000000e+00,-1.742529695912552246e+00
-4.419000000000000150e-01,1.006222067431395750e+00,7.812482966983633759e-01,3.452467022110088379e-01,-9.371727269891939605e-01,1.079505586441409815e+00,6.319033170325517590e-01,8.347904557397167746e-01,1.071231244848750652e+00,-3.191891195797325054e-16,-1.739146782791076040e+00
-4.410000000000000031e-01,1.006926466437279455e+00,7.840791484637379405e-01,3.611583434529513914e-01,-9.346947977466891766e-01,1.079330814894765345e+00,6.325174944583168424e-01,8.331700720000770888e-01,1.067644166415066431e+00,-1.526556658859590243e-16,-1.735770983333493778e+00
-4.400999999999999912e-01,1.007633403297360397e+00,7.868879959635034504e-01,3.770253862271268352e-01,-9.322283260519350634e-01,1.079156099929854840e+00,6.331321692608303797e-01,8.315530950878239347e-01,1.064065117798125515e+00,-3.469446951953614189e-16,-1.732402281432966262e+00
-4.392000000000000348e-01,1.008342858270488529e+00,7.896749783480799811e-01,3.928480391729876620e-01,-9.297732504358909855e-01,1.078981441519205831e+00,6.337473417622714322e-01,8.299395172904273643e-01,1.060494080582734977e+00,3.608224830031758756e-16,-1.729040661021723491e+00
-4.383000000000000229e-01,1.009054811740322632e+00,7.924402338202118923e-01,4.086265097871823460e-01,-9.273295097828861966e-01,1.078806839635363168e+00,6.343630122849743813e-01,8.283293309140640215e-01,1.056931036398521595e+00,0.000000000000000000e+00,-1.725686106070966286e+00
-4.374000000000000110e-01,1.009769244214479222e+00,7.951838996419513528e-01,4.243610044302739137e-01,-9.248970433284244841e-01,1.078632294250889911e+00,6.349791811514311490e-01,8.267225282835638511e-01,1.053375966919802842e+00,-2.775557561562891351e-17,-1.722338600590757718e+00
-4.364999999999999991e-01,1.010486136323690776e+00,7.979061121415889080e-01,4.400517283334254848e-01,-9.224757906570056898e-01,1.078457805338366216e+00,6.355958486842901989e-01,8.251191017423645802e-01,1.049828853865478528e+00,-3.885780586188047891e-16,-1.718998128629925848e+00
-4.355999999999999872e-01,1.011205468820967068e+00,8.006070067205289797e-01,4.556988856050393499e-01,-9.200656916999592205e-01,1.078283372870390444e+00,6.362130152063564248e-01,8.235190436524635338e-01,1.046289678998916006e+00,-1.942890293094023946e-16,-1.715664674275965362e+00
-4.347000000000000308e-01,1.011927222580764951e+00,8.032867178601118541e-01,4.713026792373541940e-01,-9.176666867332941013e-01,1.078108996819578502e+00,6.368306810405914842e-01,8.219223463943694519e-01,1.042758424127832484e+00,-5.551115123125782702e-17,-1.712338221654936765e+00
-4.338000000000000189e-01,1.012651378598162788e+00,8.059453791283829327e-01,4.868633111130045710e-01,-9.152787163755619071e-01,1.077934677158564281e+00,6.374488465101135759e-01,8.203290023670551934e-01,1.039235071104182007e+00,-3.885780586188047891e-16,-1.709018754931364015e+00
-4.329000000000000070e-01,1.013377917988041998e+00,8.085831231868075841e-01,5.023809820115295866e-01,-9.129017215857361256e-01,1.077760413859998767e+00,6.380675119381986615e-01,8.187390039879066661e-01,1.035719601824035552e+00,5.551115123125782702e-16,-1.705706258308138379e+00
-4.319999999999999951e-01,1.014106821984273488e+00,8.112000817969347022e-01,5.178558916158506609e-01,-9.105356436611033999e-01,1.077586206896551602e+00,6.386866776482775787e-01,8.171523436926835249e-01,1.032211998227482219e+00,4.996003610813204432e-16,-1.702400716026424954e+00
-4.311000000000000387e-01,1.014838071938911179e+00,8.137963858270081952e-01,5.332882385187018848e-01,-9.081804242351708689e-01,1.077412056240909299e+00,6.393063439639399270e-01,8.155690139354611068e-01,1.028712242298495338e+00,3.330669073875469621e-16,-1.699102112365543427e+00
-4.302000000000000268e-01,1.015571649321391323e+00,8.163721652585271826e-01,5.486782202290257926e-01,-9.058360052755861647e-01,1.077237961865776139e+00,6.399265112089314034e-01,8.139890071885901301e-01,1.025220316064831216e+00,1.110223024625156540e-16,-1.695810431642895910e+00
-4.293000000000000149e-01,1.016307535717736243e+00,8.189275491927532347e-01,5.640260331783196746e-01,-9.035023290820722863e-01,1.077063923743874163e+00,6.405471797071550233e-01,8.124123159426474006e-01,1.021736201597913896e+00,8.326672684688674053e-17,-1.692525658213847706e+00
-4.284000000000000030e-01,1.017045712829766080e+00,8.214626658571692053e-01,5.793318727269503032e-01,-9.011793382843760192e-01,1.076889941847943177e+00,6.411683497826706768e-01,8.108389327063889596e-01,1.018259881012720358e+00,2.775557561562891351e-17,-1.689247776471643148e+00
-4.274999999999999911e-01,1.017786162474314748e+00,8.239776426118862185e-01,5.945959331704255835e-01,-8.988669758402296761e-01,1.076716016150740307e+00,6.417900217596953505e-01,8.092688500067031221e-01,1.014791336467670613e+00,2.775557561562891351e-17,-1.685976770847297468e+00
-4.266000000000000347e-01,1.018528866582452785e+00,8.264726059560013605e-01,6.098184077456251240e-01,-8.965651850333278272e-01,1.076542146625040219e+00,6.424121959626037937e-01,8.077020603885622929e-01,1.011330550164509789e+00,7.494005416219806648e-16,-1.682712625809504869e+00
-4.257000000000000228e-01,1.019273807198714188e+00,8.289476815339059668e-01,6.249994886369977243e-01,-8.942739094713146875e-01,1.076368333243636011e+00,6.430348727159265199e-01,8.061385564149811112e-01,1.007877504348208220e+00,5.551115123125782702e-16,-1.679455325864543713e+00
-4.248000000000000109e-01,1.020020966480331248e+00,8.314029941415439495e-01,6.401393669827096788e-01,-8.919930930837893790e-01,1.076194575979336987e+00,6.436580523443524715e-01,8.045783306669636037e-01,1.004432181306836647e+00,1.942890293094023946e-16,-1.676204855556174600e+00
-4.238999999999999990e-01,1.020770326696472496e+00,8.338386677326224961e-01,6.552382328807633272e-01,-8.897226801203198532e-01,1.076020874804971106e+00,6.442817351727276876e-01,8.030213757434599975e-01,1.000994563371459645e+00,4.718447854656915297e-16,-1.672961199465541782e+00
-4.229999999999999871e-01,1.021521870227488638e+00,8.362548254247734736e-01,6.702962753950744146e-01,-8.874626151484737990e-01,1.075847229693383644e+00,6.449059215260555256e-01,8.014676842613202012e-01,9.975646329160259285e-01,-1.110223024625156540e-16,-1.669724342211083679e+00
-4.221000000000000307e-01,1.022275579564161818e+00,8.386515895056680936e-01,6.853136825615088190e-01,-8.852128430518600988e-01,1.075673640617436755e+00,6.455306117294967727e-01,7.999172488552473981e-01,9.941423723572573312e-01,4.440892098500626162e-16,-1.666494268448432514e+00
-4.212000000000000188e-01,1.023031437306962665e+00,8.410290814390832814e-01,7.002906413938874142e-01,-8.829733090281852714e-01,1.075500107550010798e+00,6.461558061083694238e-01,7.983700621777528594e-01,9.907277641545392255e-01,-1.387778780781445676e-16,-1.663270962870317504e+00
-4.203000000000000069e-01,1.023789426165309990e+00,8.433874218709203063e-01,7.152273378899438594e-01,-8.807439585873212406e-01,1.075326630464003452e+00,6.467815049881496803e-01,7.968261168991069843e-01,9.873207908098029506e-01,2.498001805406602216e-16,-1.660054410206472708e+00
-4.193999999999999950e-01,1.024549528956838040e+00,8.457267306351784475e-01,7.301239570372541898e-01,-8.785247375493872024e-01,1.075153209332329718e+00,6.474077086944700632e-01,7.952854057072994420e-01,9.839214348674319988e-01,6.938893903907228378e-16,-1.656844595223540439e+00
-4.184999999999999831e-01,1.025311728606669526e+00,8.480471267598805873e-01,7.449806828191239960e-01,-8.763155920428447043e-01,1.074979844127922579e+00,6.480344175531216333e-01,7.937479213079873253e-01,9.805296789141355607e-01,0.000000000000000000e+00,-1.653641502724973344e+00
-4.176000000000000267e-01,1.026076008146690421e+00,8.503487284729535078e-01,7.597976982204400764e-01,-8.741164685026023839e-01,1.074806534823731674e+00,6.486616318900531031e-01,7.922136564244517398e-01,9.771455055788461630e-01,3.053113317719180486e-16,-1.650445117550940255e+00
-4.167000000000000148e-01,1.026842350714835206e+00,8.526316532080632227e-01,7.745751852334880061e-01,-8.719273136681375824e-01,1.074633281392724848e+00,6.492893520313706146e-01,7.906826037975540622e-01,9.737688975326135310e-01,1.942890293094023946e-16,-1.647255424578237371e+00
-4.158000000000000029e-01,1.027610739554372987e+00,8.548960176104034581e-01,7.893133248637270727e-01,-8.697480745816276171e-01,1.074460083807886601e+00,6.499175783033381837e-01,7.891547561856886439e-01,9.703998374884921230e-01,1.387778780781445676e-16,-1.644072408720184786e+00
-4.148999999999999910e-01,1.028381158013200736e+00,8.571419375424411680e-01,8.040122971355343484e-01,-8.675786985860939327e-01,1.074286942042219639e+00,6.505463110323776998e-01,7.876301063647384026e-01,9.670383082014335496e-01,1.665334536937734811e-16,-1.640896054926539005e+00
-4.140000000000000346e-01,1.029153589543141623e+00,8.593695280896158639e-01,8.186722810979112364e-01,-8.654191333235594641e-01,1.074113856068743322e+00,6.511755505450692594e-01,7.861086471280289700e-01,9.636842924681774392e-01,7.494005416219806648e-16,-1.637726348183393910e+00
-4.131000000000000227e-01,1.029928017699248244e+00,8.615789035659962014e-01,8.332934548301569322e-01,-8.632693267332168796e-01,1.073940825860494996e+00,6.518052971681493890e-01,7.845903712862877244e-01,9.603377731271529605e-01,8.604228440844963188e-16,-1.634563273513099491e+00
-4.122000000000000108e-01,1.030704426139111174e+00,8.637701775198919352e-01,8.478759954474990312e-01,-8.611292270496113677e-01,1.073767851390529326e+00,6.524355512285143766e-01,7.830752716675918323e-01,9.569987330583532570e-01,6.661338147750939243e-16,-1.631406815974149715e+00
-4.112999999999999989e-01,1.031482798622171293e+00,8.659434627394223538e-01,8.624200791066976013e-01,-8.589987828008318616e-01,1.073594932631918075e+00,6.530663130532177174e-01,7.815633411173295020e-01,9.536671551832447413e-01,3.053113317719180486e-16,-1.628256960661103481e+00
-4.103999999999999870e-01,1.032263119009039443e+00,8.680988712580424149e-01,8.769258810116088432e-01,-8.568779428067176962e-01,1.073422069557750103e+00,6.536975829694708917e-01,7.800545724981534645e-01,9.503430224646537416e-01,5.551115123125782702e-17,-1.625113692704485580e+00
-4.095000000000000306e-01,1.033045371260818301e+00,8.702365143600255815e-01,8.913935754187152227e-01,-8.547666561770752569e-01,1.073249262141132254e+00,6.543293613046439194e-01,7.785489586899354553e-01,9.470263179066572556e-01,3.053113317719180486e-16,-1.621976997270698329e+00
-4.086000000000000187e-01,1.033829539438432032e+00,8.723565025859044697e-01,9.058233356426259597e-01,-8.526648723099068405e-01,1.073076510355188473e+00,6.549616483862645833e-01,7.770464925897243580e-01,9.437170245544833636e-01,-8.326672684688674053e-17,-1.618846859561925866e+00
-4.077000000000000068e-01,1.034615607701958151e+00,8.744589457378695307e-01,9.202153340615319976e-01,-8.505725408896518402e-01,1.072903814173059356e+00,6.555944445420196498e-01,7.755471671116984655e-01,9.404151254943974303e-01,8.049116928532384918e-16,-1.615723264816038673e+00
-4.067999999999999949e-01,1.035403560309966053e+00,8.765439528851257656e-01,9.345697421226393242e-01,-8.484896118854382552e-01,1.072731173567903928e+00,6.562277500997524271e-01,7.740509751871279542e-01,9.371206038536091798e-01,6.938893903907228378e-16,-1.612606198306516303e+00
-4.059000000000000385e-01,1.036193381618859766e+00,8.786116323692080288e-01,9.488867303475592152e-01,-8.464160355493479670e-01,1.072558588512897426e+00,6.568615653874663174e-01,7.725579097643221482e-01,9.338334428001502374e-01,3.053113317719180486e-16,-1.609495645342337466e+00
-4.050000000000000266e-01,1.036985056082224688e+00,8.806620918092569195e-01,9.631664683376739422e-01,-8.443517624146898992e-01,1.072386058981233292e+00,6.574958907333223745e-01,7.710679638085922161e-01,9.305536255427804271e-01,5.551115123125782702e-17,-1.606391591267899877e+00
-4.041000000000000147e-01,1.037778568250180999e+00,8.826954381072508182e-01,9.774091247794579607e-01,-8.422967432942893851e-01,1.072213584946121401e+00,6.581307264656401923e-01,7.695811303022044303e-01,9.272811353308798576e-01,-5.551115123125782702e-17,-1.603294021462925878e+00
-4.032000000000000028e-01,1.038573902768739288e+00,8.847117774532008427e-01,9.916148674497754500e-01,-8.402509292787843087e-01,1.072041166380788946e+00,6.587660729128982373e-01,7.680974022443373128e-01,9.240159554543436737e-01,6.661338147750939243e-16,-1.600202921342369855e+00
-4.022999999999999909e-01,1.039371044379163056e+00,8.867112153303038369e-01,1.005783863221140662e+00,-8.382142717349350125e-01,1.071868803258481107e+00,6.594019304037322948e-01,7.666167726510407787e-01,9.207580692434830238e-01,9.992007221626408864e-16,-1.597118276356334965e+00
-4.014000000000000346e-01,1.040169977917334565e+00,8.886938565200560580e-01,1.019916278066945514e+00,-8.361867223039455288e-01,1.071696495552459494e+00,6.600382992669376891e-01,7.651392345551883967e-01,9.175074600689140381e-01,7.771561172376095783e-16,-1.594040071989974994e+00
-4.005000000000000226e-01,1.040970688313125336e+00,8.906598051073282285e-01,1.034012277066659102e+00,-8.341682328997935825e-01,1.071524243236003260e+00,6.606751798314683954e-01,7.636647810064358666e-01,9.142641113414544662e-01,2.220446049250313081e-16,-1.590968293763407981e+00
-3.996000000000000107e-01,1.041773160589771985e+00,8.926091644854006191e-01,1.048072024410986680e+00,-8.321587557075746933e-01,1.071352046282408432e+00,6.613125724264368177e-01,7.621934050711788311e-01,9.110280065120262005e-01,3.330669073875469621e-16,-1.587902927231623185e+00
-3.986999999999999988e-01,1.042577379863255160e+00,8.945420373609597187e-01,1.062095683407003666e+00,-8.301582431818544938e-01,1.071179904664988580e+00,6.619504773811142329e-01,7.607250998325090219e-01,9.077991290715465844e-01,3.330669073875469621e-16,-1.584843957984392926e+00
-3.978000000000000425e-01,1.043383331341685150e+00,8.964585257590560463e-01,1.076083416483255562e+00,-8.281666480450340373e-01,1.071007818357073926e+00,6.625888950249304576e-01,7.592598583901719600e-01,9.045774625508293809e-01,5.551115123125782702e-17,-1.581791371646191546e+00
-3.969000000000000306e-01,1.044191000324689478e+00,8.983587310280258809e-01,1.090035385194828121e+00,-8.261839232857238757e-01,1.070835787332012456e+00,6.632278256874748479e-01,7.577976738605224361e-01,9.013629905204771919e-01,6.106226635438360972e-16,-1.578745153876087715e+00
-3.960000000000000187e-01,1.045000372202806505e+00,9.002427538443716903e-01,1.103951750228380657e+00,-8.242100221571304619e-01,1.070663811563169032e+00,6.638672696984941890e-01,7.563385393764863185e-01,8.981556965907886436e-01,1.110223024625156540e-15,-1.575705290367680034e+00
-3.951000000000000068e-01,1.045811432456883017e+00,9.021106942176082555e-01,1.117832671407154033e+00,-8.222448981754522102e-01,1.070491891023925390e+00,6.645072273878954716e-01,7.548824480875124809e-01,8.949555644116461428e-01,6.106226635438360972e-16,-1.572671766848984687e+00
-3.941999999999999948e-01,1.046624166657476040e+00,9.039626514950700464e-01,1.131678307695945795e+00,-8.202885051182868814e-01,1.070320025687680587e+00,6.651476990857443372e-01,7.534293931595330562e-01,8.917625776724175113e-01,5.551115123125782702e-17,-1.569644569082360608e+00
-3.932999999999999829e-01,1.047438560464258872e+00,9.057987243666818511e-01,1.145488817206052445e+00,-8.183407970230484052e-01,1.070148215527850555e+00,6.657886851222655222e-01,7.519793677749211369e-01,8.885767201018565098e-01,1.665334536937734811e-16,-1.566623682864419109e+00
-3.924000000000000266e-01,1.048254599625431771e+00,9.076190108696929881e-01,1.159264357200184170e+00,-8.164017281853950259e-01,1.069976460517868544e+00,6.664301858278426360e-01,7.505323651324490308e-01,8.853979754680008085e-01,8.326672684688674053e-16,-1.563609094025936619e+00
-3.915000000000000147e-01,1.049072269977136873e+00,9.094236083933755488e-01,1.173005084097351158e+00,-8.144712531576666636e-01,1.069804760631184903e+00,6.670722015330187160e-01,7.490883784472447404e-01,8.822263275780700686e-01,3.885780586188047891e-16,-1.560600788431759423e+00
-3.906000000000000028e-01,1.049891557442876211e+00,9.112126136836858903e-01,1.186711153477709724e+00,-8.125493267473342662e-01,1.069633115841266413e+00,6.677147325684961165e-01,7.476474009507504404e-01,8.790617602783643569e-01,1.054711873393898713e-15,-1.557598751980730167e+00
-3.896999999999999909e-01,1.050712448032935953e+00,9.129861228478909352e-01,1.200382720087390220e+00,-8.106359040154579310e-01,1.069461526121597617e+00,6.683577792651352878e-01,7.462094258906840638e-01,8.759042574541724413e-01,1.110223024625156540e-15,-1.554602970605591716e+00
-3.888000000000000345e-01,1.051534927843812861e+00,9.147442313591590546e-01,1.214019937843289210e+00,-8.087309402751550191e-01,1.069289991445679933e+00,6.690013419539573292e-01,7.447744465309910078e-01,8.727538030296565497e-01,1.165734175856414367e-15,-1.551613430272898109e+00
-3.879000000000000226e-01,1.052358983057646080e+00,9.164870340611155353e-01,1.227622959837834982e+00,-8.068343910900791505e-01,1.069118511787031656e+00,6.696454209661422130e-01,7.433424561518074958e-01,8.696103809677642182e-01,7.216449660063517513e-16,-1.548630116982932403e+00
-3.870000000000000107e-01,1.053184599941652033e+00,9.182146251723632968e-01,1.241191938343718215e+00,-8.049462122729084124e-01,1.068947087119187511e+00,6.702900166330292286e-01,7.419134480494176120e-01,8.664739752701257069e-01,6.661338147750939243e-16,-1.545653016769620747e+00
-3.860999999999999988e-01,1.054011764847564647e+00,9.199270982909693029e-01,1.254727024818599990e+00,-8.030663598838447825e-01,1.068775717415700433e+00,6.709351292861170935e-01,7.404874155362120014e-01,8.633445699769528581e-01,3.885780586188047891e-16,-1.542682115700441781e+00
-3.851999999999999869e-01,1.054840464211078688e+00,9.216245463989162223e-01,1.268228369909788267e+00,-8.011947902291211010e-01,1.068604402650138896e+00,6.715807592570642859e-01,7.390643519406461248e-01,8.602221491669426179e-01,3.330669073875469621e-16,-1.539717399876346038e+00
-3.843000000000000305e-01,1.055670684551296423e+00,9.233070618665201179e-01,1.281696123458883285e+00,-7.993314598595198106e-01,1.068433142796089363e+00,6.722269068776890455e-01,7.376442506071989591e-01,8.571066969571746741e-01,1.443289932012703503e-15,-1.536758855431664461e+00
-3.834000000000000186e-01,1.056502412470180952e+00,9.249747364568151609e-01,1.295130434506399864e+00,-7.974763255689010233e-01,1.068261937827155172e+00,6.728735724799677076e-01,7.362271048963360265e-01,8.539981975030236372e-01,8.881784197001252323e-16,-1.533806468534033352e+00
-3.825000000000000067e-01,1.057335634652009526e+00,9.266276613299037068e-01,1.308531451296354398e+00,-7.956293443927386910e-01,1.068090787716955870e+00,6.735207563960381449e-01,7.348129081844604338e-01,8.508966349980432442e-01,8.881784197001252323e-16,-1.530860225384292006e+00
-3.815999999999999948e-01,1.058170337862834209e+00,9.282659270472738422e-01,1.321899321280829431e+00,-7.937904736066683231e-01,1.067919692439128543e+00,6.741684589581967701e-01,7.334016538638795657e-01,8.478019936738847573e-01,4.996003610813204432e-16,-1.527920112216415438e+00
-3.807000000000000384e-01,1.059006508949944081e+00,9.298896235760838458e-01,1.335234191124506697e+00,-7.919596707250428080e-01,1.067748651967326934e+00,6.748166804989004230e-01,7.319933353427594547e-01,8.447142578001876068e-01,7.216449660063517513e-16,-1.524986115297415790e+00
-3.798000000000000265e-01,1.059844134841333441e+00,9.314988402934143430e-01,1.348536206709176843e+00,-7.901368934994981164e-01,1.067577666275221659e+00,6.754654213507653715e-01,7.305879460450873664e-01,8.416334116844909063e-01,2.220446049250313081e-16,-1.522058220927264616e+00
-3.789000000000000146e-01,1.060683202545172010e+00,9.330936659904870423e-01,1.361805513138213408e+00,-7.883220999175293286e-01,1.067406735336499990e+00,6.761146818465678665e-01,7.291854794106295001e-01,8.385594396721309796e-01,5.551115123125782702e-17,-1.519136415438810950e+00
-3.780000000000000027e-01,1.061523699149279132e+00,9.346741888768524964e-01,1.375042254741027925e+00,-7.865152482010735469e-01,1.067235859124866515e+00,6.767644623192443643e-01,7.277859288948905769e-01,8.354923261461439932e-01,9.992007221626408864e-16,-1.516220685197689155e+00
-3.770999999999999908e-01,1.062365611820602629e+00,9.362404965845452232e-01,1.388246575077492384e+00,-7.847162968051042409e-01,1.067065037614042478e+00,6.774147631018900828e-01,7.263892879690768689e-01,8.324320555271783606e-01,6.106226635438360972e-16,-1.513311016602243431e+00
-3.761999999999999789e-01,1.063208927804700998e+00,9.377926761722075177e-01,1.401418616942336826e+00,-7.829252044162336999e-01,1.066894270777765996e+00,6.780655845277615557e-01,7.249955501200501251e-01,8.293786122733834976e-01,7.216449660063517513e-16,-1.510407396083437881e+00
-3.753000000000000225e-01,1.064053634425228934e+00,9.393308141291815128e-01,1.414558522369519178e+00,-7.811419299513251424e-01,1.066723558589791399e+00,6.787169269302749663e-01,7.236047088502919333e-01,8.263319808803262223e-01,4.996003610813204432e-16,-1.507509810104774139e+00
-3.744000000000000106e-01,1.064899719083427065e+00,9.408549963795708182e-01,1.427666432636570892e+00,-7.793664325561129314e-01,1.066552901023890776e+00,6.793687906430065926e-01,7.222167576778625309e-01,8.232921458808883930e-01,4.440892098500626162e-16,-1.504618245162212764e+00
-3.734999999999999987e-01,1.065747169257614591e+00,9.423653082862701869e-01,1.440742488268909716e+00,-7.775986716038327806e-01,1.066382298053852429e+00,6.800211759996926952e-01,7.208316901363611695e-01,8.202590918451746482e-01,2.775557561562891351e-16,-1.501732687784085529e+00
-3.726000000000000423e-01,1.066595972502686340e+00,9.438618346549655369e-01,1.453786829044131590e+00,-7.758386066938600667e-01,1.066211749653481311e+00,6.806740833342300734e-01,7.194494997748860365e-01,8.172328033804162617e-01,0.000000000000000000e+00,-1.498853124531012160e+00
-3.717000000000000304e-01,1.067446116449613402e+00,9.453446597381035543e-01,1.466799593996278794e+00,-7.740861976503576880e-01,1.066041255796599252e+00,6.813275129806760644e-01,7.180701801579933985e-01,8.142132651308718883e-01,1.054711873393898713e-15,-1.495979541995819950e+00
-3.708000000000000185e-01,1.068297588804945741e+00,9.468138672388298760e-01,1.479780921420071893e+00,-7.723414045209313628e-01,1.065870816457045400e+00,6.819814652732469895e-01,7.166937248656631843e-01,8.112004617777448523e-01,9.436895709313830594e-16,-1.493111926803464495e+00
-3.699000000000000066e-01,1.069150377350321257e+00,9.482695403148989621e-01,1.492730948875125696e+00,-7.706041875752962511e-01,1.065700431608674892e+00,6.826359405463207075e-01,7.153201274932527998e-01,8.081943780390739018e-01,7.771561172376095783e-16,-1.490250265610943758e+00
-3.689999999999999947e-01,1.070004469941975511e+00,9.497117615825535486e-01,1.505649813190135244e+00,-7.688745073039484623e-01,1.065530101225359516e+00,6.832909391344355043e-01,7.139493816514610458e-01,8.051949986696466111e-01,8.326672684688674053e-16,-1.487394545107210364e+00
-3.680999999999999828e-01,1.070859854510256337e+00,9.511406131203745673e-01,1.518537650467036926e+00,-7.671523244168489963e-01,1.065359825280988604e+00,6.839464613722896491e-01,7.125814809662900373e-01,8.022023084609054555e-01,4.996003610813204432e-16,-1.484544752013102764e+00
-3.672000000000000264e-01,1.071716519059142003e+00,9.525561764731019787e-01,1.531394596085143389e+00,-7.654375998421134586e-01,1.065189603749467473e+00,6.846025075947421712e-01,7.112164190790043472e-01,7.992162922408525549e-01,2.220446049250313081e-16,-1.481700873081258862e+00
-3.663000000000000145e-01,1.072574451665762263e+00,9.539585326554274047e-01,1.544220784705256477e+00,-7.637302947247111007e-01,1.065019436604717873e+00,6.852590781368133044e-01,7.098541896460909273e-01,7.962369348739537500e-01,1.332267629550187849e-15,-1.478862895096022756e+00
-3.654000000000000026e-01,1.073433640479922513e+00,9.553477621557558974e-01,1.557016350273749072e+00,-7.620303704251727428e-01,1.064849323820679317e+00,6.859161733336820443e-01,7.084947863392262457e-01,7.932642212610566679e-01,9.992007221626408864e-16,-1.476030804873387892e+00
-3.645000000000000462e-01,1.074294073723633058e+00,9.567239449399419504e-01,1.569781426026627624e+00,-7.603377885183075779e-01,1.064679265371306860e+00,6.865737935206898124e-01,7.071382028452289914e-01,7.902981363392811431e-01,3.885780586188047891e-16,-1.473204589260893149e+00
-3.636000000000000343e-01,1.075155739690638823e+00,9.580871604549956455e-01,1.582516144493569810e+00,-7.586525107919248612e-01,1.064509261230572656e+00,6.872319390333383460e-01,7.057844328660268785e-01,7.873386650819369503e-01,6.106226635438360972e-16,-1.470384235137554896e+00
-3.627000000000000224e-01,1.076018626745955942e+00,9.594374876327603774e-01,1.595220637501931993e+00,-7.569744992455695876e-01,1.064339311372465513e+00,6.878906102072899209e-01,7.044334701186169001e-01,7.843857924984293239e-01,3.330669073875469621e-16,-1.467569729413785495e+00
-3.618000000000000105e-01,1.076882723325407909e+00,9.607750048935641551e-01,1.607895036180739812e+00,-7.553037160892599466e-01,1.064169415770990668e+00,6.885498073783677953e-01,7.030853083350266930e-01,7.814395036341668099e-01,3.885780586188047891e-16,-1.464761059031305601e+00
-3.608999999999999986e-01,1.077748017935168168e+00,9.620997901498417049e-01,1.620539470964648787e+00,-7.536401237422385435e-01,1.063999574400170234e+00,6.892095308825560984e-01,7.017399412622762345e-01,7.784997835704683400e-01,1.665334536937734811e-16,-1.461958210963075766e+00
-3.599999999999999867e-01,1.078614499151303807e+00,9.634119208097309262e-01,1.633154071597883839e+00,-7.519836848317271727e-01,1.063829787234042534e+00,6.898697810560001642e-01,7.003973626623389848e-01,7.755666174244711941e-01,6.661338147750939243e-16,-1.459161172213206292e+00
-3.591000000000000303e-01,1.079482155619323924e+00,9.647114737806405937e-01,1.645738967138152598e+00,-7.503343621916934714e-01,1.063660054246662767e+00,6.905305582350051985e-01,6.990575663121065819e-01,7.726399903490449583e-01,4.996003610813204432e-16,-1.456369929816888398e+00
-3.582000000000000184e-01,1.080350976053730205e+00,9.659985254727921911e-01,1.658294285960541181e+00,-7.486921188616220135e-01,1.063490375412102562e+00,6.911918627560387218e-01,6.977205460033463202e-01,7.697198875326913825e-01,6.106226635438360972e-16,-1.453584470840305176e+00
-3.573000000000000065e-01,1.081220949237571283e+00,9.672731518027340991e-01,1.670820155761375325e+00,-7.470569180852962843e-01,1.063320750704449980e+00,6.918536949557289040e-01,6.963862955426658452e-01,7.668062941994580051e-01,2.775557561562891351e-16,-1.450804782380553659e+00
-3.563999999999999946e-01,1.082092064021999311e+00,9.685354281968302503e-01,1.683316703562067973e+00,-7.454287233095857612e-01,1.063151180097809956e+00,6.925160551708648971e-01,6.950548087514756279e-01,7.638991956088488910e-01,2.220446049250313081e-16,-1.448030851565573762e+00
-3.555000000000000382e-01,1.082964309325831431e+00,9.697854295947215819e-01,1.695784055712939775e+00,-7.438074981832435428e-01,1.062981663566303414e+00,6.931789437383972796e-01,6.937260794659501073e-01,7.609985770557317064e-01,1.110223024625156540e-16,-1.445262665554062131e+00
-3.546000000000000263e-01,1.083837674135112561e+00,9.710232304527621761e-01,1.708222337897017384e+00,-7.421932065557090841e-01,1.062812201084068597e+00,6.938423609954377236e-01,6.924001015369909418e-01,7.581044238702482341e-01,-1.110223024625156540e-16,-1.442500211535397536e+00
-3.537000000000000144e-01,1.084712147502682189e+00,9.722489047474286439e-01,1.720631675133804883e+00,-7.405858124759212568e-01,1.062642792625259069e+00,6.945063072792597714e-01,6.910768688301874851e-01,7.552167214177225585e-01,1.332267629550187849e-15,-1.439743476729557603e+00
-3.528000000000000025e-01,1.085587718547743608e+00,9.734625259787043072e-01,1.733012191783039224e+00,-7.389852801911358515e-01,1.062473438164045936e+00,6.951707829272966155e-01,6.897563752257845904e-01,7.523354550985801303e-01,5.551115123125782702e-16,-1.436992448387050647e+00
-3.518999999999999906e-01,1.086464376455437586e+00,9.746641671734385115e-01,1.745364011548417471e+00,-7.373915741457541806e-01,1.062304137674616289e+00,6.958357882771447622e-01,6.884386146186379785e-01,7.494606103482430726e-01,8.326672684688674053e-16,-1.434247113788829520e+00
-3.510000000000000342e-01,1.087342110476416712e+00,9.758539008886788491e-01,1.757687257481302279e+00,-7.358046589801563453e-01,1.062134891131173653e+00,6.965013236665611451e-01,6.871235809181823750e-01,7.465921726370539080e-01,4.996003610813204432e-16,-1.431507460246212782e+00
-3.501000000000000223e-01,1.088220909926425062e+00,9.770317992149807340e-01,1.769982051984411164e+00,-7.342244995295428289e-01,1.061965698507938205e+00,6.971673894334645682e-01,6.858112680483923196e-01,7.437301274701793030e-01,1.110223024625156540e-16,-1.428773475100816759e+00
-3.492000000000000104e-01,1.089100764185879866e+00,9.781979337796896656e-01,1.782248516815471806e+00,-7.326510608227856380e-01,1.061796559779146332e+00,6.978339859159353731e-01,6.845016699477453059e-01,7.408744603875245804e-01,3.330669073875469621e-16,-1.426045145724469831e+00
-3.482999999999999985e-01,1.089981662699454956e+00,9.793523757502002880e-01,1.794486773090865794e+00,-7.310843080812818862e-01,1.061627474919050851e+00,6.985011134522156606e-01,6.831947805691848119e-01,7.380251569636436804e-01,6.661338147750939243e-16,-1.423322459519134942e+00
-3.474000000000000421e-01,1.090863594975669537e+00,9.804951958371910248e-01,1.806696941289244629e+00,-7.295242067178207002e-01,1.061458443901921234e+00,6.991687723807081811e-01,6.818905938800856603e-01,7.351822028076552273e-01,7.216449660063517513e-16,-1.420605403916844311e+00
-3.465000000000000302e-01,1.091746550586478515e+00,9.816264642978336230e-01,1.818879141255129728e+00,-7.279707223354525691e-01,1.061289466702042938e+00,6.998369630399784436e-01,6.805891038622133848e-01,7.323455835631467181e-01,5.551115123125782702e-16,-1.417893966379611514e+00
-3.456000000000000183e-01,1.092630519166864378e+00,9.827462509389786049e-01,1.831033492202480906e+00,-7.264238207263682412e-01,1.061120543293718077e+00,7.005056857687534944e-01,6.792903045116902572e-01,7.295152849080922541e-01,2.775557561562891351e-16,-1.415188134399354203e+00
-3.447000000000000064e-01,1.093515490414435076e+00,9.838546251203178494e-01,1.843160112718253529e+00,-7.248834678707845036e-01,1.060951673651265192e+00,7.011749409059221394e-01,6.779941898389577615e-01,7.266912925547621693e-01,6.661338147750939243e-16,-1.412487895497828161e+00
-3.437999999999999945e-01,1.094401454089022119e+00,9.849516557575220821e-01,1.855259120765929470e+00,-7.233496299358362913e-01,1.060782857749018815e+00,7.018447287905348331e-01,6.767007538687414003e-01,7.238735922496394304e-01,3.330669073875469621e-16,-1.409793237226544704e+00
-3.428999999999999826e-01,1.095288400012282226e+00,9.860374113253561612e-01,1.867330633689025632e+00,-7.218222732744772330e-01,1.060614095561330128e+00,7.025150497618043444e-01,6.754099906400122810e-01,7.210621697733269331e-01,2.775557561562891351e-16,-1.407104147166691854e+00
-3.420000000000000262e-01,1.096176318067302535e+00,9.871119598607694945e-01,1.879374768214583602e+00,-7.203013644243858593e-01,1.060445387062566303e+00,7.031859041591054238e-01,6.741218942059522545e-01,7.182570109404647907e-01,7.216449660063517513e-16,-1.404420612929066614e+00
-3.411000000000000143e-01,1.097065198198206915e+00,9.881753689659648066e-01,1.891391640456640877e+00,-7.187868701068788058e-01,1.060276732227111163e+00,7.038572923219738042e-01,6.728364586339198317e-01,7.154581015996466231e-01,9.992007221626408864e-16,-1.401742622154000584e+00
-3.402000000000000024e-01,1.097955030409767607e+00,9.892277058114430366e-01,1.903381365919673662e+00,-7.172787572258330080e-01,1.060108131029364964e+00,7.045292145901084213e-01,6.715536780054093269e-01,7.126654276333239668e-01,3.330669073875469621e-16,-1.399070162511268922e+00
-3.393000000000000460e-01,1.098845804767016432e+00,9.902690371390253654e-01,1.915344059502024576e+00,-7.157769928666115611e-01,1.059939583443743727e+00,7.052016713033700812e-01,6.702735464160184398e-01,7.098789749577266717e-01,3.885780586188047891e-16,-1.396403221700038610e+00
-3.384000000000000341e-01,1.099737511394861533e+00,9.912994292648532602e-01,1.927279835499312810e+00,-7.142815442949990157e-01,1.059771089444679903e+00,7.058746628017814606e-01,6.689960579754117287e-01,7.070987295227773028e-01,1.665334536937734811e-16,-1.393741787448774083e+00
-3.375000000000000222e-01,1.100630140477705021e+00,9.923189480823653152e-01,1.939188807607814313e+00,-7.127923789561422252e-01,1.059602649006622599e+00,7.065481894255278839e-01,6.677212068072841955e-01,7.043246773120006576e-01,-1.110223024625156540e-16,-1.391085847515175722e+00
-3.366000000000000103e-01,1.101523682259063719e+00,9.933276590652524440e-01,1.951071088927829544e+00,-7.113094644734978544e-01,1.059434262104036462e+00,7.072222515149565458e-01,6.664489870493266466e-01,7.015568043424448286e-01,-5.551115123125782702e-16,-1.388435389686097254e+00
-3.356999999999999984e-01,1.102418127041193463e+00,9.943256272703905330e-01,1.962926791967029017e+00,-7.098327686477877707e-01,1.059265928711403015e+00,7.078968494105776221e-01,6.651793928531882782e-01,6.987950966645869455e-01,4.440892098500626162e-16,-1.385790401777474479e+00
-3.347999999999999865e-01,1.103313465184714071e+00,9.953129173407516683e-01,1.974756028643777306e+00,-7.083622594559586538e-01,1.059097648803219549e+00,7.085719834530622707e-01,6.639124183844454796e-01,6.960395403622630095e-01,3.885780586188047891e-16,-1.383150871634261092e+00
-3.339000000000000301e-01,1.104209687108239857e+00,9.962895935082927146e-01,1.986558910290437741e+00,-7.068979050501523753e-01,1.058929422354000005e+00,7.092476539832454074e-01,6.626480578225608653e-01,6.932901215525653082e-01,2.220446049250313081e-16,-1.380516787130334988e+00
-3.330000000000000182e-01,1.105106783288009487e+00,9.972557195968235755e-01,1.998335547656661770e+00,-7.054396737566772657e-01,1.058761249338274313e+00,7.099238613421240407e-01,6.613863053608516340e-01,6.905468263857692524e-01,3.885780586188047891e-16,-1.377888136168440747e+00
-3.321000000000000063e-01,1.106004744257520045e+00,9.982113590248529178e-01,2.010086050912649469e+00,-7.039875340749902621e-01,1.058593129730588167e+00,7.106006058708576045e-01,6.601271552064530423e-01,6.878096410452458898e-01,4.440892098500626162e-16,-1.375264906680110810e+00
-3.311999999999999944e-01,1.106903560607164883e+00,9.991565748084132448e-01,2.021810529652398714e+00,-7.025414546766852730e-01,1.058425063505503916e+00,7.112778879107680696e-01,6.588706015802847649e-01,6.850785517473795272e-01,-1.665334536937734811e-16,-1.372647086625592872e+00
-3.303000000000000380e-01,1.107803222983870572e+00,1.000091429563864986e+00,2.033509092896929271e+00,-7.011014044044847626e-01,1.058257050637599894e+00,7.119557078033403874e-01,6.576166387170135907e-01,6.823535447414792454e-01,1.665334536937734811e-16,-1.370034663993777935e+00
-3.294000000000000261e-01,1.108703722090740973e+00,1.001015985510679052e+00,2.045181849097497118e+00,-6.996673522712416604e-01,1.058089091101470647e+00,7.126340658902222680e-01,6.563652608650198950e-01,6.796346063096988521e-01,8.881784197001252323e-16,-1.367427626802124818e+00
-3.285000000000000142e-01,1.109605048686698847e+00,1.001930304474199396e+00,2.056828906138773672e+00,-6.982392674589441572e-01,1.057921184871726927e+00,7.133129625132228480e-01,6.551164622863652198e-01,6.769217227669578341e-01,6.661338147750939243e-16,-1.364825963096593542e+00
-3.276000000000000023e-01,1.110507193586133701e+00,1.002834447888384162e+00,2.068450371342020588e+00,-6.968171193177297162e-01,1.057753331922995477e+00,7.139923980143156879e-01,6.538702372567525289e-01,6.742148804608472101e-01,7.771561172376095783e-16,-1.362229660951568055e+00
-3.266999999999999904e-01,1.111410147658550507e+00,1.003728476798527502e+00,2.080046351468239241e+00,-6.954008773649027475e-01,1.057585532229919023e+00,7.146723727356363298e-01,6.526265800654951210e-01,6.715140657715555905e-01,1.110223024625156540e-16,-1.359638708469781410e+00
-3.258000000000000340e-01,1.112313901828221541e+00,1.004612451863960532e+00,2.091616952721302880e+00,-6.939905112839610535e-01,1.057417785767156726e+00,7.153528870194835187e-01,6.513854850154812137e-01,6.688192651117816911e-01,3.885780586188047891e-16,-1.357053093782252251e+00
-3.249000000000000221e-01,1.113218447073838879e+00,1.005486433360731180e+00,2.103162280751069257e+00,-6.925859909236251610e-01,1.057250092509383066e+00,7.160339412083188693e-01,6.501469464231396378e-01,6.661304649266560629e-01,1.110223024625156540e-16,-1.354472805048207329e+00
-3.240000000000000102e-01,1.114123774428172453e+00,1.006350481184266510e+00,2.114682440656473261e+00,-6.911872862968778675e-01,1.057082452431289621e+00,7.167155356447669767e-01,6.489109586184054201e-01,6.634476516936533841e-01,1.110223024625156540e-16,-1.351897830455011551e+00
-3.231000000000000538e-01,1.115029874977727431e+00,1.007204654852012604e+00,2.126177536988604455e+00,-6.897943675800066732e-01,1.056914865507583290e+00,7.173976706716159724e-01,6.476775159446845898e-01,6.607708119225127463e-01,1.165734175856414367e-15,-1.349328158218092710e+00
-3.222000000000000419e-01,1.115936739862405602e+00,1.008049013506057356e+00,2.137647673753766853e+00,-6.884072051116523205e-01,1.056747331712987403e+00,7.180803466318155248e-01,6.464466127588240907e-01,6.580999321551630477e-01,1.110223024625156540e-15,-1.346763776580883532e+00
-3.213000000000000300e-01,1.116844360275168757e+00,1.008883615915731280e+00,2.149092954416513823e+00,-6.870257693918661035e-01,1.056579851022241057e+00,7.187635638684799488e-01,6.452182434310718140e-01,6.554349989656276243e-01,3.885780586188047891e-16,-1.344204673814732853e+00
-3.204000000000000181e-01,1.117752727461704065e+00,1.009708520480190774e+00,2.160513481902672339e+00,-6.856500310811697307e-01,1.056412423410099333e+00,7.194473227248865399e-01,6.439924023450457335e-01,6.527759989599505319e-01,8.881784197001252323e-16,-1.341650838218845010e+00
-3.195000000000000062e-01,1.118661832720092786e+00,1.010523785230981408e+00,2.171909358602349016e+00,-6.842799609996230714e-01,1.056245048851333523e+00,7.201316235444754632e-01,6.427690838977009324e-01,6.501229187761174977e-01,3.330669073875469621e-16,-1.339102258120209887e+00
-3.185999999999999943e-01,1.119571667400479420e+00,1.011329467834582996e+00,2.183280686372908175e+00,-6.829155301258978961e-01,1.056077727320730908e+00,7.208164666708503088e-01,6.415482824992940758e-01,6.474757450839698780e-01,1.110223024625156540e-16,-1.336558921873528982e+00
-3.176999999999999824e-01,1.120482222904745750e+00,1.012125625594934464e+00,2.194627566541948127e+00,-6.815567095963561695e-01,1.055910458793094309e+00,7.215018524477787576e-01,6.403299925733494380e-01,6.448344645851242785e-01,8.881784197001252323e-16,-1.334020817861144570e+00
-3.168000000000000260e-01,1.121393490686184213e+00,1.012912315455940959e+00,2.205950099910244599e+00,-6.802034707041353379e-01,1.055743243243243201e+00,7.221877812191901391e-01,6.391142085566290376e-01,6.421990640129002781e-01,9.436895709313830594e-16,-1.331487934492977088e+00
-3.159000000000000141e-01,1.122305462249176156e+00,1.013689594003962968e+00,2.217248386754690159e+00,-6.788557848982381682e-01,1.055576080646012604e+00,7.228742533291788730e-01,6.379009248990938907e-01,6.395695301322275039e-01,8.326672684688674053e-16,-1.328960260206445421e+00
-3.150000000000000022e-01,1.123218129148870315e+00,1.014457517470284564e+00,2.228522526831202555e+00,-6.775136237826299146e-01,1.055408970976253302e+00,7.235612691220021375e-01,6.366901360638737017e-01,6.369458497395739105e-01,6.106226635438360972e-16,-1.326437783466403619e+00
-3.141000000000000458e-01,1.124131482990865072e+00,1.015216141733566557e+00,2.239772619377627283e+00,-6.761769591153397041e-01,1.055241914208832288e+00,7.242488289420810910e-01,6.354818365272327796e-01,6.343280096628621800e-01,7.216449660063517513e-16,-1.323920492765068069e+00
-3.132000000000000339e-01,1.125045515430891818e+00,1.015965522322279435e+00,2.250998763116619283e+00,-6.748457628075681392e-01,1.055074910318632542e+00,7.249369331340002054e-01,6.342760207785371751e-01,6.317159967613928950e-01,8.881784197001252323e-16,-1.321408376621952652e+00
-3.123000000000000220e-01,1.125960218174500316e+00,1.016705714417118100e+00,2.262201056258502430e+00,-6.735200069228000075e-01,1.054907959280552809e+00,7.256255820425077108e-01,6.330726833202212633e-01,6.291097979257626038e-01,8.881784197001252323e-16,-1.318901423583794585e+00
-3.114000000000000101e-01,1.126875582976748280e+00,1.017436772853400395e+00,2.273379596504120137e+00,-6.721996636759244304e-01,1.054741061069507380e+00,7.263147760125161501e-01,6.318718186677536597e-01,6.265094000777845507e-01,1.720845688168992638e-15,-1.316399622224487365e+00
-3.104999999999999982e-01,1.127791601641890074e+00,1.018158752123446531e+00,2.284534481047664656e+00,-6.708847054323572312e-01,1.054574215660426972e+00,7.270045153891000478e-01,6.306734213496081320e-01,6.239147901704158450e-01,1.054711873393898713e-15,-1.313902961145015924e+00
-3.095999999999999863e-01,1.128708266023069617e+00,1.018871706378941200e+00,2.295665806579488155e+00,-6.695751047071720752e-01,1.054407423028258073e+00,7.276948005174996847e-01,6.294774859072250761e-01,6.213259551876667564e-01,9.436895709313830594e-16,-1.311411428973384918e+00
-3.086999999999999744e-01,1.129625568022015303e+00,1.019575689433278809e+00,2.306773669288902706e+00,-6.682708341642349392e-01,1.054240683147962709e+00,7.283856317431182115e-01,6.282840068949827605e-01,6.187428821445322136e-01,5.551115123125782702e-16,-1.308925014364546779e+00
-3.078000000000000180e-01,1.130543499588735790e+00,1.020270754763890286e+00,2.317858164866958504e+00,-6.669718666153441333e-01,1.054073995994518897e+00,7.290770094115232025e-01,6.270929788801631322e-01,6.161655580869093152e-01,4.440892098500626162e-16,-1.306443706000339544e+00
-3.069000000000000061e-01,1.131462052721219580e+00,1.020956955514554121e+00,2.328919388509209210e+00,-6.656781750193778713e-01,1.053907361542920418e+00,7.297689338684457683e-01,6.259043964429196194e-01,6.135939700915191697e-01,3.885780586188047891e-16,-1.303967492589415356e+00
-3.060000000000000497e-01,1.132381219465134814e+00,1.021634344497688751e+00,2.339957434918455537e+00,-6.643897324814438399e-01,1.053740779768177038e+00,7.304614054597815542e-01,6.247182541762442698e-01,6.110281052658297352e-01,7.216449660063517513e-16,-1.301496362867175627e+00
-3.051000000000000378e-01,1.133300991913533284e+00,1.022302974196629854e+00,2.350972398307483502e+00,-6.631065122520367616e-01,1.053574250645314070e+00,7.311544245315901858e-01,6.235345466859351093e-01,6.084679507479762162e-01,1.443289932012703503e-15,-1.299030305595698209e+00
-3.042000000000000259e-01,1.134221362206553785e+00,1.022962896767889207e+00,2.361964372401770706e+00,-6.618284877261997323e-01,1.053407774149373255e+00,7.318479914300944911e-01,6.223532685905663886e-01,6.059134937066898985e-01,9.992007221626408864e-16,-1.296569309563679884e+00
-3.033000000000000140e-01,1.135142322531130121e+00,1.023614164043397778e+00,2.372933450442192171e+00,-6.605556324426917758e-01,1.053241350255410991e+00,7.325421065016824995e-01,6.211744145214519452e-01,6.033647213412118848e-01,3.885780586188047891e-16,-1.294113363586357535e+00
-3.024000000000000021e-01,1.136063865120699345e+00,1.024256827532732173e+00,2.383879725187700416e+00,-6.592879200831593955e-01,1.053074978938500328e+00,7.332367700929064425e-01,6.199979791226154502e-01,6.008216208812187098e-01,1.054711873393898713e-15,-1.291662456505449086e+00
-3.014999999999999902e-01,1.136985982254913319e+00,1.024890938425324416e+00,2.394803288917995321e+00,-6.580253244713143435e-01,1.052908660173729860e+00,7.339319825504824202e-01,6.188239570507590992e-01,5.982841795867508417e-01,6.661338147750939243e-16,-1.289216577189081114e+00
-3.005999999999999783e-01,1.137908666259350721e+00,1.025516547592655758e+00,2.405704233436171791e+00,-6.567678195721164958e-01,1.052742393936203946e+00,7.346277442212911790e-01,6.176523429752295291e-01,5.957523847481273060e-01,7.216449660063517513e-16,-1.286775714531728010e+00
-2.997000000000000219e-01,1.138831909505232387e+00,1.026133705590434264e+00,2.416582650071359417e+00,-6.555153794909606146e-01,1.052576180201042044e+00,7.353240554523781114e-01,6.164831315779871757e-01,5.932262236858762972e-01,1.221245327087672194e-15,-1.284339857454139588e+00
-2.988000000000000100e-01,1.139755704409138204e+00,1.026742462660756416e+00,2.427438629681343496e+00,-6.542679784728695491e-01,1.052410018943380265e+00,7.360209165909518125e-01,6.153163175535760754e-01,5.907056837506579061e-01,9.992007221626408864e-16,-1.281908994903283139e+00
-2.979000000000000536e-01,1.140680043432725554e+00,1.027342868734252512e+00,2.438272262655164724e+00,-6.530255909016926541e-01,1.052243910138370042e+00,7.367183279843866339e-01,6.141518956090877834e-01,5.881907523231817425e-01,9.436895709313830594e-16,-1.279483115852265929e+00
-2.970000000000000417e-01,1.141604919082450209e+00,1.027934973432216958e+00,2.449083638915717120e+00,-6.517881912993068738e-01,1.052077853761178350e+00,7.374162899802212401e-01,6.129898604641332849e-01,5.856814168141381005e-01,6.661338147750939243e-16,-1.277062209300277251e+00
-2.961000000000000298e-01,1.142530323909288326e+00,1.028518826068722136e+00,2.459872847922315753e+00,-6.505557543248252639e-01,1.051911849786987929e+00,7.381148029261586085e-01,6.118302068508104652e-01,5.831776646641189110e-01,1.110223024625156540e-15,-1.274646264272522034e+00
-2.952000000000000179e-01,1.143456250508461336e+00,1.029094475652716723e+00,2.470639978673259574e+00,-6.493282547738095101e-01,1.051745898190997064e+00,7.388138671700666960e-01,6.106729295136722468e-01,5.806794833435438008e-01,2.775557561562891351e-16,-1.272235269820150005e+00
-2.943000000000000060e-01,1.144382691519162165e+00,1.029661970890110467e+00,2.481385119708376052e+00,-6.481056675774869991e-01,1.051579998948420025e+00,7.395134830599777720e-01,6.095180232096956141e-01,5.781868603525821548e-01,7.216449660063517513e-16,-1.269829215020199520e+00
-2.933999999999999941e-01,1.145309639624283893e+00,1.030221360185840096e+00,2.492108359111548488e+00,-6.468879678019743285e-01,1.051414152034486404e+00,7.402136509440896406e-01,6.083654827082491945e-01,5.756997832210797306e-01,1.276756478318930021e-15,-1.267428088975518730e+00
-2.924999999999999822e-01,1.146237087550149081e+00,1.030772691645924111e+00,2.502809784513233993e+00,-6.456751306475023711e-01,1.051248357424441560e+00,7.409143711707634194e-01,6.072153027910655032e-01,5.732182395084881588e-01,1.054711873393898713e-15,-1.265031880814719623e+00
-2.916000000000000258e-01,1.147165028066241543e+00,1.031316013079499161e+00,2.513489483092960164e+00,-6.444671314476496660e-01,1.051082615093546391e+00,7.416156440885263157e-01,6.060674782522049719e-01,5.707422168037813437e-01,1.054711873393898713e-15,-1.262640579692093867e+00
-2.907000000000000139e-01,1.148093453984941448e+00,1.031851372000843980e+00,2.524147541581813314e+00,-6.432639456685789181e-01,1.050916925017077341e+00,7.423174700460704045e-01,6.049220038980271941e-01,5.682717027253858522e-01,6.661338147750939243e-16,-1.260254174787556636e+00
-2.898000000000000020e-01,1.149022358161258861e+00,1.032378815631386448e+00,2.534784046264908053e+00,-6.420655489082773837e-01,1.050751287170326842e+00,7.430198493922524072e-01,6.037788745471606155e-01,5.658066849211067506e-01,4.996003610813204432e-16,-1.257872655306583987e+00
-2.889000000000000457e-01,1.149951733492572847e+00,1.032898390901697550e+00,2.545399082983842209e+00,-6.408719168958044721e-01,1.050585701528602200e+00,7.437227824760940242e-01,6.026380850304710046e-01,5.633471510680543304e-01,0.000000000000000000e+00,-1.255496010480147362e+00
-2.880000000000000338e-01,1.150881572918369233e+00,1.033410144453470236e+00,2.555992737139142434e+00,-6.396830254905409019e-01,1.050420168067226934e+00,7.444262696467821572e-01,6.014996301910296994e-01,5.608930888725662811e-01,2.775557561562891351e-16,-1.253124229564645198e+00
-2.871000000000000218e-01,1.151811869419982814e+00,1.033914122641482525e+00,2.566565093692687149e+00,-6.384988506814455178e-01,1.050254686761539658e+00,7.451303112536694639e-01,6.003635048840835209e-01,5.584444860701367475e-01,1.110223024625156540e-15,-1.250757301841840308e+00
-2.862000000000000099e-01,1.152742616020338451e+00,1.034410371535549045e+00,2.577116237170124613e+00,-6.373193685863136615e-01,1.050089257586894753e+00,7.458349076462719163e-01,5.992297039770265732e-01,5.560013304253472732e-01,1.221245327087672194e-15,-1.248395216618805037e+00
-2.852999999999999980e-01,1.153673805783697270e+00,1.034898936922455492e+00,2.587646251663269226e+00,-6.361445554510435363e-01,1.049923880518662367e+00,7.465400591742724634e-01,5.980982223493650496e-01,5.535636097317829796e-01,1.332267629550187849e-15,-1.246037963227844214e+00
-2.843999999999999861e-01,1.154605431815401317e+00,1.035379864307880649e+00,2.598155220832487622e+00,-6.349743876489039041e-01,1.049758555532227522e+00,7.472457661875187007e-01,5.969690548926895879e-01,5.511313118119678389e-01,1.110223024625156540e-15,-1.243685531026436974e+00
-2.834999999999999742e-01,1.155537487261621754e+00,1.035853198918303741e+00,2.608643227909072326e+00,-6.338088416798074443e-01,1.049593282602991451e+00,7.479520290360238688e-01,5.958421965106442952e-01,5.487044245172878476e-01,9.436895709313830594e-16,-1.241337909397175920e+00
-2.826000000000000179e-01,1.156469965309109060e+00,1.036318985702897377e+00,2.619110355697594539e+00,-6.326478941695902192e-01,1.049428061706370041e+00,7.486588480699661874e-01,5.947176421188967721e-01,5.462829357279213038e-01,8.881784197001252323e-16,-1.238995087747701840e+00
-2.817000000000000060e-01,1.157402859184943900e+00,1.036777269335408258e+00,2.629556686578254254e+00,-6.314915218692931376e-01,1.049262892817795612e+00,7.493662236396895215e-01,5.935953866451072480e-01,5.438668333527625354e-01,7.771561172376095783e-16,-1.236657055510639980e+00
-2.808000000000000496e-01,1.158336162156289983e+00,1.037228094216022578e+00,2.639982302509204626e+00,-6.303397016544491915e-01,1.049097775912714914e+00,7.500741560957036036e-01,5.924754250288982727e-01,5.414561053293520665e-01,1.554312234475219157e-15,-1.234323802143537652e+00
-2.799000000000000377e-01,1.159269867530148490e+00,1.037671504473218098e+00,2.650387285028873663e+00,-6.291924105243739129e-01,1.048932710966591353e+00,7.507826457886823679e-01,5.913577522218270710e-01,5.390507396238070070e-01,1.221245327087672194e-15,-1.231995317128806722e+00
-2.790000000000000258e-01,1.160203968653114925e+00,1.038107543965604007e+00,2.660771715258261949e+00,-6.280496256014626022e-01,1.048767697954902989e+00,7.514916930694667263e-01,5.902423631873510157e-01,5.366507242307413383e-01,1.276756478318930021e-15,-1.229671589973647894e+00
-2.781000000000000139e-01,1.161138458911137095e+00,1.038536256283745240e+00,2.671135673903238139e+00,-6.269113241304895556e-01,1.048602736853143202e+00,7.522012982890626809e-01,5.891292529008018697e-01,5.342560471732027416e-01,9.436895709313830594e-16,-1.227352610210004080e+00
-2.772000000000000020e-01,1.162073331729273518e+00,1.038957684751975030e+00,2.681479241256810919e+00,-6.257774834779114004e-01,1.048437827636821140e+00,7.529114617986421010e-01,5.880184163493529237e-01,5.318666965025937721e-01,5.551115123125782702e-16,-1.225038367394485128e+00
-2.762999999999999901e-01,1.163008580571456063e+00,1.039371872430194799e+00,2.691802497201393862e+00,-6.246480811311774239e-01,1.048272970281461269e+00,7.536221839495425012e-01,5.869098485319916847e-01,5.294826602986063557e-01,2.775557561562891351e-16,-1.222728851108314974e+00
-2.753999999999999782e-01,1.163944198940252583e+00,1.039778862115658287e+00,2.702105521211056072e+00,-6.235230946980414579e-01,1.048108164762603378e+00,7.543334650932677077e-01,5.858035444594877905e-01,5.271039266691447400e-01,1.443289932012703503e-15,-1.220424050957266804e+00
-2.745000000000000218e-01,1.164880180376629992e+00,1.040178696344746134e+00,2.712388392353757283e+00,-6.224025019058786468e-01,1.047943411055803020e+00,7.550453055814858594e-01,5.846994991543670306e-01,5.247304837502635433e-01,1.498801083243961330e-15,-1.218123956571597999e+00
-2.736000000000000099e-01,1.165816518459721784e+00,1.040571417394724252e+00,2.722651189293574969e+00,-6.212862806010068795e-01,1.047778709136630404e+00,7.557577057660325170e-01,5.835977076508773731e-01,5.223623197060870416e-01,1.332267629550187849e-15,-1.215828557605994398e+00
-2.727000000000000535e-01,1.166753206806595111e+00,1.040957067285492865e+00,2.732893990292910136e+00,-6.201744087480132173e-01,1.047614058980671503e+00,7.564706659989086646e-01,5.824981649949623197e-01,5.199994227287434434e-01,1.387778780781445676e-15,-1.213537843739504796e+00
-2.718000000000000416e-01,1.167690239072019853e+00,1.041335687781319130e+00,2.743116873214693552e+00,-6.190668644290812095e-01,1.047449460563527834e+00,7.571841866322814862e-01,5.814008662442302633e-01,5.176417810382922813e-01,8.326672684688674053e-16,-1.211251804675479882e+00
-2.709000000000000297e-01,1.168627608948238805e+00,1.041707320392560421e+00,2.753319915524560901e+00,-6.179636258433267582e-01,1.047284913860815792e+00,7.578982680184840337e-01,5.803058064679265105e-01,5.152893828826584643e-01,9.992007221626408864e-16,-1.208970430141513619e+00
-2.700000000000000178e-01,1.169565310164740968e+00,1.042072006377373183e+00,2.763503194293035037e+00,-6.168646713061340936e-01,1.047120418848167533e+00,7.586129105100153369e-01,5.792129807469031944e-01,5.129422165375583376e-01,7.771561172376095783e-16,-1.206693709889381516e+00
-2.691000000000000059e-01,1.170503336488034840e+00,1.042429786743409359e+00,2.773666786197679368e+00,-6.157699792484990775e-01,1.046955975501230096e+00,7.593281144595415144e-01,5.781223841735888547e-01,5.106002703064276282e-01,1.387778780781445676e-15,-1.204421633694976235e+00
-2.681999999999999940e-01,1.171441681721423711e+00,1.042780702249502145e+00,2.783810767525250363e+00,-6.146795282163737273e-01,1.046791583795666281e+00,7.600438802198931088e-01,5.770340118519636796e-01,5.082635325203613830e-01,1.110223024625156540e-15,-1.202154191358257407e+00
-2.672999999999999821e-01,1.172380339704782060e+00,1.043124793407337991e+00,2.793935214173828285e+00,-6.135932968700165135e-01,1.046627243707153765e+00,7.607602081440683062e-01,5.759478588975252000e-01,5.059319915380335875e-01,6.106226635438360972e-16,-1.199891372703176806e+00
-2.664000000000000257e-01,1.173319304314334621e+00,1.043462100483116384e+00,2.804040201654943498e+00,-6.125112639833460992e-01,1.046462955211385548e+00,7.614770985852314933e-01,5.748639204372620881e-01,5.036056357456319965e-01,9.436895709313830594e-16,-1.197633167577629276e+00
-2.655000000000000138e-01,1.174258569462436119e+00,1.043792663499198747e+00,2.814125805095688548e+00,-6.114334084432985206e-01,1.046298718284070173e+00,7.621945518967130351e-01,5.737821916096259578e-01,5.012844535567919646e-01,5.551115123125782702e-16,-1.195379565853387227e+00
-2.646000000000000574e-01,1.175198129097351885e+00,1.044116522235744915e+00,2.824192099240808496e+00,-6.103597092491903631e-01,1.046134532900931058e+00,7.629125684320101630e-01,5.727026675645003895e-01,4.989684334125216170e-01,9.436895709313830594e-16,-1.193130557426042460e+00
-2.637000000000000455e-01,1.176137977203040919e+00,1.044433716232336717e+00,2.834239158454797902e+00,-6.092901455120814935e-01,1.045970399037707388e+00,7.636311485447860870e-01,5.716253434631748398e-01,4.966575637811390109e-01,8.881784197001252323e-16,-1.190886132214947768e+00
-2.628000000000000336e-01,1.177078107798940509e+00,1.044744284789592026e+00,2.844267056723965847e+00,-6.082246964541474510e-01,1.045806316670152558e+00,7.643502925888714383e-01,5.705502144783132223e-01,4.943518331581986391e-01,1.887379141862766119e-15,-1.188646280163152547e+00
-2.619000000000000217e-01,1.178018514939751737e+00,1.045048266970764583e+00,2.854275867658503163e+00,-6.071633414080512825e-01,1.045642285774036617e+00,7.650700009182617167e-01,5.694772757939293717e-01,4.920512300664288130e-01,1.498801083243961330e-15,-1.186410991237352830e+00
-2.610000000000000098e-01,1.178959192715225868e+00,1.045345701603334287e+00,2.864265664494531460e+00,-6.061060598163197088e-01,1.045478306325143825e+00,7.657902738871206205e-01,5.684065226053538478e-01,4.897557430556562785e-01,1.165734175856414367e-15,-1.184180255427820905e+00
-2.600999999999999979e-01,1.179900135249953630e+00,1.045636627280585262e+00,2.874236520096141945e+00,-6.050528312307253964e-01,1.045314378299273539e+00,7.665111118497780485e-01,5.673379501192085117e-01,4.874653607027430446e-01,1.054711873393898713e-15,-1.181954062748351575e+00
-2.591999999999999860e-01,1.180841336703154720e+00,1.045921082363171495e+00,2.884188506957420906e+00,-6.040036353116706724e-01,1.045150501672240884e+00,7.672325151607306548e-01,5.662715535533776601e-01,4.851800716115168832e-01,1.054711873393898713e-15,-1.179732403236203764e+00
-2.583000000000000296e-01,1.181782791268469968e+00,1.046199104980673367e+00,2.894121697204465882e+00,-6.029584518275769023e-01,1.044986676419875637e+00,7.679544841746419603e-01,5.652073281369798252e-01,4.828998644127052708e-01,9.436895709313830594e-16,-1.177515266952041451e+00
-2.574000000000000177e-01,1.182724493173752833e+00,1.046470733033141087e+00,2.904036162597389392e+00,-6.019172606542750881e-01,1.044822902518023122e+00,7.686770192463425744e-01,5.641452691103385764e-01,4.806247277638634463e-01,1.554312234475219157e-15,-1.175302643979871275e+00
-2.565000000000000058e-01,1.183666436680864020e+00,1.046736004192627023e+00,2.913931974532308899e+00,-6.008800417744023514e-01,1.044659179942543759e+00,7.694001207308286405e-01,5.630853717249577617e-01,4.783546503493163460e-01,1.221245327087672194e-15,-1.173094524426995466e+00
-2.556000000000000494e-01,1.184608616085467636e+00,1.046994955904708924e+00,2.923809204043328336e+00,-5.998467752768020800e-01,1.044495508669312622e+00,7.701237889832649453e-01,5.620276312434885346e-01,4.760896208800796670e-01,1.276756478318930021e-15,-1.170890898423934567e+00
-2.547000000000000375e-01,1.185551025716826690e+00,1.047247625389999603e+00,2.933667921804508083e+00,-5.988174413559251841e-01,1.044331888674220554e+00,7.708480243589823644e-01,5.609720429397054842e-01,4.738296280938015803e-01,9.436895709313830594e-16,-1.168691756124386139e+00
-2.538000000000000256e-01,1.186493659937602807e+00,1.047494049645647296e+00,2.943508198131822073e+00,-5.977920203112385700e-01,1.044168319933173272e+00,7.715728272134793064e-01,5.599186020984765477e-01,4.715746607546912328e-01,9.436895709313830594e-16,-1.166497087705159474e+00
-2.529000000000000137e-01,1.187436513143654837e+00,1.047734265446825130e+00,2.953330102985102013e+00,-5.967704925466346122e-01,1.044004802422091149e+00,7.722981979024208243e-01,5.588673040157364769e-01,4.693247076534560192e-01,4.996003610813204432e-16,-1.164306883366116985e+00
-2.520000000000000018e-01,1.188379579763839455e+00,1.047968309348209281e+00,2.963133705969974940e+00,-5.957528385698446227e-01,1.043841336116910323e+00,7.730241367816395037e-01,5.578181439984586376e-01,4.670797576072316382e-01,7.216449660063517513e-16,-1.162121133330122458e+00
-2.510999999999999899e-01,1.189322854259814433e+00,1.048196217685446463e+00,2.972919076339787026e+00,-5.947390389918572051e-01,1.043677920993581365e+00,7.737506442071354629e-01,5.567711173646266998e-01,4.648397994595168115e-01,1.498801083243961330e-15,-1.159939827842972226e+00
-2.501999999999999780e-01,1.190266331125841681e+00,1.048418026576611650e+00,2.982686282997515814e+00,-5.937290745263386071e-01,1.043514557028070389e+00,7.744777205350744653e-01,5.557262194432097679e-01,4.626048220801115551e-01,9.992007221626408864e-16,-1.157762957173353646e+00
-2.493000000000000216e-01,1.191210004888591190e+00,1.048633771923655145e+00,2.992435394497672263e+00,-5.927229259890568480e-01,1.043351244196358607e+00,7.752053661217913616e-01,5.546834455741311842e-01,4.603748143650432390e-01,1.332267629550187849e-15,-1.155590511612773597e+00
-2.484000000000000097e-01,1.192153870106949176e+00,1.048843489413837871e+00,3.002166479048193448e+00,-5.917205742973106197e-01,1.043187982474441888e+00,7.759335813237876467e-01,5.536427911082432152e-01,4.581497652365065232e-01,8.881784197001252323e-16,-1.153422481475506967e+00
-2.475000000000000255e-01,1.193097921371823356e+00,1.049047214521158455e+00,3.011879604512320618e+00,-5.907220004693594095e-01,1.043024771838331199e+00,7.766623664977323482e-01,5.526042514072996292e-01,4.559296636427968563e-01,6.106226635438360972e-16,-1.151258857098540700e+00
-2.466000000000000136e-01,1.194042153305953091e+00,1.049244982507768320e+00,3.021574838410470143e+00,-5.897271856238591736e-01,1.042861612264052606e+00,7.773917220004619155e-01,5.515678218439281633e-01,4.537144985582441947e-01,5.551115123125782702e-16,-1.149099628841516507e+00
-2.457000000000000295e-01,1.194986560563718880e+00,1.049436828425377222e+00,3.031252247922090692e+00,-5.887361109793008973e-01,1.042698503727647275e+00,7.781216481889804415e-01,5.505334978016031000e-01,4.515042589831479436e-01,2.220446049250313081e-16,-1.146944787086673134e+00
-2.448000000000000176e-01,1.195931137830952951e+00,1.049622787116649691e+00,3.040911899887514203e+00,-5.877487578534502655e-01,1.042535446205171024e+00,7.788521454204599959e-01,5.495012746746180676e-01,4.492989339437114538e-01,1.332267629550187849e-15,-1.144794322238787521e+00
-2.439000000000000057e-01,1.196875879824753408e+00,1.049802893216589039e+00,3.050553860809790407e+00,-5.867651076627954376e-01,1.042372439672694995e+00,7.795832140522386267e-01,5.484711478680613927e-01,4.470985124919825138e-01,6.661338147750939243e-16,-1.142648224725127726e+00
-2.430000000000000215e-01,1.197820781293296166e+00,1.049977181153914918e+00,3.060178196856514710e+00,-5.857851419219933797e-01,1.042209484106305428e+00,7.803148544418239130e-01,5.474431127977846812e-01,4.449029837057782988e-01,1.110223024625156540e-15,-1.140506484995384540e+00
-2.421000000000000096e-01,1.198765837015650870e+00,1.050145685152426678e+00,3.069784973861646726e+00,-5.848088422433216360e-01,1.042046579482102775e+00,7.810470669468903004e-01,5.464171648903796141e-01,4.427123366886308586e-01,5.551115123125782702e-16,-1.138369093521623743e+00
-2.412000000000000255e-01,1.199711041801597045e+00,1.050308439232361613e+00,3.079374257327313735e+00,-5.838361903361344307e-01,1.041883725776203473e+00,7.817798519252802114e-01,5.453932995831491937e-01,4.405265605697155085e-01,4.996003610813204432e-16,-1.136236040798227487e+00
-2.403000000000000136e-01,1.200656390491440906e+00,1.050465477211739218e+00,3.088946112425607904e+00,-5.828671680063194360e-01,1.041720922964737728e+00,7.825132097350040450e-01,5.443715123240817633e-01,4.383456445037923199e-01,4.440892098500626162e-16,-1.134107317341836785e+00
-2.394000000000000294e-01,1.201601877955835063e+00,1.050616832707698567e+00,3.098500604000371084e+00,-5.819017571557609791e-01,1.041558171023851731e+00,7.832471407342398440e-01,5.433517985718245846e-01,4.361695776711381756e-01,1.665334536937734811e-16,-1.131982913691301107e+00
-2.385000000000000175e-01,1.202547499095596883e+00,1.050762539137825691e+00,3.108037796568971611e+00,-5.809399397818026944e-01,1.041395469929705664e+00,7.839816452813341829e-01,5.423341537956554159e-01,4.339983492774832641e-01,1.387778780781445676e-15,-1.129862820407615542e+00
-2.376000000000000056e-01,1.203493248841531083e+00,1.050902629721470305e+00,3.117557754324067343e+00,-5.799816979767177250e-01,1.041232819658475695e+00,7.847167237348001700e-01,5.413185734754601963e-01,4.318319485539525715e-01,9.436895709313830594e-16,-1.127747028073875279e+00
-2.367000000000000215e-01,1.204439122154250308e+00,1.051037137481054318e+00,3.127060541135362026e+00,-5.790270139271780359e-01,1.041070220186351536e+00,7.854523764533203334e-01,5.403050531017010716e-01,4.296703647569959372e-01,8.881784197001252323e-16,-1.125635527295210769e+00
-2.358000000000000096e-01,1.205385114023999726e+00,1.051166095243370346e+00,3.136546220551352793e+00,-5.780758699137292789e-01,1.040907671489538888e+00,7.861886037957449558e-01,5.392935881753937455e-01,4.275135871683259925e-01,4.996003610813204432e-16,-1.123528308698737099e+00
-2.349000000000000254e-01,1.206331219470480942e+00,1.051289535640871575e+00,3.146014855801059440e+00,-5.771282483102692096e-01,1.040745173544257662e+00,7.869254061210925189e-01,5.382841742080795022e-01,4.253616050948574312e-01,-5.551115123125782702e-17,-1.121425362933498482e+00
-2.340000000000000135e-01,1.207277433542677691e+00,1.051407491112950954e+00,3.155466509795756824e+00,-5.761841315835264377e-01,1.040582726326743090e+00,7.876627837885494809e-01,5.372768067218001153e-01,4.232144078686422839e-01,5.551115123125782702e-17,-1.119326680670416962e+00
-2.331000000000000294e-01,1.208223751318682870e+00,1.051519993907213513e+00,3.164901245130684160e+00,-5.752435022925461716e-01,1.040420329813244615e+00,7.884007371574708323e-01,5.362714812490705363e-01,4.210719848468088555e-01,-2.775557561562891351e-16,-1.117232252602229803e+00
-2.322000000000000175e-01,1.209170167905526450e+00,1.051627076080737577e+00,3.174319124086754762e+00,-5.743063430881756304e-01,1.040257983980027001e+00,7.891392665873800949e-01,5.352681933328530262e-01,4.189343254114952231e-01,9.436895709313830594e-16,-1.115142069443443740e+00
-2.313000000000000056e-01,1.210116678439004279e+00,1.051728769501327543e+00,3.183720208632249360e+00,-5.733726367125545620e-01,1.040095688803369889e+00,7.898783724379678794e-01,5.342669385265328419e-01,4.168014189697937244e-01,7.771561172376095783e-16,-1.113056121930276365e+00
-2.304000000000000214e-01,1.211063278083508665e+00,1.051825105848759101e+00,3.193104560424503635e+00,-5.724423659986080937e-01,1.039933444259567352e+00,7.906180550690945497e-01,5.332677123938891484e-01,4.146732549536805701e-01,6.661338147750939243e-16,-1.110974400820602392e+00
-2.295000000000000095e-01,1.212009962031859622e+00,1.051916116616013364e+00,3.202472240811587323e+00,-5.715155138695422465e-01,1.039771250324928564e+00,7.913583148407884460e-01,5.322705105090713706e-01,4.125498228199591111e-01,6.661338147750939243e-16,-1.108896896893898587e+00
-2.286000000000000254e-01,1.212956725505137445e+00,1.052001833110502771e+00,3.211823310833965994e+00,-5.705920633383443352e-01,1.039609106975777131e+00,7.920991521132467739e-01,5.312753284565718825e-01,4.104311120501943355e-01,3.885780586188047891e-16,-1.106823600951191144e+00
-2.277000000000000135e-01,1.213903563752515513e+00,1.052082286455291005e+00,3.221157831226164170e+00,-5.696719975072828124e-01,1.039447014188451757e+00,7.928405672468347154e-01,5.302821618312022478e-01,4.083171121506555812e-01,-2.220446049250313081e-16,-1.104754503815004174e+00
-2.268000000000000294e-01,1.214850472051095753e+00,1.052157507590299357e+00,3.230475862418408894e+00,-5.687552995674141076e-01,1.039284971939305802e+00,7.935825606020872058e-01,5.292910062380644654e-01,4.062078126522479238e-01,9.992007221626408864e-16,-1.102689596329300636e+00
-2.259000000000000175e-01,1.215797445705744328e+00,1.052227527273508212e+00,3.239777464538273311e+00,-5.678419527980897996e-01,1.039122980204707281e+00,7.943251325397059359e-01,5.283018572925296530e-01,4.041032031104614397e-01,8.326672684688674053e-16,-1.100628869359436379e+00
-2.250000000000000056e-01,1.216744480048927546e+00,1.052292376082149650e+00,3.249062697412301581e+00,-5.669319405664673406e-01,1.038961038961038863e+00,7.950682834205627936e-01,5.273147106202080714e-01,4.020032731052984865e-01,7.771561172376095783e-16,-1.098572313792099520e+00
-2.241000000000000214e-01,1.217691570440550874e+00,1.052352084413888944e+00,3.258331620567633813e+00,-5.660252463270242229e-01,1.038799148184698540e+00,7.958120136056983096e-01,5.263295618569259204e-01,3.999080122412179694e-01,3.330669073875469621e-16,-1.096519920535262704e+00
-2.232000000000000095e-01,1.218638712267797075e+00,1.052406682488001621e+00,3.267584293233614101e+00,-5.651218536210743659e-01,1.038637307852098068e+00,7.965563234563215467e-01,5.253464066486993600e-01,3.978174101470753898e-01,5.551115123125782702e-17,-1.094471680518123824e+00
-2.223000000000000254e-01,1.219585900944966550e+00,1.052456200346538306e+00,3.276820774343392806e+00,-5.642217460762881664e-01,1.038475517939664527e+00,7.973012133338106544e-01,5.243652406517090858e-01,3.957314564760583409e-01,-5.551115123125782702e-17,-1.092427584691060494e+00
-2.214000000000000135e-01,1.220533131913317915e+00,1.052500667855483574e+00,3.286041122535522163e+00,-5.633249074062136597e-01,1.038313778423839651e+00,7.980466835997126474e-01,5.233860595322756826e-01,3.936501409056292200e-01,-1.665334536937734811e-16,-1.090387624025574098e+00
-2.205000000000000293e-01,1.221480400640910569e+00,1.052540114705907026e+00,3.295245396155536355e+00,-5.624313214098034530e-01,1.038152089281079604e+00,7.987927346157438491e-01,5.224088589668328675e-01,3.915734531374626126e-01,6.106226635438360972e-16,-1.088351789514234280e+00
-2.196000000000000174e-01,1.222427702622447931e+00,1.052574570415103272e+00,3.304433653257529357e+00,-5.615409719709422154e-01,1.037990450487855432e+00,7.995393667437885599e-01,5.214336346419052859e-01,3.895013828973878933e-01,5.551115123125782702e-16,-1.086320072170635864e+00
-2.187000000000000055e-01,1.223375033379120680e+00,1.052604064327727462e+00,3.313605951605719913e+00,-5.606538430579768306e-01,1.037828862020652831e+00,8.002865803459011662e-01,5.204603822540796454e-01,3.874339199353246110e-01,4.440892098500626162e-16,-1.084292463029332687e+00
-2.178000000000000214e-01,1.224322388458452426e+00,1.052628625616920388e+00,3.322762348676008504e+00,-5.597699187232508811e-01,1.037667323855971713e+00,8.010343757843050305e-01,5.194890975099818453e-01,3.853710540252254235e-01,3.330669073875469621e-16,-1.082268953145795187e+00
-2.169000000000000095e-01,1.225269763434146730e+00,1.052648283285425812e+00,3.331902901657526783e+00,-5.588891831026415735e-01,1.037505835970327306e+00,8.017827534213928242e-01,5.185197761262516636e-01,3.833127749650140359e-01,-2.775557561562891351e-16,-1.080249533596357336e+00
-2.160000000000000253e-01,1.226217153905931889e+00,1.052663066166701356e+00,3.341027667454175454e+00,-5.580116204150969983e-01,1.037344398340249052e+00,8.025317136197260837e-01,5.175524138295179988e-01,3.812590725765286903e-01,-4.440892098500626162e-16,-1.078234195478161794e+00
-2.151000000000000134e-01,1.227164555499411724e+00,1.052673002926019619e+00,3.350136702686157264e+00,-5.571372149621803826e-01,1.037183010942280603e+00,8.032812567420366534e-01,5.165870063563730019e-01,3.792099367054592163e-01,8.326672684688674053e-16,-1.076222929909110171e+00
-2.142000000000000293e-01,1.228111963865913259e+00,1.052678122061562638e+00,3.359230063691497126e+00,-5.562659511276140112e-01,1.037021673752981377e+00,8.040313831512236886e-01,5.156235494533500940e-01,3.771653572212924077e-01,6.661338147750939243e-16,-1.074215728027812844e+00
-2.133000000000000174e-01,1.229059374682336614e+00,1.052678451905508794e+00,3.368307806527558235e+00,-5.553978133768251446e-01,1.036860386748924334e+00,8.047820932103577629e-01,5.146620388768952115e-01,3.751253240172454095e-01,8.326672684688674053e-16,-1.072212580993531894e+00
-2.124000000000000055e-01,1.230006783651007352e+00,1.052674020625111062e+00,3.377369986972543536e+00,-5.545327862564988219e-01,1.036699149906697093e+00,8.055333872826780928e-01,5.137024703933453784e-01,3.730898270102143144e-01,7.216449660063517513e-16,-1.070213479986136029e+00
-2.115000000000000213e-01,1.230954186499527259e+00,1.052664856223767931e+00,3.386416660526997191e+00,-5.536708543941279981e-01,1.036537963202902368e+00,8.062852657315934257e-01,5.127448397789023948e-01,3.710588561407088815e-01,8.326672684688674053e-17,-1.068218416206046184e+00
-2.106000000000000094e-01,1.231901578980627798e+00,1.052650986542088107e+00,3.395447882415288721e+00,-5.528120024975702318e-01,1.036376826614156865e+00,8.070377289206824845e-01,5.117891428196089665e-01,3.690324013727974695e-01,-2.775557561562891351e-17,-1.066227380874185116e+00
-2.097000000000000253e-01,1.232848956872024226e+00,1.052632439258945007e+00,3.404463707587094490e+00,-5.519562153546054839e-01,1.036215740117092388e+00,8.077907772136929676e-01,5.108353753113245022e-01,3.670104526940480838e-01,-2.498001805406602216e-16,-1.064240365231926111e+00
-2.088000000000000134e-01,1.233796315976270375e+00,1.052609241892527026e+00,3.413464190718868974e+00,-5.511034778324966910e-01,1.036054703688354728e+00,8.085444109745434371e-01,5.098835330596994675e-01,3.649930001154673143e-01,6.661338147750939243e-16,-1.062257360541040585e+00
-2.079000000000000292e-01,1.234743652120614987e+00,1.052581421801377370e+00,3.422449386215308031e+00,-5.502537748775535587e-01,1.035893717304604555e+00,8.092986305673202097e-01,5.089336118801540687e-01,3.629800336714483766e-01,4.440892098500626162e-16,-1.060278358083654338e+00
-2.070000000000000173e-01,1.235690961156857171e+00,1.052549006185428349e+00,3.431419348210802855e+00,-5.494070915146967993e-01,1.035732780942516751e+00,8.100534363562809093e-01,5.079856075978500529e-01,3.609715434197048323e-01,-1.110223024625156540e-16,-1.058303349162187601e+00
-2.061000000000000054e-01,1.236638238961205616e+00,1.052512022087028543e+00,3.440374130570888589e+00,-5.485634128470280313e-01,1.035571894578781071e+00,8.108088287058528021e-01,5.070395160476689478e-01,3.589675194412167425e-01,2.775557561562891351e-17,-1.056332325099310188e+00
-2.052000000000000213e-01,1.237585481434136270e+00,1.052470496391961108e+00,3.449313786893680955e+00,-5.477227240554002341e-01,1.035411058190101485e+00,8.115648079806327964e-01,5.060953330741874145e-01,3.569679518401733809e-01,-2.220446049250313081e-16,-1.054365277237890197e+00
-2.043000000000000094e-01,1.238532684500252667e+00,1.052424455830456518e+00,3.458238370511308446e+00,-5.468850103979910893e-01,1.035250271753196394e+00,8.123213745453878865e-01,5.051530545316528231e-01,3.549728307439132813e-01,8.326672684688674053e-17,-1.052402196940943613e+00
-2.034000000000000252e-01,1.239479844108145379e+00,1.052373926978197760e+00,3.467147934491332517e+00,-5.460502572098789864e-01,1.035089535244798631e+00,8.130785287650549309e-01,5.042126762839600485e-01,3.529821463028695039e-01,-5.551115123125782702e-17,-1.050443075591583675e+00
-2.025000000000000133e-01,1.240426956230254341e+00,1.052318936257317539e+00,3.476042531638165123e+00,-5.452184499026214715e-01,1.034928848641655907e+00,8.138362710047414295e-01,5.032741942046262684e-01,3.509958886905082398e-01,8.604228440844963188e-16,-1.048487904592971365e+00
-2.016000000000000292e-01,1.241374016862730301e+00,1.052259509937389925e+00,3.484922214494472037e+00,-5.443895739638360265e-01,1.034768211920529701e+00,8.145946016297234138e-01,5.023376041767694256e-01,3.490140481032784070e-01,8.049116928532384918e-16,-1.046536675368269664e+00
-2.007000000000000173e-01,1.242321022025298705e+00,1.052195674136413794e+00,3.493787035342573066e+00,-5.435636149567842912e-01,1.034607625058196589e+00,8.153535210054486670e-01,5.014029020930814706e-01,3.470366147605462581e-01,0.000000000000000000e+00,-1.044589379360586046e+00
-1.998000000000000331e-01,1.243267967761123360e+00,1.052127454821790487e+00,3.502637046205834714e+00,-5.427405585199566174e-01,1.034447088031447137e+00,8.161130294975346144e-01,5.004700838558060472e-01,3.450635789045420898e-01,2.498001805406602216e-16,-1.042646008032929394e+00
-1.989000000000000212e-01,1.244214850136670769e+00,1.052054877811292588e+00,3.511472298850048634e+00,-5.419203903666611755e-01,1.034286600817086343e+00,8.168731274717689894e-01,4.995391453767151213e-01,3.430949308003059528e-01,1.942890293094023946e-16,-1.040706552868156498e+00
-1.980000000000000093e-01,1.245161665241577120e+00,1.051977968774029160e+00,3.520292844784810082e+00,-5.411030962846152814e-01,1.034126163391933861e+00,8.176338152941097226e-01,4.986100825770850564e-01,3.411306607356276999e-01,-1.942890293094023946e-16,-1.038771005368927192e+00
-1.970999999999999974e-01,1.246108409188513955e+00,1.051896753231400750e+00,3.529098735264884823e+00,-5.402886621355371677e-01,1.033965775732823333e+00,8.183950933306853859e-01,4.976828913876723548e-01,3.391707590209904755e-01,-2.220446049250313081e-16,-1.036839357057650624e+00
-1.962000000000000410e-01,1.247055078113055826e+00,1.051811256558049745e+00,3.537890021291568043e+00,-5.394770738547424171e-01,1.033805437816602835e+00,8.191569619477950814e-01,4.967575677486910091e-01,3.372152159895162038e-01,8.326672684688674053e-16,-1.034911599476439736e+00
-1.953000000000000291e-01,1.248001668173549294e+00,1.051721503982804062e+00,3.546666753614037493e+00,-5.386683174507419514e-01,1.033645149620135317e+00,8.199194215119071094e-01,4.958341076097900757e-01,3.352640219969107438e-01,3.053113317719180486e-16,-1.032987724187062417e+00
-1.944000000000000172e-01,1.248948175550981032e+00,1.051627520589612619e+00,3.555428982730698184e+00,-5.378623790048415731e-01,1.033484911120297722e+00,8.206824723896618545e-01,4.949125069300271962e-01,3.333171674214016056e-01,2.775557561562891351e-16,-1.031067722770889761e+00
-1.935000000000000053e-01,1.249894596448848594e+00,1.051529331318476590e+00,3.564176758890518659e+00,-5.370592446707450618e-01,1.033324722293980980e+00,8.214461149478695656e-01,4.939927616778481134e-01,3.313746426636891007e-01,1.665334536937734811e-16,-1.029151586828850107e+00
-1.925999999999999934e-01,1.250840927093031185e+00,1.051426960966371782e+00,3.572910132094360147e+00,-5.362589006741592668e-01,1.033164583118090674e+00,8.222103495535114659e-01,4.930748678310619137e-01,3.294364381468863900e-01,1.665334536937734811e-16,-1.027239307981378857e+00
-1.917000000000000370e-01,1.251787163731661545e+00,1.051320434188166120e+00,3.581629152096300839e+00,-5.354613333124015329e-01,1.033004493569547044e+00,8.229751765737390867e-01,4.921588213768188225e-01,3.275025443164641947e-01,2.775557561562891351e-17,-1.025330877868372959e+00
-1.908000000000000251e-01,1.252733302634997603e+00,1.051209775497530918e+00,3.590333868404949058e+00,-5.346665289540079025e-01,1.032844453625284098e+00,8.237405963758749339e-01,4.912446183115861675e-01,3.255729516401975054e-01,-1.387778780781445676e-16,-1.023426288149137831e+00
-1.899000000000000132e-01,1.253679340095296801e+00,1.051095009267843272e+00,3.599024330284750217e+00,-5.338744740383468690e-01,1.032684463262250274e+00,8.245066093274127095e-01,4.903322546411253979e-01,3.236476506081076288e-01,6.106226635438360972e-16,-1.021525530502344292e+00
-1.890000000000000013e-01,1.254625272426689753e+00,1.050976159733086002e+00,3.607700586757288441e+00,-5.330851550752322421e-01,1.032524522457408445e+00,8.252732157960155357e-01,4.894217263804712115e-01,3.217266317324115610e-01,1.665334536937734811e-16,-1.019628596625981487e+00
-1.881000000000000449e-01,1.255571095965054784e+00,1.050853250988737830e+00,3.616362686602577092e+00,-5.322985586445395656e-01,1.032364631187735471e+00,8.260404161495187303e-01,4.885130295539047984e-01,3.198098855474601487e-01,4.996003610813204432e-16,-1.017735478237302260e+00
-1.872000000000000330e-01,1.256516807067895147e+00,1.050726306992659564e+00,3.625010678360349292e+00,-5.315146713958254221e-01,1.032204789430222869e+00,8.268082107559283633e-01,4.876061601949335245e-01,3.178974026096880179e-01,3.330669073875469621e-16,-1.015846167072778305e+00
-1.863000000000000211e-01,1.257462402114213784e+00,1.050595351565972280e+00,3.633644610331329350e+00,-5.307334800479480696e-01,1.032044997161876365e+00,8.275765999834212572e-01,4.867011143462678380e-01,3.159891734975570632e-01,-1.942890293094023946e-16,-1.013960654888057755e+00
-1.854000000000000092e-01,1.258407877504391648e+00,1.050460408393932177e+00,3.642264530578509518e+00,-5.299549713886898550e-01,1.031885254359715232e+00,8.283455842003453196e-01,4.857978880597978999e-01,3.140851888115036017e-01,-5.551115123125782702e-17,-1.012078933457911889e+00
-1.844999999999999973e-01,1.259353229660065798e+00,1.050321501026795001e+00,3.650870486928412539e+00,-5.291791322743834014e-01,1.031725561000773839e+00,8.291151637752204318e-01,4.848964773965703801e-01,3.121854391738798640e-01,7.494005416219806648e-16,-1.010200994576188060e+00
-1.836000000000000409e-01,1.260298455024007502e+00,1.050178652880679575e+00,3.659462526972347085e+00,-5.284059496295382408e-01,1.031565917062100324e+00,8.298853390767354510e-01,4.839968784267689172e-01,3.102899152289079199e-01,7.771561172376095783e-16,-1.008326830055768397e+00
-1.827000000000000290e-01,1.261243550060003438e+00,1.050031887238420447e+00,3.668040698067660976e+00,-5.276354104464714423e-01,1.031406322520757035e+00,8.306561104737525403e-01,4.830990872296868077e-01,3.083986076426148415e-01,6.383782391594650107e-16,-1.006456431728514511e+00
-1.818000000000000171e-01,1.262188511252734235e+00,1.049881227250418325e+00,3.676605047338983745e+00,-5.268675017849376863e-01,1.031246777353820754e+00,8.314274783353043929e-01,4.822030998937079094e-01,3.065115071027864069e-01,4.440892098500626162e-16,-1.004589791445224645e+00
-1.809000000000000052e-01,1.263133335107657240e+00,1.049726695935482290e+00,3.685155621679460314e+00,-5.261022107717653329e-01,1.031087281538382250e+00,8.321994430305950097e-01,4.813089125162827164e-01,3.046286043189098125e-01,2.498001805406602216e-16,-1.002726901075588595e+00
-1.799999999999999933e-01,1.264078018150887717e+00,1.049568316181667127e+00,3.693692467751982011e+00,-5.253395246004914920e-01,1.030927835051546504e+00,8.329720049289998096e-01,4.804165212039065991e-01,3.027498900221210487e-01,-1.665334536937734811e-16,-1.000867752508138198e+00
-1.791000000000000369e-01,1.265022556929081388e+00,1.049406110747105325e+00,3.702215631990410483e+00,-5.245794305309994243e-01,1.030768437870432486e+00,8.337451644000656303e-01,4.795259220720970994e-01,3.008753549651519421e-01,5.551115123125782702e-17,-9.990123376502025865e-01
-1.782000000000000250e-01,1.265966948009318305e+00,1.049240102260830865e+00,3.710725160600792272e+00,-5.238219158891600502e-01,1.030609089972173598e+00,8.345189218135115050e-01,4.786371112453708943e-01,2.990049899222728680e-01,8.326672684688674053e-16,-9.971606484278555671e-01
-1.773000000000000131e-01,1.266911187978986941e+00,1.049070313223600781e+00,3.719221099562566746e+00,-5.230669680664737919e-01,1.030449791333917231e+00,8.352932775392258868e-01,4.777500848572247549e-01,2.971387856892485635e-01,5.551115123125782702e-16,-9.953126767858850865e-01
-1.764000000000000012e-01,1.267855273445668729e+00,1.048896766008708514e+00,3.727703494629769576e+00,-5.223145745197149692e-01,1.030290541932824988e+00,8.360682319472709789e-01,4.768648390501085133e-01,2.952767330832730686e-01,4.718447854656915297e-16,-9.934684146877259536e-01
-1.755000000000000449e-01,1.268799201037024593e+00,1.048719482862791930e+00,3.736172391332228671e+00,-5.215647227705789701e-01,1.030131341746072682e+00,8.368437854078797367e-01,4.759813699754065763e-01,2.934188229429246508e-01,8.326672684688674053e-17,-9.916278541154301962e-01
-1.746000000000000330e-01,1.269742967400679934e+00,1.048538485906636897e+00,3.744627834976752112e+00,-5.208174004053296446e-01,1.029972190750849670e+00,8.376199382914569780e-01,4.750996737934142788e-01,2.915650461281106276e-01,1.387778780781445676e-16,-9.897909870696131041e-01
-1.737000000000000210e-01,1.270686569204113381e+00,1.048353797135973764e+00,3.753069870648311213e+00,-5.200725950744513604e-01,1.029813088924360187e+00,8.383966909685792723e-01,4.742197466733164557e-01,2.897153935200137420e-01,-1.110223024625156540e-16,-9.879578055694093752e-01
-1.728000000000000091e-01,1.271630003134543108e+00,1.048165438422269613e+00,3.761498543211216017e+00,-5.193302944923000597e-01,1.029654036243822235e+00,8.391740438099948296e-01,4.733415847931654596e-01,2.878698560210417590e-01,-3.608224830031758756e-16,-9.861283016524280409e-01
-1.718999999999999972e-01,1.272573265898816253e+00,1.047973431513514075e+00,3.769913897310284145e+00,-5.185904864367596456e-01,1.029495032686467137e+00,8.399519971866243884e-01,4.724651843398584017e-01,2.860284245547720650e-01,8.881784197001252323e-16,-9.843024673747055031e-01
-1.710000000000000409e-01,1.273516354223297897e+00,1.047777798034999819e+00,3.778315977372003864e+00,-5.178531587488972576e-01,1.029336078229541984e+00,8.407305514695588844e-01,4.715905415091179442e-01,2.841910900659041506e-01,2.220446049250313081e-16,-9.824802948106623468e-01
-1.701000000000000290e-01,1.274459264853760709e+00,1.047578559490099037e+00,3.786704827605690937e+00,-5.171182993326226551e-01,1.029177172850306077e+00,8.415097070300630033e-01,4.707176525054667660e-01,2.823578435202012127e-01,3.885780586188047891e-16,-9.806617760530558225e-01
-1.692000000000000171e-01,1.275401994555275920e+00,1.047375737261031503e+00,3.795080492004639261e+00,-5.163858961543482673e-01,1.029018316526034260e+00,8.422894642395725162e-01,4.698465135422084660e-01,2.805286759044415268e-01,-1.387778780781445676e-16,-9.788469032129341052e-01
-1.683000000000000052e-01,1.276344540112104964e+00,1.047169352609631288e+00,3.803443014347260842e+00,-5.156559372426530174e-01,1.028859509234014036e+00,8.430698234696958338e-01,4.689771208414049153e-01,2.787035782263669326e-01,-2.775557561562891351e-16,-9.770356684195933283e-01
-1.673999999999999932e-01,1.277286898327590459e+00,1.046959426678104155e+00,3.811792438198226218e+00,-5.149284106879453704e-01,1.028700750951548226e+00,8.438507850922128961e-01,4.681094706338551070e-01,2.768825415146289881e-01,-6.938893903907228378e-16,-9.752280638205311769e-01
-1.665000000000000369e-01,1.278229066024049621e+00,1.046745980489783179e+00,3.820128806909595109e+00,-5.142033046421308207e-01,1.028542041655952755e+00,8.446323494790761721e-01,4.672435591590733961e-01,2.750655568187395650e-01,-2.498001805406602216e-16,-9.734240815814032555e-01
-1.656000000000000250e-01,1.279171040042667684e+00,1.046529034949875925e+00,3.828452163621940851e+00,-5.134806073182797137e-01,1.028383381324557755e+00,8.454145170024108813e-01,4.663793826652672392e-01,2.732526152090168914e-01,2.498001805406602216e-16,-9.716237138859734612e-01
-1.647000000000000131e-01,1.280112817243391543e+00,1.046308610846210074e+00,3.836762551265467724e+00,-5.127603069902981758e-01,1.028224769934707794e+00,8.461972880345126624e-01,4.655169374093184875e-01,2.714437077765382567e-01,2.775557561562891351e-16,-9.698269529360802332e-01
-1.638000000000000012e-01,1.281054394504824279e+00,1.046084728849969947e+00,3.845060012561124285e+00,-5.120423919925995992e-01,1.028066207463760762e+00,8.469806629478514592e-01,4.646562196567580183e-01,2.696388256330830568e-01,-1.110223024625156540e-16,-9.680337909515787098e-01
-1.629000000000000448e-01,1.281995768724121465e+00,1.045857409516431469e+00,3.853344590021708704e+00,-5.113268507197799018e-01,1.027907693889088758e+00,8.477646421150686340e-01,4.637972256817474714e-01,2.678379599110862763e-01,-2.775557561562891351e-16,-9.662442201703073108e-01
-1.620000000000000329e-01,1.282936936816885920e+00,1.045626673285689590e+00,3.861616325952970108e+00,-5.106136716262921205e-01,1.027749229188078095e+00,8.485492259089782996e-01,4.629399517670565456e-01,2.660411017635848641e-01,-5.273559366969493567e-16,-9.644582328480342248e-01
-1.611000000000000210e-01,1.283877895717065343e+00,1.045392540483382149e+00,3.869875262454701037e+00,-5.099028432261253352e-01,1.027590813338128850e+00,8.493344147025669866e-01,4.620843942040422370e-01,2.642482423641676625e-01,-5.273559366969493567e-16,-9.626758212584212160e-01
-1.602000000000000091e-01,1.284818642376849063e+00,1.045155031321407524e+00,3.878121441421825022e+00,-5.091943540924842582e-01,1.027432446316654646e+00,8.501202088689943093e-01,4.612305492926271344e-01,2.624593729069247816e-01,3.053113317719180486e-16,-9.608969776929732198e-01
-1.592999999999999972e-01,1.285759173766566787e+00,1.044914165898638947e+00,3.886354904545480604e+00,-5.084881928574708221e-01,1.027274128101083761e+00,8.509066087815907453e-01,4.603784133412807122e-01,2.606744846064004140e-01,2.220446049250313081e-16,-9.591216944610013728e-01
-1.584000000000000408e-01,1.286699486874585574e+00,1.044669964201631718e+00,3.894575693314093812e+00,-5.077843482117669893e-01,1.027115858668857795e+00,8.516936148138611884e-01,4.595279826669942946e-01,2.588935686975344375e-01,3.608224830031758756e-16,-9.573499638895716091e-01
-1.575000000000000289e-01,1.287639578707211019e+00,1.044422446105327973e+00,3.902783849014454187e+00,-5.070828089043203368e-01,1.026957637997432560e+00,8.524812273394825057e-01,4.586792535952631811e-01,2.571166164356191164e-01,-1.665334536937734811e-16,-9.555817783234650253e-01
-1.566000000000000170e-01,1.288579446288585562e+00,1.044171631373754572e+00,3.910979412732770832e+00,-5.063835637420315283e-01,1.026799466064277633e+00,8.532694467323046483e-01,4.578322224600642754e-01,2.553436190962456998e-01,-1.387778780781445676e-16,-9.538171301251342493e-01
-1.557000000000000051e-01,1.289519086660590341e+00,1.043917539660717653e+00,3.919162425355736445e+00,-5.056866015894432298e-01,1.026641342846876581e+00,8.540582733663499848e-01,4.569868856038358240e-01,2.535745679752556825e-01,-6.383782391594650107e-16,-9.520560116746576984e-01
-1.547999999999999932e-01,1.290458496882744832e+00,1.043660190510490748e+00,3.927332927571577148e+00,-5.049919113684295802e-01,1.026483268322726294e+00,8.548477076158140786e-01,4.561432393774562111e-01,2.518094543886899572e-01,-6.106226635438360972e-16,-9.502984153697001668e-01
-1.539000000000000368e-01,1.291397674032109810e+00,1.043399603358500682e+00,3.935490959871100092e+00,-5.042994820578899917e-01,1.026325242469338539e+00,8.556377498550656879e-01,4.553012801402230303e-01,2.500482696727382992e-01,1.942890293094023946e-16,-9.485443336254640867e-01
-1.530000000000000249e-01,1.292336615203188988e+00,1.043135797532005471e+00,3.943636562548733959e+00,-5.036093026934423955e-01,1.026167265264237960e+00,8.564284004586451005e-01,4.544610042598342670e-01,2.482910051836942911e-01,5.828670879282071837e-16,-9.467937588746550004e-01
-1.521000000000000130e-01,1.293275317507832201e+00,1.042868792250770671e+00,3.951769775703564136e+00,-5.029213623671195954e-01,1.026009336684963857e+00,8.572196598012670199e-01,4.536224081123645946e-01,2.465376522978994789e-01,8.326672684688674053e-17,-9.450466835674264932e-01
-1.512000000000000011e-01,1.294213778075138821e+00,1.042598606627739288e+00,3.959890639240361221e+00,-5.022356502270667322e-01,1.025851456709068632e+00,8.580115282578190117e-01,4.527854880822461126e-01,2.447882024116961874e-01,2.775557561562891351e-17,-9.433031001713458874e-01
-1.503000000000000447e-01,1.295151994051362498e+00,1.042325259669697468e+00,3.967999192870605540e+00,-5.015521554772415236e-01,1.025693625314118673e+00,8.588040062033615030e-01,4.519502405622488062e-01,2.430426469413814461e-01,-2.498001805406602216e-16,-9.415630011713516101e-01
-1.494000000000000328e-01,1.296089962599815237e+00,1.042048770277935965e+00,3.976095476113506777e+00,-5.008708673771140596e-01,1.025535842477694581e+00,8.595970940131282267e-01,4.511166619534583977e-01,2.413009773231523658e-01,-5.828670879282071837e-16,-9.398263790697051201e-01
-1.485000000000000209e-01,1.297027680900772806e+00,1.041769157248906064e+00,3.984179528297012052e+00,-5.001917752413705953e-01,1.025378108177390502e+00,8.603907920625261108e-01,4.502847486652571396e-01,2.395631850130619522e-01,-6.661338147750939243e-16,-9.380932263859522724e-01
-1.476000000000000090e-01,1.297965146151380811e+00,1.041486439274872611e+00,3.992251388558818004e+00,-4.995148684396173433e-01,1.025220422390813901e+00,8.611851007271359437e-01,4.494544971153020541e-01,2.378292614869658150e-01,2.220446049250313081e-16,-9.363635356568789092e-01
-1.466999999999999971e-01,1.298902355565561662e+00,1.041200634944561054e+00,4.000311095847367326e+00,-4.988401363960883739e-01,1.025062785095587126e+00,8.619800203827100438e-01,4.486259037295074470e-01,2.360991982404804235e-01,-8.326672684688674053e-17,-9.346372994364735565e-01
-1.458000000000000407e-01,1.299839306373921088e+00,1.040911762743801372e+00,4.008358688922849744e+00,-4.981675685893512950e-01,1.024905196269345176e+00,8.627755514051761443e-01,4.477989649420205942e-01,2.343729867889253748e-01,1.110223024625156540e-16,-9.329145102958766866e-01
-1.449000000000000288e-01,1.300775995823655551e+00,1.040619841056166006e+00,4.016394206358189223e+00,-4.974971545520179284e-01,1.024747655889737263e+00,8.635716941706343963e-01,4.469736771952044219e-01,2.326506186672815391e-01,-5.551115123125782702e-17,-9.311951608233425270e-01
-1.440000000000000169e-01,1.301712421178461643e+00,1.040324888163604689e+00,4.024417686540027184e+00,-4.968288838704564281e-01,1.024590163934426146e+00,8.643684490553588118e-01,4.461500369396163013e-01,2.309320854301397663e-01,-7.216449660063517513e-16,-9.294792436242005351e-01
-1.431000000000000050e-01,1.302648579718443722e+00,1.040026922247075269e+00,4.032429167669707937e+00,-4.961627461845022902e-01,1.024432720381089013e+00,8.651658164357969305e-01,4.453280406339879538e-01,2.292173786516523704e-01,-5.828670879282071837e-16,-9.277667513208078809e-01
-1.421999999999999931e-01,1.303584468740024205e+00,1.039725961387168107e+00,4.040428687764246796e+00,-4.954987311871750233e-01,1.024275325207415710e+00,8.659637966885702642e-01,4.445076847452051338e-01,2.275064899254864992e-01,4.718447854656915297e-16,-9.260576765525107001e-01
-1.413000000000000367e-01,1.304520085555852749e+00,1.039422023564728903e+00,4.048416284657301745e+00,-4.948368286243925995e-01,1.024117978391110517e+00,8.667623901904724093e-01,4.436889657482895877e-01,2.257994108647789488e-01,3.330669073875469621e-16,-9.243520119756033493e-01
-1.404000000000000248e-01,1.305455427494717435e+00,1.039115126661474875e+00,4.056391996000138889e+00,-4.941770282946897908e-01,1.023960679909891480e+00,8.675615973184722662e-01,4.428718801263757388e-01,2.240961331020799863e-01,2.775557561562891351e-17,-9.226497502632825531e-01
-1.395000000000000129e-01,1.306390491901455286e+00,1.038805288460608711e+00,4.064355859262588133e+00,-4.935193200489378373e-01,1.023803429741489524e+00,8.683614184497122634e-01,4.420564243706929242e-01,2.223966482893133811e-01,-1.942890293094023946e-16,-9.209508841056105455e-01
-1.386000000000000010e-01,1.307325276136863890e+00,1.038492526647426972e+00,4.072307911733994423e+00,-4.928636937900652271e-01,1.023646227863650227e+00,8.691618539615083572e-01,4.412425949805450776e-01,2.207009480977241145e-01,-3.330669073875469621e-16,-9.192554062094689948e-01
-1.377000000000000446e-01,1.308259777577614358e+00,1.038176858809925163e+00,4.080248190524169871e+00,-4.922101394727805834e-01,1.023489074254132269e+00,8.699629042313502536e-01,4.404303884632913002e-01,2.190090242178345248e-01,-8.049116928532384918e-16,-9.175633092985236994e-01
-1.368000000000000327e-01,1.309193993616162954e+00,1.037858302439397695e+00,4.088176732564335225e+00,-4.915586471032961091e-01,1.023331968890708099e+00,8.707645696369019639e-01,4.396198013343250999e-01,2.173208683593939039e-01,-1.137978600240785454e-15,-9.158745861131769583e-01
-1.359000000000000208e-01,1.310127921660664940e+00,1.037536874931034747e+00,4.096093574608055121e+00,-4.909092067390541381e-01,1.023174911751163707e+00,8.715668505560019153e-01,4.388108301170549619e-01,2.156364722513307575e-01,5.551115123125782702e-17,-9.141892294105308236e-01
-1.350000000000000089e-01,1.311061559134888199e+00,1.037212593584514897e+00,4.103998753232171559e+00,-4.902618084884540206e-01,1.023017902813299296e+00,8.723697473666605084e-01,4.380034713428871407e-01,2.139558276417122817e-01,4.163336342344337027e-16,-9.125072319643484642e-01
-1.340999999999999970e-01,1.311994903478127972e+00,1.036885475604592877e+00,4.111892304837733825e+00,-4.896164425105813400e-01,1.022860942054927502e+00,8.731732604470645587e-01,4.371977215512015125e-01,2.122789262976886304e-01,1.665334536937734811e-16,-9.108285865650034285e-01
-1.332000000000000406e-01,1.312927952145120480e+00,1.036555538101684659e+00,4.119774265650915979e+00,-4.889730990149374623e-01,1.022704029453876062e+00,8.739773901755739649e-01,4.363935772893353104e-01,2.106057600054492829e-01,5.551115123125782702e-17,-9.091532860194484478e-01
-1.323000000000000287e-01,1.313860702605959885e+00,1.036222798092447439e+00,4.127644671723937897e+00,-4.883317682611725274e-01,1.022547164987985147e+00,8.747821369307229311e-01,4.355910351125629187e-01,2.089363205701786352e-01,-5.273559366969493567e-16,-9.074813231511726919e-01
-1.314000000000000168e-01,1.314793152346013017e+00,1.035887272500356504e+00,4.135503558935976542e+00,-4.876924405588178857e-01,1.022390348635108914e+00,8.755875010912200773e-01,4.347900915840757219e-01,2.072705998160062624e-01,-9.159339953157541458e-16,-9.058126908001576938e-01
-1.305000000000000049e-01,1.315725298865835891e+00,1.035548978156277000e+00,4.143350962994070130e+00,-4.870551062670220865e-01,1.022233580373115291e+00,8.763934830359482175e-01,4.339907432749635641e-01,2.056085895859618429e-01,-9.992007221626408864e-16,-9.041473818228407122e-01
-1.295999999999999930e-01,1.316657139681091326e+00,1.035207931799033254e+00,4.151186919434024070e+00,-4.864197557942866457e-01,1.022076860179885527e+00,8.772000831439651369e-01,4.331929867641942655e-01,2.039502817419278635e-01,2.775557561562891351e-17,-9.024853890920713217e-01
-1.287000000000000366e-01,1.317588672322465460e+00,1.034864150075972988e+00,4.159011463621307136e+00,-4.857863795982042543e-01,1.021920188033314636e+00,8.780073017945010383e-01,4.323968186385969692e-01,2.022956681645968757e-01,-5.551115123125782702e-17,-9.008267054970768850e-01
-1.278000000000000247e-01,1.318519894335586251e+00,1.034517649543528872e+00,4.166824630751944980e+00,-4.851549681851974327e-01,1.021763563911310957e+00,8.788151393669627609e-01,4.316022354928391591e-01,2.006447407534190930e-01,-2.220446049250313081e-16,-8.991713239434149241e-01
-1.269000000000000128e-01,1.319450803280941553e+00,1.034168446667775187e+00,4.174626455853403861e+00,-4.845255121102609586e-01,1.021606987791796595e+00,8.796235962409306719e-01,4.308092339294097850e-01,1.989974914265613126e-01,-2.775557561562891351e-16,-8.975192373529370382e-01
-1.260000000000000009e-01,1.320381396733798951e+00,1.033816557824981386e+00,4.182416973785477943e+00,-4.838980019767035179e-01,1.021450459652706755e+00,8.804326727961599985e-01,4.300178105585996668e-01,1.973539121208585101e-01,-5.828670879282071837e-16,-8.958704386637492689e-01
-1.251000000000000445e-01,1.321311672284123384e+00,1.033461999302161871e+00,4.190196219241164144e+00,-4.832724284358906885e-01,1.021293979471991076e+00,8.812423694125804952e-01,4.292279619984821215e-01,1.957139947917684308e-01,-3.330669073875469621e-16,-8.942249208301710217e-01
-1.242000000000000326e-01,1.322241627536498987e+00,1.033104787297620897e+00,4.197964226747536998e+00,-4.826487821869918093e-01,1.021137547227611631e+00,8.820526864702964431e-01,4.284396848748945885e-01,1.940777314133288467e-01,-4.996003610813204432e-16,-8.925826768226970964e-01
-1.233000000000000207e-01,1.323171260110048486e+00,1.032744937921496131e+00,4.205721030666614624e+00,-4.820270539767257389e-01,1.020981162897544481e+00,8.828636243495877611e-01,4.276529758214179799e-01,1.924451139781054865e-01,8.326672684688674053e-17,-8.909436996279536114e-01
-1.224000000000000088e-01,1.324100567638353931e+00,1.032382467196296005e+00,4.213466665196226479e+00,-4.814072345991088353e-01,1.020824826459779455e+00,8.836751834309071185e-01,4.268678314793609707e-01,1.908161344971552875e-01,1.942890293094023946e-16,-8.893079822486684716e-01
-1.214999999999999969e-01,1.325029547769378535e+00,1.032017391057435507e+00,4.221201164370868675e+00,-4.807893148952049334e-01,1.020668537892319483e+00,8.844873640948838212e-01,4.260842484977372391e-01,1.891907849999732161e-01,8.326672684688674053e-17,-8.876755177036195210e-01
-1.206000000000000405e-01,1.325958198165388735e+00,1.031649725353766422e+00,4.228924562062557513e+00,-4.801732857528774323e-01,1.020512297173181038e+00,8.853001667223214799e-01,4.253022235332487577e-01,1.875690575344507449e-01,-1.110223024625156540e-16,-8.860462990276014583e-01
-1.197000000000000286e-01,1.326886516502875590e+00,1.031279485848105582e+00,4.236636891981683917e+00,-4.795591381065389402e-01,1.020356104280393916e+00,8.861135916941988988e-01,4.245217532502666424e-01,1.859509441668303342e-01,-1.110223024625156540e-16,-8.844203192713888662e-01
-1.188000000000000167e-01,1.327814500472478620e+00,1.030906688217759104e+00,4.244338187677856311e+00,-4.789468629369075803e-01,1.020199959192001682e+00,8.869276393916695200e-01,4.237428343208124448e-01,1.843364369816604675e-01,-1.110223024625156540e-16,-8.827975715016924685e-01
-1.179000000000000048e-01,1.328742147778908755e+00,1.030531348055041985e+00,4.252028482540735510e+00,-4.783364512707618532e-01,1.020043861886060999e+00,8.877423101960626450e-01,4.229654634245387790e-01,1.827255280817496885e-01,2.220446049250313081e-16,-8.811780488011221601e-01
-1.169999999999999929e-01,1.329669456140871286e+00,1.030153480867796567e+00,4.259707809800879375e+00,-4.777278941806956114e-01,1.019887812340642519e+00,8.885576044888807701e-01,4.221896372487127791e-01,1.811182095881254117e-01,2.775557561562891351e-16,-8.795617442681513687e-01
-1.161000000000000365e-01,1.330596423290991259e+00,1.029773102079904579e+00,4.267376202530568818e+00,-4.771211827848776954e-01,1.019731810533829552e+00,8.893735226518033610e-01,4.214153524881943391e-01,1.795144736399849617e-01,2.775557561562891351e-17,-8.779486510170713132e-01
-1.152000000000000246e-01,1.331523046975737756e+00,1.029390227031798055e+00,4.275033693644636479e+00,-4.765163082468106825e-01,1.019575856443719397e+00,8.901900650666847437e-01,4.206426058454194594e-01,1.779143123946516081e-01,-1.110223024625156540e-16,-8.763387621779569203e-01
-1.143000000000000127e-01,1.332449324955348624e+00,1.029004870980965825e+00,4.282680315901287393e+00,-4.759132617750913008e-01,1.019419950048422452e+00,8.910072321155541042e-01,4.198713940303816505e-01,1.763177180275334877e-01,-5.551115123125782702e-17,-8.747320708966282998e-01
-1.134000000000000008e-01,1.333375255003756088e+00,1.028617049102456216e+00,4.290316101902918788e+00,-4.753120346231725080e-01,1.019264091326062660e+00,8.918250241806161549e-01,4.191017137606131704e-01,1.747246827320763085e-01,-5.273559366969493567e-16,-8.731285703346106652e-01
-1.125000000000000444e-01,1.334300834908513478e+00,1.028226776489377992e+00,4.297941084096931874e+00,-4.747126180891273473e-01,1.019108280254777066e+00,8.926434416442510233e-01,4.183335617611664281e-01,1.731351987197199405e-01,-3.191891195797325054e-16,-8.715282536690970305e-01
-1.116000000000000325e-01,1.335226062470721065e+00,1.027834068153394842e+00,4.305555294776541864e+00,-4.741150035154129139e-01,1.018952516812716480e+00,8.934624848890149185e-01,4.175669347645953322e-01,1.715492582198535620e-01,1.249000902703301108e-16,-8.699311140929065767e-01
-1.107000000000000206e-01,1.336150935504952786e+00,1.027438939025220987e+00,4.313158766081582662e+00,-4.735191822886364310e-01,1.018796800978044814e+00,8.942821542976374660e-01,4.168018295109393034e-01,1.699668534797760255e-01,-2.775557561562891351e-17,-8.683371448144568960e-01
-1.098000000000000087e-01,1.337075451839184748e+00,1.027041403955108789e+00,4.320751529999307117e+00,-4.729251458393235463e-01,1.018641132728939525e+00,8.951024502530258165e-01,4.160382427477012923e-01,1.683879767646455639e-01,-1.942890293094023946e-16,-8.667463390577112570e-01
-1.088999999999999968e-01,1.337999609314721283e+00,1.026641477713336137e+00,4.328333618365180158e+00,-4.723328856416854071e-01,1.018485512043591168e+00,8.959233731382620913e-01,4.152761712298319030e-01,1.668126203574397115e-01,-2.636779683484746784e-16,-8.651586900621495158e-01
-1.080000000000000404e-01,1.338923405786125009e+00,1.026239174990690062e+00,4.335905062863676385e+00,-4.717423932133899545e-01,1.018329938900203624e+00,8.967449233366041605e-01,4.145156117197106860e-01,1.652407765589117838e-01,-1.249000902703301108e-16,-8.635741910827304801e-01
-1.071000000000000285e-01,1.339846839121144662e+00,1.025834510398945465e+00,4.343465895029061663e+00,-4.711536601153325510e-01,1.018174413276994317e+00,8.975671012314851982e-01,4.137565609871282635e-01,1.636724376875466902e-01,-2.775557561562891351e-16,-8.619928353898507201e-01
-1.062000000000000166e-01,1.340769907200643374e+00,1.025427498471343402e+00,4.351016146246179161e+00,-4.705666779514077191e-01,1.018018935152193771e+00,8.983899072065145708e-01,4.129990158092676222e-01,1.621075960795170801e-01,-5.689893001203927270e-16,-8.604146162693073752e-01
-1.053000000000000047e-01,1.341692607918529623e+00,1.025018153663062925e+00,4.358555847751227397e+00,-4.699814383682843211e-01,1.017863504504046057e+00,8.992133416454777262e-01,4.122429729706861834e-01,1.605462440886403774e-01,8.326672684688674053e-17,-8.588395270222630717e-01
-1.043999999999999928e-01,1.342614939181686617e+00,1.024606490351693378e+00,4.366085030632533837e+00,-4.693979330551800722e-01,1.017708121310808123e+00,9.000374049323345282e-01,4.114884292632993157e-01,1.589883740863389239e-01,1.942890293094023946e-16,-8.572675609652068429e-01
-1.035000000000000364e-01,1.343536898909902577e+00,1.024192522837699793e+00,4.373603725831328504e+00,-4.688161537436370541e-01,1.017552785550750460e+00,9.008620974512221435e-01,4.107353814863599628e-01,1.574339784615906845e-01,-6.938893903907228378e-17,-8.556987114299166031e-01
-1.026000000000000245e-01,1.344458485035801676e+00,1.023776265344887859e+00,4.381111964142506920e+00,-4.682360922073004472e-01,1.017397497202156886e+00,9.016874195864533759e-01,4.099838264464420456e-01,1.558830496208907235e-01,-4.302114220422481594e-16,-8.541329717634204011e-01
-1.017000000000000126e-01,1.345379695504774764e+00,1.023357732020864885e+00,4.388609776215393943e+00,-4.676577402616961532e-01,1.017242256243324317e+00,9.025133717225168883e-01,4.092337609574226431e-01,1.543355799882072388e-01,-5.967448757360216405e-16,-8.525703353279636687e-01
-1.008000000000000007e-01,1.346300528274912089e+00,1.022936936937497654e+00,4.396097192554501376e+00,-4.670810897640119697e-01,1.017087062652562990e+00,9.033399542440775365e-01,4.084851818404638402e-01,1.527915620049384859e-01,-4.996003610813204432e-16,-8.510107955009661440e-01
-9.990000000000004432e-02,1.347220981316934241e+00,1.022513894091366504e+00,4.403574243520282039e+00,-4.665061326128779884e-01,1.016931916408196468e+00,9.041671675359762572e-01,4.077380859239952970e-01,1.512509881298711445e-01,-7.771561172376095783e-16,-8.494543456749900079e-01
-9.900000000000003242e-02,1.348141052614125091e+00,1.022088617404218303e+00,4.411040959329879385e+00,-4.659328607481494355e-01,1.016776817488561191e+00,9.049950119832307349e-01,4.069924700436957088e-01,1.497138508391363532e-01,1.387778780781445676e-16,-8.479009792576993609e-01
-9.810000000000002052e-02,1.349060740162264516e+00,1.021661120723414085e+00,4.418497370057873574e+00,-4.653612661506899562e-01,1.016621765872007366e+00,9.058234879710330700e-01,4.062483310424773175e-01,1.481801426261707411e-01,1.249000902703301108e-16,-8.463506896718278050e-01
-9.720000000000000862e-02,1.349980041969561784e+00,1.021231417822375587e+00,4.425943505637023101e+00,-4.647913408421573411e-01,1.016466761536897634e+00,9.066525958847534428e-01,4.055056657704653178e-01,1.466498560016701314e-01,-1.110223024625156540e-16,-8.448034703551360325e-01
-9.629999999999999671e-02,1.350898956056589384e+00,1.020799522401027559e+00,4.433379395859001981e+00,-4.642230768847891431e-01,1.016311804461608848e+00,9.074823361099380037e-01,4.047644710849819805e-01,1.451229834935475749e-01,-2.775557561562891351e-17,-8.432593147603791861e-01
-9.540000000000004032e-02,1.351817480456216414e+00,1.020365448086237636e+00,4.440805070375136054e+00,-4.636564663811894027e-01,1.016156894624530072e+00,9.083127090323088737e-01,4.040247438505290001e-01,1.435995176468950474e-01,-3.191891195797325054e-16,-8.417182163552685559e-01
-9.450000000000002842e-02,1.352735613213543520e+00,1.019929208432253320e+00,4.448220558697130400e+00,-4.630915014741175950e-01,1.016002032004064137e+00,9.091437150377650322e-01,4.032864809387696758e-01,1.420794510239374864e-01,-6.938893903907228378e-17,-8.401801686224366073e-01
-9.360000000000001652e-02,1.353653352385838060e+00,1.019490816921135412e+00,4.455625890197794092e+00,-4.625281743462794637e-01,1.015847216578626533e+00,9.099753545123822063e-01,4.025496792285113701e-01,1.405627762039930451e-01,1.387778780781445676e-16,-8.386451650593985674e-01
-9.270000000000000462e-02,1.354570696042468381e+00,1.019050286963190555e+00,4.463021094111766729e+00,-4.619664772201151903e-01,1.015692448326646735e+00,9.108076278424113159e-01,4.018143356056895210e-01,1.390494857834325693e-01,5.273559366969493567e-16,-8.371131991785197846e-01
-9.180000000000004823e-02,1.355487642264840309e+00,1.018607631897397114e+00,4.470406199536232528e+00,-4.614064023575940032e-01,1.015537727226566433e+00,9.116405354142811390e-01,4.010804469633479918e-01,1.375395723756351885e-01,2.775557561562891351e-16,-8.355842645069748720e-01
-9.090000000000003633e-02,1.356404189146332540e+00,1.018162864991832617e+00,4.477781235431637086e+00,-4.608479420600053444e-01,1.015383053256841084e+00,9.124740776145969789e-01,4.003480102016230835e-01,1.360330286109475706e-01,4.163336342344337027e-17,-8.340583545867142901e-01
-9.000000000000002442e-02,1.357320334792233574e+00,1.017715999444095187e+00,4.485146230622395258e+00,-4.602910886677546998e-01,1.015228426395939021e+00,9.133082548301405534e-01,3.996170222277262707e-01,1.345298471366433990e-01,1.942890293094023946e-16,-8.325354629744294854e-01
-8.910000000000001252e-02,1.358236077319678214e+00,1.017267048381722994e+00,4.492501213797600812e+00,-4.597358345601582075e-01,1.015073846622341902e+00,9.141430674478705498e-01,3.988874799559266604e-01,1.330300206168820720e-01,-9.714451465470119729e-17,-8.310155832415139221e-01
-8.820000000000000062e-02,1.359151414857584506e+00,1.016816024862612133e+00,4.499846213511726312e+00,-4.591821721552394875e-01,1.014919313914543819e+00,9.149785158549224029e-01,3.981593803075340610e-01,1.315335417326670697e-01,-4.579669976578770729e-16,-8.294987089740293307e-01
-8.730000000000004423e-02,1.360066345546591116e+00,1.016362941875429859e+00,4.507181258185323003e+00,-4.586300939095266926e-01,1.014764828251052853e+00,9.158146004386089611e-01,3.974327202108809964e-01,1.300404031818035433e-01,3.053113317719180486e-16,-8.279848337726681828e-01
-8.640000000000003233e-02,1.360980867538996275e+00,1.015907812340026251e+00,4.514506376105719809e+00,-4.580795923178525575e-01,1.014610389610389518e+00,9.166513215864183772e-01,3.967074966013080517e-01,1.285505976788622329e-01,3.469446951953614189e-16,-8.264739512527251586e-01
-8.550000000000002043e-02,1.361894978998694716e+00,1.015450649107843217e+00,4.521821595427710783e+00,-4.575306599131527818e-01,1.014455997971088097e+00,9.174886796860174387e-01,3.959837064211437219e-01,1.270641179551320610e-01,1.110223024625156540e-16,-8.249660550440496287e-01
-8.460000000000000853e-02,1.362808678101117055e+00,1.014991464962319290e+00,4.529126944174240776e+00,-4.569832892662690771e-01,1.014301653311694862e+00,9.183266751252493476e-01,3.952613466196890357e-01,1.255809567585836062e-01,0.000000000000000000e+00,-8.234611387910185654e-01
-8.369999999999999662e-02,1.363721963033168505e+00,1.014530272619294404e+00,4.536422450237095561e+00,-4.564374729857495483e-01,1.014147355610770296e+00,9.191653082921344975e-01,3.945404141532006248e-01,1.241011068538270257e-01,-3.191891195797325054e-16,-8.219591961525012369e-01
-8.280000000000004023e-02,1.364634831993167818e+00,1.014067084727409362e+00,4.543708141377579501e+00,-4.558932037176520735e-01,1.013993104846887094e+00,9.200045795748703625e-01,3.938209059848734594e-01,1.226245610220721982e-01,5.551115123125782702e-17,-8.204602208018197951e-01
-8.190000000000002833e-02,1.365547283190788441e+00,1.013601913868503512e+00,4.550984045227191466e+00,-4.553504741453503479e-01,1.013838900998631276e+00,9.208444893618317195e-01,3.931028190848239734e-01,1.211513120610876459e-01,-4.579669976578770729e-16,-8.189642064267163013e-01
-8.100000000000001643e-02,1.366459314846996342e+00,1.013134772558010877e+00,4.558250189288298060e+00,-4.548092769893369303e-01,1.013684744044602182e+00,9.216850380415710919e-01,3.923861504300731329e-01,1.196813527851590120e-01,3.191891195797325054e-16,-8.174711467293187539e-01
-8.010000000000000453e-02,1.367370925193992726e+00,1.012665673245352727e+00,4.565506600934805093e+00,-4.542696050070319513e-01,1.013530633963411587e+00,9.225262260028165295e-01,3.916708970045311156e-01,1.182146760250546436e-01,2.775557561562891351e-16,-8.159810354261064491e-01
-7.920000000000004814e-02,1.368282112475153189e+00,1.012194628314326605e+00,4.572753307412823709e+00,-4.537314509925886030e-01,1.013376570733684590e+00,9.233680536344753831e-01,3.909570557989779371e-01,1.167512746279770752e-01,2.914335439641035919e-16,-8.144938662478706792e-01
-7.830000000000003624e-02,1.369192874944969107e+00,1.011721650083494684e+00,4.579990335841329419e+00,-4.531948077767034011e-01,1.013222554334059389e+00,9.242105213256315288e-01,3.902446238110487409e-01,1.152911414575283899e-01,-2.636779683484746784e-16,-8.130096329396845345e-01
-7.740000000000002434e-02,1.370103210868990118e+00,1.011246750806568784e+00,4.587217713212823789e+00,-4.526596682264255600e-01,1.013068584743187062e+00,9.250536294655464786e-01,3.895335980452164226e-01,1.138342693936682526e-01,-6.938893903907228378e-17,-8.115283292608675980e-01
-7.650000000000001243e-02,1.371013118523764396e+00,1.010769942672791633e+00,4.594435466393989920e+00,-4.521260252449665895e-01,1.012914661939731564e+00,9.258973784436594912e-01,3.888239755127751440e-01,1.123806513326758294e-01,-3.330669073875469621e-16,-8.100499489849478651e-01
-7.560000000000000053e-02,1.371922596196782251e+00,1.010291237807317888e+00,4.601643622126343480e+00,-4.515938717715137773e-01,1.012760785902369731e+00,9.267417686495876827e-01,3.881157532318232906e-01,1.109302801871075994e-01,4.857225732735059864e-16,-8.085744858996316564e-01
-7.470000000000004414e-02,1.372831642186417067e+00,1.009810648271590949e+00,4.608842207026880189e+00,-4.510632007810412292e-01,1.012606956609791942e+00,9.275868004731239180e-01,3.874089282272493162e-01,1.094831488857623825e-01,2.636779683484746784e-16,-8.071019338067692006e-01
-7.380000000000003224e-02,1.373740254801870009e+00,1.009328186063717325e+00,4.616031247588722408e+00,-4.505340052841256826e-01,1.012453174040700565e+00,9.284324743042410288e-01,3.867034975307110933e-01,1.080392503736354870e-01,1.110223024625156540e-16,-8.056322865223145557e-01
-7.290000000000002034e-02,1.374648432363111406e+00,1.008843863118839890e+00,4.623210770181758633e+00,-4.500062783267598787e-01,1.012299438173811739e+00,9.292787905330884834e-01,3.859994581806229785e-01,1.065985776118832939e-01,-6.938893903907228378e-17,-8.041655378762977424e-01
-7.200000000000000844e-02,1.375556173200825238e+00,1.008357691309507143e+00,4.630380801053284756e+00,-4.494800129901684871e-01,1.012145748987854255e+00,9.301257495499939409e-01,3.852968072221377716e-01,1.051611235777832887e-01,1.387778780781445676e-16,-8.027016817127866632e-01
-7.109999999999999654e-02,1.376463475656352964e+00,1.007869682446040471e+00,4.637541366328634673e+00,-4.489552023906262512e-01,1.011992106461569563e+00,9.309733517454624740e-01,3.845955417071312277e-01,1.037268812646952032e-01,-1.942890293094023946e-16,-8.012407118898567937e-01
-7.020000000000004015e-02,1.377370338081637113e+00,1.007379848276899859e+00,4.644692492011814444e+00,-4.484318396792744688e-01,1.011838510573712435e+00,9.318215975101775683e-01,3.838956586941847382e-01,1.022958436820203820e-01,-2.775557561562891351e-16,-7.997826222795512141e-01
-6.930000000000002824e-02,1.378276758839166449e+00,1.006888200489045815e+00,4.651834203986128458e+00,-4.479099180419409132e-01,1.011684961303050079e+00,9.326704872350009001e-01,3.831971552485696209e-01,1.008680038551640346e-01,3.330669073875469621e-16,-7.983274067678532981e-01
-6.840000000000001634e-02,1.379182736301920231e+00,1.006394750708300645e+00,4.658966528014803821e+00,-4.473894306989596448e-01,1.011531458628363245e+00,9.335200213109704492e-01,3.825000284422320207e-01,9.944335482549770955e-02,3.747002708109903324e-16,-7.968750592546499645e-01
-6.750000000000000444e-02,1.380088268853313593e+00,1.005899510499704830e+00,4.666089489741614749e+00,-4.468703709049908213e-01,1.011378002528444897e+00,9.343702001293039405e-01,3.818042753537747025e-01,9.802188965031766177e-02,9.714451465470119729e-17,-7.954255736536973709e-01
-6.660000000000004805e-02,1.380993354887143365e+00,1.005402491367873630e+00,4.673203114691493631e+00,-4.463527319488448386e-01,1.011224592982101322e+00,9.352210240813969566e-01,3.811098930684415076e-01,9.660360140280643826e-02,1.110223024625156540e-16,-7.939789438925863863e-01
-6.570000000000003615e-02,1.381897992807532782e+00,1.004903704757349692e+00,4.680307428271155423e+00,-4.458365071533019197e-01,1.011071229968151242e+00,9.360724935588230489e-01,3.804168786781020328e-01,9.518848317199690712e-02,1.110223024625156540e-16,-7.925351639127127257e-01
-6.480000000000002425e-02,1.382802181028879085e+00,1.004403162052954768e+00,4.687402455769697163e+00,-4.453216898749398078e-01,1.010917913465426698e+00,9.369246089533338484e-01,3.797252292812351993e-01,9.377652806273095720e-02,-4.163336342344337027e-17,-7.910942276692399799e-01
-6.390000000000001235e-02,1.383705917975798227e+00,1.003900874580136771e+00,4.694488222359216145e+00,-4.448082735039552427e-01,1.010764643452772171e+00,9.377773706568593992e-01,3.790349419829128763e-01,9.236772919562319384e-02,-2.359223927328457648e-16,-7.896561291310685293e-01
-6.300000000000000044e-02,1.384609202083073365e+00,1.003396853605317496e+00,4.701564753095408555e+00,-4.442962514639918759e-01,1.010611419909045017e+00,9.386307790615089353e-01,3.783460138947836726e-01,9.096207970702008261e-02,4.440892098500626162e-16,-7.882208622807992393e-01
-6.210000000000004405e-02,1.385512031795600230e+00,1.002891110336236125e+00,4.708632072918173428e+00,-4.437856172119657439e-01,1.010458242813115692e+00,9.394848345595677719e-01,3.776584421350590026e-01,8.955957274896619857e-02,4.996003610813204432e-16,-7.867884211147059270e-01
-6.120000000000003215e-02,1.386414405568335617e+00,1.002383655922290062e+00,4.715690206652210392e+00,-4.432763642378937385e-01,1.010305112143867534e+00,9.403395375435017467e-01,3.769722238284943794e-01,8.816020148916037247e-02,2.498001805406602216e-16,-7.853587996426963924e-01
-6.030000000000002025e-02,1.387316321866244984e+00,1.001874501454875999e+00,4.722739179007616528e+00,-4.427684860647218557e-01,1.010152027880195869e+00,9.411948884059546661e-01,3.762873561063750927e-01,8.676395911092271707e-02,-1.387778780781445676e-16,-7.839319918882812210e-01
-5.940000000000000835e-02,1.388217779164249155e+00,1.001363657967726306e+00,4.729779014580473451e+00,-4.422619762481546646e-01,1.009998990001010011e+00,9.420508875397488602e-01,3.756038361065000553e-01,8.537083881315199463e-02,9.020562075079396891e-17,-7.825079918885419206e-01
-5.849999999999999645e-02,1.389118775947174367e+00,1.000851136437243882e+00,4.736809737853442392e+00,-4.417568283764861103e-01,1.009845998485231044e+00,9.429075353378850721e-01,3.749216609731665373e-01,8.398083381029330940e-02,-9.714451465470119729e-17,-7.810867936940969480e-01
-5.760000000000004006e-02,1.390019310709699640e+00,1.000336947782835439e+00,4.743831373196344181e+00,-4.412530360704309818e-01,1.009693053311793376e+00,9.437648321935427909e-01,3.742408278571537350e-01,8.259393733229558610e-02,-4.371503159461553878e-16,-7.796683913690698464e-01
-5.670000000000002816e-02,1.390919381956305712e+00,9.998211028672419065e-01,4.750843944866747215e+00,-4.407505929829564906e-01,1.009540154459643624e+00,9.446227785000811394e-01,3.735613339157067281e-01,8.121014262457548760e-02,5.273559366969493567e-16,-7.782527789910551608e-01
-5.580000000000001625e-02,1.391818988201224849e+00,9.993036124968676104e-01,4.757847477010543003e+00,-4.402494927991165152e-01,1.009387301907741952e+00,9.454813746510355443e-01,3.728831763125234899e-01,7.982944294798366425e-02,-2.081668171172168513e-17,-7.768399506510905717e-01
-5.490000000000000435e-02,1.392718127968389341e+00,9.987844874221057934e-01,4.764841993662522590e+00,-4.397497292358850673e-01,1.009234495635060735e+00,9.463406210401227314e-01,3.722063522177350148e-01,7.845183157875978974e-02,1.595945597898662527e-16,-7.754299004536147066e-01
-5.400000000000004796e-02,1.393616799791382199e+00,9.982637383376633533e-01,4.771827518746952101e+00,-4.392512960419919787e-01,1.009081735620585230e+00,9.472005180612373954e-01,3.715308588078929941e-01,7.707730180850125290e-02,1.179611963664228824e-16,-7.740226225164436036e-01
-5.310000000000003606e-02,1.394515002213386534e+00,9.977413758828829193e-01,4.778804076078141172e+00,-4.387541869977584774e-01,1.008929021843313345e+00,9.480610661084529767e-01,3.708566932659532744e-01,7.570584694412385574e-02,1.179611963664228824e-16,-7.726181109707362937e-01
-5.220000000000002416e-02,1.395412733787136261e+00,9.972174106420627071e-01,4.785771689361012271e+00,-4.382583959149339847e-01,1.008776354282255650e+00,9.489222655760223279e-01,3.701838527812600366e-01,7.433746030782506509e-02,-2.289834988289385365e-16,-7.712163599609583864e-01
-5.130000000000001226e-02,1.396309993074865918e+00,9.966918531447749308e-01,4.792730382191662919e+00,-4.377639166365335788e-01,1.008623732916435367e+00,9.497841168583776028e-01,3.695123345495305300e-01,7.297213523704559890e-02,2.914335439641035919e-16,-7.698173636448552015e-01
-5.040000000000000036e-02,1.397206778648262926e+00,9.961647138661809953e-01,4.799680178057925239e+00,-4.372707430366781223e-01,1.008471157724889045e+00,9.506466203501283685e-01,3.688421357728409733e-01,7.160986508443600851e-02,4.926614671774132148e-16,-7.684211161934187961e-01
-4.950000000000004396e-02,1.398103089088417628e+00,9.956360032273459115e-01,4.806621100339929953e+00,-4.367788690204318369e-01,1.008318628686664997e+00,9.515097764460650476e-01,3.681732536596087901e-01,7.025064321781593346e-02,1.457167719820517959e-16,-7.670276117908515490e-01
-4.860000000000003206e-02,1.398998922985774884e+00,9.951057315955498250e-01,4.813553172310657047e+00,-4.362882885236436525e-01,1.008166145780824641e+00,9.523735855411569196e-01,3.675056854245787319e-01,6.889446302013879642e-02,1.595945597898662527e-16,-7.656368446345387380e-01
-4.770000000000002016e-02,1.399894278940086334e+00,9.945739092845974350e-01,4.820476417136487335e+00,-4.357989955127891113e-01,1.008013708986442269e+00,9.532380480305521209e-01,3.668394282888076119e-01,6.754131788945538784e-02,-2.775557561562891351e-16,-7.642488089350154556e-01
-4.680000000000000826e-02,1.400789155560361987e+00,9.940405465551266362e-01,4.827390857877756680e+00,-4.353109839848108287e-01,1.007861318282604390e+00,9.541031643095785331e-01,3.661744794796485403e-01,6.619120123887722862e-02,-1.942890293094023946e-16,-7.628634989159345237e-01
-4.589999999999999636e-02,1.401683551464822708e+00,9.935056536149132755e-01,4.834296517489296896e+00,-4.348242479669635063e-01,1.007708973648410389e+00,9.549689347737431167e-01,3.655108362307359915e-01,6.484410649654037684e-02,-2.359223927328457648e-16,-7.614809088140330751e-01
-4.500000000000003997e-02,1.402577465280852698e+00,9.929692406191753529e-01,4.841193418820983752e+00,-4.343387815166561694e-01,1.007556675062972307e+00,9.558353598187329103e-01,3.648484957819702612e-01,6.350002710556712504e-02,7.008282842946300661e-16,-7.601010328791046877e-01
-4.410000000000002807e-02,1.403470895644951977e+00,9.924313176708748907e-01,4.848081584618276096e+00,-4.338545787212969573e-01,1.007404422505414843e+00,9.567024398404125884e-01,3.641874553795040881e-01,6.215895652403524707e-02,4.857225732735059864e-16,-7.587238653739669658e-01
-4.320000000000001616e-02,1.404363841202690422e+00,9.918918948210174724e-01,4.854961037522751433e+00,-4.333716336981403572e-01,1.007252215954875130e+00,9.575701752348283469e-01,3.635277122757243351e-01,6.082088822493336711e-02,1.804112415015879378e-16,-7.573494005744253466e-01
-4.230000000000000426e-02,1.405256300608659803e+00,9.913509820689502261e-01,4.861831800072644150e+00,-4.328899405941312173e-01,1.007100055390502957e+00,9.584385663982050163e-01,3.628692637292397216e-01,5.948581569613209385e-02,1.387778780781445676e-16,-7.559776327692493414e-01
-4.140000000000004787e-02,1.406148272526428711e+00,9.908085893626580321e-01,4.868693894703378433e+00,-4.324094935857532018e-01,1.006947940791460994e+00,9.593076137269473946e-01,3.622121070048642810e-01,5.815373244034338640e-02,-3.469446951953614189e-17,-7.546085562601337893e-01
-4.050000000000003597e-02,1.407039755628495925e+00,9.902647265990569547e-01,4.875547343748092288e+00,-4.319302868788776895e-01,1.006795872136924341e+00,9.601773176176398028e-01,3.615562393736033719e-01,5.682463197508813568e-02,-1.318389841742373392e-16,-7.532421653616735435e-01
-3.960000000000002407e-02,1.407930748596244230e+00,9.897194036242867865e-01,4.882392169438170448e+00,-4.314523147086103405e-01,1.006643849406080093e+00,9.610476784670464179e-01,3.609016581126378020e-01,5.549850783265808385e-02,-1.457167719820517959e-16,-7.518784544013287219e-01
-3.870000000000001217e-02,1.408821250119895341e+00,9.891726302340014820e-01,4.889228393903763070e+00,-4.309755713391429932e-01,1.006491872578128888e+00,9.619186966721116061e-01,3.602483605053093396e-01,5.417535356007974201e-02,5.759281940242999553e-16,-7.505174177193942864e-01
-3.780000000000000027e-02,1.409711258898464825e+00,9.886244161736568170e-01,4.896056039174308872e+00,-4.305000510636032285e-01,1.006339941632283352e+00,9.627903726299580356e-01,3.595963438411068913e-01,5.285516271908274888e-02,3.330669073875469621e-16,-7.491590496689727319e-01
-3.690000000000004388e-02,1.410600773639716143e+00,9.880747711387974919e-01,4.902875127179055603e+00,-4.300257482039052670e-01,1.006188056547768772e+00,9.636627067378897848e-01,3.589456054156496267e-01,5.153792888605845945e-02,4.163336342344337027e-16,-7.478033446159368935e-01
-3.600000000000003197e-02,1.411489793060116460e+00,9.875237047753413488e-01,4.909685679747570752e+00,-4.295526571106025315e-01,1.006036217303822866e+00,9.645356993933905665e-01,3.582961425306733783e-01,5.022364565202841469e-02,2.151057110211240797e-16,-7.464502969389027465e-01
-3.510000000000002007e-02,1.412378315884792679e+00,9.869712266798627009e-01,4.916487718610256685e+00,-4.290807721627415416e-01,1.005884423879696232e+00,9.654093509941241713e-01,3.576479524940158194e-01,4.891230662260726003e-02,1.387778780781445676e-16,-7.450999010291997626e-01
-3.420000000000000817e-02,1.413266340847485480e+00,9.864173463998725522e-01,4.923281265398862239e+00,-4.286100877677132548e-01,1.005732676254651459e+00,9.662836619379340242e-01,3.570010326196018102e-01,4.760390541796966080e-02,-5.551115123125782702e-17,-7.437521512908369381e-01
-3.329999999999999627e-02,1.414153866690507133e+00,9.858620734340983738e-01,4.930066341646988093e+00,-4.281405983611097366e-01,1.005580974407964234e+00,9.671586326228448494e-01,3.563553802274278537e-01,4.629843567281033412e-02,5.273559366969493567e-16,-7.424070421404745934e-01
-3.240000000000003988e-02,1.415040892164696640e+00,9.853054172327614380e-01,4.936842968790590369e+00,-4.276722984065788324e-01,1.005429318318922238e+00,9.680342634470591179e-01,3.557109926435499392e-01,4.499589103631784770e-02,4.510281037539698445e-16,-7.410645680073957298e-01
-3.150000000000002798e-02,1.415927416029376440e+00,9.847473871978517090e-01,4.943611168168486891e+00,-4.272051823956792838e-01,1.005277707966825806e+00,9.689105548089619324e-01,3.550678672000652791e-01,4.369626517212887862e-02,6.175615574477433256e-16,-7.397247233334695027e-01
-3.060000000000001608e-02,1.416813437052309332e+00,9.841879926834026238e-01,4.950370961022851013e+00,-4.267392448477393962e-01,1.005126143330987931e+00,9.697875071071175856e-01,3.544260012351006517e-01,4.239955175830112388e-02,1.977584762613560088e-16,-7.383875025731261310e-01
-2.970000000000000417e-02,1.417698954009655177e+00,9.836272429957622077e-01,4.957122368499714327e+00,-4.262744803097124890e-01,1.004974624390734039e+00,9.706651207402712256e-01,3.537853920927962470e-01,4.110574448727344343e-02,2.498001805406602216e-16,-7.370529001933255886e-01
-2.880000000000004778e-02,1.418583965685928039e+00,9.830651473938639695e-01,4.963865411649455162e+00,-4.258108833560372286e-01,1.004823151125401992e+00,9.715433961073478564e-01,3.531460371232924000e-01,3.981483706583588411e-02,-5.898059818321144121e-17,-7.357209106735256299e-01
-2.790000000000003588e-02,1.419468470873953780e+00,9.825017150894952422e-01,4.970600111427291523e+00,-4.253484485884957422e-01,1.004671723514341641e+00,9.724223336074533375e-01,3.525079336827139920e-01,3.852682321509137697e-02,1.249000902703301108e-16,-7.343915285056543674e-01
-2.700000000000002398e-02,1.420352468374828314e+00,9.819369552475639695e-01,4.977326488693774920e+00,-4.248871706360735079e-01,1.004520341536916161e+00,9.733019336398743837e-01,3.518710791331566279e-01,3.724169667042187548e-02,4.024558464266192459e-16,-7.330647481940758547e-01
-2.610000000000001208e-02,1.421235956997874084e+00,9.813708769863638270e-01,4.984044564215268203e+00,-4.244270441548206874e-01,1.004369005172500273e+00,9.741821966040766778e-01,3.512354708426729255e-01,3.595945118145693620e-02,3.885780586188047891e-16,-7.317405642555684375e-01
-2.520000000000000018e-02,1.422118935560600095e+00,9.808034893778375674e-01,4.990754358664436729e+00,-4.239680638277130154e-01,1.004217714400482020e+00,9.750631228997080902e-01,3.506011061852566946e-01,3.468008051203363973e-02,2.983724378680108202e-16,-7.304189712192845629e-01
-2.430000000000004379e-02,1.423001402888658395e+00,9.802348014478388105e-01,4.997455892620724427e+00,-4.235102243645136877e-01,1.004066469200260991e+00,9.759447129265967913e-01,3.499679825408293921e-01,3.340357844016783595e-02,2.185751579730776939e-16,-7.290999636267279094e-01
-2.340000000000003189e-02,1.423883357815804107e+00,9.796648221763920583e-01,5.004149186570837848e+00,-4.230535205016368039e-01,1.003915269551249878e+00,9.768269670847514741e-01,3.493360972952261334e-01,3.212993875801595234e-02,1.561251128379126385e-16,-7.277835360317209679e-01
-2.250000000000001998e-02,1.424764799183854347e+00,9.790935604979511542e-01,5.010834260909215132e+00,-4.225979470020115869e-01,1.003764115432873361e+00,9.777098857743616867e-01,3.487054478401809821e-01,3.085915527184357465e-02,-3.122502256758252770e-16,-7.264696830003769534e-01
-2.160000000000000808e-02,1.425645725842645595e+00,9.785210253016557447e-01,5.017511135938507394e+00,-4.221434986549443824e-01,1.003613006824568554e+00,9.785934693957979436e-01,3.480760315733127941e-01,2.959122180198969776e-02,-1.075528555105620399e-16,-7.251583991110683858e-01
-2.069999999999999618e-02,1.426526136649995724e+00,9.779472254315865198e-01,5.024179831870043245e+00,-4.216901702759872084e-01,1.003461943705785009e+00,9.794777183496119477e-01,3.474478458981112294e-01,2.832613218283352996e-02,2.567390744445674500e-16,-7.238496789543982235e-01
-1.980000000000003979e-02,1.427406030471660703e+00,9.773721696870185660e-01,5.030840368824301301e+00,-4.212379567068007535e-01,1.003310926055984709e+00,9.803626330365348140e-01,3.468208882239233182e-01,2.706388026276196346e-02,3.469446951953614189e-16,-7.225435171331733297e-01
-1.890000000000002789e-02,1.428285406181296846e+00,9.767958668226731644e-01,5.037492766831375590e+00,-4.207868528150220389e-01,1.003159953854642072e+00,9.812482138574802892e-01,3.461951559659378064e-01,2.580445990413271495e-02,1.457167719820517959e-16,-7.212399082623703883e-01
-1.800000000000001599e-02,1.429164262660419071e+00,9.762183255489681466e-01,5.044137045831440069e+00,-4.203368534941311907e-01,1.003009027081243731e+00,9.821344612135427532e-01,3.455706465451720555e-01,2.454786498324246224e-02,2.636779683484746784e-16,-7.199388469691084813e-01
-1.710000000000000409e-02,1.430042598798362485e+00,9.756395545322664731e-01,5.050773225675206923e+00,-4.198879536633213228e-01,1.002858145715288529e+00,9.830213755059973302e-01,3.449473573884581645e-01,2.329408939029420367e-02,-1.908195823574487804e-16,-7.186403278926212224e-01
-1.620000000000004770e-02,1.430920413492241527e+00,9.750595623951229252e-01,5.057401326124387531e+00,-4.194401482673641990e-01,1.002707309736287966e+00,9.839089571363007769e-01,3.443252859284284262e-01,2.204312702936117585e-02,-2.289834988289385365e-16,-7.173443456842254484e-01
-1.530000000000003579e-02,1.431797705646911778e+00,9.744783577165299082e-01,5.064021366852150763e+00,-4.189934322764818919e-01,1.002556519123765755e+00,9.847972065060905944e-01,3.437044296035021151e-01,2.079497181835598951e-02,-4.093947403305264743e-16,-7.160508950072957957e-01
-1.440000000000002389e-02,1.432674474174929991e+00,9.738959490321611456e-01,5.070633367443573292e+00,-4.185478006862155542e-01,1.002405773857257376e+00,9.856861240171866934e-01,3.430847858578702225e-01,1.954961768899499130e-02,3.590877595271990685e-16,-7.147599705372293943e-01
-1.350000000000001199e-02,1.433550717996516122e+00,9.733123448346140405e-01,5.077237347396094336e+00,-4.181032485172975210e-01,1.002255073916311634e+00,9.865757100715878414e-01,3.424663521414842426e-01,1.830705858676928699e-02,1.127570259384924611e-16,-7.134715669614255518e-01
-1.260000000000000009e-02,1.434426436039513808e+00,9.727275535736503720e-01,5.083833326119961527e+00,-4.176597708155216360e-01,1.002104419280489100e+00,9.874659650714765480e-01,3.418491259100390200e-01,1.706728847090477341e-02,-3.989863994746656317e-17,-7.121856789792478937e-01
-1.170000000000004370e-02,1.435301627239352174e+00,9.721415836564358814e-01,5.090421322938682991e+00,-4.172173626516157974e-01,1.001953809929362338e+00,9.883568894192159560e-01,3.412331046249611477e-01,1.583030131433504906e-02,-2.949029909160572061e-17,-7.109023013020024928e-01
-1.080000000000003180e-02,1.436176290539008304e+00,9.715544434477774161e-01,5.097001357089466111e+00,-4.167760191211153931e-01,1.001803245842516565e+00,9.892484835173505076e-01,3.406182857533944786e-01,1.459609110366544282e-02,-1.665334536937734811e-16,-7.096214286529052284e-01
-9.900000000000019895e-03,1.437050424888968170e+00,9.709661412703594063e-01,5.103573447723665168e+00,-4.163357353442354025e-01,1.001652726999549214e+00,9.901407477686064995e-01,3.400046667681865253e-01,1.336465183914103960e-02,-4.215378046623641239e-16,-7.083430557670550298e-01
-9.000000000000007994e-03,1.437924029247189095e+00,9.703766854049787893e-01,5.110137613907216547e+00,-4.158965064657460520e-01,1.001502253380070151e+00,9.910336825758923052e-01,3.393922451478742497e-01,1.213597753461170825e-02,3.417405247674309976e-16,-7.070671773914047886e-01
-8.099999999999996092e-03,1.438797102579062903e+00,9.697860840907780444e-01,5.116693874621081051e+00,-4.154583276548469151e-01,1.001351824963701009e+00,9.919272883422959319e-01,3.387810183766722938e-01,1.091006221750601135e-02,3.851086116668511750e-16,-7.057937882847340472e-01
-7.200000000000039702e-03,1.439669643857377501e+00,9.691943455254765638e-01,5.123242248761672002e+00,-4.150211941050432340e-01,1.001201441730076080e+00,9.928215654710892402e-01,3.381709839444565491e-01,9.686899928789460823e-03,1.951563910473907981e-16,-7.045228832176175793e-01
-6.300000000000027800e-03,1.440541652062280686e+00,9.686014778656014679e-01,5.129782755141299333e+00,-4.145851010340211307e-01,1.001051103658841868e+00,9.937165143657249455e-01,3.375621393467524434e-01,8.466484722937650531e-03,-4.423544863740858091e-17,-7.032544569724006323e-01
-5.400000000000015898e-03,1.441413126181242177e+00,9.680074892267163111e-01,5.136315412488588805e+00,-4.141500436835245935e-01,1.000900810729656643e+00,9.946121354298378403e-01,3.369544820847208411e-01,7.248810667902949589e-03,-1.266348137463069179e-16,-7.019885043431682847e-01
-4.500000000000003997e-03,1.442284065209017863e+00,9.674123876836481228e-01,5.142840239448918993e+00,-4.137160173192342416e-01,1.000750562922191778e+00,9.955084290672444602e-01,3.363480096651445539e-01,6.033871845079974428e-03,-1.361757928641793569e-16,-7.007250201357176911e-01
-3.600000000000047606e-03,1.443154468147612279e+00,9.668161812707133373e-01,5.149357254584842281e+00,-4.132830172306440897e-01,1.000600360216129747e+00,9.964053956819433067e-01,3.357427196004149073e-01,4.821662349277056059e-03,-3.287300986976049444e-16,-6.994639991675308810e-01
-2.700000000000035705e-03,1.444024334006242860e+00,9.662188779819427253e-01,5.155866476376512963e+00,-4.128510387309405338e-01,1.000450202591165905e+00,9.973030356781152905e-01,3.351386094085178624e-01,3.612176288679047609e-03,2.380907970778167737e-16,-6.982054362677455606e-01
-1.800000000000023803e-03,1.444893661801303519e+00,9.656204857713038825e-01,5.162367923222104693e+00,-4.124200771568828916e-01,1.000300090027008038e+00,9.982013494601217340e-01,3.345356766130221926e-01,2.405407784821123052e-03,1.194790794079025886e-16,-6.969493262771294662e-01
-9.000000000000119016e-04,1.445762450556329126e+00,9.650210125529232741e-01,5.168861613438233249e+00,-4.119901278686826096e-01,1.000150022503375480e+00,9.991003374325077013e-01,3.339339187430636624e-01,1.201350972550918605e-03,1.087454779002960947e-16,-6.956956640480491671e-01
0.000000000000000000e+00,1.446630699301959089e+00,9.644204662013062812e-01,5.175347565260373983e+00,-4.115611862498844697e-01,1.000000000000000000e+00,1.000000000000000000e+00,3.333333333333333148e-01,1.110223024625156540e-16,3.121966319321272011e-17,-6.944444444444444198e-01
8.999999999999563904e-04,1.447498407075902271e+00,9.638188545515561367e-01,5.181825796843273935e+00,-4.111332477072477953e-01,9.998500224966253569e-01,1.000900337567508069e+00,3.327339179240632605e-01,-1.198650971449777280e-03,3.047692306856752964e-16,-6.931956623417983021e-01
1.799999999999968292e-03,1.448365572922901690e+00,9.632161853995913070e-01,5.188296326261370162e+00,-4.107063076706278792e-01,9.997000899730080770e-01,1.001801350540121316e+00,3.321356700610154089e-01,-2.394607767195244818e-03,-1.693523793422357926e-16,-6.919493126271154537e-01
2.699999999999980194e-03,1.449232195894698538e+00,9.626124665023615412e-01,5.194759171509196527e+00,-4.102803615928594105e-01,9.995502024089158999e-01,1.002703039323115553e+00,3.315385872954641489e-01,-3.587876199449668846e-03,2.853620117981847670e-16,-6.907053901988836619e-01
3.599999999999992095e-03,1.450098275049998220e+00,9.620077055780628106e-01,5.201214350501790484e+00,-4.098554049496403451e-01,9.994003597841295550e-01,1.003605404321944006e+00,3.309426671841886325e-01,-4.778462067265287772e-03,-4.623038063478190907e-16,-6.894638899670595400e-01
4.500000000000003997e-03,1.450963809454435260e+00,9.614019103063506932e-01,5.207661881075106969e+00,-4.094314332394139999e-01,9.992505620784410958e-01,1.004508445942247752e+00,3.303479072894532353e-01,-5.966371156576499857e-03,1.986258379993444123e-16,-6.882248068530275598e-01
5.399999999999960387e-03,1.451828798180538227e+00,9.607950883285520938e-01,5.214101780986414525e+00,-4.090084419832555884e-01,9.991008092716555655e-01,1.005412164589844393e+00,3.297543051790016722e-01,-7.151609240217515762e-03,-8.031769693772616847e-16,-6.869881357895866181e-01
6.299999999999972289e-03,1.452693240307696199e+00,9.601872472478762965e-01,5.220534067914705645e+00,-4.085864267247552029e-01,9.989511013435892206e-01,1.006316560670740268e+00,3.291618584260359026e-01,-8.334182077969543023e-03,-2.862293735361731706e-17,-6.857538717209081813e-01
7.199999999999984190e-03,1.453557134922123684e+00,9.595783946296239098e-01,5.226958759461089343e+00,-4.081653830299061259e-01,9.988014382740709740e-01,1.007221634591119575e+00,3.285705646092101917e-01,-9.514095416577661446e-03,3.469446951953614189e-16,-6.845220096025211864e-01
8.099999999999996092e-03,1.454420481116826869e+00,9.589685380013955873e-01,5.233375873149195279e+00,-4.077453064869880350e-01,9.986518200429420622e-01,1.008127386757349253e+00,3.279804213126149559e-01,-1.069135498978857068e-02,-4.857225732735059864e-16,-6.832925444012808436e-01
8.999999999999952482e-03,1.455283277991570534e+00,9.583576848532980863e-01,5.239785426425566328e+00,-4.073261927064575350e-01,9.985022466300548238e-01,1.009033817575983427e+00,3.273914261257609426e-01,-1.186596651838700556e-02,1.925543058334255875e-16,-6.820654710953353295e-01
9.899999999999964384e-03,1.456145524652843193e+00,9.577458426381501022e-01,5.246187436660055603e+00,-4.069080373208322499e-01,9.983527180152749203e-01,1.009940927453752968e+00,3.268035766435727352e-01,-1.303793571021505393e-02,-5.585809592645318844e-16,-6.808407846741099112e-01
1.079999999999997629e-02,1.457007220213824228e+00,9.571330187716863280e-01,5.252581921146214583e+00,-4.064908359845815777e-01,9.982032341784786711e-01,1.010848716797577485e+00,3.262168704663688246e-01,-1.420726826021456723e-02,-4.683753385137379155e-17,-6.796184801382684215e-01
1.169999999999998819e-02,1.457868363794350808e+00,9.565192206327602920e-01,5.258968897101685691e+00,-4.060745843740138916e-01,9.980537950995559404e-01,1.011757186014553778e+00,3.256313051998552255e-01,-1.537396985044847675e-02,-7.563394355258878932e-16,-6.783985524996983818e-01
1.260000000000000009e-02,1.458728954520884580e+00,9.559044555635461959e-01,5.265348381668587763e+00,-4.056592781871672937e-01,9.979044007584073617e-01,1.012666335511966498e+00,3.250468784551062695e-01,-1.653804615014176083e-02,-1.214306433183764966e-16,-6.771809967814712561e-01
1.349999999999995648e-02,1.459588991526478363e+00,9.552887308697388669e-01,5.271720391913905956e+00,-4.052449131436974827e-01,9.977550511349463358e-01,1.013576165697280151e+00,3.244635878485572222e-01,-1.769950281570198403e-02,3.157196726277788912e-16,-6.759658080178274631e-01
1.439999999999996838e-02,1.460448473950743953e+00,9.546720538207532636e-01,5.278084944829873670e+00,-4.048314849847693964e-01,9.976057462090982542e-01,1.014486676978141766e+00,3.238814310019891285e-01,-1.885834549075537936e-02,-1.578598363138894456e-16,-6.747529812541441796e-01
1.529999999999998028e-02,1.461307400939819479e+00,9.540544316499217636e-01,5.284442057334351794e+00,-4.044189894729492973e-01,9.974564859607999434e-01,1.015397869762385108e+00,3.233004055425138246e-01,-2.001457980618071009e-02,1.266348137463069179e-16,-6.735425115469036994e-01
1.619999999999999218e-02,1.462165771646336765e+00,9.534358715546915608e-01,5.290791746271212403e+00,-4.040074223920944174e-01,9.973072703700011088e-01,1.016309744458022468e+00,3.227205091025661665e-01,-2.116821138013103010e-02,-4.909267437014364077e-16,-6.723343939636794442e-01
1.709999999999994857e-02,1.463023585229389578e+00,9.528163806968192873e-01,5.297134028410711792e+00,-4.035967795472474862e-01,9.971580994166624468e-01,1.017222301473253987e+00,3.221417393198857115e-01,-2.231924581807454011e-02,1.214306433183764966e-16,-6.711286235830953295e-01
1.799999999999996048e-02,1.463880840854500542e+00,9.521959662025656357e-01,5.303468920449873281e+00,-4.031870567645261527e-01,9.970089730807578654e-01,1.018135541216458106e+00,3.215640938375100566e-01,-2.346768871281368352e-02,-7.563394355258878932e-16,-6.699251954948124421e-01
1.889999999999997238e-02,1.464737537693590941e+00,9.515746351628877608e-01,5.309796439012854918e+00,-4.027782498910201792e-01,9.968598913422718200e-01,1.019049464096201785e+00,3.209875703037553540e-01,-2.461354564452777893e-02,-3.469446951953614189e-16,-6.687241047994900711e-01
1.979999999999998428e-02,1.465593674924947187e+00,9.509523946336320144e-01,5.316116600651324298e+00,-4.023703547946826387e-01,9.967108541812019773e-01,1.019964070521231392e+00,3.204121663722100388e-01,-2.575682218079278218e-02,4.683753385137379155e-16,-6.675253466087708309e-01
2.069999999999999618e-02,1.466449251733191073e+00,9.503292516357233488e-01,5.322429421844828923e+00,-4.019633673642255545e-01,9.965618615775574396e-01,1.020879360900476485e+00,3.198378797017196740e-01,-2.689752387661403787e-02,-5.204170427930421283e-16,-6.663289160452491311e-01
2.159999999999995257e-02,1.467304267309247123e+00,9.497052131553553878e-01,5.328734919001161252e+00,-4.015572835090150949e-01,9.964129135113590774e-01,1.021795335643054470e+00,3.192647079563711299e-01,-2.803565627446535924e-02,9.714451465470119729e-17,-6.651348082424397568e-01
2.249999999999996447e-02,1.468158720850311738e+00,9.490802861441781646e-01,5.335033108456729067e+00,-4.011520991589661023e-01,9.962640099626401957e-01,1.022711995158260390e+00,3.186926488054871998e-01,-2.917122490430223980e-02,-6.349087922075113966e-16,-6.639430183447646572e-01
2.339999999999997637e-02,1.469012611559822767e+00,9.484544775194857502e-01,5.341324006476916963e+00,-4.007478102644395079e-01,9.961151509114453129e-01,1.023629339855578468e+00,3.181216999236062271e-01,-3.030423528361014807e-02,9.367506770274758310e-17,-6.627535415075128666e-01
2.429999999999998828e-02,1.469865938647427983e+00,9.478277941644013271e-01,5.347607629256448725e+00,-4.003444127961384158e-01,9.959663363378319367e-01,1.024547370144671454e+00,3.175518589904768874e-01,-3.143469291741807226e-02,-7.389922007661198222e-16,-6.615663728968267376e-01
2.520000000000000018e-02,1.470718701328954658e+00,9.472002429280623748e-01,5.353883992919750590e+00,-3.999419027450048514e-01,9.958175662218681223e-01,1.025466086435390833e+00,3.169831236910390371e-01,-3.256260329834193001e-02,-2.532696274926138358e-16,-6.603815076896643044e-01
2.609999999999995657e-02,1.471570898826379148e+00,9.465718306258039672e-01,5.360153113521304746e+00,-3.995402761221185095e-01,9.956688405436351363e-01,1.026385489137767726e+00,3.164154917154170521e-01,-3.368797190660444141e-02,3.851086116668511750e-16,-6.591989410737854049e-01
2.699999999999996847e-02,1.472422530367796245e+00,9.459425640393414048e-01,5.366415007046013486e+00,-3.991395289585937256e-01,9.955201592832255697e-01,1.027305578662017105e+00,3.158489607589051174e-01,-3.481080421006665926e-02,-4.891920202254596006e-16,-6.580186682477188187e-01
2.789999999999998037e-02,1.473273595187389429e+00,9.453124499169511807e-01,5.372669689409545590e+00,-3.987396573054804438e-01,9.953715224207434487e-01,1.028226355418542237e+00,3.152835285219520722e-01,-3.593110566426571673e-02,2.914335439641035919e-16,-6.568406844207335116e-01
2.879999999999999227e-02,1.474124092525400886e+00,9.446814949736513922e-01,5.378917176458696936e+00,-3.983406572336616325e-01,9.952229299363057891e-01,1.029147819817924026e+00,3.147191927101553599e-01,-3.704888171243103656e-02,-5.100087019371812858e-16,-6.556649848128235369e-01
2.969999999999994866e-02,1.474974021628100651e+00,9.440497058913803752e-01,5.385157483971735104e+00,-3.979425248337538079e-01,9.950743818100402649e-01,1.030069972270933443e+00,3.141559510342416539e-01,-3.816413778552696368e-02,2.428612866367529932e-17,-6.544915646546702881e-01
3.059999999999996056e-02,1.475823381747758622e+00,9.434170893191751173e-01,5.391390627658755541e+00,-3.975452562160077807e-01,9.949258780220874288e-01,1.030992813188519985e+00,3.135938012100615291e-01,-3.927687930226952950e-02,-6.730727086790011526e-16,-6.533204191876281763e-01
3.149999999999997247e-02,1.476672172142613482e+00,9.427836518733475613e-01,5.397616623162021732e+00,-3.971488475102094018e-01,9.947774185525988244e-01,1.031916342981822110e+00,3.130327409585707543e-01,-4.038711166916808537e-02,-1.873501354054951662e-16,-6.521515436636893259e-01
3.239999999999998437e-02,1.477520392076844047e+00,9.421494001376609084e-01,5.403835486056318693e+00,-3.967532948655805303e-01,9.946290033817385412e-01,1.032840562062159240e+00,3.124727680058231871e-01,-4.149484028054462037e-02,4.024558464266192459e-16,-6.509849333454649223e-01
3.329999999999999627e-02,1.478368040820539964e+00,9.415143406635037016e-01,5.410047231849289595e+00,-3.963585944506822223e-01,9.944806324896823257e-01,1.033765470841033762e+00,3.119138800829573399e-01,-4.260007051856506965e-02,-5.342948306008565851e-16,-6.498205835061611202e-01
3.419999999999995266e-02,1.479215117649672839e+00,9.408784799700634638e-01,5.416251875981783925e+00,-3.959647424533163651e-01,9.943323058566172490e-01,1.034691069730137469e+00,3.113560749261806149e-01,-4.370280775327628486e-02,1.040834085586084257e-17,-6.486584894295428505e-01
3.509999999999996456e-02,1.480061621846066711e+00,9.402418245444994493e-01,5.422449433828194110e+00,-3.955717350804281995e-01,9.941840234627430384e-01,1.035617359141340454e+00,3.107993502767635308e-01,-4.480305734262191031e-02,-4.579669976578770729e-16,-6.474986464099240502e-01
3.599999999999997646e-02,1.480907552697370066e+00,9.396043808421137289e-01,5.428639920696794796e+00,-3.951795685580112849e-01,9.940357852882704126e-01,1.036544339486702659e+00,3.102437038810210712e-01,-4.590082463248412736e-02,1.249000902703301108e-16,-6.463410497521272502e-01
3.689999999999998836e-02,1.481752909497026760e+00,9.389661552865217198e-01,5.434823351830081251e+00,-3.947882391310106875e-01,9.938875913134223028e-01,1.037472011178464326e+00,3.096891334903064119e-01,-4.699611495670164008e-02,7.494005416219806648e-16,-6.451856947714715851e-01
3.780000000000000027e-02,1.482597691544247809e+00,9.383271542698217171e-01,5.440999742405103312e+00,-3.943977430632272796e-01,9.937394415184338525e-01,1.038400374629049994e+00,3.091356368609963767e-01,-4.808893363710364799e-02,-1.942890293094023946e-16,-6.440325767937423729e-01
3.869999999999995666e-02,1.483441898143982751e+00,9.376873841527625375e-01,5.447169107533799348e+00,-3.940080766372231480e-01,9.935913358835509746e-01,1.039329430251073161e+00,3.085832117544768938e-01,-4.917928598354293079e-02,3.122502256758252770e-16,-6.428816911551600288e-01
3.959999999999996856e-02,1.484285528606891891e+00,9.370468512649113846e-01,5.453331462263327545e+00,-3.936192361542265594e-01,9.934432743890324602e-01,1.040259178457326295e+00,3.080318559371368337e-01,-5.026717729391350087e-02,-9.020562075079396891e-17,-6.417330332023685191e-01
4.049999999999998046e-02,1.485128582249318097e+00,9.364055619048193835e-01,5.459486821576395421e+00,-3.932312179340391456e-01,9.932952570151477589e-01,1.041189619660791488e+00,3.074815671803501904e-01,-5.135261285419012722e-02,1.665334536937734811e-16,-6.405865982923960589e-01
4.139999999999999236e-02,1.485971058393259492e+00,9.357635223401874480e-01,5.465635200391586679e+00,-3.928440183149424225e-01,9.931472837421790878e-01,1.042120754274630690e+00,3.069323432604695312e-01,-5.243559793844765338e-02,-6.661338147750939243e-16,-6.394423817926447873e-01
4.229999999999994875e-02,1.486812956366340588e+00,9.351207388080302607e-01,5.471776613563692493e+00,-3.924576336536023113e-01,9.929993545504195440e-01,1.043052582712195697e+00,3.063841819588086213e-01,-5.351613780889896699e-02,2.081668171172168513e-17,-6.383003790808511324e-01
4.319999999999996065e-02,1.487654275501785861e+00,9.344772175148385873e-01,5.477911075884032144e+00,-3.920720603249796543e-01,9.928514694201746593e-01,1.043985105387019052e+00,3.058370810616357627e-01,-5.459423771591409569e-02,7.285838599102589797e-16,-6.371605855450747091e-01
4.409999999999997256e-02,1.488495015138392219e+00,9.338329646367427017e-01,5.484038602080776315e+00,-3.916872947222371781e-01,9.927036283317616228e-01,1.044918322712817815e+00,3.052910383601601940e-01,-5.566990289805096026e-02,-2.081668171172168513e-16,-6.360229965836668997e-01
4.499999999999998446e-02,1.489335174620500801e+00,9.331879863196727021e-01,5.490159206819271276e+00,-3.913033332566466793e-01,9.925558312655086146e-01,1.045852235103498673e+00,3.047460516505169359e-01,-5.674313858209112382e-02,2.151057110211240797e-16,-6.348876076052436535e-01
4.589999999999999636e-02,1.490174753297971000e+00,9.325422886795189381e-01,5.496272904702355966e+00,-3.909201723574999843e-01,9.924080782017565827e-01,1.046786842973147280e+00,3.042021187337614618e-01,-5.781394998305544597e-02,-4.510281037539698445e-16,-6.337544140286697214e-01
4.679999999999995275e-02,1.491013750526153148e+00,9.318958778022911060e-01,5.502379710270679958e+00,-3.905378084720174670e-01,9.922603691208572441e-01,1.047722146736039806e+00,3.036592374158516017e-01,-5.888234230424393978e-02,-1.040834085586084257e-16,-6.326234112830240175e-01
4.769999999999996465e-02,1.491852165665861207e+00,9.312487597442765663e-01,5.508479638003023204e+00,-3.901562380652567885e-01,9.921127040031748612e-01,1.048658146806632274e+00,3.031174055076416018e-01,-5.994832073725298027e-02,-6.800116025829083810e-16,-6.314945948075865179e-01
4.859999999999997655e-02,1.492689998083347014e+00,9.306009405321972183e-01,5.514572702316607788e+00,-3.897754576200256338e-01,9.919650828290844657e-01,1.049594843599571004e+00,3.025766208248648059e-01,-6.101189046201427324e-02,1.387778780781445676e-17,-6.303679600518017345e-01
4.949999999999998845e-02,1.493527247150272519e+00,9.299524261633664857e-01,5.520658917567410562e+00,-3.893954636367906730e-01,9.918175055789734129e-01,1.050532237529683499e+00,3.020368811881272708e-01,-6.207305664681195267e-02,3.608224830031758756e-16,-6.292435024752649486e-01
5.039999999999994484e-02,1.494363912243684700e+00,9.293032226058439704e-01,5.526738298050480225e+00,-3.890162526335889659e-01,9.916699722332408262e-01,1.051470329011982230e+00,3.014981844228940000e-01,-6.313182444831555440e-02,-4.857225732735059864e-16,-6.281212175476956761e-01
5.129999999999995675e-02,1.495199992745988249e+00,9.286533357985899961e-01,5.532810858000240195e+00,-3.886378211459404763e-01,9.915224827722968204e-01,1.052409118461669513e+00,3.009605283594745662e-01,-6.418819901161265662e-02,1.942890293094023946e-16,-6.270011007489051380e-01
5.219999999999996865e-02,1.496035488044920481e+00,9.280027716516192626e-01,5.538876611590800358e+00,-3.882601657267605866e-01,9.913750371765639446e-01,1.053348606294127299e+00,3.004239108330176156e-01,-6.524218547022442305e-02,-5.759281940242999553e-16,-6.258831475687867130e-01
5.309999999999998055e-02,1.496870397533524022e+00,9.273515360461531687e-01,5.544935572936264379e+00,-3.878832829462715015e-01,9.912276354264756284e-01,1.054288792924928053e+00,2.998883296834930490e-01,-6.629378894614623707e-02,9.714451465470119729e-17,-6.247673535072770790e-01
5.399999999999999245e-02,1.497704720610121942e+00,9.266996348347711354e-01,5.550987756091034342e+00,-3.875071693919154292e-01,9.910802775024778466e-01,1.055229678769824764e+00,2.993537827556864706e-01,-6.734301454986313384e-02,-5.967448757360216405e-16,-6.236537140743466656e-01
5.490000000000000435e-02,1.498538456678292219e+00,9.260470738415615966e-01,5.557033175050112739e+00,-3.871318216682699820e-01,9.909329633850270103e-01,1.056171264244761154e+00,2.988202678991815908e-01,-6.838986738038899116e-02,-1.457167719820517959e-16,-6.225422247899612405e-01
5.580000000000001625e-02,1.499371605146841313e+00,9.253938588622718786e-01,5.563071843749407996e+00,-3.867572363969600246e-01,9.907856930545921870e-01,1.057113549765862137e+00,2.982877829683548976e-01,-6.943435252528307178e-02,4.163336342344337027e-16,-6.214328811840728051e-01
5.670000000000002816e-02,1.500204165429779080e+00,9.247399956644563046e-01,5.569103776066032019e+00,-3.863834102165728535e-01,9.906384664916538796e-01,1.058056535749438476e+00,2.977563258223608345e-01,-7.047647506068233092e-02,-4.302114220422481594e-16,-6.203256787965847341e-01
5.759999999999992903e-02,1.501036136946293897e+00,9.240854899876248529e-01,5.575128985818597727e+00,-3.860103397825747074e-01,9.904912836767035822e-01,1.059000222611990782e+00,2.972258943251190333e-01,-7.151624005133339068e-02,2.151057110211240797e-16,-6.192206131773312361e-01
5.849999999999994094e-02,1.501867519120726691e+00,9.234303475433895958e-01,5.581147486767523702e+00,-3.856380217672221722e-01,9.903441445902452234e-01,1.059944610770199525e+00,2.966964863453082080e-01,-7.255365255060786112e-02,-5.273559366969493567e-16,-6.181176798860588129e-01
5.939999999999995284e-02,1.502698311382546947e+00,9.227745740156111376e-01,5.587159292615320183e+00,-3.852664528594831328e-01,9.901970492127932788e-01,1.060889700640937239e+00,2.961680997563480022e-01,-7.358871760054308542e-02,2.636779683484746784e-16,-6.170168744923917314e-01
6.029999999999996474e-02,1.503528513166326963e+00,9.221181750605438321e-01,5.593164417006890154e+00,-3.848956297649492875e-01,9.900499975248751028e-01,1.061835492641255652e+00,2.956407324363953260e-01,-7.462144023185524055e-02,-5.620504062164854986e-16,-6.159181925758233644e-01
6.119999999999997664e-02,1.504358123911716749e+00,9.214611563069798894e-01,5.599162873529818896e+00,-3.845255492057533253e-01,9.899029895070283747e-01,1.062781987188398558e+00,2.951143822683255924e-01,-7.565182546397997143e-02,-2.220446049250313081e-16,-6.148216297256781093e-01
6.209999999999998854e-02,1.505187143063420718e+00,9.208035233563931499e-01,5.605154675714670631e+00,-3.841562079204867697e-01,9.897560251398029862e-01,1.063729184699791608e+00,2.945890471397272781e-01,-7.667987830508826708e-02,3.053113317719180486e-16,-6.137271815410985099e-01
6.300000000000000044e-02,1.506015570071171705e+00,9.201452817830815256e-01,5.611139837035268307e+00,-3.837876026641182658e-01,9.896091044037605977e-01,1.064677085593046302e+00,2.940647249428887666e-01,-7.770560375211732485e-02,-2.914335439641035919e-16,-6.126348436310180556e-01
6.390000000000001235e-02,1.506843404389707874e+00,9.194864371343084430e-01,5.617118370908992908e+00,-3.834197302079096481e-01,9.894622272794735274e-01,1.065625690285963989e+00,2.935414135747849151e-01,-7.872900679080130359e-02,-1.040834085586084257e-16,-6.115446116141352029e-01
6.480000000000002425e-02,1.507670645478747184e+00,9.188269949304445072e-01,5.623090290697060567e+00,-3.830525873393353375e-01,9.893153937475267501e-01,1.066574999196527207e+00,2.930191109370705038e-01,-7.975009239568975339e-02,-8.396061623727746337e-16,-6.104564811188966100e-01
6.569999999999992513e-02,1.508497292802964296e+00,9.181669606651067239e-01,5.629055609704814778e+00,-3.826861708620015179e-01,9.891686037885157878e-01,1.067525012742909674e+00,2.924978149360641377e-01,-8.076886553018336468e-02,2.081668171172168513e-17,-6.093704477834668287e-01
6.659999999999993703e-02,1.509323345831966368e+00,9.175063398052979435e-01,5.635014341182010611e+00,-3.823204775955644230e-01,9.890218573830482640e-01,1.068475731343466073e+00,2.919775234827423627e-01,-8.178533114654995551e-02,-7.494005416219806648e-16,-6.082865072557129826e-01
6.749999999999994893e-02,1.510148804040268189e+00,9.168451377915453060e-01,5.640966498323087386e+00,-3.819555043756510671e-01,9.888751545117429043e-01,1.069427155416742714e+00,2.914582344927231783e-01,-8.279949418596299626e-02,-4.718447854656915297e-16,-6.072046551931731262e-01
6.839999999999996083e-02,1.510973666907269530e+00,9.161833600380379083e-01,5.646912094267463544e+00,-3.815912480537770879e-01,9.887284951552303136e-01,1.070379285381468204e+00,2.909399458862599319e-01,-8.381135957851704177e-02,1.734723475976807094e-16,-6.061248872630414786e-01
6.929999999999997273e-02,1.511797933917231385e+00,9.155210119327631402e-01,5.652851142099804882e+00,-3.812277054972705859e-01,9.885818792941525324e-01,1.071332121656557446e+00,2.904226555882281069e-01,-8.482093224325915060e-02,-2.012279232133096230e-16,-6.050471991421417783e-01
7.019999999999998463e-02,1.512621604559251764e+00,9.148580988376423528e-01,5.658783654850306100e+00,-3.808648735891908554e-01,9.884353069091627031e-01,1.072285664661115856e+00,2.899063615281125550e-01,-8.582821708821830597e-02,-6.245004513516505540e-17,-6.039715865169008602e-01
7.109999999999999654e-02,1.513444678327243276e+00,9.141946260886667508e-01,5.664709645494971468e+00,-3.805027492282493373e-01,9.882887779809260698e-01,1.073239914814429818e+00,2.893910616400010016e-01,-8.683321901042329038e-02,-5.828670879282071837e-16,-6.028980450833353322e-01
7.200000000000000844e-02,1.514267154719908692e+00,9.135305989960306183e-01,5.670629126955883947e+00,-3.801413293287321249e-01,9.881422924901185345e-01,1.074194872535978007e+00,2.888767538625680031e-01,-8.783594289593821269e-02,-2.983724378680108202e-16,-6.018265705470163818e-01
7.290000000000002034e-02,1.515089033240718752e+00,9.128660228442653235e-01,5.676542112101481408e+00,-3.797806108204226927e-01,9.879958504174281009e-01,1.075150538245421394e+00,2.883634361390686740e-01,-8.883639361988060479e-02,1.942890293094023946e-16,-6.007571586230595617e-01
7.379999999999992122e-02,1.515910313397888620e+00,9.122009028923718787e-01,5.682448613746830191e+00,-3.794205906485228486e-01,9.878494517435543187e-01,1.076106912362607693e+00,2.878511064173259748e-01,-8.983457604645028738e-02,-3.330669073875469621e-16,-5.996898050360958132e-01
7.469999999999993312e-02,1.516730994704355240e+00,9.115352443739523913e-01,5.688348644653895114e+00,-3.790612657735765723e-01,9.877030964492072851e-01,1.077063995307575128e+00,2.873397626497175006e-01,-9.083049502895956806e-02,3.608224830031758756e-16,-5.986245055202449317e-01
7.559999999999994502e-02,1.517551076677754462e+00,9.108690524973417357e-01,5.694242217531806816e+00,-3.787026331713934102e-01,9.875567845151096424e-01,1.078021787500543338e+00,2.868294027931702073e-01,-9.182415540984956159e-02,-5.273559366969493567e-16,-5.975612558191046864e-01
7.649999999999995692e-02,1.518370558840398399e+00,9.102023324457370057e-01,5.700129345037134421e+00,-3.783446898329718699e-01,9.874105159219945804e-01,1.078980289361924694e+00,2.863200248091428701e-01,-9.281556202072871464e-02,-5.551115123125782702e-17,-5.965000516857142943e-01
7.739999999999996882e-02,1.519189440719252104e+00,9.095350893773275214e-01,5.706010039774146669e+00,-3.779874327644230370e-01,9.872642906506072791e-01,1.079939501312312311e+00,2.858116266636222536e-01,-9.380471968238390801e-02,-8.187894806610529486e-16,-5.954408888825464263e-01
7.829999999999998073e-02,1.520007721845912707e+00,9.088673284254236151e-01,5.711884314295082810e+00,-3.776308589868964116e-01,9.871181086817037986e-01,1.080899423772492263e+00,2.853042063271060136e-01,-9.479163320482053567e-02,-4.024558464266192459e-16,-5.943837631814706812e-01
7.919999999999999263e-02,1.520825401756585649e+00,9.081990546985838630e-01,5.717752181100412834e+00,-3.772749655365033039e-01,9.869719699960519677e-01,1.081860057163433142e+00,2.847977617745970358e-01,-9.577630738727715976e-02,2.498001805406602216e-16,-5.933286703637438153e-01
8.010000000000000453e-02,1.521642479992062924e+00,9.075302732807430939e-01,5.723613652639101268e+00,-3.769197494642428925e-01,9.868258745744313831e-01,1.082821401906290504e+00,2.842922909855911673e-01,-9.675874701825415425e-02,-3.469446951953614189e-16,-5.922756062199815430e-01
8.100000000000001643e-02,1.522458956097701765e+00,9.068609892313378440e-01,5.729468741308869184e+00,-3.765652078359282839e-01,9.866798223976318560e-01,1.083783458422411528e+00,2.837877919440635055e-01,-9.773895687554534639e-02,4.163336342344337027e-17,-5.912245665501322245e-01
8.190000000000002833e-02,1.523274829623400661e+00,9.061912075854329229e-01,5.735317459456452660e+00,-3.762113377321103513e-01,9.865338134464559650e-01,1.084746227133324581e+00,2.832842626384637907e-01,-9.871694172625222752e-02,-4.996003610813204432e-16,-5.901755471634663186e-01
8.279999999999992921e-02,1.524090100123579816e+00,9.055209333538456473e-01,5.741159819377862128e+00,-3.758581362480075683e-01,9.863878477017162805e-01,1.085709708460751211e+00,2.827817010616993088e-01,-9.969270632682092348e-02,5.551115123125782702e-17,-5.891285438785400785e-01
8.369999999999994111e-02,1.524904767157158059e+00,9.048501715232701859e-01,5.746995833318642610e+00,-3.755056004934298475e-01,9.862419251442379187e-01,1.086673902826594373e+00,2.822801052111306719e-01,-1.006662554230564055e-01,-5.273559366969493567e-16,-5.880835525231890015e-01
8.459999999999995302e-02,1.525718830287531080e+00,9.041789270564009051e-01,5.752825513474121522e+00,-3.751537275927070425e-01,9.860960457548565428e-01,1.087638810652949761e+00,2.817794730885552212e-01,-1.016375937501586835e-01,-4.163336342344337027e-17,-5.870405689344900813e-01
8.549999999999996492e-02,1.526532289082550786e+00,9.035072048920550492e-01,5.758648871989673346e+00,-3.748025146846163391e-01,9.859502095144194733e-01,1.088604432362096697e+00,2.812798027002015866e-01,-1.026067260327382380e-01,1.665334536937734811e-16,-5.859995889587532591e-01
8.639999999999997682e-02,1.527345143114502424e+00,9.028350099452949751e-01,5.764465920960966550e+00,-3.744519589223094247e-01,9.858044164037854662e-01,1.089570768376501686e+00,2.807810920567170299e-01,-1.035736569848455524e-01,-4.579669976578770729e-16,-5.849606084514937798e-01
8.729999999999998872e-02,1.528157391960085265e+00,9.021623471075487233e-01,5.770276672434215826e+00,-3.741020574732423221e-01,9.856586664038242684e-01,1.090537819118823082e+00,2.802833391731550106e-01,-1.045383913100002005e-01,2.775557561562891351e-16,-5.839236232774062119e-01
8.820000000000000062e-02,1.528969035200389293e+00,9.014892212467311428e-01,5.776081138406437887e+00,-3.737528075191018928e-01,9.855129594954173955e-01,1.091505585011900648e+00,2.797865420689699123e-01,-1.055009337012050574e-01,-4.163336342344337027e-16,-5.828886293103537897e-01
8.910000000000001252e-02,1.529780072420875880e+00,9.008156372073630180e-01,5.781879330825692165e+00,-3.734042062557376696e-01,9.853672956594570209e-01,1.092474066478767769e+00,2.792906987680005004e-01,-1.064612888409840474e-01,-1.526556658859590243e-16,-5.818556224333341076e-01
9.000000000000002442e-02,1.530590503211355591e+00,9.001415998106908622e-01,5.787671261591339267e+00,-3.730562508930879151e-01,9.852216748768474197e-01,1.093443263942640131e+00,2.787958072984653146e-01,-1.074194614013954663e-01,-5.828670879282071837e-16,-5.808245985384693499e-01
9.089999999999992530e-02,1.531400327165967523e+00,8.994671138548046008e-01,5.793456942554277234e+00,-3.727089386551123429e-01,9.850760971285031919e-01,1.094413177826925931e+00,2.783018656929472368e-01,-1.083754560440658432e-01,-4.302114220422481594e-16,-5.797955535269733174e-01
9.179999999999993721e-02,1.532209543883159109e+00,8.987921841147555879e-01,5.799236385517198222e+00,-3.723622667797197305e-01,9.849305623953510391e-01,1.095383808555217886e+00,2.778088719883872182e-01,-1.093292774202084816e-01,1.387778780781445676e-16,-5.787684833091398806e-01
9.269999999999994911e-02,1.533018152965664793e+00,8.981168153426735135e-01,5.805009602234823873e+00,-3.720162325187001962e-01,9.847850706583288760e-01,1.096355156551295895e+00,2.773168242260727889e-01,-1.102809301706489942e-01,-2.775557561562891351e-16,-5.777433838043181114e-01
9.359999999999996101e-02,1.533826154020485388e+00,8.974410122678824209e-01,5.810776604414151336e+00,-3.716708331376554764e-01,9.846396218983851645e-01,1.097327222239131927e+00,2.768257204516250125e-01,-1.112304189258557230e-01,6.938893903907228378e-17,-5.767202509408853039e-01
9.449999999999997291e-02,1.534633546658868308e+00,8.967647795970167257e-01,5.816537403714696630e+00,-3.713260659159292043e-01,9.844942160964804678e-01,1.098300006042880472e+00,2.763355587149935455e-01,-1.121777483059542835e-01,-4.718447854656915297e-16,-5.756990806562366503e-01
9.539999999999998481e-02,1.535440330496286476e+00,8.960881220141357906e-01,5.822292011748733565e+00,-3.709819281465400742e-01,9.843488532335860075e-01,1.099273508386889864e+00,2.758463370704403728e-01,-1.131229229207636466e-01,8.326672684688674053e-17,-5.746798688967507118e-01
9.629999999999999671e-02,1.536246505152418784e+00,8.954110441808379450e-01,5.828040440081532658e+00,-3.706384171361125635e-01,9.842035332906846623e-01,1.100247729695690069e+00,2.753580535765360882e-01,-1.140659473698075743e-01,-6.106226635438360972e-16,-5.736626116177835355e-01
9.720000000000000862e-02,1.537052070251128999e+00,8.947335507363743945e-01,5.833782700231602725e+00,-3.702955302048087649e-01,9.840582562487699692e-01,1.101222670394005565e+00,2.748707062961430747e-01,-1.150068262423523668e-01,-1.526556658859590243e-16,-5.726473047836313501e-01
9.810000000000002052e-02,1.537857025420446222e+00,8.940556462977622409e-01,5.839518803670922686e+00,-3.699532646862619956e-01,9.839130220888472333e-01,1.102198330906744239e+00,2.743842932964110082e-01,-1.159455641174201856e-01,3.608224830031758756e-16,-5.716339443675229059e-01
9.899999999999992140e-02,1.538661370292545350e+00,8.933773354598960603e-01,5.845248761825179606e+00,-3.696116179275097391e-01,9.837678307919331955e-01,1.103174711659002716e+00,2.738988126487643116e-01,-1.168821655638180301e-01,-3.053113317719180486e-16,-5.706225263515921631e-01
9.989999999999993330e-02,1.539465104503726423e+00,8.926986227956598130e-01,5.850972586074006720e+00,-3.692705872889252561e-01,9.836226823390546992e-01,1.104151813076069466e+00,2.734142624288902201e-01,-1.178166351401649381e-01,3.608224830031758756e-16,-5.696130467268546438e-01
1.007999999999999452e-01,1.540268227694395087e+00,8.920195128560376441e-01,5.856690287751209922e+00,-3.689301701441534131e-01,9.834775767112510225e-01,1.105129635583415926e+00,2.729306407167334525e-01,-1.187489773949073069e-01,-4.302114220422481594e-16,-5.686055014931946650e-01
1.016999999999999571e-01,1.541070739509043497e+00,8.913400101702243505e-01,5.862401878145004019e+00,-3.685903638800429594e-01,9.833325138895717688e-01,1.106108179606707820e+00,2.724479455964803343e-01,-1.196791968663548644e-01,1.387778780781445676e-16,-5.675998866593339187e-01
1.025999999999999690e-01,1.541872639596230110e+00,8.906601192457345162e-01,5.868107368498244547e+00,-3.682511658965814672e-01,9.831874938550783094e-01,1.107087445571793172e+00,2.719661751565551344e-01,-1.206072980826913277e-01,-4.718447854656915297e-16,-5.665961982428233679e-01
1.034999999999999809e-01,1.542673927608560369e+00,8.899798445685118686e-01,5.873806770008651590e+00,-3.679125736068302732e-01,9.830425165888424521e-01,1.108067433904714516e+00,2.714853274896034674e-01,-1.215332855620111507e-01,-3.053113317719180486e-16,-5.655944322700071636e-01
1.043999999999999928e-01,1.543474603202667161e+00,8.892991906030373039e-01,5.879500093829048701e+00,-3.675745844368576432e-01,9.828975820719479950e-01,1.109048145031698240e+00,2.710054006924882963e-01,-1.224571638123334028e-01,2.914335439641035919e-16,-5.645945847760173164e-01
1.053000000000000047e-01,1.544274666039192390e+00,8.886181617924366893e-01,5.885187351067577843e+00,-3.672371958256770430e-01,9.827526902854897273e-01,1.110029579379159914e+00,2.705263928662769990e-01,-1.233789373316293014e-01,-4.302114220422481594e-16,-5.635966518047438312e-01
1.062000000000000166e-01,1.545074115782766766e+00,8.879367625585877777e-01,5.890868552787934753e+00,-3.669004052251800818e-01,9.826078412105727633e-01,1.111011737373707842e+00,2.700483021162298214e-01,-1.242986106078500796e-01,2.359223927328457648e-16,-5.626006294088119475e-01
1.071000000000000285e-01,1.545872952101991382e+00,8.872549973022266778e-01,5.896543710009590988e+00,-3.665642101000734510e-01,9.824630348283146519e-01,1.111994619442132626e+00,2.695711265517951594e-01,-1.252161881189413073e-01,-6.938893903907228378e-16,-5.616065136495731469e-01
1.079999999999999294e-01,1.546671174669418170e+00,8.865728704030538809e-01,5.902212833708015971e+00,-3.662286079278151973e-01,9.823182711198428230e-01,1.112978226011420269e+00,2.690948642865931828e-01,-1.261316743328778633e-01,-2.775557561562891351e-17,-5.606143005970688487e-01
1.088999999999999413e-01,1.547468783161531913e+00,8.858903862198385104e-01,5.907875934814904362e+00,-3.658935961985512186e-01,9.821735500662968077e-01,1.113962557508739737e+00,2.686195134384125049e-01,-1.270450737076757042e-01,-7.494005416219806648e-16,-5.596239863300259687e-01
1.097999999999999532e-01,1.548265777258730269e+00,8.852075490905241262e-01,5.913533024218390999e+00,-3.655591724150524247e-01,9.820288716488264624e-01,1.114947614361453843e+00,2.681450721291945283e-01,-1.279563906914268356e-01,-9.714451465470119729e-17,-5.586355669358218368e-01
1.106999999999999651e-01,1.549062156645306443e+00,8.845243633323319754e-01,5.919184112763277383e+00,-3.652253340926512326e-01,9.818842358485934119e-01,1.115933396997110805e+00,2.676715384850283375e-01,-1.288656297223127467e-01,6.938893903907228378e-17,-5.576490385104754255e-01
1.115999999999999770e-01,1.549857921009429207e+00,8.838408332418642432e-01,5.924829211251248395e+00,-3.648920787591798387e-01,9.817396426467701609e-01,1.116919905843447802e+00,2.671989106361388200e-01,-1.297727952286330533e-01,-4.579669976578770729e-16,-5.566643971586222595e-01
1.124999999999999889e-01,1.550653070043125137e+00,8.831569630952069705e-01,5.930468330441089897e+00,-3.645594039549073795e-01,9.815950920245398725e-01,1.117907141328394749e+00,2.667271867168752864e-01,-1.306778916288311443e-01,4.163336342344337027e-17,-5.556816389934901013e-01
1.134000000000000008e-01,1.551447603442260625e+00,8.824727571480321942e-01,5.936101481048907225e+00,-3.642273072324795358e-01,9.814505839630975892e-01,1.118895103880065411e+00,2.662563648657061965e-01,-1.315809233315091697e-01,-7.771561172376095783e-16,-5.547007601368876273e-01
1.143000000000000127e-01,1.552241520906522343e+00,8.817882196356994218e-01,5.941728673748340128e+00,-3.638957861568545837e-01,9.813061184436484563e-01,1.119883793926768289e+00,2.657864432252041165e-01,-1.324818947354617915e-01,-4.024558464266192459e-16,-5.537217567191751177e-01
1.152000000000000246e-01,1.553034822139400140e+00,8.811033547733565507e-01,5.947349919170777710e+00,-3.635648383052447752e-01,9.811616954474096097e-01,1.120873211896997068e+00,2.653174199420406110e-01,-1.333808102296907272e-01,2.220446049250313081e-16,-5.527446248792512451e-01
1.160999999999999255e-01,1.553827506848167950e+00,8.804181667560403435e-01,5.952965227905573364e+00,-3.632344612670534989e-01,9.810173149556089545e-01,1.121863358219433948e+00,2.648492931669752526e-01,-1.342776741934291751e-01,-3.608224830031758756e-16,-5.517693607645317577e-01
1.169999999999999374e-01,1.554619574743867139e+00,8.797326597587759034e-01,5.958574610500254387e+00,-3.629046526438164388e-01,9.808729769494849426e-01,1.122854233322955642e+00,2.643820610548429650e-01,-1.351724909961726784e-01,-5.551115123125782702e-17,-5.507959605309227236e-01
1.178999999999999493e-01,1.555411025541286518e+00,8.790468379366761509e-01,5.964178077460738692e+00,-3.625754100491389575e-01,9.807286814102879058e-01,1.123845837636622047e+00,2.639157217645499154e-01,-1.360652649976896722e-01,-4.579669976578770729e-16,-5.498244203428122034e-01
1.187999999999999612e-01,1.556201858958946360e+00,8.783607054250404111e-01,5.969775639251539978e+00,-3.622467311086385866e-01,9.805844283192782784e-01,1.124838171589688018e+00,2.634502734590584705e-01,-1.369560005480562337e-01,5.551115123125782702e-17,-5.488547363730384987e-01
1.196999999999999731e-01,1.556992074719079744e+00,8.776742663394524469e-01,5.975367306295979120e+00,-3.619186134598841864e-01,9.804402176577283745e-01,1.125831235611592485e+00,2.629857143053828117e-01,-1.378447019876681834e-01,-8.187894806610529486e-16,-5.478869048028807143e-01
1.205999999999999850e-01,1.557781672547614349e+00,8.769875247758777137e-01,5.980953088976391996e+00,-3.615910547523362162e-01,9.802960494069208330e-01,1.126825030131969774e+00,2.625220424745738357e-01,-1.387313736472756132e-01,-3.608224830031758756e-16,-5.469209218220287827e-01
1.214999999999999969e-01,1.558570652174155802e+00,8.763004848107603939e-01,5.986532997634339104e+00,-3.612640526472883362e-01,9.801519235481498393e-01,1.127819555580639177e+00,2.620592561417149358e-01,-1.396160198479945436e-01,2.220446049250313081e-16,-5.459567836285728060e-01
1.224000000000000088e-01,1.559359013331970356e+00,8.756131505011200966e-01,5.992107042570810727e+00,-3.609376048178085661e-01,9.800078400627205699e-01,1.128814812387609612e+00,2.615973534859102889e-01,-1.404986449013342353e-01,-3.885780586188047891e-16,-5.449944864289796298e-01
1.233000000000000207e-01,1.560146755757966019e+00,8.749255258846471150e-01,5.997675234046430326e+00,-3.606117089486802207e-01,9.798637989319484154e-01,1.129810800983084507e+00,2.611363326902730875e-01,-1.413792531092243898e-01,1.804112415015879378e-16,-5.440340264380689739e-01
1.241999999999999216e-01,1.560933879192676343e+00,8.742376149797979057e-01,6.003237582281656159e+00,-3.602863627363452892e-01,9.797198001371608678e-01,1.130807521797450477e+00,2.606761919419213758e-01,-1.422578487640273615e-01,-7.494005416219806648e-16,-5.430753998790027737e-01
1.250999999999999335e-01,1.561720383380243105e+00,8.735494217858897903e-01,6.008794097456994443e+00,-3.599615638888444824e-01,9.795758436596953000e-01,1.131804975261290647e+00,2.602169294319625625e-01,-1.431344361485727967e-01,-1.665334536937734811e-16,-5.421186029832554265e-01
1.259999999999999454e-01,1.562506268068398541e+00,8.728609502831949918e-01,6.014344789713190309e+00,-3.596373101257608340e-01,9.794319294809011867e-01,1.132803161805371550e+00,2.597585433554901457e-01,-1.440090195361684033e-01,-6.522560269672794675e-16,-5.411636319906044656e-01
1.268999999999999573e-01,1.563291533008448697e+00,8.721722044330343371e-01,6.019889669151433864e+00,-3.593135991781621907e-01,9.792880575821377720e-01,1.133802081860655786e+00,2.593010319115684470e-01,-1.448816031906327018e-01,-1.526556658859590243e-16,-5.402104831491006953e-01
1.277999999999999692e-01,1.564076177955256775e+00,8.714831881778704048e-01,6.025428745833560029e+00,-3.589904287885450351e-01,9.791442279447761798e-01,1.134801735858291138e+00,2.588443933032283928e-01,-1.457521913663092361e-01,1.665334536937734811e-16,-5.392591527150591979e-01
1.286999999999999811e-01,1.564860202667224698e+00,8.707939054413997848e-01,6.030962029782245715e+00,-3.586677967107758658e-01,9.790004405501983031e-01,1.135802124229616350e+00,2.583886257374557460e-01,-1.466207883080919983e-01,-3.608224830031758756e-16,-5.383096369530326886e-01
1.295999999999999930e-01,1.565643606906278462e+00,8.701043601286453377e-01,6.036489530981210549e+00,-3.583457007100365743e-01,9.788566953797963599e-01,1.136803247406163564e+00,2.579337274251803924e-01,-1.474873982514512960e-01,2.775557561562891351e-17,-5.373619321357925305e-01
1.305000000000000049e-01,1.566426390437849481e+00,8.694145561260474553e-01,6.042011259375409615e+00,-3.580241385627678241e-01,9.787129924149743365e-01,1.137805105819649887e+00,2.574796965812710114e-01,-1.483520254224484081e-01,-3.747002708109903324e-16,-5.364160345443144129e-01
1.314000000000000168e-01,1.567208553030859042e+00,8.687244973015549876e-01,6.047527224871234175e+00,-3.577031080566124288e-01,9.785693316371464334e-01,1.138807699901988268e+00,2.570265314245212540e-01,-1.492146740377660041e-01,-6.938893903907228378e-17,-5.354719404677524830e-01
1.322999999999999177e-01,1.567990094457700767e+00,8.680341875047159483e-01,6.053037437336700854e+00,-3.573826069903609515e-01,9.784257130277385084e-01,1.139811030085276178e+00,2.565742301776454681e-01,-1.500753483047215786e-01,-6.938893903907228378e-16,-5.345296462034280216e-01
1.331999999999999296e-01,1.568771014494225291e+00,8.673436305667671098e-01,6.058541906601653260e+00,-3.570626331738948611e-01,9.782821365681863002e-01,1.140815096801807149e+00,2.561227910672639330e-01,-1.509340524212988699e-01,-2.636779683484746784e-16,-5.335891480567995782e-01
1.340999999999999415e-01,1.569551312919722719e+00,8.666528303007233758e-01,6.064040642457947605e+00,-3.567431844281334641e-01,9.781386022399373159e-01,1.141819900484060790e+00,2.556722123238990285e-01,-1.517907905761609610e-01,3.191891195797325054e-16,-5.326504423414563094e-01
1.349999999999999534e-01,1.570330989516906861e+00,8.659617905014669326e-01,6.069533654659646338e+00,-3.564242585849779488e-01,9.779951100244499429e-01,1.142825441564707001e+00,2.552224921819635783e-01,-1.526455669486760369e-01,-4.579669976578770729e-16,-5.317135253790905569e-01
1.358999999999999653e-01,1.571110044071898582e+00,8.652705149458354006e-01,6.075020952923210871e+00,-3.561058534872567627e-01,9.778516599031926715e-01,1.143831720476610858e+00,2.547736288797497473e-01,-1.534983857089438075e-01,-5.551115123125782702e-17,-5.307783934994785291e-01
1.367999999999999772e-01,1.571888476374210253e+00,8.645790073927096531e-01,6.080502546927692542e+00,-3.557879669886720997e-01,9.777082518576457604e-01,1.144838737652821736e+00,2.543256206594248225e-01,-1.543492510178073873e-01,-4.163336342344337027e-16,-5.298450430404685330e-01
1.376999999999999891e-01,1.572666286216728881e+00,8.638872715831013016e-01,6.085978446314916468e+00,-3.554705969537459431e-01,9.775648858692995713e-01,1.145846493526585741e+00,2.538784657670167255e-01,-1.551981670268850477e-01,-2.359223927328457648e-16,-5.289134703479513311e-01
1.386000000000000010e-01,1.573443473395700121e+00,8.631953112402395156e-01,6.091448660689676942e+00,-3.551537412577649988e-01,9.774215619196560123e-01,1.146854988531333719e+00,2.534321624524102368e-01,-1.560451378785832066e-01,-8.604228440844963188e-16,-5.279836717758544795e-01
1.395000000000000129e-01,1.574220037710713171e+00,8.625031300696572867e-01,6.096913199619914181e+00,-3.548373977867305129e-01,9.772782799902272055e-01,1.147864223100693026e+00,2.529867089693326188e-01,-1.568901677061271815e-01,-4.440892098500626162e-16,-5.270556436861095762e-01
1.404000000000000248e-01,1.574995978964683907e+00,8.618107317592773597e-01,6.102372072636913281e+00,-3.545215644373014285e-01,9.771350400625365973e-01,1.148874197668477537e+00,2.525421035753493970e-01,-1.577332606335732912e-01,-6.938893903907228378e-17,-5.261293824486444892e-01
1.412999999999999257e-01,1.575771296963839330e+00,8.611181199794977204e-01,6.107825289235476518e+00,-3.542062391167442037e-01,9.769918421181184032e-01,1.149884912668691417e+00,2.520983445318532024e-01,-1.585744207758357227e-01,-4.718447854656915297e-16,-5.252048844413608197e-01
1.421999999999999376e-01,1.576545991517702250e+00,8.604252983832761936e-01,6.113272858874118754e+00,-3.538914197428788544e-01,9.768486861385170528e-01,1.150896368535534897e+00,2.516554301040530017e-01,-1.594136522387102906e-01,-2.220446049250313081e-16,-5.242821460501103648e-01
1.430999999999999495e-01,1.577320062439075299e+00,8.597322706062152653e-01,6.118714790975241513e+00,-3.535771042440272183e-01,9.767055721052889661e-01,1.151908565703392950e+00,2.512133585609694353e-01,-1.602509591188890914e-01,-8.326672684688674053e-16,-5.233611636686862356e-01
1.439999999999999614e-01,1.578093509544024942e+00,8.590390402666456815e-01,6.124151094925320393e+00,-3.532632905589612182e-01,9.765625000000000000e-01,1.152921504606847058e+00,2.507721281754212717e-01,-1.610863455039888148e-01,-3.747002708109903324e-16,-5.224419336987943252e-01
1.448999999999999733e-01,1.578866332651866822e+00,8.583456109657098265e-01,6.129581780075086250e+00,-3.529499766368497937e-01,9.764194698042280018e-01,1.153935185680664555e+00,2.503317372240209671e-01,-1.619198154725652872e-01,-9.714451465470119729e-16,-5.215244525500436490e-01
1.457999999999999852e-01,1.579638531585150218e+00,8.576519862874453226e-01,6.135006855739703724e+00,-3.526371604372098290e-01,9.762764814995606999e-01,1.154949609359809060e+00,2.498921839871612871e-01,-1.627513730941424486e-01,-6.800116025829083810e-16,-5.206087166399191446e-01
1.466999999999999971e-01,1.580410106169641393e+00,8.569581697988667424e-01,6.140426331198951537e+00,-3.523248399298513078e-01,9.761335350675971467e-01,1.155964776079431600e+00,2.494534667490103386e-01,-1.635810224292262305e-01,-2.775557561562891351e-17,-5.196947223937714577e-01
1.476000000000000090e-01,1.581181056234310267e+00,8.562641650500479873e-01,6.145840215697402797e+00,-3.520130130948300184e-01,9.759906304899473861e-01,1.156980686274873715e+00,2.490155837975015218e-01,-1.644087675293283146e-01,-6.800116025829083810e-16,-5.187824662447947377e-01
1.485000000000000209e-01,1.581951381611313545e+00,8.555699755742041113e-01,6.151248518444598190e+00,-3.517016779223942624e-01,9.758477677482312318e-01,1.157997340381673235e+00,2.485785334243220401e-01,-1.652346124369916680e-01,-3.053113317719180486e-16,-5.178719446340043220e-01
1.493999999999999218e-01,1.582721082135980506e+00,8.548756048877721447e-01,6.156651248615227168e+00,-3.513908324129353389e-01,9.757049468240804879e-01,1.159014738835553171e+00,2.481423139249091248e-01,-1.660585611858033106e-01,-6.800116025829083810e-16,-5.169631540102274103e-01
1.502999999999999337e-01,1.583490157646798346e+00,8.541810564904916969e-01,6.162048415349304697e+00,-3.510804745769375845e-01,9.755621676991366176e-01,1.160032882072433713e+00,2.477069235984359907e-01,-1.668806178004241803e-01,-2.775557561562891351e-16,-5.160560908300748650e-01
1.511999999999999456e-01,1.584258607985395306e+00,8.534863338654851139e-01,6.167440027752340015e+00,-3.507706024349275253e-01,9.754194303550527412e-01,1.161051770528420679e+00,2.472723607478082286e-01,-1.677007862966005680e-01,-1.040834085586084257e-15,-5.151507515579336616e-01
1.520999999999999575e-01,1.585026432996528012e+00,8.527914404793378589e-01,6.172826094895517812e+00,-3.504612140174248047e-01,9.752767347734919712e-01,1.162071404639817729e+00,2.468386236796497324e-01,-1.685190706811958705e-01,-4.024558464266192459e-16,-5.142471326659369124e-01
1.529999999999999694e-01,1.585793632528065045e+00,8.520963797821770047e-01,6.178206625815866104e+00,-3.501523073648920015e-01,9.751340809361286333e-01,1.163091784843114596e+00,2.464057107042990080e-01,-1.693354749522009151e-01,6.938893903907228378e-17,-5.133452306339563176e-01
1.538999999999999813e-01,1.586560206430972952e+00,8.514011552077505041e-01,6.183581629516430311e+00,-3.498438805276871122e-01,9.749914688246478223e-01,1.164112911574993747e+00,2.459736201357978491e-01,-1.701500030987603829e-01,-5.412337245047638135e-16,-5.124450419495787390e-01
1.547999999999999932e-01,1.587326154559301150e+00,8.507057701735054600e-01,6.188951114966445566e+00,-3.495359315660122590e-01,9.748488984207447361e-01,1.165134785272333051e+00,2.455423502918815393e-01,-1.709626591011956798e-01,-2.914335439641035919e-16,-5.115465631080864384e-01
1.557000000000000051e-01,1.588091476770167931e+00,8.500102280806661748e-01,6.194315091101509019e+00,-3.492284585498663940e-01,9.747063697061261189e-01,1.166157406372196448e+00,2.451118994939740781e-01,-1.717734469310184808e-01,-7.355227538141662080e-16,-5.106497906124458641e-01
1.566000000000000170e-01,1.588856172923744703e+00,8.493145323143116432e-01,6.199673566823742377e+00,-3.489214595589964496e-01,9.745638826625084850e-01,1.167180775311845276e+00,2.446822660671748306e-01,-1.725823705509592632e-01,-4.440892098500626162e-16,-5.097547209732807838e-01
1.574999999999999178e-01,1.589620242883242440e+00,8.486186862434526024e-01,6.205026551001968649e+00,-3.486149326828489325e-01,9.744214372716201167e-01,1.168204892528727390e+00,2.442534483402546419e-01,-1.733894339149807395e-01,-1.013078509970455343e-15,-5.088613507088638466e-01
1.583999999999999297e-01,1.590383686514897477e+00,8.479226932211084700e-01,6.210374052471879125e+00,-3.483088760205219625e-01,9.742790335151987335e-01,1.169229758460488044e+00,2.438254446456425972e-01,-1.741946409683055030e-01,-4.163336342344337027e-16,-5.079696763450887165e-01
1.592999999999999416e-01,1.591146503687956404e+00,8.472265565843828394e-01,6.215716080036194136e+00,-3.480032876807177544e-01,9.741366713749938233e-01,1.170255373544959676e+00,2.433982533194219144e-01,-1.749979956474294607e-01,-1.249000902703301108e-16,-5.070796944154623009e-01
1.601999999999999535e-01,1.591908694274661640e+00,8.465302796545404185e-01,6.221052642464834470e+00,-3.476981657816951010e-01,9.739943508327651989e-01,1.171281738220167234e+00,2.429718727013190083e-01,-1.757995018801460363e-01,-7.494005416219806648e-16,-5.061914014610812140e-01
1.610999999999999654e-01,1.592670258150238327e+00,8.458338657370811919e-01,6.226383748495087467e+00,-3.473935084512211890e-01,9.738520718702828871e-01,1.172308852924332179e+00,2.425463011346935815e-01,-1.765991635855693742e-01,-3.191891195797325054e-16,-5.053047940306115704e-01
1.619999999999999774e-01,1.593431195192879235e+00,8.451373181218164721e-01,6.231709406831768661e+00,-3.470893138265258582e-01,9.737098344693282392e-01,1.173336718095862041e+00,2.421215369665342398e-01,-1.773969846741468848e-01,-7.632783294297951215e-16,-5.044198686802796594e-01
1.628999999999999893e-01,1.594191505283730770e+00,8.444406400829423953e-01,6.237029626147386985e+00,-3.467855800542536393e-01,9.735676386116924874e-01,1.174365334173361974e+00,2.416975785474455019e-01,-1.781929690476884431e-01,-2.914335439641035919e-16,-5.035366219738447446e-01
1.638000000000000012e-01,1.594951188306879208e+00,8.437438348791149734e-01,6.242344415082306419e+00,-3.464823052904182354e-01,9.734254842791782991e-01,1.175394701595625646e+00,2.412744242316430254e-01,-1.789871205993788239e-01,-2.775557561562891351e-17,-5.026550504825892940e-01
1.647000000000000131e-01,1.595710244149336710e+00,8.430469057535232569e-01,6.247653782244910303e+00,-3.461794877003550042e-01,9.732833714535987779e-01,1.176424820801638571e+00,2.408520723769437544e-01,-1.797794432138020149e-01,-5.412337245047638135e-16,-5.017751507852994397e-01
1.656000000000000250e-01,1.596468672701027547e+00,8.423498559339627212e-01,6.252957736211761208e+00,-3.458771254586756605e-01,9.731413001167769083e-01,1.177455692230583439e+00,2.404305213447554823e-01,-1.805699407669634216e-01,-1.526556658859590243e-16,-5.008969194682404424e-01
1.664999999999999258e-01,1.597226473854773676e+00,8.416526886329084300e-01,6.258256285527759033e+00,-3.455752167492220917e-01,9.729992702505473323e-01,1.178487316321828793e+00,2.400097695000730780e-01,-1.813586171263026348e-01,-6.383782391594650107e-16,-5.000203531251521394e-01
1.673999999999999377e-01,1.597983647506281635e+00,8.409554070475869780e-01,6.263549438706307981e+00,-3.452737597650203938e-01,9.728572818367544617e-01,1.179519693514941903e+00,2.395898152114649127e-01,-1.821454761507227404e-01,-1.665334536937734811e-16,-4.991454483572185796e-01
1.682999999999999496e-01,1.598740193554128775e+00,8.402580143600489881e-01,6.268837204229463111e+00,-3.449727527082364631e-01,9.727153348572541436e-01,1.180552824249676780e+00,2.391706568510694186e-01,-1.829305216906014220e-01,-7.216449660063517513e-16,-4.982722017730610853e-01
1.691999999999999615e-01,1.599496111899749273e+00,8.395605137372408322e-01,6.274119590548101755e+00,-3.446721937901291444e-01,9.725734292939116621e-01,1.181586708965985721e+00,2.387522927945820161e-01,-1.837137575878186047e-01,-2.775557561562891351e-16,-4.974006099887123833e-01
1.700999999999999734e-01,1.600251402447421034e+00,8.388629083310755741e-01,6.279396606082070065e+00,-3.443720812310073764e-01,9.724315651286039586e-01,1.182621348104009096e+00,2.383347214212511167e-01,-1.844951876757702225e-01,-1.110223024625156540e-16,-4.965306696276063358e-01
1.709999999999999853e-01,1.601006065104251475e+00,8.381652012785042460e-01,6.284668259220346442e+00,-3.440724132601824525e-01,9.722897423432182995e-01,1.183656742104080006e+00,2.379179411138678257e-01,-1.852748157793905337e-01,-5.134781488891348999e-16,-4.956623773205577899e-01
1.718999999999999972e-01,1.601760099780165092e+00,8.374673957015860148e-01,6.289934558321191638e+00,-3.437731881159269420e-01,9.721479609196519434e-01,1.184692891406729176e+00,2.375019502587558673e-01,-1.860526457151755464e-01,-1.387778780781445676e-17,-4.947957297057412052e-01
1.728000000000000091e-01,1.602513506387889475e+00,8.367694947075582368e-01,6.295195511712309511e+00,-3.434744040454278391e-01,9.720062208398134729e-01,1.185729796452673401e+00,2.370867472457679759e-01,-1.868286812911937878e-01,-5.273559366969493567e-16,-4.939307234286832160e-01
1.737000000000000210e-01,1.603266284842941758e+00,8.360715013889066238e-01,6.300451127690993580e+00,-3.431760593047432639e-01,9.718645220856212408e-01,1.186767457682828875e+00,2.366723304682723794e-01,-1.876029263071165021e-01,-4.857225732735059864e-16,-4.930673551422341538e-01
1.745999999999999219e-01,1.604018435063615522e+00,8.353734188234344105e-01,6.305701414524286896e+00,-3.428781521587584979e-01,9.717228646390050351e-01,1.187805875538298528e+00,2.362586983231495241e-01,-1.883753845542283090e-01,-7.494005416219806648e-16,-4.922056215065613305e-01
1.754999999999999338e-01,1.604769956970968803e+00,8.346752500743305214e-01,6.310946380449130366e+00,-3.425806808811429072e-01,9.715812484819043027e-01,1.188845050460384023e+00,2.358458492107793347e-01,-1.891460598154541817e-01,-4.302114220422481594e-16,-4.913455191891235030e-01
1.763999999999999457e-01,1.605520850488809215e+00,8.339769981902394047e-01,6.316186033672517297e+00,-3.422836437543059773e-01,9.714396735962695928e-01,1.189884982890575982e+00,2.354337815350369401e-01,-1.899149558653725478e-01,-2.914335439641035919e-16,-4.904870448646602155e-01
1.772999999999999576e-01,1.606271115543681294e+00,8.332786662053284221e-01,6.321420382371640834e+00,-3.419870390693533491e-01,9.712981399640620017e-01,1.190925673270557761e+00,2.350224937032829031e-01,-1.906820764702381599e-01,-5.828670879282071837e-16,-4.896301952151727033e-01
1.781999999999999695e-01,1.607020752064854729e+00,8.325802571393556839e-01,6.326649434694045837e+00,-3.416908651260457397e-01,9.711566475672525067e-01,1.191967122042210336e+00,2.346119841263534511e-01,-1.914474253880033006e-01,-4.440892098500626162e-16,-4.887749669299027433e-01
1.790999999999999814e-01,1.607769759984309710e+00,8.318817739977378833e-01,6.331873198757780763e+00,-3.413951202327538681e-01,9.710151963878235204e-01,1.193009329647601868e+00,2.342022512185562566e-01,-1.922110063683316605e-01,-8.049116928532384918e-16,-4.879213567053253819e-01
1.799999999999999933e-01,1.608518139236725375e+00,8.311832197716169102e-01,6.337091682651539770e+00,-3.410998027064175986e-01,9.708737864077670032e-01,1.194052296529000357e+00,2.337932933976575312e-01,-1.929728231526253168e-01,-3.608224830031758756e-16,-4.870693612451197918e-01
1.809000000000000052e-01,1.609265889759466495e+00,8.304845974379266860e-01,6.342304894434816376e+00,-3.408049108725035303e-01,9.707324176090861290e-01,1.195096023128859875e+00,2.333851090848794441e-01,-1.937328794740341698e-01,-1.026956297778269800e-15,-4.862189772601654414e-01
1.818000000000000171e-01,1.610013011492570367e+00,8.297859099594598886e-01,6.347512842138050004e+00,-3.405104430649605884e-01,9.705910899737940634e-01,1.196140509889835002e+00,2.329776967048862724e-01,-1.944911790574869181e-01,-6.106226635438360972e-16,-4.853702014685130073e-01
1.826999999999999180e-01,1.610759504378734830e+00,8.290871602849333444e-01,6.352715533762768096e+00,-3.402163976261813882e-01,9.704498034839147413e-01,1.197185757254768612e+00,2.325710546857814309e-01,-1.952477256196993860e-01,-1.110223024625156540e-16,-4.845230305953778793e-01
1.835999999999999299e-01,1.611505368363304935e+00,8.283883513490535311e-01,6.357912977281735323e+00,-3.399227729069580484e-01,9.703085581214826449e-01,1.198231765666697202e+00,2.321651814590972585e-01,-1.960025228691990584e-01,-7.494005416219806648e-16,-4.836774613731192884e-01
1.844999999999999418e-01,1.612250603394260962e+00,8.276894860725828584e-01,6.363105180639098357e+00,-3.396295672664415566e-01,9.701673538685422482e-01,1.199278535568855553e+00,2.317600754597851365e-01,-1.967555745063470640e-01,-3.330669073875469621e-16,-4.828334905412189904e-01
1.853999999999999537e-01,1.612995209422205756e+00,8.269905673624033948e-01,6.368292151750527985e+00,-3.393367790721004695e-01,9.700261907071491274e-01,1.200326067404665187e+00,2.313557351262123252e-01,-1.975068842233483890e-01,-8.326672684688674053e-16,-4.819911148462756034e-01
1.862999999999999656e-01,1.613739186400351411e+00,8.262915981115818154e-01,6.373473898503362989e+00,-3.390444066996791683e-01,9.698850686193686288e-01,1.201374361617748354e+00,2.309521589001484188e-01,-1.982564557042816311e-01,-4.440892098500626162e-16,-4.811503310419758539e-01
1.871999999999999775e-01,1.614482534284508386e+00,8.255925811994337948e-01,6.378650428756754032e+00,-3.387524485331578905e-01,9.697439875872770898e-01,1.202423418651914044e+00,2.305493452267629861e-01,-1.990042926251071043e-01,-1.137978600240785454e-15,-4.803111358890894689e-01
1.880999999999999894e-01,1.615225253033071739e+00,8.248935194915877345e-01,6.383821750341803103e+00,-3.384609029647114298e-01,9.696029475929607289e-01,1.203473238951171753e+00,2.301472925546121373e-01,-1.997503986536969256e-01,-6.661338147750939243e-16,-4.794735261554419203e-01
1.890000000000000013e-01,1.615967342607010249e+00,8.241944158400477116e-01,6.388987871061708290e+00,-3.381697683946689459e-01,9.694619486185166446e-01,1.204523822959719714e+00,2.297459993356354979e-01,-2.004947774498438973e-01,-3.608224830031758756e-16,-4.786374986159072642e-01
1.899000000000000132e-01,1.616708802969852643e+00,8.234952730832576506e-01,6.394148798691900559e+00,-3.378790432314728864e-01,9.693209906460524827e-01,1.205575171121950229e+00,2.293454640251462173e-01,-2.012374326652847101e-01,-8.049116928532384918e-16,-4.778030500523879343e-01
1.908000000000000251e-01,1.617449634087676280e+00,8.227960940461629402e-01,6.399304540980185863e+00,-3.375887258916394629e-01,9.691800736576855479e-01,1.206627283882454105e+00,2.289456850818213374e-01,-2.019783679437220369e-01,-4.718447854656915297e-16,-4.769701772537943141e-01
1.916999999999999260e-01,1.618189835929095155e+00,8.220968815402740493e-01,6.404455105646881918e+00,-3.372988147997191266e-01,9.690391976355444692e-01,1.207680161686009779e+00,2.285466609676982674e-01,-2.027175869208359682e-01,-1.054711873393898713e-15,-4.761388770160380202e-01
1.925999999999999379e-01,1.618929408465247688e+00,8.213976383637274781e-01,6.409600500384958544e+00,-3.370093083882561569e-01,9.688983625617672013e-01,1.208733804977596415e+00,2.281483901481619891e-01,-2.034550932243099908e-01,-6.106226635438360972e-16,-4.753091461420040909e-01
1.934999999999999498e-01,1.619668351669784290e+00,8.206983673013483749e-01,6.414740732860174433e+00,-3.367202050977495809e-01,9.687575684185033564e-01,1.209788214202380363e+00,2.277508710919424750e-01,-2.041908904738429786e-01,-1.165734175856414367e-15,-4.744809814415467675e-01
1.943999999999999617e-01,1.620406665518856038e+00,8.199990711247115982e-01,6.419875810711215713e+00,-3.364315033766132057e-01,9.686168151879116506e-01,1.210843389805728920e+00,2.273541022711015880e-01,-2.049249822811745059e-01,-8.049116928532384918e-16,-4.736543797314615722e-01
1.952999999999999736e-01,1.621144349991102240e+00,8.192997525922031121e-01,6.425005741549827398e+00,-3.361432016811369827e-01,9.684761028521620130e-01,1.211899332233198567e+00,2.269580821610299726e-01,-2.056573722500972812e-01,-3.330669073875469621e-16,-4.728293378354791465e-01
1.961999999999999855e-01,1.621881405067638893e+00,8.186004144490801604e-01,6.430130532960954604e+00,-3.358552984754481496e-01,9.683354313934346980e-01,1.212956041930539852e+00,2.265628092404374794e-01,-2.063880639764773539e-01,-9.159339953157541458e-16,-4.720058525842447672e-01
1.970999999999999974e-01,1.622617830732047128e+00,8.179010594275323287e-01,6.435250192502874000e+00,-3.355677922314725947e-01,9.681948007939197298e-01,1.214013519343702940e+00,2.261682819913432840e-01,-2.071170610482784280e-01,-5.551115123125782702e-16,-4.711839208152984182e-01
1.980000000000000093e-01,1.623353626970360786e+00,8.172016902467414967e-01,6.440364727707327930e+00,-3.352806814288955550e-01,9.680542110358181240e-01,1.215071764918825403e+00,2.257744988990728896e-01,-2.078443670455691894e-01,-1.026956297778269800e-15,-4.703635393730684067e-01
1.989000000000000212e-01,1.624088793771055528e+00,8.165023096129412350e-01,6.445474146079658517e+00,-3.349939645551240908e-01,9.679136621013405550e-01,1.216130779102246207e+00,2.253814584522452480e-01,-2.085699855405537262e-01,-8.604228440844963188e-16,-4.695447051088442181e-01
1.997999999999999221e-01,1.624823331125036407e+00,8.158029202194769791e-01,6.450578455098940012e+00,-3.347076401052486716e-01,9.677731539727089105e-01,1.217190562340491944e+00,2.249891591427702342e-01,-2.092939200975789671e-01,-1.249000902703301108e-15,-4.687274148807713536e-01
2.006999999999999340e-01,1.625557239025626988e+00,8.151035247468642053e-01,6.455677662218115564e+00,-3.344217065820040968e-01,9.676326866321544040e-01,1.218251115080290381e+00,2.245975994658360175e-01,-2.100161742731624370e-01,-7.216449660063517513e-16,-4.679116655538251845e-01
2.015999999999999459e-01,1.626290517468557351e+00,8.144041258628483826e-01,6.460771774864118910e+00,-3.341361624957337462e-01,9.674922600619194624e-01,1.219312437768558688e+00,2.242067779199058974e-01,-2.107367516160023602e-01,-6.106226635438360972e-16,-4.670974539998038466e-01
2.024999999999999578e-01,1.627023166451953218e+00,8.137047262224625932e-01,6.465860800438012035e+00,-3.338510063643511661e-01,9.673518742442563934e-01,1.220374530852409434e+00,2.238166930067083116e-01,-2.114556556670005305e-01,-8.604228440844963188e-16,-4.662847770973090333e-01
2.033999999999999697e-01,1.627755185976323737e+00,8.130053284680860415e-01,6.470944746315115736e+00,-3.335662367133007677e-01,9.672115291614276078e-01,1.221437394779153918e+00,2.234273432312282870e-01,-2.121728899592817408e-01,-5.551115123125782702e-16,-4.654736317317254013e-01
2.042999999999999816e-01,1.628486576044550604e+00,8.123059352295021185e-01,6.476023619845133084e+00,-3.332818520755242986e-01,9.670712247957062857e-01,1.222501029996292177e+00,2.230387271017034989e-01,-2.128884580182054398e-01,-1.082467449009527627e-15,-4.646640147952155186e-01
2.051999999999999935e-01,1.629217336661876958e+00,8.116065491239555785e-01,6.481097428352286194e+00,-3.329978509914199858e-01,9.669309611293753770e-01,1.223565436951525198e+00,2.226508431296122248e-01,-2.136023633613927108e-01,-6.938893903907228378e-16,-4.638559231866920540e-01
2.061000000000000054e-01,1.629947467835895392e+00,8.109071727562100484e-01,6.486166179135438803e+00,-3.327142320088078975e-01,9.667907381447287118e-01,1.224630616092743152e+00,2.222636898296701524e-01,-2.143146094987350425e-01,-1.360023205165816762e-15,-4.630493538118127250e-01
2.070000000000000173e-01,1.630676969576537294e+00,8.102078087186050936e-01,6.491229879468222386e+00,-3.324309936828930834e-01,9.666505558240696683e-01,1.225696567868036713e+00,2.218772657198188336e-01,-2.150251999324209740e-01,-9.159339953157541458e-16,-4.622443035829558178e-01
2.078999999999999182e-01,1.631405841896061748e+00,8.095084595911125058e-01,6.496288536599169383e+00,-3.321481345762280490e-01,9.665104141497123935e-01,1.226763292725686849e+00,2.214915693212219372e-01,-2.157341381569460870e-01,-5.551115123125782702e-16,-4.614407694192123599e-01
2.087999999999999301e-01,1.632134084809044650e+00,8.088091279413928136e-01,6.501342157751835771e+00,-3.318656532586778951e-01,9.663703131039814709e-01,1.227830791114170150e+00,2.211065991582558399e-01,-2.164414276591356545e-01,-1.054711873393898713e-15,-4.606387482463662475e-01
2.096999999999999420e-01,1.632861698332366496e+00,8.081098163248514599e-01,6.506390750124921851e+00,-3.315835483073823475e-01,9.662302526692110316e-01,1.228899063482162823e+00,2.207223537585007445e-01,-2.171470719181639586e-01,-6.661338147750939243e-16,-4.598382369968763705e-01
2.105999999999999539e-01,1.633588682485202614e+00,8.074105272846944237e-01,6.511434320892405481e+00,-3.313018183067217848e-01,9.660902328277461981e-01,1.229968110278529148e+00,2.203388316527374602e-01,-2.178510744055650594e-01,-1.249000902703301108e-15,-4.590392326098696740e-01
2.114999999999999658e-01,1.634315037289011396e+00,8.067112633519836207e-01,6.516472877203660197e+00,-3.310204618482797123e-01,9.659502535619415298e-01,1.231037931952336129e+00,2.199560313749347185e-01,-2.185534385852597739e-01,-9.436895709313830594e-16,-4.582417320311137909e-01
2.123999999999999777e-01,1.635040762767524303e+00,8.060120270456918590e-01,6.521506426183584004e+00,-3.307394775308079016e-01,9.658103148541625771e-01,1.232108528952840620e+00,2.195739514622464528e-01,-2.192541679135657784e-01,-5.551115123125782702e-16,-4.574457322130134895e-01
2.132999999999999896e-01,1.635765858946733653e+00,8.053128208727584614e-01,6.526534974932715727e+00,-3.304588639601908628e-01,9.656704166867848826e-01,1.233179901729494876e+00,2.191925904550025284e-01,-2.199532658392168161e-01,-9.159339953157541458e-16,-4.566512301145884134e-01
2.142000000000000015e-01,1.636490325854883743e+00,8.046136473281427781e-01,6.531558530527362016e+00,-3.301786197494116504e-01,9.655305590421936479e-01,1.234252050731951211e+00,2.188119468966995829e-01,-2.206507358033856780e-01,-7.216449660063517513e-16,-4.558582227014574828e-01
2.151000000000000134e-01,1.637214163522457966e+00,8.039145088948792539e-01,6.536577100019719921e+00,-3.298987435185143369e-01,9.653907419027851766e-01,1.235324976410051345e+00,2.184320193339975569e-01,-2.213465812396937515e-01,-1.193489751472043281e-15,-4.550667069458283476e-01
2.160000000000000253e-01,1.637937371982169488e+00,8.032154080441309407e-01,6.541590690437992350e+00,-3.296192338945713729e-01,9.652509652509652094e-01,1.236398679213838614e+00,2.180528063167081754e-01,-2.220408055742362219e-01,-8.049116928532384918e-16,-4.542766798264752381e-01
2.168999999999999262e-01,1.638659951268950143e+00,8.025163472352434546e-01,6.546599308786514193e+00,-3.293400895116476157e-01,9.651112290691502560e-01,1.237473159593545535e+00,2.176743063977920334e-01,-2.227334122255917315e-01,-1.137978600240785454e-15,-4.534881383287334145e-01
2.177999999999999381e-01,1.639381901419939780e+00,8.018173289157982664e-01,6.551602962045871337e+00,-3.290613090107659122e-01,9.649715333397664851e-01,1.238548417999606466e+00,2.172965181333466889e-01,-2.234244046048479149e-01,-9.159339953157541458e-16,-4.527010794444721320e-01
2.186999999999999500e-01,1.640103222474476041e+00,8.011183555216659924e-01,6.556601657173017905e+00,-3.287828910398726823e-01,9.648318780452507237e-01,1.239624454882645610e+00,2.169194400826038593e-01,-2.241137861156110578e-01,-1.221245327087672194e-15,-4.519155001720913667e-01
2.195999999999999619e-01,1.640823914474083711e+00,8.004194294770587970e-01,6.561595401101392611e+00,-3.285048342538055000e-01,9.646922631680494575e-01,1.240701270693488567e+00,2.165430708079180977e-01,-2.248015601540309660e-01,-1.054711873393898713e-15,-4.511313975164958356e-01
2.204999999999999738e-01,1.641543977462463610e+00,7.997205531945835721e-01,6.566584200741044874e+00,-3.282271373142549020e-01,9.645526886906197195e-01,1.241778865883152561e+00,2.161674088747628231e-01,-2.254877301088119568e-01,-5.828670879282071837e-16,-4.503487684890891685e-01
2.213999999999999857e-01,1.642263411485483049e+00,7.990217290752936741e-01,6.571568062978742297e+00,-3.279497988897348559e-01,9.644131545954287565e-01,1.242857240902849991e+00,2.157924528517221607e-01,-2.261722993612317323e-01,-1.165734175856414367e-15,-4.495676101077544229e-01
2.222999999999999976e-01,1.642982216591164946e+00,7.983229595087413255e-01,6.576546994678095892e+00,-3.276728176555461225e-01,9.642736608649534746e-01,1.243936396203994654e+00,2.154182013104815052e-01,-2.268552712851638065e-01,-7.216449660063517513e-16,-4.487879193968363767e-01
2.232000000000000095e-01,1.643700392829678059e+00,7.976242468730291302e-01,6.581521002679670218e+00,-3.273961922937442814e-01,9.641342074816815488e-01,1.245016332238189305e+00,2.150446528258244672e-01,-2.275366492470852764e-01,-1.221245327087672194e-15,-4.480096933871341447e-01
2.241000000000000214e-01,1.644417940253325661e+00,7.969255935348614761e-01,6.586490093801105061e+00,-3.271199214931048704e-01,9.639947944281100911e-01,1.246097049457239425e+00,2.146718059756213270e-01,-2.282164366061041338e-01,-7.494005416219806648e-16,-4.472329291158777531e-01
2.249999999999999223e-01,1.645134858916536658e+00,7.962270018495961610e-01,6.591454274837222904e+00,-3.268440039490922988e-01,9.638554216867468716e-01,1.247178548313141677e+00,2.142996593408257044e-01,-2.288946367139674809e-01,-5.273559366969493567e-16,-4.464576236267201459e-01
2.258999999999999342e-01,1.645851148875854042e+00,7.955284741612945743e-01,6.596413552560150606e+00,-3.265684383638243204e-01,9.637160892401098744e-01,1.248260829258088789e+00,2.139282115054657318e-01,-2.295712529150832903e-01,-9.159339953157541458e-16,-4.456837739697202538e-01
2.267999999999999461e-01,1.646566810189925789e+00,7.948300128027729894e-01,6.601367933719427761e+00,-3.262932234460405034e-01,9.635767970707265206e-01,1.249343892744474438e+00,2.135574610566354226e-01,-2.302462885465388354e-01,-7.216449660063517513e-16,-4.449113772013237877e-01
2.276999999999999580e-01,1.647281842919494421e+00,7.941316200956528570e-01,6.606317425042124825e+00,-3.260183579110698115e-01,9.634375451611350005e-01,1.250427739224882595e+00,2.131874065844911459e-01,-2.309197469381123469e-01,-9.714451465470119729e-16,-4.441404303843564105e-01
2.285999999999999699e-01,1.647996247127386793e+00,7.934332983504103209e-01,6.611262033232950586e+00,-3.257438404807970755e-01,9.632983334938830522e-01,1.251512369152099069e+00,2.128180466822407191e-01,-2.315916314122959951e-01,-6.383782391594650107e-16,-4.433709305880013662e-01
2.294999999999999818e-01,1.648710022878503656e+00,7.927350498664269551e-01,6.616201764974369404e+00,-3.254696698836301305e-01,9.631591620515290719e-01,1.252597782979100405e+00,2.124493799461400767e-01,-2.322619452843065480e-01,-1.110223024625156540e-15,-4.426028748877918195e-01
2.303999999999999937e-01,1.649423170239811220e+00,7.920368769320389468e-01,6.621136626926708679e+00,-3.251958448544698399e-01,9.630200308166410039e-01,1.253683981159065430e+00,2.120814049754823905e-01,-2.329306918621094624e-01,-7.216449660063517513e-16,-4.418362603655883736e-01
2.313000000000000056e-01,1.650135689280329609e+00,7.913387818245861682e-01,6.626066625728272541e+00,-3.249223641346754565e-01,9.628809397717971175e-01,1.254770964145364820e+00,2.117141203725946552e-01,-2.335978744464279888e-01,-4.996003610813204432e-16,-4.410710841095721313e-01
2.322000000000000175e-01,1.650847580071123755e+00,7.906407668104618036e-01,6.630991767995452868e+00,-3.246492264720335363e-01,9.627418888995860069e-01,1.255858732391565757e+00,2.113475247428288628e-01,-2.342634963307649310e-01,-9.436895709313830594e-16,-4.403073432142266541e-01
2.330999999999999184e-01,1.651558842685293182e+00,7.899428341451607549e-01,6.635912060322834094e+00,-3.243764306207266301e-01,9.626028781826057035e-01,1.256947286351437043e+00,2.109816166945537586e-01,-2.349275608014200767e-01,-4.718447854656915297e-16,-4.395450347803204205e-01
2.339999999999999303e-01,1.652269477197963132e+00,7.892449860733280476e-01,6.640827509283309560e+00,-3.241039753413015312e-01,9.624639076034648966e-01,1.258036626478937325e+00,2.106163948391514551e-01,-2.355900711375010781e-01,-1.082467449009527627e-15,-4.387841559148988879e-01
2.348999999999999422e-01,1.652979483686273454e+00,7.885472248288080133e-01,6.645738121428185430e+00,-3.238318594006366347e-01,9.623249771447818235e-01,1.259126753228228424e+00,2.102518577910062192e-01,-2.362510306109488756e-01,-6.383782391594650107e-16,-4.380247037312628433e-01
2.357999999999999541e-01,1.653688862229370171e+00,7.878495526346911415e-01,6.650643903287289049e+00,-3.235600815719126278e-01,9.621860867891851576e-01,1.260217667053662671e+00,2.098880041675017794e-01,-2.369104424865439151e-01,-9.714451465470119729e-16,-4.372666753489621305e-01
2.366999999999999660e-01,1.654397612908394821e+00,7.871519717033630403e-01,6.655544861369079968e+00,-3.232886406345791830e-01,9.620472365193131203e-01,1.261309368409795351e+00,2.095248325890102514e-01,-2.375683100219330157e-01,-8.049116928532384918e-16,-4.365100678937713363e-01
2.375999999999999779e-01,1.655105735806475797e+00,7.864544842365510657e-01,6.660441002160753854e+00,-3.230175353743254263e-01,9.619084263178144800e-01,1.262401857751374035e+00,2.091623416788888634e-01,-2.382246364676381400e-01,-4.996003610813204432e-16,-4.357548784976850720e-01
2.384999999999999898e-01,1.655813231008717468e+00,7.857570924253722833e-01,6.665332332128348192e+00,-3.227467645830481846e-01,9.617696561673479971e-01,1.263495135533343028e+00,2.088005300634714900e-01,-2.388794250670752684e-01,-9.992007221626408864e-16,-4.350011042988988219e-01
2.394000000000000017e-01,1.656520098602192403e+00,7.850597984503802085e-01,6.670218857716854188e+00,-3.224763270588217878e-01,9.616309260505817580e-01,1.264589202210848695e+00,2.084393963720601872e-01,-2.395326790565750485e-01,-5.273559366969493567e-16,-4.342487424417920128e-01
2.403000000000000136e-01,1.657226338675930277e+00,7.843626044816115472e-01,6.675100585350313587e+00,-3.222062216058678707e-01,9.614922359501947291e-01,1.265684058239227694e+00,2.080789392369221391e-01,-2.401844016653906788e-01,-1.249000902703301108e-15,-4.334977900769210746e-01
2.412000000000000255e-01,1.657931951320909203e+00,7.836655126786331582e-01,6.679977521431931464e+00,-3.219364470345231766e-01,9.613535858488752028e-01,1.266779704074020296e+00,2.077191572932785557e-01,-2.408345961157238868e-01,-8.604228440844963188e-16,-4.327482443609969587e-01
2.420999999999999264e-01,1.658636936630046188e+00,7.829685251905882382e-01,6.684849672344177485e+00,-3.216670021612109132e-01,9.612149757293220187e-01,1.267876140170957733e+00,2.073600491793019807e-01,-2.414832656227320351e-01,-9.714451465470119729e-16,-4.320001024568791981e-01
2.429999999999999383e-01,1.659341294698188252e+00,7.822716441562418410e-01,6.689717044448887151e+00,-3.213978858084112211e-01,9.610764055742431200e-01,1.268973366985974183e+00,2.070016135361055498e-01,-2.421304133945521575e-01,-8.049116928532384918e-16,-4.312533615335530923e-01
2.438999999999999502e-01,1.660045025622102211e+00,7.815748717040277294e-01,6.694579644087370163e+00,-3.211290968046285332e-01,9.609378753663574413e-01,1.270071384975197004e+00,2.066438490077394941e-01,-2.427760426323123388e-01,-4.718447854656915297e-16,-4.305080187661239344e-01
2.447999999999999621e-01,1.660748129500465575e+00,7.808782099520932274e-01,6.699437477580509004e+00,-3.208606339843640409e-01,9.607993850883935760e-01,1.271170194594950509e+00,2.062867542411831456e-01,-2.434201565301484793e-01,-9.159339953157541458e-16,-4.297640713357981923e-01
2.456999999999999740e-01,1.661450606433858335e+00,7.801816610083451842e-01,6.704290551228863748e+00,-3.205924961880859403e-01,9.606609347230894436e-01,1.272269796301761291e+00,2.059303278863364173e-01,-2.440627582752243896e-01,-5.273559366969493567e-16,-4.290215164298674666e-01
2.465999999999999859e-01,1.662152456524752520e+00,7.794852269704944936e-01,6.709138871312772423e+00,-3.203246822621983458e-01,9.605225242531938434e-01,1.273370190552346681e+00,2.055745685960168878e-01,-2.447038510477412832e-01,-1.110223024625156540e-15,-4.282803512417017733e-01
2.474999999999999978e-01,1.662853679877503321e+00,7.787889099261013914e-01,6.713982444092452262e+00,-3.200571910590130909e-01,9.603841536614645680e-01,1.274471377803628513e+00,2.052194750259486999e-01,-2.453434380209610910e-01,-7.494005416219806648e-16,-4.275405729707263958e-01
2.484000000000000097e-01,1.663554276598340875e+00,7.780927119526203084e-01,6.718821275808103621e+00,-3.197900214367204175e-01,9.602458229306704007e-01,1.275573358512719135e+00,2.048650458347602288e-01,-2.459815223612156765e-01,-1.137978600240785454e-15,-4.268021788224171664e-01
2.493000000000000216e-01,1.664254246795359604e+00,7.773966351174439460e-01,6.723655372680004128e+00,-3.195231722593590007e-01,9.601075320435888960e-01,1.276676133136935398e+00,2.045112796839731462e-01,-2.466181072279291508e-01,-7.494005416219806648e-16,-4.260651660082771519e-01
2.501999999999999225e-01,1.664953590578510889e+00,7.767006814779476853e-01,6.728484740908612594e+00,-3.192566423967886369e-01,9.599692809830084883e-01,1.277779702133786444e+00,2.041581752379995063e-01,-2.472531957736284758e-01,-4.718447854656915297e-16,-4.253295317458323233e-01
2.510999999999999344e-01,1.665652308059592857e+00,7.760048530815334411e-01,6.733309386674670272e+00,-3.189904307246591575e-01,9.598310697317272711e-01,1.278884065960979255e+00,2.038057311641333635e-01,-2.478867911439612826e-01,-9.436895709313830594e-16,-4.245952732586111833e-01
2.519999999999999463e-01,1.666350399352241940e+00,7.753091519656737374e-01,6.738129316139292335e+00,-3.187245361243837838e-01,9.596928982725527746e-01,1.279989225076424209e+00,2.034539461325425291e-01,-2.485188964777156340e-01,-5.828670879282071837e-16,-4.238623877761301117e-01
2.528999999999999582e-01,1.667047864571923554e+00,7.746135801579552282e-01,6.742944535444073573e+00,-3.184589574831091507e-01,9.595547665883030763e-01,1.281095179938221751e+00,2.031028188162660175e-01,-2.491495149068276849e-01,-8.881784197001252323e-16,-4.231308725338875920e-01
2.537999999999999701e-01,1.667744703835924103e+00,7.739181396761216636e-01,6.747755050711181646e+00,-3.181936936936879956e-01,9.594166746618055797e-01,1.282201931004677720e+00,2.027523478912027499e-01,-2.497786495564067732e-01,-5.828670879282071837e-16,-4.224007247733389536e-01
2.546999999999999820e-01,1.668440917263340761e+00,7.732228325281170767e-01,6.752560868043453013e+00,-3.179287436546505141e-01,9.592786224758980129e-01,1.283309478734290465e+00,2.024025320361090008e-01,-2.504063035447434138e-01,-4.718447854656915297e-16,-4.216719417418935967e-01
2.555999999999999939e-01,1.669136504975074375e+00,7.725276607121290828e-01,6.757361993524496846e+00,-3.176641062701752727e-01,9.591406100134279855e-01,1.284417823585756624e+00,2.020533699325899601e-01,-2.510324799833285048e-01,-9.992007221626408864e-16,-4.209445206928955630e-01
2.565000000000000058e-01,1.669831467093819022e+00,7.718326262166312901e-01,6.762158433218784737e+00,-3.173997804500623410e-01,9.590026372572524327e-01,1.285526966017975781e+00,2.017048602650918787e-01,-2.516571819768716467e-01,-4.440892098500626162e-16,-4.202184588856081593e-01
2.574000000000000177e-01,1.670525803744054238e+00,7.711377310204254876e-01,6.766950193171745731e+00,-3.171357651097053143e-01,9.588647041902388368e-01,1.286636906490038701e+00,2.013570017208992091e-01,-2.522804126233091915e-01,-9.159339953157541458e-16,-4.194937535852066857e-01
2.582999999999999186e-01,1.671219515052036364e+00,7.704429770926845000e-01,6.771737279409866694e+00,-3.168720591700633360e-01,9.587268107952638951e-01,1.287747645461241319e+00,2.010097929901235592e-01,-2.529021750138295554e-01,-6.106226635438360972e-16,-4.187704020627572854e-01
2.591999999999999305e-01,1.671912601145789434e+00,7.697483663929932662e-01,6.776519697940782905e+00,-3.166086615576331198e-01,9.585889570552148520e-01,1.288859183391070973e+00,2.006632327657016934e-01,-2.535224722328794367e-01,-1.054711873393898713e-15,-4.180484015952118382e-01
2.600999999999999424e-01,1.672605062155097189e+00,7.690539008713915825e-01,6.781297454753373977e+00,-3.163455712044227486e-01,9.584511429529879445e-01,1.289971520739219946e+00,2.003173197433847919e-01,-2.541413073581875182e-01,-7.494005416219806648e-16,-4.173277494653849784e-01
2.609999999999999543e-01,1.673296898211493744e+00,7.683595824684152920e-01,6.786070555817858008e+00,-3.160827870479223645e-01,9.583133684714902900e-01,1.291084657965572369e+00,1.999720526217360628e-01,-2.547586834607727946e-01,-1.193489751472043281e-15,-4.166084429619500429e-01
2.618999999999999662e-01,1.673988109448255379e+00,7.676654131151376959e-01,6.790839007085882173e+00,-3.158203080310792998e-01,9.581756335936377766e-01,1.292198595530217098e+00,1.996274301021202235e-01,-2.553746036049666657e-01,-8.604228440844963188e-16,-4.158904793794170329e-01
2.627999999999999781e-01,1.674678696000392542e+00,7.669713947332106319e-01,6.795602814490618648e+00,-3.155581331022692115e-01,9.580379383023567286e-01,1.293313333893436612e+00,1.992834508887006972e-01,-2.559890708484223731e-01,-5.828670879282071837e-16,-4.151738560181262860e-01
2.636999999999999900e-01,1.675368658004640521e+00,7.662775292349053302e-01,6.800361983946856981e+00,-3.152962612152694355e-01,9.579002825805834620e-01,1.294428873515712120e+00,1.989401136884314247e-01,-2.566020882421337634e-01,-1.026956297778269800e-15,-4.144585701842319891e-01
2.646000000000000019e-01,1.676057995599451456e+00,7.655838185231537141e-01,6.805116521351091130e+00,-3.150346913292334516e-01,9.577626664112632859e-01,1.295545214857728000e+00,1.985974172110492320e-01,-2.572136588304519966e-01,-6.383782391594650107e-16,-4.137446191896859138e-01
2.655000000000000138e-01,1.676746708924986340e+00,7.648902644915883675e-01,6.809866432581618945e+00,-3.147734224086629062e-01,9.576250897773522786e-01,1.296662358380360924e+00,1.982553601690707767e-01,-2.578237856510955384e-01,-1.193489751472043281e-15,-4.130320003522306993e-01
2.663999999999999146e-01,1.677434798123105697e+00,7.641968690245831697e-01,6.814611723498625651e+00,-3.145124534233809666e-01,9.574875526618153998e-01,1.297780304544692509e+00,1.979139412777823070e-01,-2.584324717351725309e-01,-7.494005416219806648e-16,-4.123207109953798133e-01
2.672999999999999265e-01,1.678122263337362474e+00,7.635036339972930408e-01,6.819352399944278886e+00,-3.142517833485070078e-01,9.573500550476280457e-01,1.298899053811998661e+00,1.975731592552364968e-01,-2.590397201071895084e-01,-4.996003610813204432e-16,-4.116107484484092249e-01
2.681999999999999384e-01,1.678809104712992717e+00,7.628105612756946874e-01,6.824088467742814856e+00,-3.139914111644299677e-01,9.572125969177754934e-01,1.300018606643753571e+00,1.972330128222450629e-01,-2.596455337850690492e-01,-1.054711873393898713e-15,-4.109021100463436937e-01
2.690999999999999504e-01,1.679495322396907575e+00,7.621176527166255710e-01,6.828819932700633366e+00,-3.137313358567812571e-01,9.570751782552519016e-01,1.301138963501635715e+00,1.968935007023704387e-01,-2.602499157801686502e-01,-4.440892098500626162e-16,-4.101947931299382288e-01
2.699999999999999623e-01,1.680180916537685754e+00,7.614249101678235432e-01,6.833546800606379534e+00,-3.134715564164101131e-01,9.569377990430623093e-01,1.302260124847515188e+00,1.965546216219234699e-01,-2.608528690972877762e-01,-1.054711873393898713e-15,-4.094887950456738146e-01
2.708999999999999742e-01,1.680865887285564408e+00,7.607323354679667027e-01,6.838269077231041493e+00,-3.132120718393565095e-01,9.568004592642204154e-01,1.303382091143468369e+00,1.962163743099525626e-01,-2.614543967346921738e-01,-8.049116928532384918e-16,-4.087841131457343180e-01
2.717999999999999861e-01,1.681550234792431819e+00,7.600399304467119199e-01,6.842986768328027658e+00,-3.129528811268265098e-01,9.566631589017507986e-01,1.304504862851763924e+00,1.958787574982417679e-01,-2.620545016841209218e-01,-9.992007221626408864e-16,-4.080807447880037131e-01
2.726999999999999980e-01,1.682233959211818508e+00,7.593476969247341390e-01,6.847699879633266207e+00,-3.126939832851656220e-01,9.565258979386866978e-01,1.305628440434875470e+00,1.955417699213006233e-01,-2.626531869308070810e-01,-9.714451465470119729e-16,-4.073786873360428218e-01
2.736000000000000099e-01,1.682917060698889689e+00,7.586556367137649026e-01,6.852408416865282348e+00,-3.124353773258334854e-01,9.563886763580717876e-01,1.306752824355472020e+00,1.952054103163608223e-01,-2.632504554534895735e-01,-4.996003610813204432e-16,-4.066779381590850395e-01
2.745000000000000218e-01,1.683599539410437496e+00,7.579637516166309874e-01,6.857112385725289805e+00,-3.121770622653798899e-01,9.562514941429596238e-01,1.307878015076420875e+00,1.948696774233691087e-01,-2.638463102244282266e-01,-7.771561172376095783e-16,-4.059784946320188492e-01
2.753999999999999226e-01,1.684281395504872103e+00,7.572720434272930401e-01,6.861811791897278745e+00,-3.119190371254165761e-01,9.561143512764126440e-01,1.309004013060793614e+00,1.945345699849792831e-01,-2.644407542094219243e-01,-4.718447854656915297e-16,-4.052803541353734995e-01
2.762999999999999345e-01,1.684962629142214618e+00,7.565805139308831029e-01,6.866506641048096604e+00,-3.116613009325956973e-01,9.559772477415038328e-01,1.310130818771854777e+00,1.942000867465494274e-01,-2.650337903678178231e-01,-9.992007221626408864e-16,-4.045835140553112330e-01
2.771999999999999464e-01,1.685643240484088645e+00,7.558891649037432492e-01,6.871196938827541345e+00,-3.114038527185807315e-01,9.558401835213151676e-01,1.311258432673075180e+00,1.938662264561316351e-01,-2.656254216525332223e-01,-6.938893903907228378e-16,-4.038879717836074690e-01
2.780999999999999583e-01,1.686323229693712511e+00,7.551979981134631092e-01,6.875882690868436953e+00,-3.111466915200253869e-01,9.557031585989392841e-01,1.312386855228117488e+00,1.935329878644704016e-01,-2.662156510100623374e-01,-1.110223024625156540e-15,-4.031937247176465844e-01
2.789999999999999702e-01,1.687002596935891718e+00,7.545070153189171736e-01,6.880563902786724917e+00,-3.108898163785469571e-01,9.555661729574773666e-01,1.313516086900851532e+00,1.932003697249915219e-01,-2.668044813804998916e-01,-8.326672684688674053e-16,-4.025007702603990434e-01
2.798999999999999821e-01,1.687681342377010507e+00,7.538162182703027625e-01,6.885240580181545944e+00,-3.106332263407016736e-01,9.554292265800410355e-01,1.314646128155340987e+00,1.928683707938003700e-01,-2.673919156975472777e-01,-6.661338147750939243e-16,-4.018091058204172339e-01
2.807999999999999940e-01,1.688359466185024527e+00,7.531256087091767748e-01,6.889912728635326999e+00,-3.103769204579593932e-01,9.552923194497516812e-01,1.315776979455849371e+00,1.925369898296736548e-01,-2.679779568885322094e-01,-1.026956297778269800e-15,-4.011187288118199801e-01
2.817000000000000060e-01,1.689036968529453286e+00,7.524351883684929909e-01,6.894580353713855914e+00,-3.101208977866825034e-01,9.551554515497396869e-01,1.316908641266844926e+00,1.922062255940519548e-01,-2.685626078744248746e-01,-7.216449660063517513e-16,-4.004296366542747232e-01
2.826000000000000179e-01,1.689713849581371496e+00,7.517449589726388215e-01,6.899243460966377306e+00,-3.098651573880963905e-01,9.550186228631458718e-01,1.318041114052988849e+00,1.918760768510373027e-01,-2.691458715698460402e-01,-1.193489751472043281e-15,-3.997418267729941910e-01
2.834999999999999187e-01,1.690390109513402184e+00,7.510549222374719447e-01,6.903902055925660974e+00,-3.096096983282703441e-01,9.548818333731200481e-01,1.319174398279148619e+00,1.915465423673828882e-01,-2.697277508830897563e-01,-8.326672684688674053e-16,-3.990552965987141931e-01
2.843999999999999306e-01,1.691065748499709365e+00,7.503650798703569436e-01,6.908556144108098707e+00,-3.093545196780900230e-01,9.547450830628223528e-01,1.320308494410385114e+00,1.912176209124910042e-01,-2.703082487161299619e-01,-1.221245327087672194e-15,-3.983700435676895690e-01
2.852999999999999425e-01,1.691740766715988942e+00,7.496754335702013883e-01,6.913205731013770006e+00,-3.090996205132352515e-01,9.546083719154216940e-01,1.321443402911965492e+00,1.908893112584031382e-01,-2.708873679646419674e-01,-8.881784197001252323e-16,-3.976860651216730935e-01
2.861999999999999544e-01,1.692415164339462930e+00,7.489859850274921405e-01,6.917850822126537125e+00,-3.088449999141558155e-01,9.544716999140975267e-01,1.322579124249352311e+00,1.905616121797971685e-01,-2.714651115180123364e-01,-5.828670879282071837e-16,-3.970033587079108139e-01
2.870999999999999663e-01,1.693088941548870352e+00,7.482967359243313243e-01,6.922491422914118786e+00,-3.085906569660468168e-01,9.543350670420385207e-01,1.323715658888207747e+00,1.902345224539800095e-01,-2.720414822593536508e-01,-8.604228440844963188e-16,-3.963219217791248972e-01
2.879999999999999782e-01,1.693762098524460802e+00,7.476076879344718540e-01,6.927127538828171005e+00,-3.083365907588269117e-01,9.541984732824426718e-01,1.324853007294398921e+00,1.899080408608802006e-01,-2.726164830655229410e-01,-6.383782391594650107e-16,-3.956417517935003625e-01
2.888999999999999901e-01,1.694434635447986226e+00,7.469188427233534044e-01,6.931759175304369691e+00,-3.080828003871125542e-01,9.540619186185184120e-01,1.325991169933986580e+00,1.895821661830451588e-01,-2.731901168071302344e-01,-1.165734175856414367e-15,-3.949628462146773655e-01
2.898000000000000020e-01,1.695106552502693598e+00,7.462302019481374948e-01,6.936386337762487031e+00,-3.078292849501964579e-01,9.539254030334827217e-01,1.327130147273238636e+00,1.892568972056312970e-01,-2.737623863485587616e-01,-6.938893903907228378e-16,-3.942852025117317694e-01
2.907000000000000139e-01,1.695777849873318255e+00,7.455417672577429045e-01,6.941009031606473201e+00,-3.075760435520238367e-01,9.537889265105633507e-01,1.328269939778615960e+00,1.889322327164020821e-01,-2.743332945479731722e-01,-1.165734175856414367e-15,-3.936088181591710367e-01
2.915999999999999148e-01,1.696448527746075241e+00,7.448535402928806448e-01,6.945627262224533638e+00,-3.073230753011688687e-01,9.536524890329963755e-01,1.329410547916786589e+00,1.886081715057181529e-01,-2.749028442573397402e-01,-8.049116928532384918e-16,-3.929336906369126359e-01
2.924999999999999267e-01,1.697118586308653088e+00,7.441655226860888206e-01,6.950241034989209865e+00,-3.070703793108113810e-01,9.535160905840285306e-01,1.330551972154613960e+00,1.882847123665346845e-01,-2.754710383224360792e-01,-6.383782391594650107e-16,-3.922598174302805996e-01
2.933999999999999386e-01,1.697788025750205154e+00,7.434777160617676017e-01,6.954850355257453209e+00,-3.068179546987148676e-01,9.533797311469158764e-01,1.331694212959162016e+00,1.879618540943939486e-01,-2.760378795828669074e-01,-1.026956297778269800e-15,-3.915871960299874277e-01
2.942999999999999505e-01,1.698456846261343856e+00,7.427901220362135293e-01,6.959455228370706514e+00,-3.065658005872029523e-01,9.532434107049234662e-01,1.332837270797700091e+00,1.876395954874181538e-01,-2.766033708720805895e-01,-6.938893903907228378e-16,-3.909158239321210426e-01
2.951999999999999624e-01,1.699125048034132446e+00,7.421027422176540433e-01,6.964055659654977859e+00,-3.063139161031371849e-01,9.531071292413267892e-01,1.333981146137691143e+00,1.873179353463068908e-01,-2.771675150173779079e-01,-9.992007221626408864e-16,-3.902456986381393489e-01
2.960999999999999743e-01,1.699792631262077913e+00,7.414155782062815669e-01,6.968651654420919606e+00,-3.060623003778943918e-01,9.529708867394101057e-01,1.335125839446805518e+00,1.869968724743272526e-01,-2.777303148399326016e-01,-7.771561172376095783e-16,-3.895768176548483619e-01
2.969999999999999862e-01,1.700459596140123653e+00,7.407286315942877009e-01,6.973243217963904783e+00,-3.058109525473429180e-01,9.528346831824677787e-01,1.336271351192909185e+00,1.866764056773114189e-01,-2.782917731547995266e-01,-6.661338147750939243e-16,-3.889091784943987107e-01
2.978999999999999981e-01,1.701125942864642804e+00,7.400419039658970854e-01,6.977830355564101694e+00,-3.055598717518228646e-01,9.526985185538037193e-01,1.337417681844069062e+00,1.863565337636492458e-01,-2.788518927709315309e-01,-8.326672684688674053e-16,-3.882427786742691511e-01
2.988000000000000100e-01,1.701791671633430258e+00,7.393553968974009294e-01,6.982413072486549410e+00,-3.053090571361207761e-01,9.525623928367307203e-01,1.338564831868557015e+00,1.860372555442813269e-01,-2.794106764911951646e-01,-6.106226635438360972e-16,-3.875776157172527436e-01
2.997000000000000219e-01,1.702456782645696665e+00,7.386691119571906494e-01,6.986991373981235931e+00,-3.050585078494498781e-01,9.524263060145722326e-01,1.339712801734840086e+00,1.857185698326959955e-01,-2.799681271123803383e-01,-1.082467449009527627e-15,-3.869136871514499143e-01
3.005999999999999228e-01,1.703121276102059989e+00,7.379830507057917321e-01,6.991565265283167463e+00,-3.048082230454267627e-01,9.522902580706599229e-01,1.340861591911592043e+00,1.854004754449201375e-01,-2.805242474252188090e-01,-7.216449660063517513e-16,-3.862509905102503027e-01
3.014999999999999347e-01,1.703785152204539743e+00,7.372972146958960415e-01,6.996134751612451907e+00,-3.045582018820496284e-01,9.521542489883362270e-01,1.342011202867681163e+00,1.850829711995170268e-01,-2.810790402143930611e-01,-1.110223024625156540e-15,-3.855895233323270443e-01
3.023999999999999466e-01,1.704448411156548548e+00,7.366116054723954587e-01,7.000699838174361922e+00,-3.043084435216765193e-01,9.520182787509520184e-01,1.343161635072183557e+00,1.847660559175765826e-01,-2.816325082585564021e-01,-7.494005416219806648e-16,-3.849292831616178412e-01
3.032999999999999585e-01,1.705111053162887025e+00,7.359262245724150775e-01,7.005260530159415744e+00,-3.040589471310042313e-01,9.518823473418686065e-01,1.344312888994369404e+00,1.844497284227137601e-01,-2.821846543303395127e-01,-1.110223024625156540e-15,-3.842702675473203544e-01
3.041999999999999704e-01,1.705773078429734912e+00,7.352410735253452900e-01,7.009816832743449133e+00,-3.038097118810454411e-01,9.517464547444560719e-01,1.345464965103716493e+00,1.841339875410586968e-01,-2.827354811963717629e-01,-9.436895709313830594e-16,-3.836124740438722758e-01
3.050999999999999823e-01,1.706434487164645297e+00,7.345561538528745382e-01,7.014368751087687315e+00,-3.035607369471080563e-01,9.516106009420944867e-01,1.346617863869899567e+00,1.838188321012542981e-01,-2.832849916172888727e-01,-7.771561172376095783e-16,-3.829559002109464427e-01
3.059999999999999942e-01,1.707095279576536839e+00,7.338714670690222874e-01,7.018916290338818698e+00,-3.033120215087734550e-01,9.514747859181732492e-01,1.347771585762793434e+00,1.835042609344492703e-01,-2.838331883477486217e-01,-1.054711873393898713e-15,-3.823005436134360724e-01
3.069000000000000061e-01,1.707755455875688000e+00,7.331870146801704458e-01,7.023459455629065040e+00,-3.030635647498753915e-01,9.513390096560909726e-01,1.348926131252480065e+00,1.831902728742908770e-01,-2.843800741364472806e-01,-7.494005416219806648e-16,-3.816464018214392739e-01
3.078000000000000180e-01,1.708415016273729270e+00,7.325027981850961156e-01,7.027998252076256946e+00,-3.028153658584782359e-01,9.512032721392562618e-01,1.350081500809235502e+00,1.828768667569224959e-01,-2.849256517261282706e-01,-1.193489751472043281e-15,-3.809934724102551629e-01
3.086999999999999189e-01,1.709073960983636731e+00,7.318188190750034572e-01,7.032532684783900478e+00,-3.025674240268569903e-01,9.510675733510866037e-01,1.351237694903544284e+00,1.825640414209742102e-01,-2.854699238536013706e-01,-8.604228440844963188e-16,-3.803417529603630443e-01
3.095999999999999308e-01,1.709732290219724948e+00,7.311350788335548856e-01,7.037062758841252652e+00,-3.023197384514746400e-01,9.509319132750094772e-01,1.352394714006087018e+00,1.822517957075605322e-01,-2.860128932497507659e-01,-6.383782391594650107e-16,-3.796912410574178054e-01
3.104999999999999427e-01,1.710390004197640534e+00,7.304515789369038226e-01,7.041588479323388938e+00,-3.020723083329630576e-01,9.507962918944616870e-01,1.353552558587745924e+00,1.819401284602730484e-01,-2.865545626395512580e-01,-1.026956297778269800e-15,-3.790419342922354828e-01
3.113999999999999546e-01,1.711047103134355485e+00,7.297683208537252275e-01,7.046109851291276982e+00,-3.018251328761003549e-01,9.506607091928890307e-01,1.354711229119609950e+00,1.816290385251736195e-01,-2.870949347420845843e-01,-6.106226635438360972e-16,-3.783938302607782189e-01
3.122999999999999665e-01,1.711703587248159630e+00,7.290853060452473500e-01,7.050626879791840551e+00,-3.015782112897917866e-01,9.505251651537475199e-01,1.355870726072962551e+00,1.813185247507920761e-01,-2.876340122705460800e-01,-1.054711873393898713e-15,-3.777469265641500984e-01
3.131999999999999784e-01,1.712359456758655529e+00,7.284025359652830378e-01,7.055139569858035919e+00,-3.013315427870486563e-01,9.503896597605018259e-01,1.357031049919295906e+00,1.810085859881165327e-01,-2.881717979322661605e-01,-7.771561172376095783e-16,-3.771012208085760542e-01
3.140999999999999903e-01,1.713014711886749808e+00,7.277200120602602684e-01,7.059647926508919369e+00,-3.010851265849663339e-01,9.502541929966267231e-01,1.358192201130297150e+00,1.806992210905918050e-01,-2.887082944287158170e-01,-1.082467449009527627e-15,-3.764567106053994250e-01
3.150000000000000022e-01,1.713669352854648276e+00,7.270377357692536791e-01,7.064151954749712914e+00,-3.008389619047060481e-01,9.501187648456057566e-01,1.359354180177861693e+00,1.803904289141100015e-01,-2.892435044555275447e-01,-8.881784197001252323e-16,-3.758133935710624152e-01
3.159000000000000141e-01,1.714323379885848153e+00,7.263557085240150979e-01,7.068651659571875356e+00,-3.005930479714733483e-01,9.499833752909323525e-01,1.360516987534081901e+00,1.800822083170081911e-01,-2.897774307025021145e-01,-5.828670879282071837e-16,-3.751712673271002663e-01
3.167999999999999150e-01,1.714976793205132521e+00,7.256739317490038532e-01,7.073147045953170675e+00,-3.003473840144987861e-01,9.498480243161094849e-01,1.361680623671251977e+00,1.797745581600614373e-01,-2.903100758536256154e-01,-8.049116928532384918e-16,-3.745303295001278787e-01
3.176999999999999269e-01,1.715629593038562772e+00,7.249924068614174155e-01,7.077638118857734639e+00,-3.001019692670161554e-01,9.497127119046487875e-01,1.362845089061873072e+00,1.794674773064758866e-01,-2.908414425870836650e-01,-7.494005416219806648e-16,-3.738905777218247128e-01
3.185999999999999388e-01,1.716281779613472391e+00,7.243111352712219286e-01,7.082124883236144974e+00,-2.998568029662436185e-01,9.495774380400722192e-01,1.364010384178641955e+00,1.791609646218863261e-01,-2.913715335752704583e-01,-9.159339953157541458e-16,-3.732520096289297373e-01
3.194999999999999507e-01,1.716933353158460962e+00,7.236301183811821858e-01,7.086607344025483535e+00,-2.996118843533646103e-01,9.494422027059102875e-01,1.365176509494463675e+00,1.788550189743472740e-01,-2.919003514848070857e-01,-7.771561172376095783e-16,-3.726146228632233326e-01
3.203999999999999626e-01,1.717584313903387283e+00,7.229493575868914945e-01,7.091085506149409134e+00,-2.993672126735058558e-01,9.493070058857034921e-01,1.366343465482438901e+00,1.785496392343308703e-01,-2.924278989765490833e-01,-1.082467449009527627e-15,-3.719784150715226279e-01
3.212999999999999745e-01,1.718234662079362707e+00,7.222688542768018749e-01,7.095559374518217943e+00,-2.991227871757193846e-01,9.491718475630013252e-01,1.367511252615877471e+00,1.782448242747177169e-01,-2.929541787056065272e-01,-8.326672684688674053e-16,-3.713433839056619612e-01
3.221999999999999864e-01,1.718884397918745366e+00,7.215886098322534803e-01,7.100028954028915429e+00,-2.988786071129625466e-01,9.490367277213627162e-01,1.368679871368285728e+00,1.779405729707948802e-01,-2.934791933213497517e-01,-6.938893903907228378e-16,-3.707095270224892158e-01
3.230999999999999983e-01,1.719533521655132846e+00,7.209086256275043514e-01,7.104494249565278530e+00,-2.986346717420773622e-01,9.489016463443564753e-01,1.369849322213372966e+00,1.776368842002486459e-01,-2.940029454674272791e-01,-9.159339953157541458e-16,-3.700768420838513317e-01
3.240000000000000102e-01,1.720182033523356857e+00,7.202289030297599481e-01,7.108955265997921380e+00,-2.983909803237729808e-01,9.487666034155597394e-01,1.371019605625055870e+00,1.773337568431579137e-01,-2.945254377817792535e-01,-6.383782391594650107e-16,-3.694453267565788179e-01
3.249000000000000221e-01,1.720829933759476571e+00,7.195494433992023486e-01,7.113412008184361035e+00,-2.981475321226045860e-01,9.486315989185600817e-01,1.372190722077446079e+00,1.770311897819920877e-01,-2.950466728966459340e-01,-9.714451465470119729e-16,-3.688149787124834211e-01
3.257999999999999230e-01,1.721477222600771517e+00,7.188702480890194479e-01,7.117864480969083196e+00,-2.979043264069551888e-01,9.484966328369534017e-01,1.373362672044865285e+00,1.767291819016016119e-01,-2.955666534385866795e-01,-6.938893903907228378e-16,-3.681857956283365318e-01
3.266999999999999349e-01,1.722123900285736697e+00,7.181913184454337129e-01,7.122312689183605272e+00,-2.976613624490158649e-01,9.483617051543459242e-01,1.374535456001830358e+00,1.764277320892165546e-01,-2.960853820284869431e-01,-9.992007221626408864e-16,-3.675577751858677966e-01
3.275999999999999468e-01,1.722769967054075257e+00,7.175126558077316030e-01,7.126756637646540327e+00,-2.974186395247675474e-01,9.482268158543524228e-01,1.375709074423068001e+00,1.761268392344373102e-01,-2.966028612815775900e-01,-6.938893903907228378e-16,-3.669309150717444123e-01
3.284999999999999587e-01,1.723415423146692271e+00,7.168342615082921032e-01,7.131196331163663693e+00,-2.971761569139599324e-01,9.480919649205972188e-01,1.376883527783502092e+00,1.758265022292326007e-01,-2.971190938074408372e-01,-4.996003610813204432e-16,-3.663052129775679067e-01
3.293999999999999706e-01,1.724060268805689411e+00,7.161561368726152566e-01,7.135631774527970705e+00,-2.969339139000954919e-01,9.479571523367144037e-01,1.378058816558259236e+00,1.755267199679325929e-01,-2.976340822100279060e-01,-8.604228440844963188e-16,-3.656806665998595385e-01
3.302999999999999825e-01,1.724704504274357841e+00,7.154782832193505859e-01,7.140062972519745976e+00,-2.966919097704090458e-01,9.478223780863466175e-01,1.379234941222674093e+00,1.752274913472221252e-01,-2.981478290876726223e-01,-6.938893903907228378e-16,-3.650572736400460871e-01
3.311999999999999944e-01,1.725348129797172447e+00,7.148007018603258489e-01,7.144489929906622905e+00,-2.964501438158482216e-01,9.476876421531463812e-01,1.380411902252276946e+00,1.749288152661387374e-01,-2.986603370330989660e-01,-1.026956297778269800e-15,-3.644350318044556891e-01
3.321000000000000063e-01,1.725991145619786282e+00,7.141233941005747932e-01,7.148912651443646737e+00,-2.962086153310572456e-01,9.475529445207750978e-01,1.381589700122808573e+00,1.746306906260634284e-01,-2.991716086334405555e-01,-7.771561172376095783e-16,-3.638139388042986866e-01
3.330000000000000182e-01,1.726633551989023019e+00,7.134463612383653563e-01,7.153331141873336740e+00,-2.959673236143560704e-01,9.474182851729039401e-01,1.382768335310204932e+00,1.743331163307191567e-01,-2.996816464702466987e-01,-1.137978600240785454e-15,-3.631939923556647964e-01
3.338999999999999191e-01,1.727275349152872064e+00,7.127696045652280876e-01,7.157745405925747484e+00,-2.957262679677228334e-01,9.472836640932127406e-01,1.383947808290612258e+00,1.740360912861619036e-01,-3.001904531195014880e-01,-8.049116928532384918e-16,-3.625751901795039034e-01
3.347999999999999310e-01,1.727916537360482563e+00,7.120931253659829041e-01,7.162155448318532791e+00,-2.954854476967763155e-01,9.471490812653911018e-01,1.385128119540374403e+00,1.737396144007784249e-01,-3.006980311516311843e-01,-6.106226635438360972e-16,-3.619575300016215635e-01
3.356999999999999429e-01,1.728557116862156517e+00,7.114169249187681787e-01,7.166561273757003470e+00,-2.952448621107561788e-01,9.470145366731379521e-01,1.386309269536039057e+00,1.734436845852795062e-01,-3.012043831315195375e-01,-9.159339953157541458e-16,-3.613410095526655708e-01
3.365999999999999548e-01,1.729197087909343455e+00,7.107410044950671635e-01,7.170962886934189484e+00,-2.950045105225058695e-01,9.468800303001608798e-01,1.387491258754361079e+00,1.731483007526938012e-01,-3.017095116185216086e-01,-6.938893903907228378e-16,-3.607256265681120788e-01
3.374999999999999667e-01,1.729836450754634214e+00,7.100653653597359671e-01,7.175360292530903017e+00,-2.947643922484539658e-01,9.467455621301775759e-01,1.388674087672292723e+00,1.728534618183650562e-01,-3.022134191664725411e-01,-9.714451465470119729e-16,-3.601113787882604944e-01
3.383999999999999786e-01,1.730475205651755166e+00,7.093900087710308666e-01,7.179753495215795311e+00,-2.945245066085964147e-01,9.466111321469140583e-01,1.389857756766995633e+00,1.725591666999438389e-01,-3.027161083237046024e-01,-7.216449660063517513e-16,-3.594982639582163242e-01
3.392999999999999905e-01,1.731113352855561782e+00,7.087149359806350635e-01,7.184142499645418845e+00,-2.942848529264783242e-01,9.464767403341062257e-01,1.391042266515830184e+00,1.722654143173850960e-01,-3.032175816330557883e-01,-5.828670879282071837e-16,-3.588862798278856792e-01
3.402000000000000024e-01,1.731750892622033522e+00,7.080401482336864394e-01,7.188527310464284170e+00,-2.940454305291770876e-01,9.463423866754991920e-01,1.392227617396359696e+00,1.719722035929416581e-01,-3.037178416318839225e-01,-9.159339953157541458e-16,-3.582754241519616190e-01
3.411000000000000143e-01,1.732387825208267174e+00,7.073656467688036464e-01,7.192907932304922092e+00,-2.938062387472830661e-01,9.462080711548468415e-01,1.393413809886356436e+00,1.716795334511578008e-01,-3.042168908520817561e-01,-5.828670879282071837e-16,-3.576656946899119949e-01
3.419999999999999152e-01,1.733024150872471525e+00,7.066914328181137517e-01,7.197284369787942282e+00,-2.935672769148833794e-01,9.460737937559130506e-01,1.394600844463788958e+00,1.713874028188671073e-01,-3.047147318200836286e-01,-8.881784197001252323e-16,-3.570570892059730661e-01
3.428999999999999271e-01,1.733659869873961590e+00,7.060175076072779943e-01,7.201656627522092791e+00,-2.933285443695432537e-01,9.459395544624698005e-01,1.395788721606836535e+00,1.710958106251835587e-01,-3.052113670568841197e-01,-6.661338147750939243e-16,-3.564496054691324023e-01
3.437999999999999390e-01,1.734294982473152169e+00,7.053438723555193191e-01,7.206024710104314224e+00,-2.930900404522895908e-01,9.458053532582995082e-01,1.396977441793875396e+00,1.708047558015000633e-01,-3.057067990780450439e-01,-1.026956297778269800e-15,-3.558432412531250533e-01
3.446999999999999509e-01,1.734929488931552966e+00,7.046705282756482447e-01,7.210388622119802804e+00,-2.928517645075927600e-01,9.456711901271928067e-01,1.398167005503491600e+00,1.705142372814798801e-01,-3.062010303937131583e-01,-6.661338147750939243e-16,-3.552379943364163961e-01
3.455999999999999628e-01,1.735563389511761923e+00,7.039974765740888429e-01,7.214748368142066326e+00,-2.926137158833490570e-01,9.455370650529502097e-01,1.399357413214468604e+00,1.702242540010547034e-01,-3.066940635086261580e-01,-1.082467449009527627e-15,-3.546338625021973057e-01
3.464999999999999747e-01,1.736196684477460117e+00,7.033247184509058281e-01,7.219103952732979224e+00,-2.923758939308644944e-01,9.454029780193807797e-01,1.400548665405800364e+00,1.699348048984162252e-01,-3.071859009221319381e-01,-9.159339953157541458e-16,-3.540308435383671681e-01
3.473999999999999866e-01,1.736829374093405320e+00,7.026522550998298700e-01,7.223455380442845630e+00,-2.921382980048365940e-01,9.452689290103033493e-01,1.401740762556679787e+00,1.696458889140139148e-01,-3.076765451281952002e-01,-5.828670879282071837e-16,-3.534289352375288851e-01
3.482999999999999985e-01,1.737461458625427557e+00,7.019800877082837953e-01,7.227802655810448229e+00,-2.919009274633381779e-01,9.451349180095459657e-01,1.402933705146503174e+00,1.693575049905487462e-01,-3.081659986154118847e-01,-8.604228440844963188e-16,-3.528281353969765499e-01
3.492000000000000104e-01,1.738092938340422444e+00,7.013082174574083449e-01,7.232145783363116642e+00,-2.916637816677993822e-01,9.450009450009450029e-01,1.404127493654876435e+00,1.690696520729667585e-01,-3.086542638670228822e-01,-7.216449660063517513e-16,-3.522284418186807375e-01
3.501000000000000223e-01,1.738723813506345639e+00,7.006366455220879308e-01,7.236484767616768288e+00,-2.914268599829923367e-01,9.448670099683470491e-01,1.405322128561602657e+00,1.687823291084567523e-01,-3.091413433609232486e-01,-8.881784197001252323e-16,-3.516298523092848960e-01
3.509999999999999232e-01,1.739354084392207511e+00,6.999653730709763932e-01,7.240819613075976768e+00,-2.911901617770125128e-01,9.447331128956070190e-01,1.406517610346695202e+00,1.684955350464423518e-01,-3.096272395696772484e-01,-6.383782391594650107e-16,-3.510323646800881936e-01
3.518999999999999351e-01,1.739983751268067369e+00,6.992944012665219811e-01,7.245150324234026051e+00,-2.909536864212625140e-01,9.445992537665895972e-01,1.407713939490365496e+00,1.682092688385796175e-01,-3.101119549605271808e-01,-9.992007221626408864e-16,-3.504359767470408005e-01
3.527999999999999470e-01,1.740612814405028130e+00,6.986237312649931086e-01,7.249476905572960206e+00,-2.907174332904363112e-01,9.444654325651681281e-01,1.408911116473035463e+00,1.679235294387491639e-01,-3.105954919954099780e-01,-9.159339953157541458e-16,-3.498406863307274017e-01
3.536999999999999589e-01,1.741241274075230328e+00,6.979533642165036689e-01,7.253799361563642911e+00,-2.904814017625021449e-01,9.443316492752253932e-01,1.410109141775326647e+00,1.676383158030538001e-01,-3.110778531309645878e-01,-6.106226635438360972e-16,-3.492464912563620349e-01
3.545999999999999708e-01,1.741869130551847000e+00,6.972833012650376805e-01,7.258117696665810747e+00,-2.902455912186852061e-01,9.441979038806534996e-01,1.411308015878064426e+00,1.673536268898123680e-01,-3.115590408185460181e-01,-8.881784197001252323e-16,-3.486533893537757667e-01
3.554999999999999827e-01,1.742496384109077923e+00,6.966135435484746008e-01,7.262431915328128262e+00,-2.900100010434525366e-01,9.440641963653527702e-01,1.412507739262284012e+00,1.670694616595533588e-01,-3.120390575042392700e-01,-7.216449660063517513e-16,-3.480613784574027592e-01
3.563999999999999946e-01,1.743123035022144274e+00,6.959440921986143058e-01,7.266742021988244815e+00,-2.897746306244957104e-01,9.439305267132339639e-01,1.413708312409218015e+00,1.667858190750129421e-01,-3.125179056288673873e-01,-9.992007221626408864e-16,-3.474704564062768286e-01
3.573000000000000065e-01,1.743749083567283087e+00,6.952749483412015152e-01,7.271048021072844314e+00,-2.895394793527146238e-01,9.437968949082157222e-01,1.414909735800310431e+00,1.665026981011265284e-01,-3.129955876280078320e-01,-7.494005416219806648e-16,-3.468806210440135707e-01
3.582000000000000184e-01,1.744374530021742142e+00,6.946061130959508834e-01,7.275349916997699395e+00,-2.893045466222026185e-01,9.436633009342265677e-01,1.416112009917204650e+00,1.662200977050267703e-01,-3.134721059320002001e-01,-4.163336342344337027e-16,-3.462918702188056974e-01
3.590999999999999193e-01,1.744999374663773528e+00,6.939375875765712021e-01,7.279647714167730932e+00,-2.890698318302276082e-01,9.435297447752041267e-01,1.417315135241748791e+00,1.659380168560373736e-01,-3.139474629659596561e-01,-7.494005416219806648e-16,-3.457042017834110470e-01
3.599999999999999312e-01,1.745623617772630087e+00,6.932693728907897146e-01,7.283941416977052441e+00,-2.888353343772198656e-01,9.433962264150942412e-01,1.418519112256000581e+00,1.656564545256668242e-01,-3.144216611497913094e-01,-4.996003610813204432e-16,-3.451176135951391499e-01
3.608999999999999431e-01,1.746247259628557646e+00,6.926014701403769847e-01,7.288231029809030481e+00,-2.886010536667518167e-01,9.432627458378531893e-01,1.419723941442215587e+00,1.653754096876063617e-01,-3.148947028981977647e-01,-9.159339953157541458e-16,-3.445321035158465661e-01
3.617999999999999550e-01,1.746870300512792129e+00,6.919338804211706551e-01,7.292516557036333502e+00,-2.883669891055258283e-01,9.431293030274450206e-01,1.420929623282861431e+00,1.650948813177217367e-01,-3.153665906206951086e-01,-5.273559366969493567e-16,-3.439476694119201761e-01
3.626999999999999669e-01,1.747492740707552228e+00,6.912666048230996507e-01,7.296798003020983359e+00,-2.881331401033557782e-01,9.429958979678438880e-01,1.422136158260603134e+00,1.648148683940516557e-01,-3.158373267216201263e-01,-8.604228440844963188e-16,-3.433643091542741832e-01
3.635999999999999788e-01,1.748114580496035408e+00,6.905996444302082704e-01,7.301075372114410378e+00,-2.878995060731537325e-01,9.428625306430322706e-01,1.423343546858317987e+00,1.645353698967994827e-01,-3.163069136001474546e-01,-7.216449660063517513e-16,-3.427820206183321838e-01
3.644999999999999907e-01,1.748735820162411692e+00,6.899330003206799455e-01,7.305348668657504874e+00,-2.876660864309110721e-01,9.427292010370020847e-01,1.424551789559082460e+00,1.642563848083313516e-01,-3.167753536502960765e-01,-4.718447854656915297e-16,-3.422008016840236699e-01
3.654000000000000026e-01,1.749356459991819213e+00,6.892666735668608879e-01,7.309617896980666885e+00,-2.874328805956860577e-01,9.425959091337543505e-01,1.425760886846178632e+00,1.639779121131698103e-01,-3.172426492609434212e-01,-8.049116928532384918e-16,-3.416206502357703734e-01
3.663000000000000145e-01,1.749976500270358670e+00,6.886006652352840707e-01,7.313883061403858576e+00,-2.871998879895871770e-01,9.424626549172988588e-01,1.426970839203098640e+00,1.636999507979879642e-01,-3.177088028158395749e-01,-4.996003610813204432e-16,-3.410415641624748861e-01
3.671999999999999154e-01,1.750595941285087775e+00,6.879349763866927647e-01,7.318144166236653092e+00,-2.869671080377573791e-01,9.423294383716548372e-01,1.428181647113532682e+00,1.634224998516073668e-01,-3.181738166936129431e-01,-8.604228440844963188e-16,-3.404635413575153868e-01
3.680999999999999273e-01,1.751214783324016144e+00,6.872696080760635207e-01,7.322401215778292283e+00,-2.867345401683580874e-01,9.421962594808498404e-01,1.429393311061383232e+00,1.631455582649899150e-01,-3.186376932677879581e-01,-6.106226635438360972e-16,-3.398865797187289872e-01
3.689999999999999392e-01,1.751833026676100857e+00,6.866045613526300384e-01,7.326654214317728453e+00,-2.865021838125554332e-01,9.420631182289214145e-01,1.430605831530750827e+00,1.628691250312362948e-01,-3.191004349067917967e-01,-9.436895709313830594e-16,-3.393106771484088457e-01
3.698999999999999511e-01,1.752450671631240242e+00,6.859398372599061489e-01,7.330903166133679427e+00,-2.862700384045047119e-01,9.419300145999152107e-01,1.431819209005948723e+00,1.625931991455777381e-01,-3.195620439739705332e-01,-7.216449660063517513e-16,-3.387358315532869035e-01
3.707999999999999630e-01,1.753067718480269432e+00,6.852754368357090176e-01,7.335148075494677400e+00,-2.860381033813341745e-01,9.417969485778865391e-01,1.433033443971489795e+00,1.623177796053744126e-01,-3.200225228275958567e-01,-5.273559366969493567e-16,-3.381620408445299986e-01
3.716999999999999749e-01,1.753684167514954817e+00,6.846113611121822373e-01,7.339388946659119561e+00,-2.858063781831312600e-01,9.416639201468995912e-01,1.434248536912092531e+00,1.620428654101090105e-01,-3.204818738208794482e-01,-8.049116928532384918e-16,-3.375893029377271537e-01
3.725999999999999868e-01,1.754300019027989599e+00,6.839476111158184768e-01,7.343625783875316948e+00,-2.855748622529266090e-01,9.415309292910272188e-01,1.435464488312686138e+00,1.617684555613809472e-01,-3.209400993019858594e-01,-5.551115123125782702e-16,-3.370176157528768646e-01
3.734999999999999987e-01,1.754915273312988022e+00,6.832841878674826841e-01,7.347858591381543292e+00,-2.853435550366796303e-01,9.413979759943517100e-01,1.436681298658398331e+00,1.614945490629044189e-01,-3.213972016140388965e-01,-1.026956297778269800e-15,-3.364469772143841575e-01
3.744000000000000106e-01,1.755529930664480265e+00,6.826210923824345134e-01,7.352087373406084758e+00,-2.851124559832636240e-01,9.412650602409637912e-01,1.437898968434569769e+00,1.612211449205001867e-01,-3.218531830951395500e-01,-7.771561172376095783e-16,-3.358773852510420488e-01
3.752999999999999114e-01,1.756143991377908220e+00,6.819583256703510843e-01,7.356312134167287020e+00,-2.848815645444511269e-01,9.411321820149640693e-01,1.439117498126739170e+00,1.609482421420944109e-01,-3.223080460783712686e-01,-9.992007221626408864e-16,-3.353088377960299349e-01
3.761999999999999234e-01,1.756757455749620167e+00,6.812958887353492976e-01,7.360532877873609436e+00,-2.846508801748985906e-01,9.409993413004611451e-01,1.440336888220658196e+00,1.606758397377104075e-01,-3.227617928918163348e-01,-8.881784197001252323e-16,-3.347413327868966615e-01
3.770999999999999353e-01,1.757370324076864554e+00,6.806337825760087057e-01,7.364749608723662355e+00,-2.844204023321323938e-01,9.408665380815730561e-01,1.441557139202279014e+00,1.604039367194668164e-01,-3.232144258585629149e-01,-6.383782391594650107e-16,-3.341748681655557496e-01
3.779999999999999472e-01,1.757982596657787555e+00,6.799720081853932729e-01,7.368962330906267510e+00,-2.841901304765344083e-01,9.407337723424271658e-01,1.442778251557759850e+00,1.601325321015715508e-01,-3.236659472967189921e-01,-9.714451465470119729e-16,-3.336094418782740156e-01
3.788999999999999591e-01,1.758594273791425300e+00,6.793105665510739133e-01,7.373171048600496214e+00,-2.839600640713264568e-01,9.406010440671588313e-01,1.444000225773469870e+00,1.598616249003160517e-01,-3.241163595194248015e-01,-5.273559366969493567e-16,-3.330450518756584710e-01
3.797999999999999710e-01,1.759205355777700985e+00,6.786494586551504726e-01,7.377375765975720867e+00,-2.837302025825572116e-01,9.404683532399135126e-01,1.445223062335976749e+00,1.595912141340734836e-01,-3.245656648348593798e-01,-9.436895709313830594e-16,-3.324816961126530468e-01
3.806999999999999829e-01,1.759815842917419104e+00,6.779886854742740443e-01,7.381576487191663816e+00,-2.835005454790866519e-01,9.403356998448445525e-01,1.446446761732062214e+00,1.593212988232903804e-01,-3.250138655462578852e-01,-6.938893903907228378e-16,-3.319193725485216628e-01
3.815999999999999948e-01,1.760425735512260559e+00,6.773282479796683964e-01,7.385773216398439978e+00,-2.832710922325729630e-01,9.402030838661149525e-01,1.447671324448707608e+00,1.590518779904853686e-01,-3.254609639519171482e-01,-5.551115123125782702e-16,-3.313580791468443976e-01
3.825000000000000067e-01,1.761035033864778221e+00,6.766681471371519541e-01,7.389965957736607471e+00,-2.830418423174569931e-01,9.400705052878965962e-01,1.448896750973101000e+00,1.587829506602428109e-01,-3.259069623452100495e-01,-8.049116928532384918e-16,-3.307978138755057751e-01
3.834000000000000186e-01,1.761643738278391158e+00,6.760083839071597822e-01,7.394154715337212025e+00,-2.828127952109491527e-01,9.399379640943696934e-01,1.450123041792642065e+00,1.585145158592071446e-01,-3.263518630145975652e-01,-5.273559366969493567e-16,-3.302385747066813870e-01
3.842999999999999194e-01,1.762251849057381303e+00,6.753489592447652345e-01,7.398339493321832272e+00,-2.825839503930152041e-01,9.398054602697242244e-01,1.451350197394929209e+00,1.582465726160811603e-01,-3.267956682436355953e-01,-8.604228440844963188e-16,-3.296803596168357831e-01
3.851999999999999313e-01,1.762859366506887016e+00,6.746898740997007149e-01,7.402520295802630379e+00,-2.823553073463611618e-01,9.396729937981581626e-01,1.452578218267774446e+00,1.579791199616178976e-01,-3.272383803109916167e-01,-6.938893903907228378e-16,-3.291231665867038747e-01
3.860999999999999432e-01,1.763466290932899305e+00,6.740311294163799927e-01,7.406697126882392013e+00,-2.821268655564213024e-01,9.395405646638794739e-01,1.453807104899189184e+00,1.577121569286194513e-01,-3.276800014904504010e-01,-9.714451465470119729e-16,-3.285669936012903802e-01
3.869999999999999551e-01,1.764072622642256949e+00,6.733727261339194081e-01,7.410869990654576078e+00,-2.818986245113419553e-01,9.394081728511037843e-01,1.455036857777397774e+00,1.574456825519290615e-01,-3.281205340509295021e-01,-8.326672684688674053e-16,-3.280118386498520611e-01
3.878999999999999670e-01,1.764678361942640938e+00,6.727146651861586335e-01,7.415038891203356464e+00,-2.816705837019699565e-01,9.392758183440568232e-01,1.456267477390824627e+00,1.571796958684296142e-01,-3.285599802564869165e-01,-9.992007221626408864e-16,-3.274576997258948907e-01
3.887999999999999790e-01,1.765283509142570928e+00,6.720569475016821004e-01,7.419203832603671778e+00,-2.814427426218368833e-01,9.391435011269722022e-01,1.457498964228107541e+00,1.569141959170361200e-01,-3.289983423663349060e-01,-7.216449660063517513e-16,-3.269045748271585672e-01
3.896999999999999909e-01,1.765888064551399905e+00,6.713995740038402049e-01,7.423364818921265318e+00,-2.812151007671470637e-01,9.390112211840930811e-01,1.458731318778085040e+00,1.566491817386937158e-01,-3.294356226348483241e-01,-6.383782391594650107e-16,-3.263524619556118500e-01
3.906000000000000028e-01,1.766492028479309306e+00,6.707425456107702910e-01,7.427521854212733032e+00,-2.809876576367629220e-01,9.388789784996715015e-01,1.459964541529802817e+00,1.563846523763718910e-01,-3.298718233115766618e-01,-8.881784197001252323e-16,-3.258013591174414580e-01
3.915000000000000147e-01,1.767095401237304797e+00,6.700858632354168565e-01,7.431674942525566152e+00,-2.807604127321918774e-01,9.387467730579676095e-01,1.461198632972518840e+00,1.561206068750588261e-01,-3.303069466412565935e-01,-7.494005416219806648e-16,-3.252512643230392464e-01
3.923999999999999155e-01,1.767698183137210721e+00,6.694295277855535353e-01,7.435824087898195600e+00,-2.805333655575719121e-01,9.386146048432514322e-01,1.462433593595690029e+00,1.558570442817596158e-01,-3.307409948638191932e-01,-9.159339953157541458e-16,-3.247021755869992643e-01
3.932999999999999274e-01,1.768300374491667215e+00,6.687735401638023047e-01,7.439969294360038177e+00,-2.803065156196598018e-01,9.384824738398009902e-01,1.463669423888987797e+00,1.555939636454885255e-01,-3.311739702144055331e-01,-7.771561172376095783e-16,-3.241540909281009353e-01
3.941999999999999393e-01,1.768901975614123323e+00,6.681179012676553564e-01,7.444110565931534751e+00,-2.800798624278166837e-01,9.383503800319038524e-01,1.464906124342284732e+00,1.553313640172673260e-01,-3.316058749233729563e-01,-4.996003610813204432e-16,-3.236070083693067256e-01
3.950999999999999512e-01,1.769502986818834556e+00,6.674626119894949694e-01,7.448247906624200887e+00,-2.798534054939947335e-01,9.382183234038561359e-01,1.466143695445660367e+00,1.550692444501194367e-01,-3.320367112163074563e-01,-7.771561172376095783e-16,-3.230609259377488218e-01
3.959999999999999631e-01,1.770103408420856228e+00,6.668076732166142717e-01,7.452381320440663259e+00,-2.796271443327238426e-01,9.380863039399623959e-01,1.467382137689406729e+00,1.548076039990644026e-01,-3.324664813140368325e-01,-5.551115123125782702e-16,-3.225158416647174175e-01
3.968999999999999750e-01,1.770703240736040796e+00,6.661530858312368908e-01,7.456510811374707615e+00,-2.794010784610996279e-01,9.379543216245369575e-01,1.468621451564015690e+00,1.545464417211159791e-01,-3.328951874326377958e-01,-8.881784197001252323e-16,-3.219717535856582713e-01
3.977999999999999869e-01,1.771302484081032080e+00,6.654988507105381590e-01,7.460636383411317851e+00,-2.791752073987687766e-01,9.378223764419019171e-01,1.469861637560193390e+00,1.542857566752746934e-01,-3.333228317834497911e-01,-6.106226635438360972e-16,-3.214286597401555534e-01
3.986999999999999988e-01,1.771901138773260831e+00,6.648449687266644315e-01,7.464758040526722205e+00,-2.789495306679166120e-01,9.376904683763890302e-01,1.471102696168846036e+00,1.540255479225264013e-01,-3.337494165730820472e-01,-9.159339953157541458e-16,-3.208865581719299587e-01
3.996000000000000107e-01,1.772499205130941169e+00,6.641914407467534032e-01,7.468875786688432328e+00,-2.787240477932551030e-01,9.375585974123382682e-01,1.472344627881093881e+00,1.537658145258347375e-01,-3.341749440034292307e-01,-6.938893903907228378e-16,-3.203454469288223305e-01
4.004999999999999116e-01,1.773096683473064816e+00,6.635382676329544260e-01,7.472989625855287699e+00,-2.784987583020075430e-01,9.374267635340990390e-01,1.473587433188257689e+00,1.535065555501397561e-01,-3.345994162716769971e-01,-9.992007221626408864e-16,-3.198053240627911631e-01
4.013999999999999235e-01,1.773693574119397542e+00,6.628854502424478268e-01,7.477099561977497366e+00,-2.782736617238983357e-01,9.372949667260287443e-01,1.474831112581872716e+00,1.532477700623504080e-01,-3.350228355703168126e-01,-8.326672684688674053e-16,-3.192661876298966694e-01
4.022999999999999354e-01,1.774289877390474057e+00,6.622329894274652240e-01,7.481205598996679029e+00,-2.780487575911385623e-01,9.371632069724942227e-01,1.476075666553676058e+00,1.529894571313427654e-01,-3.354452040871533369e-01,-6.661338147750939243e-16,-3.187280356902973955e-01
4.031999999999999473e-01,1.774885593607594014e+00,6.615808860353087351e-01,7.485307740845903446e+00,-2.778240454384135472e-01,9.370314842578710834e-01,1.477321095595611977e+00,1.527316158279545533e-01,-3.358665240053160805e-01,-9.159339953157541458e-16,-3.181908663082386735e-01
4.040999999999999592e-01,1.775480723092817348e+00,6.609291409083710711e-01,7.489405991449733513e+00,-2.775995248028708673e-01,9.368997985665432626e-01,1.478567400199838122e+00,1.524742452249795432e-01,-3.362867975032723389e-01,-8.049116928532384918e-16,-3.176546775520405763e-01
4.049999999999999711e-01,1.776075266168959832e+00,6.602777548841549660e-01,7.493500354724266899e+00,-2.773751952241068075e-01,9.367681498829040221e-01,1.479814580858712425e+00,1.522173443971657492e-01,-3.367060267548331876e-01,-9.714451465470119729e-16,-3.171194674940951974e-01
4.058999999999999830e-01,1.776669223159589528e+00,6.596267287952920499e-01,7.497590834577176011e+00,-2.771510562441545922e-01,9.366365381913548394e-01,1.481062638064807535e+00,1.519609124212081275e-01,-3.371242139291686368e-01,-8.049116928532384918e-16,-3.165852342108502193e-01
4.067999999999999949e-01,1.777262594389020345e+00,6.589760634695631669e-01,7.501677434907748854e+00,-2.769271074074708405e-01,9.365049634763064068e-01,1.482311572310898384e+00,1.517049483757467454e-01,-3.375413611908140155e-01,-5.551115123125782702e-16,-3.160519757828056386e-01
4.077000000000000068e-01,1.777855380182310485e+00,6.583257597299170261e-01,7.505760159606930770e+00,-2.767033482609246864e-01,9.363734257221780766e-01,1.483561384089967516e+00,1.514494513413613963e-01,-3.379574706996824052e-01,-9.159339953157541458e-16,-3.155196902945028303e-01
4.086000000000000187e-01,1.778447580865255562e+00,6.576758183944896308e-01,7.509839012557359084e+00,-2.764797783537840115e-01,9.362419249133975274e-01,1.484812073895211304e+00,1.511944204005659376e-01,-3.383725446110766866e-01,-6.106226635438360972e-16,-3.149883758345123352e-01
4.094999999999999196e-01,1.779039196764385711e+00,6.570262402766232634e-01,7.513913997633410169e+00,-2.762563972377041210e-01,9.361104610344020971e-01,1.486063642220025738e+00,1.509398546378068473e-01,-3.387865850756961450e-01,-7.771561172376095783e-16,-3.144580304954309180e-01
4.103999999999999315e-01,1.779630228206961151e+00,6.563770261848854704e-01,7.517985118701237646e+00,-2.760332044667139773e-01,9.359790340696367839e-01,1.487316089558022636e+00,1.506857531394556471e-01,-3.391995942396506258e-01,-6.661338147750939243e-16,-3.139286523738658574e-01
4.112999999999999434e-01,1.780220675520967522e+00,6.557281769230883794e-01,7.522052379618807016e+00,-2.758101995972064291e-01,9.358476440035563559e-01,1.488569416403014767e+00,1.504321149938075697e-01,-3.396115742444673624e-01,-9.714451465470119729e-16,-3.134002395704323929e-01
4.121999999999999553e-01,1.780810539035111661e+00,6.550796932903072411e-01,7.526115784235940964e+00,-2.755873821879237795e-01,9.357162908206232421e-01,1.489823623249029616e+00,1.501789392910745091e-01,-3.400225272271051868e-01,-7.771561172376095783e-16,-3.128727901897384034e-01
4.130999999999999672e-01,1.781399819078817393e+00,6.544315760808993021e-01,7.530175336394353991e+00,-2.753647517999469052e-01,9.355849745053094191e-01,1.491078710590297396e+00,1.499262251233830223e-01,-3.404324553199609693e-01,-6.106226635438360972e-16,-3.123463023403812433e-01
4.139999999999999791e-01,1.781988515982221299e+00,6.537838260845225680e-01,7.534231039927694162e+00,-2.751423079966828222e-01,9.354536950420954122e-01,1.492334678921256819e+00,1.496739715847691943e-01,-3.408413606508815530e-01,-8.326672684688674053e-16,-3.118207741349356965e-01
4.148999999999999910e-01,1.782576630076168955e+00,6.531364440861542331e-01,7.538282898661580411e+00,-2.749200503438531396e-01,9.353224524154701847e-01,1.493591528736560203e+00,1.494221777711729204e-01,-3.412492453431764106e-01,-6.661338147750939243e-16,-3.112962036899434293e-01
4.158000000000000029e-01,1.783164161692210037e+00,6.524894308661095543e-01,7.542330916413641617e+00,-2.746979784094820687e-01,9.351912466099318033e-01,1.494849260531060375e+00,1.491708427804366577e-01,-3.416561115156225292e-01,-9.714451465470119729e-16,-3.107725891259096596e-01
4.167000000000000148e-01,1.783751111162594105e+00,6.518427872000601697e-01,7.546375096993555687e+00,-2.744760917638833231e-01,9.350600776099864397e-01,1.496107874799826210e+00,1.489199657122977083e-01,-3.420619612824805089e-01,-6.938893903907228378e-16,-3.102499285672867257e-01
4.175999999999999157e-01,1.784337478820267497e+00,6.511965138590523061e-01,7.550415444203085968e+00,-2.742543899796505702e-01,9.349289454001497024e-01,1.497367372038127753e+00,1.486695456683873318e-01,-3.424667967534991697e-01,-8.326672684688674053e-16,-3.097282201424735315e-01
4.184999999999999276e-01,1.784923264998867776e+00,6.505506116095252089e-01,7.554451961836119445e+00,-2.740328726316443309e-01,9.347978499649450823e-01,1.498627752741450436e+00,1.484195817522233618e-01,-3.428706200339310395e-01,-6.938893903907228378e-16,-3.092074619837986704e-01
4.193999999999999395e-01,1.785508470032720618e+00,6.499050812133295718e-01,7.558484653678707588e+00,-2.738115392969795447e-01,9.346667912889053964e-01,1.499889017405483083e+00,1.481700730692085688e-01,-3.432734332245378495e-01,-5.273559366969493567e-16,-3.086876522275177614e-01
4.202999999999999514e-01,1.786093094256835156e+00,6.492599234277456333e-01,7.562513523509096558e+00,-2.735903895550162446e-01,9.345357693565721213e-01,1.501151166526122793e+00,1.479210187266253307e-01,-3.436752384216031908e-01,-8.881784197001252323e-16,-3.081687890138026797e-01
4.211999999999999633e-01,1.786677138006899757e+00,6.486151390055009403e-01,7.566538575097773389e+00,-2.733694229873453452e-01,9.344047841524948383e-01,1.502414200599480942e+00,1.476724178336303317e-01,-3.440760377169435058e-01,-6.106226635438360972e-16,-3.076508704867297883e-01
4.220999999999999752e-01,1.787260601619278466e+00,6.479707286947885558e-01,7.570559812207497075e+00,-2.731486391777793177e-01,9.342738356612323436e-01,1.503678120121869854e+00,1.474242695012530635e-01,-3.444758331979136390e-01,-9.436895709313830594e-16,-3.071338947942771624e-01
4.229999999999999871e-01,1.787843485431007018e+00,6.473266932392852668e-01,7.574577238593338535e+00,-2.729280377123397550e-01,9.341429238673516489e-01,1.504942925589818792e+00,1.471765728423883313e-01,-3.448746269474236015e-01,-7.771561172376095783e-16,-3.066178600883089356e-01
4.238999999999999990e-01,1.788425789779787722e+00,6.466830333781686813e-01,7.578590858002715258e+00,-2.727076181792449372e-01,9.340120487554288697e-01,1.506208617500059521e+00,1.469293269717951156e-01,-3.452724210439424568e-01,-4.996003610813204432e-16,-3.061027645245731343e-01
4.248000000000000109e-01,1.789007515003986581e+00,6.460397498461359911e-01,7.582600674175427713e+00,-2.724873801689013941e-01,9.338812103100485595e-01,1.507475196349532753e+00,1.466825310060909382e-01,-3.456692175615105334e-01,-8.049116928532384918e-16,-3.055886062626894661e-01
4.256999999999999118e-01,1.789588661442628403e+00,6.453968433734208476e-01,7.586606690843698431e+00,-2.722673232738890281e-01,9.337504085158037093e-01,1.508742662635393916e+00,1.464361840637467549e-01,-3.460650185697519698e-01,-5.551115123125782702e-16,-3.050753834661390496e-01
4.265999999999999237e-01,1.790169229435394138e+00,6.447543146858112362e-01,7.590608911732206643e+00,-2.720474470889531204e-01,9.336196433572963027e-01,1.510011016854999832e+00,1.461902852650853457e-01,-3.464598261338791008e-01,-8.604228440844963188e-16,-3.045630943022610837e-01
4.274999999999999356e-01,1.790749219322614882e+00,6.441121645046670174e-01,7.594607340558122033e+00,-2.718277512109907867e-01,9.334889148191365393e-01,1.511280259505924040e+00,1.459448337322741818e-01,-3.468536423147091652e-01,-7.494005416219806648e-16,-3.040517369422378602e-01
4.283999999999999475e-01,1.791328631445269659e+00,6.434703935469379132e-01,7.598601981031144703e+00,-2.716082352390409849e-01,9.333582228859437224e-01,1.512550391085941470e+00,1.456998285893243150e-01,-3.472464691686670268e-01,-1.026956297778269800e-15,-3.035413095610922096e-01
4.292999999999999594e-01,1.791907466144980310e+00,6.428290025251798268e-01,7.602592836853537150e+00,-2.713888987742731906e-01,9.332275675423451489e-01,1.513821412093043550e+00,1.454552689620833283e-01,-3.476383087478017719e-01,-8.049116928532384918e-16,-3.030318103376735683e-01
4.301999999999999713e-01,1.792485723764008165e+00,6.421879921475730502e-01,7.606579911720160680e+00,-2.711697414199762957e-01,9.330969487729776635e-01,1.515093323025423766e+00,1.452111539782340310e-01,-3.480291630997908725e-01,-1.026956297778269800e-15,-3.025232374546540925e-01
4.310999999999999832e-01,1.793063404645250491e+00,6.415473631179393621e-01,7.610563209318512712e+00,-2.709507627815483932e-01,9.329663665624854385e-01,1.516366124381492098e+00,1.449674827672875754e-01,-3.484190342679544528e-01,-8.881784197001252323e-16,-3.020155890985156688e-01
4.319999999999999951e-01,1.793640509132234939e+00,6.409071161357589030e-01,7.614542733328757862e+00,-2.707319624664836777e-01,9.328358208955223052e-01,1.517639816659862140e+00,1.447242544605818471e-01,-3.488079242912617839e-01,-6.106226635438360972e-16,-3.015088634595455286e-01
4.329000000000000070e-01,1.794217037569117545e+00,6.402672518961872727e-01,7.618518487423767915e+00,-2.705133400843642288e-01,9.327053117567505325e-01,1.518914400359357320e+00,1.444814681912762466e-01,-3.491958352043426639e-01,-9.159339953157541458e-16,-3.010030587318254791e-01
4.338000000000000189e-01,1.794792990300678293e+00,6.396277710900731828e-01,7.622490475269149357e+00,-2.702948952468486876e-01,9.325748391308402718e-01,1.520189875979015781e+00,1.442391230943465552e-01,-3.495827690374981866e-01,-8.326672684688674053e-16,-3.004981731132219114e-01
4.346999999999999198e-01,1.795368367672315779e+00,6.389886744039746658e-01,7.626458700523286893e+00,-2.700766275676587114e-01,9.324444030024711116e-01,1.521466244018077729e+00,1.439972183065835187e-01,-3.499687278167072924e-01,-9.992007221626408864e-16,-2.999942048053821919e-01
4.355999999999999317e-01,1.795943170030045888e+00,6.383499625201762839e-01,7.630423166837370097e+00,-2.698585366625723125e-01,9.323140033563304119e-01,1.522743504976000306e+00,1.437557529665857703e-01,-3.503537135636401456e-01,-7.771561172376095783e-16,-2.994911520137202854e-01
4.364999999999999436e-01,1.796517397720496234e+00,6.377116361167058933e-01,7.634383877855430711e+00,-2.696406221494105360e-01,9.321836401771148584e-01,1.524021659352444935e+00,1.435147262147583314e-01,-3.507377282956652964e-01,-6.106226635438360972e-16,-2.989890129474130909e-01
4.373999999999999555e-01,1.797091051090902392e+00,6.370736958673516304e-01,7.638340837214376400e+00,-2.694228836480274669e-01,9.320533134495293526e-01,1.525300707647282428e+00,1.432741371933074492e-01,-3.511207740258592835e-01,-8.881784197001252323e-16,-2.984877858193904498e-01
4.382999999999999674e-01,1.797664130489104561e+00,6.364361424416782320e-01,7.642294048544024498e+00,-2.692053207803000170e-01,9.319230231582871227e-01,1.526580650360598979e+00,1.430339850462357121e-01,-3.515028527630192356e-01,-6.383782391594650107e-16,-2.979874688463243770e-01
4.391999999999999793e-01,1.798236636263544019e+00,6.357989765050438002e-01,7.646243515467133989e+00,-2.689879331701174880e-01,9.317927692881103896e-01,1.527861487992683287e+00,1.427942689193403003e-01,-3.518839665116677562e-01,-9.436895709313830594e-16,-2.974880602486255632e-01
4.400999999999999912e-01,1.798808568763258897e+00,6.351621987186164553e-01,7.650189241599442802e+00,-2.687707204433706920e-01,9.316625518237293679e-01,1.529143221044041434e+00,1.425549879602061032e-01,-3.522641172720678004e-01,-8.326672684688674053e-16,-2.969895582504293308e-01
4.410000000000000031e-01,1.799379928337879964e+00,6.345258097393904340e-01,7.654131230549696241e+00,-2.685536822279410707e-01,9.315323707498835981e-01,1.530425850015381339e+00,1.423161413182049417e-01,-3.526433070402268388e-01,-1.110223024625156540e-15,-2.964919610795936356e-01
4.419000000000000150e-01,1.799950715337627738e+00,6.338898102202030760e-01,7.658069485919684283e+00,-2.683368181536911479e-01,9.314022260513202811e-01,1.531709375407629192e+00,1.420777281444881579e-01,-3.530215378079120669e-01,-8.604228440844963188e-16,-2.959952669676835235e-01
4.427999999999999159e-01,1.800520930113308937e+00,6.332542008097505892e-01,7.662004011304270001e+00,-2.681201278524552034e-01,9.312721177127958327e-01,1.532993797721913243e+00,1.418397475919860040e-01,-3.533988115626538473e-01,-1.026956297778269800e-15,-2.954994741499709088e-01
4.436999999999999278e-01,1.801090573016311369e+00,6.326189821526044810e-01,7.665934810291426871e+00,-2.679036109580263947e-01,9.311420457190744404e-01,1.534279117459579123e+00,1.416021988154006206e-01,-3.537751302877606974e-01,-9.714451465470119729e-16,-2.950045808654178647e-01
4.445999999999999397e-01,1.801659644398601712e+00,6.319841548892279892e-01,7.669861886462268963e+00,-2.676872671061483189e-01,9.310120100549296174e-01,1.535565335122177633e+00,1.413650809712043988e-01,-3.541504959623255622e-01,-6.383782391594650107e-16,-2.945105853566757359e-01
4.454999999999999516e-01,1.802228144612721072e+00,6.313497196559917368e-01,7.673785243391082034e+00,-2.674710959345050210e-01,9.308820107051432036e-01,1.536852451211468962e+00,1.411283932176353451e-01,-3.545249105612352514e-01,-1.026956297778269800e-15,-2.940174858700735916e-01
4.463999999999999635e-01,1.802796074011781213e+00,6.307156770851904959e-01,7.677704884645358163e+00,-2.672550970827098915e-01,9.307520476545048105e-01,1.538140466229430237e+00,1.408921347146916414e-01,-3.548983760551828182e-01,-7.771561172376095783e-16,-2.935252806556074567e-01
4.472999999999999754e-01,1.803363432949461442e+00,6.300820278050585088e-01,7.681620813785825952e+00,-2.670392701922965628e-01,9.306221208878135975e-01,1.539429380678240200e+00,1.406563046241305903e-01,-3.552708944106723332e-01,-8.881784197001252323e-16,-2.930339679669387021e-01
4.481999999999999873e-01,1.803930221780004839e+00,6.294487724397855866e-01,7.685533034366486049e+00,-2.668236149067080287e-01,9.304922303898762737e-01,1.540719195060296309e+00,1.404209021094616205e-01,-3.556424675900332621e-01,-8.604228440844963188e-16,-2.925435460613783900e-01
4.490999999999999992e-01,1.804496440858213813e+00,6.288159116095332068e-01,7.689441549934636022e+00,-2.666081308712868747e-01,9.303623761455086516e-01,1.542009909878200524e+00,1.401859263359449270e-01,-3.560130975514255169e-01,-7.494005416219806648e-16,-2.920540131998851097e-01
4.500000000000000111e-01,1.805062090539447439e+00,6.281834459304502793e-01,7.693346364030907658e+00,-2.663928177332661740e-01,9.302325581395348708e-01,1.543301525634765525e+00,1.399513764705864194e-01,-3.563827862488509468e-01,-8.604228440844963188e-16,-2.915653676470549294e-01
