log_a,observable,z1,z1prime,z2,z2prime
0.0,10.572834245095592,1.0,0.0,0.0,1.0
0.0008333333333333334,10.572874044395043,0.9999987207513503,-0.003069178727071172,0.0008335221617313884,1.0004525100805395
0.0016666666666666668,10.572931637792108,0.9999948864029959,-0.006132234316610625,0.0016674197219290019,1.000900958624277
0.0025,10.573006988467425,0.9999885020699452,-0.009189137075699003,0.0025016893017505626,1.0013453594933746
0.0033333333333333335,10.573100060095975,0.9999795728918205,-0.012239857622938676,0.0033363275339305457,1.0017857266097308
0.004166666666666667,10.573210816845497,0.999968104032599,-0.015284366889508478,0.0041713310628296,1.002222073954069
0.005,10.573339223374953,0.9999541006803511,-0.018322636120204357,0.005006696544483198,1.0026544155650197
0.005833333333333334,10.573485244832863,0.9999375680469788,-0.021354636874466315,0.005842420646649356,1.003082765538201
0.006666666666666667,10.573648846855741,0.9999185113679527,-0.024380341027390118,0.006678500048855904,1.0035071380252933
0.007500000000000001,10.57382999556641,0.9998969359020498,-0.027399720770725514,0.007514931442446815,1.003927547233111
0.008333333333333333,10.574028657572388,0.9998728469310877,-0.030412748613860105,0.00835171153062774,1.004344007422669
0.009166666666666667,10.574244799964156,0.9998462497596607,-0.03341939738478886,0.009188837028510775,1.0047565329082468
0.01,10.574478390313503,0.9998171497148731,-0.036419640231069125,0.01002630466315845,1.0051651380564475
0.010833333333333334,10.574729396671797,0.9997855521460727,-0.039413450620761216,0.010864111173626925,1.005569837285252
0.011666666666666667,10.574997787568222,0.9997514624245835,-0.04240080234335432,0.011702253311008411,1.0059706450630723
0.0125,10.575283532008054,0.9997148859434369,-0.04538166951067798,0.012540727838472796,1.0063675759077986
0.013333333333333334,10.575586599470855,0.9996758281171038,-0.0483560265577988,0.013379531531308482,1.006760644385842
0.014166666666666668,10.575906959908723,0.9996342943812234,-0.0513238482439025,0.014218661176962417,1.0071498651111765
0.015000000000000001,10.576244583744401,0.9995902901923343,-0.054285109653161294,0.015058113575079338,1.0075352527443746
0.015833333333333335,10.576599441869512,0.9995438210276019,-0.05723978619558639,0.0158978855375402,1.0079168219916403
0.016666666666666666,10.576971505642662,0.9994948923845477,-0.0601878536078657,0.01673797388849982,1.0082945876038387
0.0175,10.57736074688757,0.999443509780776,-0.06312928795418678,0.01757837546442367,1.0086685643755215
0.018333333333333333,10.577767137891197,0.9993896787537011,-0.06606406562704456,0.018419087114123895,1.0090387671439498
0.01916666666666667,10.578190651401789,0.9993334048602731,-0.06899216334803446,0.019260105698794508,1.0094052107881122
0.02,10.57863126062697,0.9992746936767035,-0.07191355816863026,0.020101428092045744,1.009767910227741
0.020833333333333336,10.579088939231776,0.99921355079819,-0.07482822747094695,0.020943051179937597,1.0101268804223242
0.021666666666666667,10.579563661336659,0.9991499818386403,-0.07773614896848849,0.02178497186101256,1.0104821363701144
0.022500000000000003,10.580055401515542,0.9990839924303964,-0.08063730070688041,0.02262718704632749,1.0108336931071342
0.023333333333333334,10.58056413479372,0.9990155882239563,-0.08353166106458716,0.023469693659484647,1.011181565706178
0.02416666666666667,10.581089836645928,0.9989447748876978,-0.08641920875361432,0.02431248863666194,1.0115257692758126
0.025,10.581632482994175,0.9988715581075988,-0.08929992282019539,0.025155568926642266,1.0118663189593724
0.025833333333333337,10.58219205020574,0.9987959435869589,-0.09217378264546328,0.025998931490842078,1.0122032299339523
0.02666666666666667,10.582768515091031,0.9987179370461207,-0.09504076794610639,0.02684257330333898,1.0125365174093979
0.0275,10.583361854901487,0.9986375442221884,-0.09790085877500931,0.027686491350898672,1.012866196627293
0.028333333333333335,10.583972047327432,0.9985547708687483,-0.10075403552187798,0.028530682633000813,1.0131922828599425
0.029166666666666667,10.584599070495914,0.998469622755589,-0.10360027891385147,0.029375144161864812,1.0135147914093565
0.030000000000000002,10.585242902968579,0.9983821056684208,-0.10643957001610121,0.030219872962474418,1.0138337376062287
0.030833333333333334,10.58590352373938,0.9982922254085901,-0.10927189023240381,0.03106486607259966,1.0141491368089095
0.03166666666666667,10.586580912232405,0.998199987792799,-0.11209722130570605,0.031910120542820504,1.0144610044023805
0.0325,10.58727504829965,0.9981053986528226,-0.11491554531867354,0.03275563343654859,1.0147693557972257
0.03333333333333333,10.587985912218718,0.9980084638352253,-0.11772684469422384,0.033601401830048096,1.0150742064285985
0.03416666666666667,10.588713484690583,0.9979091892010775,-0.12053110219604402,0.03444742281245575,1.015375571755187
0.035,10.589457746837232,0.9978075806256707,-0.12332830092909218,0.03529369348579996,1.015673467258178
0.035833333333333335,10.590218680199415,0.9977036439982332,-0.12611842434008405,0.036140210965019154,1.015967908440216
0.03666666666666667,10.590996266734233,0.9975973852216453,-0.12890145621796334,0.03698697237797916,1.0162589108243623
0.037500000000000006,10.591790488812833,0.9974888102121536,-0.13167738069435675,0.037833974865489825,1.0165464899530496
0.03833333333333334,10.592601329217997,0.9973779248990853,-0.13444618224401322,0.03868121558132065,1.016830661387037
0.03916666666666667,10.59342877114172,0.9972647352245619,-0.13720784568522787,0.039528691692215685,1.0171114407043598
0.04,10.594272798182823,0.9971492471432136,-0.13996235618024983,0.040376400377907476,1.0173888434992784
0.04083333333333333,10.595133394344534,0.9970314666218912,-0.14270969923567475,0.041224338831130136,1.0176628853812266
0.04166666666666667,10.596010544031945,0.9969113996393802,-0.14544986070282173,0.04207250425763159,1.0179335819737554
0.0425,10.596904232049598,0.9967890521861128,-0.1481828267780942,0.042920893876184876,1.018200948913476
0.043333333333333335,10.597814443598944,0.99666443026388,-0.1509085840033257,0.04376950491859862,1.0184650018490007
0.04416666666666667,10.598741164275882,0.9965375398855443,-0.15362711926610967,0.04461833462972663,1.0187257564398817
0.045000000000000005,10.599684380068142,0.996408387074751,-0.15633841980011365,0.04546738026747654,1.0189832283555487
0.04583333333333334,10.600644077352745,0.9962769778656396,-0.1590424731853778,0.046316639102817636,1.0192374332742435
0.04666666666666667,10.601620242893489,0.9961433183025555,-0.161739267348598,0.04716610841978778,1.0194883868819546
0.0475,10.602612863838232,0.9960074144397608,-0.164428790563393,0.0480157855154994,1.0197361048713476
0.04833333333333334,10.603621927716375,0.9958692723411446,-0.16711103145055609,0.048865667700144645,1.0199806029406968
0.04916666666666667,10.604647422436162,0.9957288980799346,-0.169785978978291,0.04971575229699958,1.0202218967928127
0.05,10.605689336282053,0.9955862977384065,-0.17245362246243237,0.05056603664242751,1.02046000213397
0.050833333333333335,10.606747657912031,0.9954414774075948,-0.17511395156665016,0.051416518085881456,1.020694934672833
0.05166666666666667,10.607822376354898,0.9952944431870026,-0.17776695630263883,0.05226719398990564,1.0209267101193784
0.052500000000000005,10.608913481007576,0.9951452011843115,-0.18041262703029054,0.05311806173013607,1.0211553441838206
0.05333333333333334,10.61002096163235,0.9949937575150913,-0.18305095445785297,0.053969118695300314,1.0213808525755312
0.05416666666666667,10.611144808354148,0.9948401183025096,-0.18568192964207092,0.054820362287216234,1.0216032510019597
0.055,10.612285011657704,0.994684289677041,-0.1883055439883131,0.0556717899207899,1.0218225551675528
0.05583333333333334,10.613441562384837,0.994526277776177,-0.19092178925068243,0.05652339902401254,1.0220387807726714
0.05666666666666667,10.614614451731589,0.9943660887441342,-0.19353065753211104,0.05737518703795657,1.0222519435125086
0.0575,10.615803671245404,0.9942037287315648,-0.19613214128443973,0.05822715141677077,1.0224620590760034
0.058333333333333334,10.617009212822307,0.9940392038952643,-0.19872623330848124,0.05907928962767442,1.0226691431447574
0.05916666666666667,10.61823106870401,0.9938725203978848,-0.20131292675407897,0.059931599150953155,1.0228732113919503
0.060000000000000005,10.619469231475112,0.9937036844076442,-0.20389221512014738,0.06078407747995181,1.0230742794812535
0.060833333333333336,10.62072369406006,0.9935327020980298,-0.2064640922546686,0.06163672212106122,1.023272363065736
0.06166666666666667,10.621994449720301,0.99335957964751,-0.20902855235470366,0.06248953059371187,1.023467477786781
0.0625,10.623281492051362,0.9931843232392434,-0.21158558996638036,0.0633425004303637,1.0236596392729937
0.06333333333333334,10.624584814979821,0.9930069390607887,-0.2141351999848659,0.0641956291764949,1.0238488631391134
0.06416666666666668,10.625904412760386,0.9928274333038126,-0.21667737765432377,0.0650489143905899,1.0240351649849222
0.065,10.627240279972948,0.9926458121637999,-0.2192121185678554,0.06590235364412625,1.0242185603941536
0.06583333333333334,10.628592411519445,0.9924620818397621,-0.22173941866742697,0.06675594452156103,1.0243990649334007
0.06666666666666667,10.629960802620937,0.9922762485339477,-0.2242592742437801,0.0676096846203158,1.0245766941510244
0.0675,10.631345448814546,0.9920883184515503,-0.22677168193632824,0.06846357155076116,1.0247514635760606
0.06833333333333334,10.63274634595036,0.9918982978004188,-0.2292766387330374,0.06931760293619998,1.0249233887171276
0.06916666666666667,10.634163490188396,0.9917061927907672,-0.2317741419702919,0.0701717764128501,1.0250924850613325
0.07,10.635596877995448,0.9915120096348838,-0.2342641893327452,0.07102608962982584,1.0252587680731786
0.07083333333333333,10.637046506142065,0.9913157545468414,-0.2367467788531555,0.07188054024911873,1.0254222531934711
0.07166666666666667,10.638512371699342,0.991117433742207,-0.23922190891220674,0.07273512594557739,1.025582955838224
0.07250000000000001,10.639994472035792,0.9909170534377523,-0.24168957823831416,0.07358984440688633,1.0257408913975659
0.07333333333333333,10.641492804814234,0.9907146198511637,-0.24414978590741554,0.07444469333354398,1.025896075234647
0.07416666666666667,10.64300736798856,0.9905101392007531,-0.24660253134274748,0.07529967043883982,1.026048522684545
0.07500000000000001,10.644538159800573,0.9903036177051684,-0.24904781431460657,0.0761547734488305,1.0261982490531707
0.07583333333333334,10.64608517877676,0.9900950615831043,-0.25148563494009624,0.07701000010231507,1.0263452696161763
0.07666666666666667,10.647648423725093,0.9898844770530137,-0.253915993682859,0.07786534815080942,1.0264895996178602
0.0775,10.649227893731782,0.9896718703328189,-0.2563388913527935,0.07872081535851964,1.0266312542700757
0.07833333333333334,10.650823588157994,0.989457247639623,-0.2587543291057577,0.07957639950231457,1.0267702487511368
0.07916666666666668,10.652435506636627,0.9892406151894219,-0.2611623084432571,0.0804320983716974,1.0269065982047267
0.08,10.654063649068997,0.9890219791968164,-0.2635628312121185,0.08128790976877633,1.0270403177388057
0.08083333333333334,10.655708015621544,0.988801345874725,-0.2659558996041495,0.08214383150823441,1.0271714224245192
0.08166666666666667,10.657368606722528,0.9885787214340953,-0.2683415161557835,0.08299986141729833,1.027299927295107
0.0825,10.659045423058677,0.9883541120836182,-0.2707196837477104,0.0838559973357064,1.027425847344813
0.08333333333333334,10.660738465571905,0.9881275240294409,-0.2730904056044929,0.08471223711567552,1.0275491975277946
0.08416666666666667,10.66244773545586,0.9878989634748798,-0.2754536852941687,0.08556857862186729,1.0276699927570343
0.085,10.664173234152655,0.9876684366201353,-0.27780952672783865,0.08642501973135326,1.0277882479032505
0.08583333333333334,10.665914963349397,0.9874359496620053,-0.28015793415924006,0.08728155833357906,1.0279039777938102
0.08666666666666667,10.66767292497486,0.9872015087936008,-0.2824989121843068,0.08813819233032777,1.0280171972116414
0.08750000000000001,10.669447121196027,0.9869651202040596,-0.28483246574071475,0.08899491963568237,1.028127920894148
0.08833333333333333,10.67123755441469,0.9867267900782628,-0.2871586001074135,0.08985173817598718,1.0282361635321242
0.08916666666666667,10.673044227264016,0.9864865245965501,-0.28947732090414396,0.09070864588980843,1.0283419397686693
0.09000000000000001,10.674867142605056,0.9862443299344356,-0.291788634090942,0.09156564072789378,1.0284452641981057
0.09083333333333334,10.67670630352336,0.9860002122623251,-0.2940925459676288,0.09242272065313133,1.0285461513648968
0.09166666666666667,10.678561713325472,0.985754177745235,-0.2963890631733131,0.09327988364051429,1.028644615762569
0.09250000000000001,10.680433375535433,0.9855062325425081,-0.2986781926858375,0.09413712767709155,1.028740671832627
0.09333333333333334,10.682321293891286,0.9852563828075309,-0.3009599418212163,0.09499445076192171,1.028834333963475
0.09416666666666668,10.68422547234156,0.9850046346874525,-0.3032343182330828,0.09585185090603159,1.0289256164893414
0.095,10.686145915041768,0.9847509943229029,-0.3055013299121126,0.09670932613237038,1.0290145336892038
0.09583333333333334,10.688082626350871,0.9844954678477134,-0.3077609851854349,0.0975668744757633,1.029101099785712
0.09666666666666668,10.69003561082771,0.9842380613886358,-0.3100132927160295,0.09842449398286394,1.0291853289441153
0.0975,10.69200487322748,0.9839787810650628,-0.31225826150211156,0.09928218271210604,1.0292672352711913
0.09833333333333334,10.693990418498181,0.9837176329887495,-0.3144959008765025,0.10013993873365427,1.0293468328141742
0.09916666666666667,10.695992251776984,0.983454623263534,-0.31672622050598864,0.10099776012935407,1.0294241355596863
0.1,10.698010378386718,0.9831897579850601,-0.3189492303906668,0.10185564499268077,1.0294991574326708
0.10083333333333334,10.70004480383222,0.9829230432404996,-0.32116494086327674,0.1027135914286876,1.0295719122953257
0.10166666666666667,10.702095533796756,0.9826544851082751,-0.3233733625885213,0.10357159755395307,1.0296424139460403
0.10250000000000001,10.704162574138419,0.9823840896577841,-0.32557450656237413,0.10442966149652731,1.0297106761183317
0.10333333333333335,10.706245930886457,0.9821118629491231,-0.32776838411137427,0.10528778139587754,1.0297767124797856
0.10416666666666667,10.708345610237718,0.981837811032812,-0.3299550068919088,0.10614595540283274,1.0298405366309973
0.10500000000000001,10.710461618552934,0.9815619399495203,-0.3321343868894831,0.10700418167952741,1.0299021621045135
0.10583333333333333,10.712593962353115,0.9812842557297926,-0.33430653641797836,0.10786245839934439,1.029961602363779
0.10666666666666667,10.714742648315864,0.9810047643937754,-0.3364714681188978,0.10872078374685691,1.0300188708020825
0.10750000000000001,10.716907683271762,0.9807234719509442,-0.3386291949605998,0.10957915591776968,1.0300739807415058
0.10833333333333334,10.719089074200621,0.980440384399832,-0.34077973023751973,0.11043757311885913,1.0301269454318747
0.10916666666666668,10.721286828227841,0.9801555077277572,-0.3429230875693798,0.11129603356791283,1.0301777780497114
0.11,10.723500952620762,0.9798688479105532,-0.34505928090038634,0.11215453549366797,1.0302264916971908
0.11083333333333334,10.725731454784865,0.9795804109122983,-0.3471883244984167,0.11301307713574894,1.030273099401096
0.11166666666666668,10.727978342260178,0.9792902026850464,-0.3493102329541928,0.11387165674460419,1.0303176141117794
0.1125,10.730241622717477,0.9789982291685579,-0.35142502118044455,0.11473027258144197,1.0303600487021223
0.11333333333333334,10.732521303954647,0.9787044962900323,-0.35353270441106105,0.1155889229181655,1.0304004159665008
0.11416666666666668,10.73481739389288,0.9784090099638404,-0.3556332982002303,0.11644760603730703,1.0304387286197498
0.115,10.737129900573029,0.9781117760912579,-0.3577268184215681,0.11730632023196108,1.0304749992961335
0.11583333333333334,10.739458832151788,0.9778128005601998,-0.3598132812672352,0.11816506380571695,1.0305092405483145
0.11666666666666667,10.741804196898025,0.9775120892449551,-0.3618927032470435,0.11902383507259018,1.0305414648463282
0.11750000000000001,10.744166003189003,0.9772096480059226,-0.3639651011875511,0.11988263235695328,1.0305716845765582
0.11833333333333335,10.746544259506614,0.9769054826893471,-0.3660304922311468,0.12074145399346542,1.030599912040714
0.11916666666666667,10.748938974433667,0.9765995991270568,-0.3680888938351227,0.12160029832700149,1.0306261594548132
0.12000000000000001,10.751350156650087,0.9762920031362018,-0.37014032377073725,0.12245916371258019,1.030650438948163
0.12083333333333333,10.753777814929185,0.975982700518992,-0.3721848001222664,0.12331804851529106,1.0306727625623475
0.12166666666666667,10.756221958133853,0.9756716970624373,-0.3742223412860449,0.12417695111022105,1.0306931422502161
0.12250000000000001,10.758682595212838,0.975358998538088,-0.37625296596949687,0.12503586988237983,1.0307115898748753
0.12333333333333334,10.76115973519691,0.975044610701776,-0.37827669319015517,0.12589480322662447,1.0307281172086817
0.12416666666666668,10.763653387195156,0.9747285392933568,-0.3802935422746719,0.12675374954758326,1.0307427359322399
0.125,10.766163560391124,0.9744107900364527,-0.3823035328578168,0.12761270725957843,1.0307554576334022
0.12583333333333335,10.768690264039085,0.9740913686381928,-0.3843066848814862,0.12847167478655475,1.0307662938062707
0.12666666666666668,10.77123350746018,0.9737702807889581,-0.38630301859368366,0.12933065056200052,1.0307752558501997
0.1275,10.773793300038742,0.9734475321621334,-0.38829255454745787,0.13018963302885742,1.0307823550688051
0.12833333333333335,10.776369651218404,0.9731231284138487,-0.39027531359988166,0.13104862063944683,1.0307876026689775
0.12916666666666668,10.77896257049838,0.9727970751827267,-0.3922513169110027,0.1319076118553889,1.030791009759896
0.13,10.781572067429604,0.9724693780896301,-0.39422058594278453,0.1327666051475206,1.0307925873520443
0.13083333333333333,10.784198151610958,0.9721400427374113,-0.3961831424580387,0.13362559899581286,1.0307923463562312
0.13166666666666668,10.786840832685495,0.9718090747106618,-0.39813900851934647,0.13448459188928732,1.0307902975826138
0.1325,10.789500120336612,0.971476479575463,-0.40008820648797194,0.13534358232593166,1.0307864517397225
0.13333333333333333,10.792176024284263,0.971142262879138,-0.4020307590227663,0.13620256881261478,1.0307808194334909
0.13416666666666668,10.794868554281168,0.9708064301500038,-0.40396668907906225,0.13706154986500063,1.0307734111662883
0.135,10.797577720109004,0.9704689868971248,-0.4058960199075598,0.1379205240074616,1.0307642373359547
0.13583333333333333,10.800303531574599,0.9701299386100675,-0.40781877505320363,0.138779489772991,1.0307533082348406
0.1366666666666667,10.803045998506125,0.9697892907586552,-0.4097349783540512,0.13963844570311473,1.0307406340488474
0.1375,10.805805130749356,0.9694470487927247,-0.41164465394013194,0.1404973903478021,1.0307262248564746
0.13833333333333334,10.808580938163798,0.9691032181418833,-0.41354782623229874,0.14135632226537603,1.030710090627867
0.1391666666666667,10.81137343061896,0.968757804215267,-0.41544451994107046,0.14221524002242242,1.0306922412238673
0.14,10.814182617990477,0.9684108124012993,-0.41733476006546555,0.1430741421936985,1.0306726863950708
0.14083333333333334,10.8170085101564,0.9680622480674517,-0.4192185718918289,0.1439330273620407,1.030651435780885
0.14166666666666666,10.819851116993354,0.9677121165600042,-0.42109598099264883,0.14479189411827173,1.0306284989085905
0.14250000000000002,10.822710448372787,0.9673604232038078,-0.42296701322536734,0.14565074106110654,1.030603885192407
0.14333333333333334,10.825586514157129,0.9670071733020473,-0.4248316947311813,0.1465095667970579,1.0305776039325627
0.14416666666666667,10.828479324196051,0.9666523721360054,-0.4266900519338369,0.147368369940341,1.0305496643143655
0.14500000000000002,10.831388888322694,0.9662960249648274,-0.4285421115384156,0.14822714911277735,1.0305200754072794
0.14583333333333334,10.834315216349834,0.9659381370252874,-0.4303879005301122,0.14908590294369775,1.0304888461640043
0.14666666666666667,10.837258318066176,0.965578713531556,-0.4322274461730064,0.14994463006984485,1.030455985419558
0.14750000000000002,10.840218203232522,0.965217759674967,-0.4340607760088259,0.15080332913527456,1.0304215018903633
0.14833333333333334,10.843194881578043,0.964855280623788,-0.43588791785570224,0.15166199879125677,1.030385404173338
0.14916666666666667,10.846188362796514,0.9644912815229894,-0.4377088998069202,0.1525206376961757,1.0303477007449877
0.15000000000000002,10.849198656542557,0.9641257674940164,-0.43952375022965884,0.15337924451542878,1.0303083999605047
0.15083333333333335,10.852225772427834,0.9637587436345608,-0.4413324977637265,0.15423781792132552,1.030267510052867
0.15166666666666667,10.855269720017386,0.963390215018335,-0.44313517132028835,0.155096356592985,1.0302250391319447
0.1525,10.858330508825835,0.9630201866948452,-0.4449318000805871,0.15595485921623317,1.030180995183607
0.15333333333333335,10.861408148313636,0.9626486636891687,-0.44672241349465686,0.15681332448349877,1.0301353860688351
0.15416666666666667,10.864502647883393,0.9622756510017285,-0.4485070412800307,0.15767175109370907,1.0300882195228378
0.155,10.867614016876106,0.9619011536080729,-0.4502857134204414,0.15853013775218455,1.0300395031541707
0.15583333333333335,10.870742264567427,0.961525176458653,-0.45205846016451556,0.159388483170533,1.0299892444438599
0.15666666666666668,10.873887400164014,0.9611477244786031,-0.4538253120244617,0.16024678606654263,1.02993745074453
0.1575,10.877049432799732,0.9607688025675221,-0.45558629977475196,0.1611050451640747,1.0298841292795335
0.15833333333333335,10.88022837153203,0.9603884155992548,-0.45734145445079744,0.1619632591929553,1.0298292871420875
0.15916666666666668,10.883424225338263,0.9600065684216763,-0.45909080734761776,0.16282142688886633,1.0297729312944115
0.16,10.886637003111895,0.9596232658564757,-0.46083439001850457,0.16367954699323592,1.0297150685668708
0.16083333333333336,10.889866713658948,0.9592385126989421,-0.4625722342736791,0.16453761825312796,1.0296557056571225
0.16166666666666668,10.89311336569428,0.9588523137177514,-0.4643043721789439,0.16539563942113078,1.0295948491292675
0.1625,10.896376967837881,0.9584646736547495,-0.4660308360543356,0.16625360925524824,1.0295325054130022
0.16333333333333333,10.899657528611119,0.9580755972247275,-0.4677516584727856,0.16711152651879707,1.0294686808027707
0.16416666666666668,10.902955056433326,0.9576850891152402,-0.4694668722587096,0.1679693899802749,1.029403381456933
0.165,10.90626955961807,0.9572931539863863,-0.4711765104866593,0.16882719841325333,1.0293366133969333
0.16583333333333333,10.909601046369493,0.9568997964705974,-0.4728806064799511,0.16968495059626468,1.0292683825064686
0.16666666666666669,10.912949524778728,0.9565050211724323,-0.4745791938092846,0.17054264531268704,1.0291986945306633
0.1675,10.91631500282026,0.9561088326683709,-0.47627230629135714,0.17140028135062813,1.0291275550752457
0.16833333333333333,10.919697488348346,0.9557112355066102,-0.47795997798747314,0.17225785750280886,1.0290549696057316
0.1691666666666667,10.923096989093384,0.9553122342068612,-0.47964224320214877,0.17311537256644616,1.0289809434466084
0.17,10.926513512658385,0.954911833260147,-0.4813191364817117,0.1739728253431349,1.0289054817805272
0.17083333333333334,10.929947066515387,0.9545100371286016,-0.4829906926128965,0.17483021463872955,1.0288285896474956
0.1716666666666667,10.93339765800187,0.9541068502452704,-0.4846569466214357,0.17568753926322472,1.028750271944076
0.17250000000000001,10.936865294317233,0.9537022770139121,-0.4863179337706456,0.17654479803063544,1.0286705334225885
0.17333333333333334,10.94034998251926,0.9532963218088005,-0.487973689560009,0.17740198975887653,1.0285893786903175
0.17416666666666666,10.94385172952056,0.952888988974529,-0.48962424972375257,0.17825911326964147,1.0285068122087215
0.17500000000000002,10.9473705420851,0.9524802828258153,-0.49126965022942065,0.17911616738828048,1.028422838292648
0.17583333333333334,10.950906426824655,0.9520702076473077,-0.49290992727644467,0.179973150943678,1.028337461109553
0.17666666666666667,10.954459390195332,0.9516587676933923,-0.4945451172947089,0.18083006276812966,1.0282506846787232
0.17750000000000002,10.958029438494101,0.9512459671880017,-0.496175256943112,0.18168690169721846,1.0281625128705032
0.17833333333333334,10.961616577855306,0.9508318103244245,-0.4978003831081247,0.18254366656969018,1.0280729494055267
0.17916666666666667,10.965220814247234,0.9504163012651167,-0.4994205329023442,0.18340035622732853,1.0279819978539526
0.18000000000000002,10.968842153468637,0.949999444141513,-0.5010357436630444,0.18425696951482948,1.027889661634703
0.18083333333333335,10.972480601145321,0.9495812430538412,-0.5026460529507225,0.18511350527967457,1.0277959440147086
0.18166666666666667,10.976136162726753,0.9491617020709356,-0.5042514985476432,0.18596996237200444,1.0277008481081553
0.18250000000000002,10.979808843482584,0.9487408252300538,-0.5058521184563778,0.18682633964449094,1.0276043768757368
0.18333333333333335,10.983498648499344,0.9483186165366928,-0.507447950898341,0.18768263595220894,1.0275065331239106
0.18416666666666667,10.987205582676983,0.9478950799644079,-0.5090390343123252,0.1885388501525077,1.0274073195041582
0.18500000000000003,10.990929650725569,0.9474702194546318,-0.5106254073530297,0.18939498110488123,1.0273067385122507
0.18583333333333335,10.994670857161907,0.9470440389164949,-0.5122071088895888,0.19025102767083835,1.027204792487516
0.18666666666666668,10.998429206306195,0.9466165422266479,-0.5137841780040951,0.19110698871377196,1.0271014836121133
0.1875,11.002204702278757,0.9461877332290843,-0.5153566539901225,0.19196286309882785,1.0269968139103092
0.18833333333333335,11.005997348996617,0.9457576157349653,-0.5169245763512431,0.1928186496927728,1.0268907852477598
0.18916666666666668,11.009807150170364,0.9453261935224447,-0.518487984799544,0.193674347363862,1.026783399330796
0.19,11.013634109300732,0.9448934703364968,-0.5200469192541407,0.19452995498170614,1.0266746577057135
0.19083333333333335,11.017478229675445,0.9444594498887434,-0.5216014198396873,0.1953854714171377,1.0265645617580674
0.19166666666666668,11.021339514365867,0.944024135857284,-0.5231515268848852,0.1962408955420765,1.0264531127119696
0.1925,11.025217966223881,0.9435875318865258,-0.5246972809209887,0.19709622622939516,1.0263403116293923
0.19333333333333336,11.029113587878589,0.9431496415870165,-0.5262387226803089,0.1979514623527834,1.026226159409474
0.19416666666666668,11.033026381733142,0.9427104685352765,-0.5277758930947151,0.19880660278661214,1.026110656787832
0.195,11.036956349961544,0.942270016273634,-0.5293088332941338,0.19966164640579684,1.0259938043358763
0.19583333333333336,11.040903494505535,0.9418282883100608,-0.5308375846050466,0.20051659208566042,1.0258756024601303
0.19666666666666668,11.044867817071369,0.9413852881180086,-0.5323621885489848,0.2013714387017953,1.0257560514015545
0.1975,11.048849319126704,0.9409410191362483,-0.5338826868410236,0.20222618512992524,1.025635151234875
0.19833333333333333,11.052848001897509,0.9404954847687089,-0.5353991213882734,0.20308083024576634,1.0255129018679152
0.1991666666666667,11.056863866364958,0.9400486883843189,-0.53691153428837,0.20393537292488775,1.0253893030409338
0.2,11.06089691326231,0.9396006333168482,-0.5384199678279632,0.20478981204257127,1.0252643543259654
0.20083333333333334,11.064947143071903,0.9391513228647517,-0.5399244644812035,0.20564414647367113,1.0251380551261664
0.2016666666666667,11.06901455602203,0.9387007602910142,-0.5414250669082276,0.20649837509247268,1.0250104046751636
0.2025,11.073099152083994,0.9382489488229968,-0.5429218179536426,0.20735249677255058,1.0248814020364103
0.20333333333333334,11.077200930968933,0.9377958916522724,-0.5444147606450155,0.20820651038663046,1.0247510461025382
0.2041666666666667,11.081319892124661,0.9373415919344522,-0.5459039381913484,0.20906041480645413,1.0246193355947069
0.20500000000000002,11.08545603473312,0.936886052789092,-0.5473893939815293,0.20991420890261764,1.0244862690619954
0.20583333333333334,11.08960935770731,0.9364292772995172,-0.5488711715828412,0.2107678915444355,1.0243518448807647
0.2066666666666667,11.093779859688219,0.9359712685126722,-0.5503493147394402,0.21162146159979717,1.0242160612540303
0.20750000000000002,11.097967539041917,0.9355120294389743,-0.5518238673708302,0.21247491793502218,1.0240789162108426
0.20833333333333334,11.102172393856693,0.9350515630521673,-0.5532948735703384,0.2133282594147151,1.023940407605669
0.20916666666666667,11.10639442194014,0.934589872289179,-0.5547623776035872,0.2141814849016196,1.0238005331177829
0.21000000000000002,11.11063362081624,0.934126960049977,-0.5562264239069682,0.21503459325647234,1.0236592902506543
0.21083333333333334,11.1148899877226,0.933662829197428,-0.5576870570861144,0.21588758333785593,1.0235166763313466
0.21166666666666667,11.119163519607538,0.9331974825571574,-0.5591443219143719,0.21674045400205194,1.0233726885099166
0.21250000000000002,11.123454213127305,0.9327309229174097,-0.5605982633312706,0.217593204102893,1.0232273237588194
0.21333333333333335,11.127762064643274,0.9322631530289115,-0.5620489264409958,0.21844583249161448,1.023080578872317
0.21416666666666667,11.132087070219203,0.9317941756047347,-0.5634963565108576,0.2192983380167059,1.0229324504658917
0.21500000000000002,11.136429225618427,0.9313239933201608,-0.5649405989697619,0.22015071952376156,1.0227829349756623
0.21583333333333335,11.14078852630113,0.9308526088125477,-0.5663816994066785,0.22100297585533085,1.022632028657807
0.21666666666666667,11.14516496742165,0.9303800246811965,-0.567819703569112,0.22185510585076818,1.0224797275879884
0.21750000000000003,11.149558543825785,0.9299062434872201,-0.5692546573615697,0.22270710834608218,1.0223260276607833
0.21833333333333335,11.153969250048036,0.9294312677534128,-0.5706866068440304,0.22355898217378453,1.022170924589117
0.21916666666666668,11.158397080309062,0.9289550999641218,-0.5721155982304141,0.22441072616273855,1.022014413903702
0.22,11.162842028512955,0.9284777425651194,-0.5735416778870494,0.22526233913800692,1.0218564909524792
0.22083333333333335,11.167304088244656,0.9279991979634762,-0.5749648923311423,0.22611381992069932,1.0216971509000663
0.22166666666666668,11.17178325276737,0.9275194685274367,-0.5763852882292453,0.2269651673278192,1.0215363887272078
0.2225,11.176279515019921,0.9270385565862946,-0.5778029123957248,0.22781638017211067,1.0213741992302299
0.22333333333333336,11.180792867614256,0.9265564644302711,-0.5792178117912303,0.2286674572619043,1.0212105770205
0.22416666666666668,11.18532330283292,0.9260731943103926,-0.5806300335211634,0.2295183974009629,1.0210455165238905
0.225,11.189870812626433,0.9255887484383716,-0.5820396248341453,0.23036919938832673,1.0208790119802458
0.22583333333333336,11.194435388610941,0.9251031289864874,-0.5834466331204875,0.23121986201815828,1.0207110574428537
0.22666666666666668,11.19901702206562,0.9246163380874686,-0.5848511059106598,0.2320703840795865,1.0205416467779227
0.2275,11.203615703930252,0.9241283778343772,-0.5862530908737603,0.23292076435655082,1.0203707736640604
0.22833333333333336,11.20823142480284,0.9236392502804932,-0.5876526358159855,0.23377100162764453,1.0201984315917587
0.22916666666666669,11.21286417493713,0.9231489574392016,-0.5890497886791004,0.23462109466595776,1.020024613862882
0.23,11.217513944240249,0.9226575012838794,-0.590444597538909,0.23547104223892024,1.019849313590159
0.23083333333333333,11.222180722270318,0.9221648837477845,-0.5918371106037261,0.23632084310814327,1.0196725236966804
0.2316666666666667,11.226864498234121,0.9216711067239467,-0.5932273762128485,0.2371704960292618,1.019494236915399
0.2325,11.231565260984778,0.9211761720650581,-0.5946154428350274,0.23801999975177532,1.0193144457886338
0.23333333333333334,11.236282999019418,0.9206800815833666,-0.5960013590669417,0.23886935301888917,1.0191331426675805
0.2341666666666667,11.241017700476888,0.9201828370505696,-0.5973851736316711,0.23971855456735502,1.0189503197118235
0.23500000000000001,11.24576935313552,0.9196844401977092,-0.5987669353771706,0.24056760312731068,1.0187659688888533
0.23583333333333334,11.25053794441086,0.9191848927150696,-0.6001466932747457,0.24141649742212026,1.0185800819735875
0.2366666666666667,11.255323461353475,0.9186841962520739,-0.6015244964175277,0.24226523616821316,1.018392650547897
0.23750000000000002,11.260125890646725,0.9181823524171839,-0.6029003940189513,0.243113818074923,1.0182036660001348
0.23833333333333334,11.264945218604618,0.9176793627778008,-0.6042744354112313,0.2439622418443264,1.0180131195246693
0.2391666666666667,11.269781431169612,0.9171752288601663,-0.6056466700438414,0.2448105061710809,1.0178210021214225
0.24000000000000002,11.274634513910527,0.9166699521492664,-0.607017147481994,0.24565860974226267,1.0176273045954118
0.24083333333333334,11.279504452020415,0.916163534088735,-0.6083859174051203,0.246506551237204,1.017432017556295
0.24166666666666667,11.284391230314489,0.9156559760807603,-0.6097530296053519,0.24735432932733026,1.0172351314179207
0.24250000000000002,11.289294833228006,0.9151472794859915,-0.6111185339860044,0.24820194267599655,1.0170366363978822
0.24333333333333335,11.294215244814286,0.9146374456234466,-0.6124824805600595,0.24904938993832373,1.0168365225170752
0.24416666666666667,11.299152448742685,0.9141264757704227,-0.6138449194486519,0.24989666976103456,1.0166347795992605
0.24500000000000002,11.30410642829654,0.9136143711624063,-0.6152059008795547,0.250743780782289,1.0164313972706287
0.24583333333333335,11.309077166371273,0.9131011329929858,-0.6165654751856672,0.25159072163151935,1.0162263649593715
0.24666666666666667,11.314064645472365,0.9125867624137645,-0.6179236928035037,0.2524374909292653,1.0160196718952554
0.24750000000000003,11.319068847713478,0.9120712605342759,-0.6192806042716843,0.2532840872870079,1.0158113071092003
0.24833333333333335,11.324089754814533,0.9115546284218996,-0.6206362602294265,0.25413050930700387,1.0156012594328607
0.24916666666666668,11.32912734809983,0.9110368671017784,-0.6219907114150386,0.25497675558211946,1.0153895174982126
0.25,11.334181608495895,0.9105179775567098,-0.6233440086643954,0.2558228246956666,1.0151760697371266
0.25083333333333335,11.339252516529557,0.9099979607270577,-0.6246962029093939,0.2566687152212378,1.0149609043809633
0.2516666666666667,11.344340052326796,0.9094768175107387,-0.6260473451765021,0.25751442572253136,1.01474400946021
0.2525,11.349444195610612,0.9089545487631085,-0.6273974865852575,0.2583599547531866,1.0145253728040546
0.25333333333333335,11.35456492569924,0.9084311552968848,-0.6287466783467628,0.2592053008566167,1.0143049820399903
0.2541666666666667,11.359702221504307,0.9079066378820708,-0.6300949717621827,0.26005046256583964,1.0140828245934268
0.255,11.36485606152921,0.9073809972458823,-0.6314424182212437,0.2608954384033104,1.0138588876873031
0.25583333333333336,11.37002642386736,0.906854234072673,-0.6327890692007351,0.261740226880752,1.0136331583417073
0.2566666666666667,11.375213286200491,0.9063263490038639,-0.6341349762630101,0.26258482649898574,1.0134056233734963
0.2575,11.380416625796993,0.9057973426378718,-0.6354801910544912,0.2634292357477624,1.0131762693959232
0.25833333333333336,11.385636419510302,0.9052672155300406,-0.6368247653041746,0.2642734531055921,1.0129450828182658
0.25916666666666666,11.39087264377724,0.9047359681925728,-0.638168750822138,0.2651174770395741,1.0127120498454603
0.26,11.396125274616445,0.9042036010944623,-0.6395121994980484,0.2659613060052268,1.0124771564777388
0.26083333333333336,11.401394287626802,0.9036701146614293,-0.6408551632996731,0.2668049384463164,1.01224038851027
0.26166666666666666,11.40667965798586,0.9031355092758557,-0.6421976942713903,0.2676483727946864,1.0120017315328051
0.2625,11.411981360448321,0.9025997852767214,-0.6435398445327039,0.268491607470086,1.0117611709293257
0.26333333333333336,11.41729936934457,0.9020629429595428,-0.6448816662767567,0.2693346408799986,1.0115186918776968
0.26416666666666666,11.4226336585791,0.9015249825763124,-0.6462232117688476,0.2701774714194697,1.0112742793493243
0.265,11.42798420162914,0.9009859043354382,-0.6475645333449489,0.27102009747093514,1.0110279181088138
0.26583333333333337,11.433350971543193,0.9004457084016867,-0.6489056834102264,0.2718625174040481,1.010779592713637
0.26666666666666666,11.438733940939596,0.8999043948961246,-0.650246714437559,0.27270472957550673,1.0105292875137974
0.2675,11.444133082005123,0.8993619638960639,-0.6515876789660624,0.273546732328881,1.0102769866515053
0.26833333333333337,11.449548366493671,0.8988184154350072,-0.6529286295996117,0.2743885239944393,1.0100226740608511
0.26916666666666667,11.45497976572482,0.8982737495025936,-0.6542696190053675,0.275230102888975,1.009766333467486
0.27,11.46042725058263,0.8977279660445476,-0.6556106999123024,0.27607146731563265,1.0095079483883065
0.27083333333333337,11.465890791514209,0.8971810649626273,-0.656951925109729,0.2769126155637337,1.0092475021311398
0.27166666666666667,11.471370358528498,0.8966330461145753,-0.6582933474458301,0.27775354590860224,1.008984977794437
0.2725,11.476865921195047,0.8960839093140699,-0.6596350198261898,0.27859425661139053,1.0087203582669677
0.2733333333333334,11.482377448642676,0.8955336543306781,-0.6609769952123258,0.2794347459189038,1.008453626227518
0.27416666666666667,11.487904909558395,0.8949822808898094,-0.6623193266202234,0.2802750120634255,1.008184764144595
0.275,11.493448272186082,0.8944297886726709,-0.6636620671188721,0.2811150532625416,1.0079137542761307
0.2758333333333334,11.499007504325428,0.8938761773162239,-0.6650052698288008,0.2819548677189653,1.0076405786691964
0.27666666666666667,11.504582573330696,0.893321446413142,-0.6663489879206176,0.28279445362036076,1.0073652191597133
0.2775,11.51017344610968,0.8927655955117689,-0.6676932746135492,0.28363380913916775,1.007087657372173
0.2783333333333334,11.515780089122554,0.8922086241160794,-0.6690381831739819,0.28447293243242455,1.0068078747193578
0.2791666666666667,11.5214024683808,0.89165053168564,-0.6703837669140041,0.28531182164159163,1.0065258524020682
0.28,11.52704054944618,0.8910913176355721,-0.6717300791899512,0.2861504748923754,1.0062415714088506
0.2808333333333333,11.53269429742968,0.8905309813365155,-0.6730771734009499,0.2869888902945503,1.0059550125157328
0.2816666666666667,11.538363676990475,0.8899695221145929,-0.6744251029874657,0.2878270659417826,1.0056661562859597
0.28250000000000003,11.544048652335016,0.8894069392513767,-0.6757739214298508,0.2886649999114521,1.0053749830697343
0.2833333333333333,11.549749187215994,0.8888432319838558,-0.677123682246894,0.2895026902644749,1.005081473003964
0.2841666666666667,11.555465244931437,0.8882783995044047,-0.6784744389943711,0.29034013504512574,1.0047856060120084
0.28500000000000003,11.561196788323763,0.887712440960753,-0.6798262452635978,0.29117733228085946,1.004487361803431
0.28583333333333333,11.566943779778875,0.8871453554559564,-0.6811791546799827,0.29201427998213303,1.004186719873757
0.2866666666666667,11.572706181225334,0.886577142048369,-0.6825332209015831,0.2928509761422273,1.0038836595042333
0.28750000000000003,11.57848395413347,0.8860077997516168,-0.6838884976176605,0.29368741873706783,1.003578159761591
0.28833333333333333,11.584277059514536,0.8854373275345724,-0.6852450385472387,0.2945236057250463,1.0032701994978146
0.2891666666666667,11.590085457919926,0.88486572432133,-0.6866028974376632,0.29535953504684187,1.002959757349913
0.29000000000000004,11.595909109440383,0.8842929889911841,-0.6879621280631607,0.2961952046252411,1.0026468117396952
0.29083333333333333,11.601747973705216,0.8837191203786061,-0.6893227842234011,0.2970306123649594,1.0023313408735486
0.2916666666666667,11.607602009881585,0.8831441172732245,-0.6906849197420611,0.297865756152461,1.0020133227422228
0.29250000000000004,11.61347117667374,0.8825679784198059,-0.6920485884653873,0.29870063385577916,1.0016927351206164
0.29333333333333333,11.619355432322385,0.8819907025182362,-0.6934138442607626,0.29953524332433634,1.001369555567567
0.2941666666666667,11.625254734603924,0.8814122882235038,-0.6947807410152728,0.3003695823887643,1.0010437614256453
0.29500000000000004,11.631169040829846,0.8808327341456843,-0.6961493326342747,0.30120364886072365,1.0007153298209543
0.29583333333333334,11.637098307846138,0.8802520388499258,-0.6975196730399654,0.3020374405327231,1.0003842376629302
0.2966666666666667,11.643042492032565,0.8796702008564349,-0.6988918161699538,0.30287095517793955,1.0000504616441488
0.29750000000000004,11.649001549302184,0.8790872186404657,-0.7002658159758308,0.30370419055003683,0.9997139782401344
0.29833333333333334,11.654975435100695,0.878503090632308,-0.7016417264217445,0.30453714438298496,0.9993747637091734
0.2991666666666667,11.660964104405984,0.877917815217278,-0.7030196014829735,0.3053698143908793,0.9990327940921314
0.30000000000000004,11.666967511727503,0.8773313907357093,-0.7043994951445027,0.30620219826775885,0.9986880452122737
0.30083333333333334,11.672985611105826,0.8767438154829462,-0.7057814613995971,0.30703429368742513,0.9983404926750896
0.3016666666666667,11.679018356111897,0.876155087709321,-0.707165554248248,0.30786609830325096,0.9979901118681036
0.30250000000000005,11.685065699846822,0.8755652056201619,-0.7085518276958638,0.30869760974801064,0.9976368779607506
0.30333333333333334,11.691127594941518,0.8749741673757961,-0.7099403357518979,0.3095288256336993,0.9972807659041978
0.3041666666666667,11.69720399355617,0.8743819710915426,-0.7113311324283812,0.310359743551347,0.9969217504311709
0.305,11.703294847379864,0.8737886148377108,-0.7127242717384991,0.3111903610708361,0.9965598060558005
0.30583333333333335,11.709400107630223,0.8731940966395995,-0.7141198076951697,0.31202067574071957,0.99619490707347
0.3066666666666667,11.715519725053007,0.8725984144774982,-0.7155177943096229,0.3128506850880385,0.9958270275606698
0.3075,11.721653649921802,0.8720015662866886,-0.7169182855899798,0.3136803866181398,0.9954561413748525
0.30833333333333335,11.727801832037711,0.8714035499574475,-0.7183213355398337,0.31450977781449346,0.9950822221542943
0.3091666666666667,11.733964220729053,0.8708043633350515,-0.7197269981568302,0.3153388561385101,0.9947052433179587
0.31,11.740140764851127,0.8702040042197824,-0.7211353274312501,0.31616761902935786,0.9943251780653647
0.31083333333333335,11.746331412785901,0.8696024703669335,-0.7225463773445914,0.31699606390377993,0.9939419993764582
0.3116666666666667,11.752536112441838,0.8689997594868177,-0.7239602018681522,0.31782418815591124,0.9935556800114888
0.3125,11.758754811253668,0.8683958692447769,-0.7253768549616139,0.31865198915709525,0.9931661925108877
0.31333333333333335,11.76498745618217,0.867790797261191,-0.7267963905716255,0.3194794642557012,0.9927735091951526
0.3141666666666667,11.771233993714079,0.867184541111491,-0.7282188626303875,0.32030661077694006,0.9923776021647346
0.315,11.777494369861872,0.8665770983261702,-0.7296443250542368,0.3211334260226818,0.9919784432999292
0.31583333333333335,11.783768530163695,0.865968466390799,-0.7310728317422315,0.3219599072712716,0.991576004260772
0.3166666666666667,11.7900564196832,0.8653586427460389,-0.7325044365747361,0.32278605177734626,0.9911702564869375
0.3175,11.796357983009546,0.8647476247876595,-0.7339391934120066,0.3236118567716503,0.9907611711976426
0.31833333333333336,11.802673164257248,0.8641354098665553,-0.7353771560927767,0.3244373194608526,0.9903487193915536
0.3191666666666667,11.809001907066202,0.8635219952887647,-0.7368183784328425,0.3252624370273624,0.9899328718466973
0.32,11.815344154601625,0.8629073783154892,-0.7382629142236489,0.32608720662914525,0.9895135991203766
0.32083333333333336,11.821699849554077,0.8622915561631149,-0.7397108172308752,0.32691162539953916,0.9890908715490895
0.3216666666666667,11.82806893413948,0.861674526003234,-0.74116214119302,0.3277356904470706,0.9886646592484523
0.3225,11.834451350099132,0.8610562849626683,-0.7426169398199881,0.32855939885527025,0.9882349321131271
0.32333333333333336,11.840847038699815,0.8604368301234938,-0.7440752667916746,0.32938274768248893,0.9878016598167536
0.3241666666666667,11.847255940733831,0.8598161585230663,-0.7455371757565505,0.33020573396171327,0.9873648118118846
0.325,11.853677996519139,0.8591942671540479,-0.7470027203302481,0.33102835470038156,0.9869243573299253
0.32583333333333336,11.860113145899442,0.8585711529644354,-0.7484719540941454,0.33185060688019946,0.986480265381078
0.32666666666666666,11.866561328244359,0.8579468128575893,-0.7499449305939498,0.3326724874569553,0.9860325047542897
0.3275,11.873022482449592,0.857321243692264,-0.7514217033382836,0.3334939933603363,0.9855810440172045
0.32833333333333337,11.879496546937068,0.8566944422826399,-0.7529023257972657,0.3343151214937434,0.9851258515161199
0.32916666666666666,11.885983459655185,0.8560664053983553,-0.7543868514010957,0.33513586873410717,0.984666895375948
0.33,11.892483158079013,0.8554371297645408,-0.7558753335386363,0.33595623193170354,0.98420414350018
0.33083333333333337,11.898995579210556,0.8548066120618544,-0.757367825555995,0.3367762079099687,0.9837375635708555
0.33166666666666667,11.905520659578958,0.8541748489265175,-0.758864380755105,0.33759579346531493,0.9832671230485364
0.3325,11.912058335240893,0.8535418369503527,-0.760365052392307,0.33841498536694603,0.9827927891722836
0.33333333333333337,11.918608541780735,0.852907572680822,-0.7618698936769274,0.33923378035667245,0.9823145289596404
0.33416666666666667,11.925171214311,0.8522720526210665,-0.7633789577698586,0.340052175148727,0.9818323092066185
0.335,11.931746287472597,0.8516352732299481,-0.764892297782137,0.34087016642958023,0.9813460964876877
0.3358333333333334,11.938333695435272,0.8509972309220907,-0.7664099667735198,0.3416877508577556,0.9808558571557727
0.33666666666666667,11.944933371897882,0.850357922067924,-0.7679320177510621,0.34250492506364494,0.9803615573422516
0.3375,11.951545250088948,0.8497173429937281,-0.7694585036676921,0.3433216856493241,0.9798631629569599
0.3383333333333334,11.9581692627669,0.8490754899816787,-0.7709894774207853,0.34413802918836794,0.9793606396881988
0.33916666666666667,11.964805342220648,0.8484323592698941,-0.772524991850738,0.34495395222566616,0.9788539530027484
0.34,11.97145342026999,0.8477879470524836,-0.7740650997395399,0.34576945127723846,0.9783430681458842
0.3408333333333334,11.978113428266097,0.8471422494795957,-0.7756098538093447,0.3465845228300501,0.9778279501413996
0.3416666666666667,11.984785297092014,0.8464952626574698,-0.7771593067210396,0.34739916334182724,0.9773085637916309
0.3425,11.991468957163166,0.8458469826484861,-0.7787135110728151,0.3482133692408727,0.9767848736774891
0.3433333333333334,11.998164338427904,0.8451974054712197,-0.7802725193987305,0.3490271369258813,0.9762568441584947
0.3441666666666667,12.004871370368056,0.8445465271004937,-0.7818363841672815,0.3498404627657552,0.9757244393728167
0.34500000000000003,12.01158998199953,0.8438943434674341,-0.7834051577799632,0.3506533430994202,0.975187623237318
0.3458333333333334,12.018320101872845,0.8432408504595263,-0.7849788925698341,0.35146577423564057,0.9746463594476034
0.3466666666666667,12.02506165807381,0.8425860439206728,-0.7865576408000766,0.3522777524528352,0.9741006114780735
0.34750000000000003,12.031814578224111,0.8419299196512506,-0.7881414546625581,0.35308927399889345,0.9735503425819824
0.34833333333333333,12.038578789481976,0.8412724734081719,-0.789730386276388,0.35390033509099034,0.9729955157915005
0.3491666666666667,12.045354218542844,0.8406137009049444,-0.7913244876864753,0.3547109319154031,0.9724360939177816
0.35000000000000003,12.052140791640065,0.8399535978117336,-0.7929238108620827,0.35552106062732647,0.9718720395510356
0.35083333333333333,12.058938434545587,0.8392921597554259,-0.7945284076953801,0.35633071735068905,0.971303315060604
0.3516666666666667,12.065747072570696,0.8386293823196941,-0.7961383299999942,0.35713989817796904,0.9707298825950417
0.35250000000000004,12.072566630567277,0.8379652610451206,-0.7977536295094684,0.3579485991699987,0.9701517040822011
0.35333333333333333,12.079397032927943,0.8372997914291919,-0.7993743578758894,0.3587568163557941,0.9695687412293597
0.3541666666666667,12.086238203586788,0.8366329689263617,-0.801000566668464,0.35956454573237334,0.9689809555232909
0.35500000000000004,12.093090066020421,0.8359647889481462,-0.8026323073720265,0.3603717832645682,0.9683883082303572
0.35583333333333333,12.099952543248758,0.8352952468631947,-0.8042696313855775,0.3611785248848403,0.9677907603966179
0.3566666666666667,12.106825557835862,0.8346243379973617,-0.8059125900208203,0.3619847664930983,0.9671882728479426
0.35750000000000004,12.113709031890863,0.8339520576337798,-0.8075612345006931,0.3627905039565135,0.9665808061901291
0.35833333333333334,12.12060288706879,0.8332784010129339,-0.8092156159579008,0.3635957331093374,0.9659683208090262
0.3591666666666667,12.127507044571482,0.8326033633327374,-0.8108757854334437,0.3644004497527181,0.9653507768706616
0.36000000000000004,12.134421425148513,0.8319269397486083,-0.8125417938751427,0.36520464965451715,0.9647281343213756
0.36083333333333334,12.141345949098136,0.8312491253735478,-0.8142136921361626,0.3660083285491267,0.9641003528879577
0.3616666666666667,12.148280536268253,0.8305699152782191,-0.8158915309735332,0.3668114821372865,0.963467392077791
0.36250000000000004,12.15522510605734,0.8298893044910288,-0.8175753610466661,0.36761410608590117,0.9628292111789994
0.36333333333333334,12.162179577415534,0.8292072879982081,-0.8192652329158701,0.3684161960278576,0.9621857692606024
0.3641666666666667,12.169143868845568,0.8285238607438963,-0.8209611970408629,0.3692177475618423,0.961537025172672
0.36500000000000005,12.17611789840385,0.8278390176302248,-0.8226633037792798,0.3700187562521591,0.9608829375464988
0.36583333333333334,12.183101583701502,0.8271527535174032,-0.8243716033851792,0.3708192176285467,0.9602234647947595
0.3666666666666667,12.190094841905461,0.8264650632238061,-0.8260861460075462,0.3716191271859971,0.9595585651116929
0.36750000000000005,12.197097589739496,0.8257759415260606,-0.8278069816887903,0.3724184803845728,0.9588881964732799
0.36833333333333335,12.20410974348544,0.825085383159137,-0.8295341603632429,0.3732172726492256,0.958212316637429
0.3691666666666667,12.211131218984194,0.8243933828164385,-0.8312677318556492,0.37401549936961487,0.9575308831441675
0.37000000000000005,12.218161931637004,0.8236999351498935,-0.8330077458796576,0.3748131558999258,0.9568438533158387
0.37083333333333335,12.225201796406528,0.8230050347700487,-0.8347542520363053,0.3756102375586882,0.9561511842573043
0.3716666666666667,12.232250727818057,0.8223086762461642,-0.8365072998125008,0.37640673962859544,0.9554528328561523
0.3725,12.23930863996074,0.8216108541063085,-0.8382669385795017,0.37720265735632325,0.9547487557829115
0.37333333333333335,12.246375446488818,0.8209115628374563,-0.8400332175913903,0.37799798595234924,0.9540389094912708
0.3741666666666667,12.253451060622846,0.8202107968855861,-0.8418061859835434,0.3787927205907719,0.9533232502183044
0.375,12.260535395150939,0.8195085506557808,-0.8435858927711003,0.3795868564091304,0.9526017339847045
0.37583333333333335,12.267628362430138,0.8188048185123276,-0.8453723868474258,0.38038038850822453,0.9518743165950169
0.3766666666666667,12.274729874387615,0.818099594778821,-0.8471657169825689,0.38117331195193416,0.9511409536378858
0.3775,12.281839842522054,0.817392873738266,-0.848965931821718,0.38196562176704,0.9504016004863023
0.37833333333333335,12.288958177905029,0.8166846496331825,-0.850773079883652,0.38275731294304377,0.9496562122978603
0.3791666666666667,12.29608479118223,0.8159749166657122,-0.8525872095591869,0.3835483804319886,0.9489047440150177
0.38,12.303219592575044,0.8152636689977254,-0.8544083691096174,0.38433881914828016,0.9481471503653641
0.38083333333333336,12.310362491881751,0.8145509007509292,-0.8562366066651563,0.3851286239685078,0.9473833858618952
0.3816666666666667,12.317513398479093,0.8138366060069787,-0.858071970223367,0.38591778973126534,0.9466134048032923
0.3825,12.324672221323645,0.813120778807587,-0.8599145076475926,0.3867063112369732,0.9458371612742094
0.38333333333333336,12.331838868953282,0.8124034131546384,-0.8617642666653811,0.38749418324769996,0.9450546091455652
0.3841666666666667,12.339013249488683,0.8116845030103021,-0.8636212948669043,0.38828140048698423,0.9442657020748437
0.385,12.346195270634784,0.8109640422971472,-0.8654856397033734,0.389067957639657,0.9434703935063986
0.38583333333333336,12.353384839682324,0.8102420248982594,-0.8673573484854497,0.38985384935166445,0.9426686366717663
0.3866666666666667,12.360581863509392,0.8095184446573581,-0.8692364683816489,0.3906390702298903,0.941860384589984
0.3875,12.367786248582947,0.8087932953789164,-0.8711230464167428,0.3914236148419793,0.941045590067916
0.38833333333333336,12.374997900960407,0.8080665708282806,-0.8730171294701543,0.39220747771616027,0.9402242057005847
0.3891666666666667,12.382216726291235,0.8073382647317924,-0.8749187642743478,0.3929906533410699,0.93939618387151
0.39,12.389442629818596,0.8066083707769113,-0.8768279974132144,0.3937731361655765,0.9385614767530545
0.39083333333333337,12.396675516380935,0.8058768826123396,-0.8787448753204525,0.3945549205986044,0.9377200363067754
0.3916666666666667,12.403915290413643,0.8051437938481472,-0.8806694442779422,0.39533600100895827,0.9368718142837841
0.3925,12.411161855950743,0.8044090980558992,-0.8826017504141145,0.39611637172514785,0.9360167622251121
0.39333333333333337,12.418415116626564,0.8036727887687836,-0.884541839702316,0.39689602703521326,0.9351548314620832
0.39416666666666667,12.425674975677454,0.8029348594817411,-0.8864897579591666,0.39767496118655016,0.9342859731166945
0.395,12.432941335943518,0.8021953036515957,-0.8884455508429134,0.3984531683857357,0.9334101381020019
0.39583333333333337,12.44021409987036,0.8014541146971873,-0.8904092638517771,0.39923064279835424,0.9325272771225155
0.39666666666666667,12.447493169510834,0.8007112859995047,-0.8923809423222938,0.4000073785488239,0.9316373406745996
0.3975,12.454778446526873,0.7999668109018206,-0.8943606314276514,0.4007833697202233,0.9307402790468814
0.3983333333333334,12.462069832191245,0.7992206827098282,-0.8963483761760189,0.40155861035411844,0.9298360423206666
0.39916666666666667,12.469367227389425,0.7984728946917776,-0.8983442214088705,0.4023330944503899,0.928924580370362
0.4,12.47667053262139,0.7977234400786156,-0.9003482117993041,0.403106815967061,0.9280058428639052
0.4008333333333334,12.483979648003539,0.7969723120641256,-0.9023603918503528,0.4038797688201254,0.9270797792632027
0.40166666666666667,12.491294473270733,0.7962195038050877,-0.9043808058932933,0.4046519468833753,0.926146338824569
0.4025,12.498614907779077,0.7954650084215077,-0.9064094980859557,0.4054233439882297,0.9252054705991689
0.4033333333333334,12.50594085050625,0.7947088189965978,-0.9084465124109913,0.40619395392356555,0.9242571234335352
0.4041666666666667,12.513272200053965,0.793950928576979,-0.9104918926741712,0.40696377043554716,0.9233012459699986
0.405,12.520608854650082,0.7931913301728428,-0.9125456825026699,0.407732787227456,0.9223377866471604
0.4058333333333334,12.527950712150652,0.7924300167581018,-0.9146079253433379,0.40850099795952083,0.921366693700378
0.4066666666666667,12.535297670041896,0.7916669812705389,-0.9166786644609695,0.40926839624874894,0.9203879151622595
0.40750000000000003,12.542649625442278,0.7909022166119608,-0.9187579429365629,0.41003497566875746,0.9194013988631637
0.4083333333333334,12.55000647510452,0.7901357156483508,-0.9208458036655739,0.4108007297496045,0.9184070924317111
0.4091666666666667,12.557368115417717,0.7893674712100244,-0.9229422893561627,0.41156565197762185,0.9174049432953004
0.41000000000000003,12.564734442409453,0.7885974760917855,-0.9250474425274348,0.412329735795247,0.9163948986806341
0.4108333333333334,12.572105351747899,0.787825723053085,-0.9271613055076726,0.4130929746008566,0.915376905614252
0.4116666666666667,12.579480738743953,0.7870522048181801,-0.9292839204325629,0.4138553617485993,0.9143509109230741
0.41250000000000003,12.586860498353454,0.7862769140762954,-0.9314153292434156,0.41461689054823025,0.9133168612349492
0.4133333333333334,12.59424452517935,0.7854998434817863,-0.9335555736853753,0.4153775542649449,0.9122747029792149
0.4141666666666667,12.601632713473885,0.7847209856543018,-0.9357046953056259,0.4161373461192138,0.9112243823872643
0.41500000000000004,12.609024957140875,0.7839403331789516,-0.9378627354515893,0.4168962592866185,0.9101658454931212
0.41583333333333333,12.616421149737919,0.7831578786064723,-0.9400297352691132,0.4176542868976864,0.9090990381340254
0.4166666666666667,12.623821184478722,0.7823736144533967,-0.9422057357006558,0.4184114220377278,0.9080239059510247
0.41750000000000004,12.631224954235403,0.7815875332022237,-0.9443907774834601,0.41916765774667203,0.9069403943895776
0.41833333333333333,12.638632351540759,0.7807996273015907,-0.9465849011477209,0.41992298701890507,0.9058484487001643
0.4191666666666667,12.64604326859066,0.7800098891664462,-0.9487881470147457,0.4206774028031072,0.9047480139389056
0.42000000000000004,12.653457597246415,0.7792183111782252,-0.9510005551951062,0.42143089800209144,0.9036390349681923
0.42083333333333334,12.660875229037176,0.7784248856850255,-0.9532221655867827,0.42218346547264185,0.9025214564573235
0.4216666666666667,12.668296055162273,0.7776296050017858,-0.9554530178733012,0.4229350980253536,0.9013952228831533
0.42250000000000004,12.67571996649378,0.7768324614104652,-0.9576931515218609,0.4236857884244726,0.9002602785307476
0.42333333333333334,12.68314685357887,0.7760334471602244,-0.9599426057814556,0.4244355293877355,0.8991165674940504
0.4241666666666667,12.690576606642338,0.7752325544676083,-0.9622014196809866,0.42518431358621156,0.8979640336765585
0.42500000000000004,12.69800911558914,0.7744297755167303,-0.9644696320273655,0.42593213364414356,0.8968026207920072
0.42583333333333334,12.705444270006854,0.7736251024594585,-0.9667472814036114,0.4266789821387902,0.895632272365065
0.4266666666666667,12.712881959168303,0.7728185274156024,-0.9690344061669389,0.42742485160026905,0.8944529317320372
0.42750000000000005,12.720322072034081,0.7720100424731029,-0.9713310444468369,0.42816973451139945,0.8932645420415809
0.42833333333333334,12.727764497255189,0.7711996396882222,-0.9736372341431394,0.42891362330754684,0.8920670462554289
0.4291666666666667,12.73520912317565,0.7703873110857363,-0.9759530129240893,0.42965651037646724,0.8908603871491234
0.43000000000000005,12.742655837835146,0.7695730486591288,-0.9782784182243908,0.4303983880581523,0.8896445073127607
0.43083333333333335,12.750104528971729,0.7687568443707864,-0.9806134872432549,0.43113924864467507,0.8884193491517451
0.4316666666666667,12.757555084024444,0.7679386901521956,-0.9829582569424374,0.43187908438003675,0.8871848548875534
0.43250000000000005,12.765007390136153,0.7671185779041421,-0.9853127640442645,0.43261788746001323,0.88594096655851
0.43333333333333335,12.77246133415619,0.7662964994969105,-0.9876770450296527,0.43335565003200327,0.8846876260205717
0.4341666666666667,12.779916802643175,0.765472446770486,-0.9900511361361193,0.43409236419487673,0.8834247749481235
0.43500000000000005,12.787373681867827,0.7646464115347588,-0.992435073355782,0.43482802199882337,0.8821523548347853
0.43583333333333335,12.794831857815717,0.7638183855697285,-0.994828892433351,0.4355626154452028,0.8808703069942277
0.4366666666666667,12.802291216190183,0.7629883606257112,-0.9972326288641131,0.43629613648639487,0.8795785725610008
0.43750000000000006,12.809751642415158,0.762156328423548,-0.9996463178919028,0.43702857702565057,0.8782770924913714
0.43833333333333335,12.817213021638077,0.7613222806548149,-1.0020699945070677,0.43775992891694376,0.8769658075641734
0.4391666666666667,12.824675238732807,0.7604862089820349,-1.0045036934444236,0.4384901839648239,0.8756446583816668
0.44,12.832138178302555,0.7596481050388911,-1.0069474491811987,0.43921933392426893,0.8743135853704104
0.44083333333333335,12.83960172468287,0.758807960430442,-1.0094012959349699,0.4399473705005393,0.8729725287821427
0.4416666666666667,12.847065761944654,0.7579657667333379,-1.0118652676615894,0.44067428534903247,0.8716214286946766
0.4425,12.854530173897091,0.7571215154960398,-1.0143393980530997,0.4414000700751382,0.8702602250128042
0.44333333333333336,12.861994844090834,0.7562751982390391,-1.0168237205356427,0.44212471623409505,0.8688888574692122
0.4441666666666667,12.869459655820949,0.7554268064550795,-1.0193182682673543,0.44284821533084656,0.8675072656254109
0.445,12.876924492130064,0.7545763316093806,-1.0218230741362528,0.4435705588198992,0.8661153888726728
0.44583333333333336,12.884389235811483,0.7537237651398626,-1.024338170758116,0.44429173810518086,0.8647131664329833
0.4466666666666667,12.891853769412387,0.7528690984573757,-1.0268635904743502,0.44501174453989956,0.8633005373600022
0.4475,12.899317975237782,0.7520123229460028,-1.029399365349942,0.44573056942641215,0.8618774405399692
0.44833333333333336,12.906781735352864,0.7511534299632072,-1.0319455271712072,0.44644820401607643,0.8604438146927865
0.4491666666666667,12.914244931586026,0.7502924108400509,-1.0345021074436052,0.4471646395091114,0.8589995983730173
0.45,12.92170744553251,0.7494292568814602,-1.0370691373896057,0.44787986705446325,0.8575447299708622
0.45083333333333336,12.929169158557706,0.7485639593664625,-1.0396466479465087,0.44859387774966863,0.856079147713183
0.4516666666666667,12.936629951800427,0.7476965095484245,-1.0422346697642504,0.44930666264071917,0.8546027896645406
0.4525,12.94408970617631,0.7468268986552925,-1.0448332332032009,0.4500182127219263,0.853115593728243
0.45333333333333337,12.951548302381171,0.745955117889834,-1.047442368331953,0.45072851893578775,0.8516174976474064
0.4541666666666667,12.959005620894464,0.7450811584298824,-1.0500621049250962,0.45143757217285413,0.85010843900603
0.455,12.966461541982634,0.7442050114285815,-1.052692472460985,0.4521453632715968,0.8485883552300814
0.45583333333333337,12.973915945702664,0.7433266680146345,-1.0553335001194943,0.452851883018277,0.8470571835885957
0.4566666666666667,12.981368711905516,0.7424461192925528,-1.0579852167797636,0.4535571221468148,0.8455148611947885
0.4575,12.988819720239714,0.7415633563429075,-1.0606476510179326,0.45426107133866034,0.843961325007179
0.45833333333333337,12.996268850154864,0.7406783702225832,-1.0633208311048639,0.4549637212226651,0.8423965118307294
0.4591666666666667,13.00371598090525,0.7397911519650332,-1.066004785003857,0.4556650623749544,0.8408203583179952
0.46,13.011160991553455,0.7389016925805365,-1.06869954036835,0.4563650853188008,0.83923280097029
0.4608333333333334,13.018603760973987,0.7380099830564572,-1.071405124539612,0.4570637805244988,0.8376337761388629
0.46166666666666667,13.026044167857025,0.7371160143575056,-1.0741215645444213,0.4577611384092399,0.8360232200260903
0.4625,13.033482090712006,0.7362197774260012,-1.0768488870927386,0.4584571493369893,0.8344010686866802
0.4633333333333334,13.04091740787151,0.735321263182138,-1.079587118575362,0.4591518036183633,0.8327672580288915
0.46416666666666667,13.048349997494933,0.7344204625242513,-1.0823362850615759,0.4598450915105077,0.8311217238157665
0.465,13.055779737572305,0.7335173663290866,-1.0850964122967879,0.46053700321697744,0.8294644016663769
0.4658333333333334,13.06320650592814,0.7326119654520709,-1.0878675257001535,0.46122752888761703,0.8277952270570851
0.4666666666666667,13.070630180225333,0.7317042507275853,-1.0906496503621894,0.4619166586184421,0.826114135322819
0.4675,13.078050637968973,0.7307942129692399,-1.0934428110423775,0.4626043824515224,0.8244210616583605
0.4683333333333334,13.085467756510342,0.7298818429701512,-1.0962470321667546,0.4632906903748652,0.8227159411196501
0.4691666666666667,13.092881413050895,0.7289671315032209,-1.0990623378254936,0.4639755723223004,0.8209987086251047
0.47000000000000003,13.100291484646151,0.7280500693214162,-1.1018887517704712,0.4646590181733665,0.8192692989569501
0.4708333333333334,13.107697848209838,0.7271306471580539,-1.1047262974128254,0.4653410177531976,0.8175276467625691
0.4716666666666667,13.115100380517887,0.7262088557270844,-1.1075749978204998,0.4660215608324114,0.8157736865558642
0.47250000000000003,13.122498958212539,0.7252846857233792,-1.1104348757157798,0.4667006371269992,0.8140073527186348
0.4733333333333334,13.129893457806467,0.7243581278230203,-1.1133059534728111,0.46737823629821584,0.8122285795019698
0.4741666666666667,13.137283755686937,0.7234291726835909,-1.1161882531151128,0.46805434795247136,0.8104373010276564
0.47500000000000003,13.14466972812003,0.7224978109444683,-1.1190817963130757,0.4687289616412244,0.8086334512896024
0.4758333333333334,13.152051251254829,0.72156403322712,-1.1219866043814477,0.46940206686087566,0.8068169641552758
0.4766666666666667,13.159428201127694,0.7206278301354005,-1.1249026982768098,0.47007365305266335,0.8049877733671589
0.47750000000000004,13.166800453666546,0.7196891922558508,-1.1278300985950387,0.4707437096025598,0.803145812544218
0.4783333333333334,13.174167884695233,0.7187481101579996,-1.1307688255687574,0.4714122258411689,0.8012910151833904
0.4791666666666667,13.181530369937851,0.7178045743946677,-1.1337188990647746,0.472079191043625,0.7994233146610855
0.48000000000000004,13.188887785023162,0.7168585755022726,-1.1366803385815116,0.47274459442949335,0.7975426442347026
0.4808333333333334,13.19624000548903,0.7159101040011374,-1.1396531632464155,0.4734084251626711,0.7956489370441657
0.4816666666666667,13.203586906786878,0.7149591503957997,-1.1426373918133632,0.47407067235129025,0.7937421261134735
0.48250000000000004,13.210928364286195,0.7140057051753241,-1.1456330426600505,0.4747313250476215,0.791822144352266
0.48333333333333334,13.218264253279054,0.7130497588136168,-1.1486401337853702,0.47539037224797953,0.7898889245574086
0.4841666666666667,13.22559444898476,0.7120913017697406,-1.1516586828067779,0.4760478028926295,0.7879423994145907
0.48500000000000004,13.232918826554346,0.7111303244882348,-1.1546887069576437,0.476703605865695,0.7859825014999438
0.48583333333333334,13.240237261075308,0.7101668173994348,-1.1577302230845938,0.47735776999506696,0.7840091632816748
0.4866666666666667,13.247549627576246,0.7092007709197948,-1.1607832476448383,0.4780102840523146,0.7820223171217153
0.48750000000000004,13.254855801031564,0.7082321754522137,-1.1638477967034855,0.4786611367525971,0.780021895277391
0.48833333333333334,13.262155656366613,0.7072610213863881,-1.1669238859309081,0.4793103167545819,0.7780078299030477
0.4891666666666667,13.269449068462531,0.7062872990991546,-1.170011530600071,0.47995781266036297,0.7759800530517382
0.49000000000000005,13.276735912160415,0.7053109989547515,-1.1731107455836463,0.48060361301536286,0.7739384966770854
0.49083333333333334,13.284016062266451,0.7043321113051917,-1.1762215453513643,0.48124770630825814,0.7718830926349318
0.4916666666666667,13.291289393556957,0.7033506264905992,-1.1793439439672695,0.4818900809708987,0.7698137726850928
0.49250000000000005,13.298555780783314,0.7023665348395494,-1.1824779550869635,0.4825307253782282,0.7677304684931298
0.49333333333333335,13.305815098676954,0.7013798266694088,-1.1856235919548352,0.48316962784820666,0.7656331116321407
0.4941666666666667,13.313067221954352,0.70039049228668,-1.1887808674012792,0.4838067766417338,0.7635216335845677
0.49500000000000005,13.320312025322178,0.6993985219873471,-1.1919497938398993,0.4844421599625744,0.7613959657440248
0.49583333333333335,13.327549383482328,0.698403906057224,-1.1951303832647013,0.4850757659572848,0.7592560394171416
0.4966666666666667,13.334779171137123,0.6974066347723054,-1.1983226472472739,0.4857075827151416,0.7571017858254254
0.49750000000000005,13.342001262994511,0.6964066983991195,-1.2015265969339533,0.4863375982680708,0.7549331361071436
0.49833333333333335,13.349215533773243,0.6954040871950843,-1.2047422430429795,0.48696580059058,0.7527500213192228
0.4991666666666667,13.356421858208193,0.6943987914088647,-1.2079695958616372,0.48759217759969065,0.7505523724391661
0.5,13.363620111055647,0.6933908012807333,-1.211208665243384,0.48821671715487314,0.7483401203669919
0.5008333333333334,13.370810167098725,0.6923801070429326,-1.214459460604968,0.4888394070579829,0.7461131959271889
0.5016666666666667,13.377991901152635,0.6913666989200411,-1.2177219909235288,0.48946023505319813,0.7438715298706914
0.5025000000000001,13.385165188070262,0.6903505671293401,-1.22099626473369,0.4900791888269595,0.7416150528768737
0.5033333333333334,13.392329902747571,0.6893317018811838,-1.2242822901246366,0.4906962560079113,0.7393436955555643
0.5041666666666667,13.39948592012914,0.6883100933793722,-1.2275800747371781,0.4913114241668442,0.7370573884490788
0.505,13.406633115213745,0.6872857318215255,-1.2308896257608035,0.4919246808166403,0.7347560620342718
0.5058333333333334,13.413771363059935,0.6862586073994622,-1.2342109499307181,0.492536013412219,0.7324396467246121
0.5066666666666667,13.420900538791694,0.6852287102995783,-1.23754405352487,0.4931454093504849,0.7301080728722733
0.5075000000000001,13.428020517604162,0.68419603070323,-1.2408889423609646,0.4937528559702784,0.7277612707702471
0.5083333333333334,13.435131174769335,0.6831605587871183,-1.2442456217934639,0.4943583405523265,0.7253991706544768
0.5091666666666667,13.442232385641876,0.6821222847236772,-1.2476140967105744,0.49496185031919665,0.7230217027060103
0.51,13.449324025664911,0.6810811986814618,-1.2509943715312226,0.4955633724352517,0.720628797053173
0.5108333333333334,13.456405970375918,0.6800372908255425,-1.2543864502020148,0.496162894006607,0.7182203837737643
0.5116666666666667,13.463478095412631,0.6789905513178991,-1.2577903361941862,0.4967604020810893,0.7157963928972713
0.5125000000000001,13.47054027651902,0.6779409703178182,-1.261206032500537,0.49735588364819716,0.7133567544071058
0.5133333333333334,13.47759238955122,0.676888537982293,-1.2646335416323549,0.4979493256390639,0.710901398242861
0.5141666666666667,13.484634310483681,0.6758332444664262,-1.2680728656163232,0.49854071492642166,0.708430254302591
0.515,13.49166591541519,0.674775079923835,-1.2715240059914195,0.49913003832456815,0.7059432524451089
0.5158333333333334,13.498687080575014,0.6737140345070584,-1.2749869638057962,0.49971728258933457,0.7034403224923103
0.5166666666666667,13.50569768232912,0.6726500983679675,-1.278461739613653,0.5003024344180559,0.7009213942315147
0.5175000000000001,13.512697597186342,0.6715832616581789,-1.281948333472092,0.500885480449543,0.6983863974178313
0.5183333333333333,13.51968670180471,0.6705135145294695,-1.2854467449379625,0.5014664072640568,0.6958352617765451
0.5191666666666667,13.526664872997737,0.6694408471341937,-1.2889569730646928,0.5020452013832846,0.6932679170055254
0.52,13.53363198774081,0.6683652496257056,-1.2924790163991053,0.5026218492703175,0.6906842927776575
0.5208333333333334,13.54058792317758,0.6672867121587812,-1.296012872978222,0.5031963373296311,0.688084318743296
0.5216666666666667,13.547532556626399,0.6662052248900444,-1.2995585403260557,0.5037686519070675,0.6854679245327397
0.5225000000000001,13.554465765586894,0.6651207779783952,-1.3031160154503876,0.5043387792898192,0.682835039758731
0.5233333333333333,13.561387427746471,0.6640333615854412,-1.306685294839531,0.5049067057064155,0.6801855940189768
0.5241666666666667,13.568297420986875,0.6629429658759309,-1.3102663744590852,0.5054724173267112,0.6775195168986917
0.525,13.57519562339092,0.6618495810181904,-1.3138592497486696,0.5060359002618761,0.6748367379731666
0.5258333333333334,13.582081913249198,0.660753197184565,-1.3174639156186605,0.5065971405643892,0.6721371868103472
0.5266666666666667,13.588956169067197,0.6596538045518998,-1.3210803664470252,0.5071561242280431,0.6694207929733074
0.5275000000000001,13.595818269571602,0.6585513933019318,-1.3247085960758724,0.5077128371879284,0.6666874860230797
0.5283333333333333,13.602668093717199,0.6574459536217455,-1.3283485978081493,0.5082672653204334,0.6639371955212839
0.5291666666666667,13.609505520693805,0.6563374757042326,-1.3320003644043483,0.5088193944432503,0.661169851032769
0.53,13.616330429933283,0.6552259497485458,-1.3356638880791685,0.5093692103153769,0.6583853821283233
0.5308333333333334,13.623142701116548,0.6541113659605544,-1.339339160498168,0.5099166986371239,0.6555837183874029
0.5316666666666667,13.629942214180577,0.6529937145533034,-1.3430261727743995,0.510461845050123,0.6527647894008862
0.5325000000000001,13.636728849325529,0.6518729857474748,-1.3467249154650365,0.5110046351373374,0.6499285247738522
0.5333333333333333,13.643502487021859,0.6507491697718528,-1.3504353785679837,0.5115450544230745,0.6470748541283832
0.5341666666666667,13.650263008017596,0.64962225686379,-1.3541575515184778,0.5120830883730023,0.6442037071063891
0.535,13.657010293345497,0.6484922372696793,-1.357891423185672,0.5126187223941654,0.6413150133724606
0.5358333333333334,13.663744224330419,0.6473591012454255,-1.36163698186921,0.5131519418350066,0.6384087026167431
0.5366666666666667,13.670464682596624,0.646222839056922,-1.3653942152957876,0.5136827319853884,0.6354847045578371
0.5375000000000001,13.677171550075235,0.6450834409805299,-1.369163110615701,0.5142110780766185,0.6325429489457222
0.5383333333333333,13.683864709011669,0.6439408973035596,-1.3729436543993812,0.5147369652814768,0.6295833655647078
0.5391666666666667,13.690544041973132,0.642795198324755,-1.3767358326339203,0.5152603787142458,0.6266058842364065
0.54,13.697209431856146,0.6416463343547818,-1.380539630719579,0.5157813034307418,0.6236104348227361
0.5408333333333334,13.703860761894342,0.640494295716718,-1.384355033466286,0.516299724428351,0.6205969472289439
0.5416666666666667,13.71049791566584,0.6393390727465469,-1.3881820250901247,0.5168156266460664,0.6175653514066584
0.5425,13.717120777101242,0.6381806557936542,-1.3920205892098054,0.5173289949645273,0.6145155773569663
0.5433333333333333,13.723729230491235,0.6370190352213264,-1.395870708843129,0.5178398142060627,0.6114475551335143
0.5441666666666667,13.730323160494455,0.6358542014072539,-1.3997323664034318,0.5183480691347355,0.6083612148456402
0.545,13.736902452145447,0.6346861447440361,-1.4036055436960249,0.5188537444563912,0.6052564866615263
0.5458333333333334,13.74346699086251,0.6335148556396892,-1.4074902219146186,0.5193568248187074,0.6021333008113818
0.5466666666666667,13.750016662455684,0.6323403245181582,-1.4113863816377328,0.5198572948112473,0.5989915875906506
0.5475,13.756551353134839,0.6311625418198302,-1.4152940028250982,0.5203551389655156,0.5958312773632469
0.5483333333333333,13.763070949517763,0.629981498002052,-1.4192130648140453,0.5208503417550163,0.5926523005648148
0.5491666666666667,13.76957533863828,0.6287971835396503,-1.4231435463158775,0.5213428875953147,0.5894545877060197
0.55,13.776064407954504,0.6276095889254547,-1.4270854254122363,0.5218327608441006,0.5862380693758626
0.5508333333333334,13.782538045357022,0.6264187046708244,-1.4310386795514536,0.5223199458012552,0.5830026762450238
0.5516666666666667,13.788996139177303,0.6252245213061762,-1.4350032855448904,0.5228044267089206,0.5797483390692331
0.5525,13.795438578196006,0.6240270293815185,-1.4389792195632647,0.5232861877515723,0.5764749886926689
0.5533333333333333,13.80186525165139,0.6228262194669845,-1.4429664571329694,0.5237652130560939,0.5731825560513827
0.5541666666666667,13.80827604924785,0.6216220821533722,-1.4469649731323735,0.5242414866918552,0.5698709721767552
0.555,13.814670861164423,0.6204146080526851,-1.4509747417881158,0.5247149926707929,0.5665401681989776
0.5558333333333334,13.82104957806333,0.6192037877986764,-1.4549957366713855,0.5251857149474948,0.5631900753505613
0.5566666666666668,13.8274120910987,0.6179896120473968,-1.4590279306941913,0.5256536374192856,0.5598206249698778
0.5575,13.833758291925243,0.6167720714777452,-1.463071296105617,0.5261187439263172,0.5564317485047259
0.5583333333333333,13.84008807270695,0.6155511567920214,-1.4671258044880693,0.5265810182516611,0.5530233775159262
0.5591666666666667,13.846401326125966,0.6143268587164841,-1.471191426753509,0.5270404441214035,0.5495954436809489
0.56,13.852697945391455,0.6130991680019098,-1.4752681331396744,0.527497005204744,0.5461478787975659
0.5608333333333334,13.858977824248484,0.6118680754241561,-1.4793558932062927,0.5279506851140973,0.542680614787534
0.5616666666666666,13.865240856987297,0.6106335717847517,-1.4834546758313636,0.5284014674052049,0.5391935837001745
0.5625,13.871486938452225,0.6093956479114482,-1.4875644492073092,0.5288493355772388,0.5356867177162029
0.5633333333333334,13.877715964050493,0.6081542946587776,-1.4916851808370828,0.5292942730729066,0.5321599491515908
0.5641666666666667,13.883927829761603,0.6069095029086421,-1.4958168375303862,0.5297362632785704,0.5286132104612806
0.5650000000000001,13.89012243214651,0.6056612635708937,-1.4999593853998283,0.5301752895243641,0.5250464342430144
0.5658333333333334,13.896299668356935,0.6044095675839154,-1.504112789857076,0.5306113350843144,0.5214595532411915
0.5666666666666667,13.902459436144662,0.603154405915208,-1.5082770156089904,0.5310443831764636,0.5178525003507554
0.5675,13.908601633870912,0.6018957695619777,-1.5124520266537584,0.5314744169629984,0.5142252086211089
0.5683333333333334,13.914726160515835,0.6006336495517289,-1.5166377862770064,0.5319014195503778,0.5105776112600637
0.5691666666666667,13.920832915687926,0.5993680369428599,-1.52083425704791,0.532325373989469,0.5069096416378148
0.5700000000000001,13.92692179963373,0.5980989228252606,-1.5250414008152915,0.532746263275683,0.5032212332909475
0.5708333333333334,13.932992713247272,0.5968262983209146,-1.529259178703706,0.5331640703491152,0.4995123199264748
0.5716666666666667,13.939045558079883,0.5955501545845053,-1.5334875511095192,0.5335787780946893,0.4957828354259053
0.5725,13.945080236349884,0.594270482804023,-1.5377264776969768,0.5339903693423049,0.4920327138493391
0.5733333333333334,13.951096650952348,0.5929872742013776,-1.5419759173942598,0.5343988268669865,0.4882618894395999
0.5741666666666667,13.95709470546897,0.5917005200330138,-1.5462358283895339,0.5348041333890391,0.48447029662639274
0.5750000000000001,13.96307430417802,0.5904102115905288,-1.5505061681269892,0.5352062715742049,0.4806578700304953
0.5758333333333334,13.969035352064243,0.5891163402012943,-1.5547868933028697,0.5356052240338243,0.47682454446797995
0.5766666666666667,13.974977754828885,0.5878188972290821,-1.5590779598614921,0.5360009733250007,0.472970254954468
0.5775,13.980901418899842,0.586517874074691,-1.5633793229912616,0.5363935019507687,0.4690949367094124
0.5783333333333334,13.986806251441724,0.58521326217658,-1.5676909371206693,0.5367827923602652,0.46519852516041754
0.5791666666666667,13.992692160366143,0.5839050530115024,-1.5720127559142891,0.5371688269489051,0.46128095594758595
0.5800000000000001,13.998559054341836,0.5825932380951444,-1.5763447322687616,0.5375515880585602,0.45734216492789903
0.5808333333333334,14.004406842805134,0.5812778089827665,-1.580686818308771,0.537931057977742,0.4533820881796299
0.5816666666666667,14.010235435970198,0.5799587572698491,-1.5850389653830126,0.5383072189417872,0.4494006620067888
0.5825,14.016044744839569,0.5786360745927397,-1.5894011240601542,0.5386800531330489,0.4453978229435984
0.5833333333333334,14.021834681214568,0.5773097526293058,-1.593773244124785,0.539049542681089,0.4413735077590071
0.5841666666666667,14.027605157705867,0.5759797830995893,-1.5981552745733596,0.5394156696628768,0.43732765346122926
0.5850000000000001,14.033356087744158,0.5746461577664651,-1.6025471636101347,0.5397784161029898,0.4332601973023219
0.5858333333333333,14.039087385590697,0.5733088684363029,-1.6069488586430951,0.5401377639738185,0.4291710767827936
0.5866666666666667,14.044798966348118,0.5719679069596315,-1.6113603062798754,0.5404936951957762,0.42506022965624435
0.5875,14.050490745971171,0.570623265231809,-1.615781452323669,0.5408461916375108,0.42092759393404416
0.5883333333333334,14.056162641277586,0.5692749351936931,-1.6202122417691356,0.5411952351161223,0.4167731078900395
0.5891666666666667,14.061814569958894,0.5679229088323172,-1.6246526187982968,0.5415408073973832,0.4125967100652964
0.5900000000000001,14.06744645059149,0.5665671781815689,-1.6291025267764268,0.5418828901959627,0.40839833927287683
0.5908333333333333,14.073058202647497,0.5652077353228719,-1.6335619082479345,0.5422214651756557,0.4041779346026494
0.5916666666666667,14.078649746505976,0.5638445723858712,-1.6380307049322413,0.542556513949615,0.3999354354261312
0.5925,14.084221003463925,0.5624776815491227,-1.6425088577196476,0.5428880180805883,0.39567078140137046
0.5933333333333334,14.089771895747477,0.5611070550407847,-1.6469963066671953,0.5432159590811579,0.39138391247785675
0.5941666666666667,14.09530234652323,0.5597326851393154,-1.6514929909945284,0.5435403184139871,0.3870747689014602
0.5950000000000001,14.100812279909713,0.5583545641741943,-1.6559988490798188,0.5438610774920757,0.3827432912192383
0.5958333333333333,14.106301620988418,0.5569726845265973,-1.6605138184555404,0.5441782176790046,0.3783894202846536
0.5966666666666667,14.111770295815315,0.555587038630104,-1.6650378358042999,0.5444917202891932,0.3740130972626115
0.5975,14.117218231432261,0.5541976189714155,-1.6695708369546862,0.5448015665881634,0.36961426363449396
0.5983333333333334,14.122645355878575,0.5528044180910666,-1.6741127568771053,0.5451077377928051,0.3651928612032739
0.5991666666666667,14.128051598202632,0.5514074285841428,-1.6786635296796049,0.5454102150716471,0.36074883209866726
0.6000000000000001,14.133436888473483,0.5500066431010006,-1.6832230886036958,0.5457089795451308,0.35628211878231897
0.6008333333333333,14.138801157792486,0.5486020543479907,-1.687791366020168,0.546004012285889,0.3517926640530238
0.6016666666666667,14.144144338305107,0.5471936550881856,-1.6923682934249027,0.5462952943190295,0.34728041105197976
0.6025,14.149466363212749,0.5457814381421108,-1.6969538014346768,0.5465828066224219,0.3427453032680819
0.6033333333333334,14.15476716678446,0.544365396388478,-1.701547819782968,0.5468665301269902,0.338187284543245
0.6041666666666667,14.16004668436898,0.542945522764924,-1.7061502773157529,0.5471464457170085,0.333606299077765
0.6050000000000001,14.16530485240664,0.5415218102687518,-1.7107611019873017,0.5474225342304029,0.3290022914357149
0.6058333333333333,14.17054160844139,0.5400942519576751,-1.7153802208559692,0.5476947764590555,0.3243752065503764
0.6066666666666667,14.175756891132824,0.5386628409505665,-1.7200075600799862,0.5479631531491158,0.31972498972970437
0.6075,14.180950640268353,0.5372275704282106,-1.7246430449132406,0.5482276450013143,0.31505158666183297
0.6083333333333334,14.186122796775345,0.5357884336340583,-1.7292865997010618,0.5484882326712818,0.31035494342061154
0.6091666666666667,14.191273302733364,0.5343454238749861,-1.733938147876001,0.5487448967698735,0.3056350064711793
0.61,14.19640210138643,0.5328985345220592,-1.7385976119536075,0.5489976178634969,0.30089172267557623
0.6108333333333333,14.201509137155346,0.5314477590112958,-1.7432649135282068,0.5492463764744454,0.29612503929838696
0.6116666666666667,14.206594355650086,0.529993090844439,-1.7479399732686705,0.5494911530812361,0.291334904012427
0.6125,14.211657703682217,0.5285345235897277,-1.7526227109141903,0.549731928118952,0.28652126490445967
0.6133333333333334,14.216699129277416,0.5270720508826744,-1.7573130452700487,0.5499686819795898,0.2816840704809518
0.6141666666666667,14.221718581687936,0.5256056664268445,-1.7620108942033874,0.5502013950124117,0.27682326967386656
0.615,14.226716011405177,0.5241353639946404,-1.7667161746389761,0.5504300475243029,0.27193881184649255
0.6158333333333333,14.231691370172411,0.5226611374280881,-1.7714288025549816,0.550654619780133,0.26703064679930744
0.6166666666666667,14.236644610997377,0.5211829806396278,-1.7761486929787318,0.5508750920031231,0.2620987247758847
0.6175,14.24157568816498,0.5197008876129084,-1.7808757599824854,0.5510914443752173,0.25714299646883126
0.6183333333333334,14.246484557250147,0.5182148524035846,-1.7856099166791977,0.5513036570374596,0.25216341302576506
0.6191666666666668,14.251371175130558,0.516724869140118,-1.7903510752182874,0.5515117100903754,0.24715992605533024
0.62,14.256235499999566,0.5152309320245816,-1.7950991467814053,0.5517155835943578,0.24213248763324974
0.6208333333333333,14.261077491379087,0.5137330353334679,-1.799854041578202,0.5519152575700602,0.23708105030841267
0.6216666666666667,14.265897110132496,0.5122311734185007,-1.8046156688420962,0.5521107119987921,0.23200556710900588
0.6225,14.270694318477721,0.5107253407074496,-1.8093839368260463,0.5523019268229216,0.22690599154867683
0.6233333333333334,14.27546908000021,0.5092155317049488,-1.8141587527983205,0.552488881946282,0.22178227763273767
0.6241666666666668,14.280221359666024,0.5077017409933192,-1.818940023038272,0.552671557234584,0.2166343798644071
0.625,14.284951123834977,0.5061839632333938,-1.8237276528321111,0.5528499325158337,0.21146225325109075
0.6258333333333334,14.28965834027377,0.5046621931653458,-1.8285215464686875,0.5530239875807541,0.2062658533106968
0.6266666666666667,14.29434297816927,0.5031364256095304,-1.8333216072352756,0.5531937021832163,0.20104513607792754
0.6275000000000001,14.29900500814199,0.501606655467334,-1.8381277374134062,0.5533590560406778,0.19580005811052964
0.6283333333333334,14.303644402259005,0.5000728777219791,-1.842939838274598,0.5535200288346088,0.19053057649602567
0.6291666666666667,14.308261134047287,0.49853508743938485,-1.847757810076155,0.5536766002109417,0.18523664885804886
0.63,14.312855178507277,0.4969932797690136,-1.852581552056968,0.5538287497805213,0.17991823336283128
0.6308333333333334,14.31742651212616,0.49544744994472206,-1.8574109624333155,0.5539764571195598,0.17457528872574996
0.6316666666666667,14.321975112891343,0.49389759328561456,-1.8622459383946715,0.5541197017700963,0.1692077742179034
0.6325000000000001,14.326500960303942,0.4923437051969,-1.8670863760995187,0.5542584632404635,0.16381564967272955
0.6333333333333334,14.331004035392308,0.4907857811707529,-1.8719321706711631,0.5543927210057583,0.158398875492661
0.6341666666666667,14.335484320725518,0.4892238167871776,-1.8767832161935567,0.5545224545083193,0.15295741265581847
0.635,14.339941800426976,0.4876578077148755,-1.8816394057071277,0.5546476431582088,0.14749122272273923
0.6358333333333334,14.344376460188046,0.48608774971211743,-1.886500631204609,0.5547682663337014,0.14200026784315017
0.6366666666666667,14.348788287281689,0.48451363862761776,-1.8913667836268837,0.5548843033817772,0.13648451076277204
0.6375000000000001,14.353177270576083,0.4829354704014129,-1.8962377528588283,0.5549957336186223,0.13094391483016543
0.6383333333333334,14.357543400548357,0.48135324106574306,-1.9011134277251702,0.5551025363301327,0.12537844400361403
0.6391666666666667,14.361886669298379,0.4797669467459378,-1.9059936959863468,0.5552046907724267,0.11978806285804725
0.64,14.366207070562377,0.4781765836613038,-1.9108784443343791,0.5553021761723606,0.11417273659199682
0.6408333333333334,14.37050459972686,0.47658214812601823,-1.9157675583887461,0.5553949717280517,0.1085324310345998
0.6416666666666667,14.374779253842311,0.4749836365500239,-1.9206609226922742,0.555483056609407,0.1028671126526321
0.6425000000000001,14.379031031637123,0.4733810454399278,-1.9255584207070338,0.555566409958657,0.09717674855758449
0.6433333333333334,14.38325993353132,0.47177437139990425,-1.9304599348102434,0.5556450108908967,0.09146130651277619
0.6441666666666667,14.387465961650584,0.4701636111326003,-1.9353653462901867,0.5557188384946309,0.08572075494050793
0.645,14.391649119840025,0.46854876144004454,-1.94027453534214,0.5557878718323271,0.07995506292924957
0.6458333333333334,14.395809413678142,0.4669298192245606,-1.9451873810643052,0.5558520899409732,0.0741642002408745
0.6466666666666667,14.39994685049077,0.46530678148968246,-1.9501037614537609,0.5559114718326421,0.06834813731792455
0.6475000000000001,14.40406143936502,0.4636796453410737,-1.9550235534024198,0.5559659964950616,0.06250684529091813
0.6483333333333334,14.408153191163203,0.4620484079874503,-1.9599466326930013,0.5560156428921911,0.05664029598569589
0.6491666666666667,14.412222118536839,0.4604130667415066,-1.9648728739950125,0.5560603899648037,0.05074846193080651
0.65,14.416268235940672,0.45877361902084396,-1.9698021508607482,0.5561002166310752,0.04483131636492721
0.6508333333333334,14.420291559646603,0.4571300623489042,-1.974734335721295,0.5561351017871791,0.03888883324433137
0.6516666666666667,14.424292107757745,0.4554823943559046,-1.979669299882556,0.556165024307887,0.03292098725038717
0.6525000000000001,14.428269900222455,0.4538306127797776,-1.984606913521287,0.5561899630471765,0.026927753797099413
0.6533333333333333,14.432224958848291,0.45217471546711285,-1.9895470456811446,0.5562098968388446,0.020909109038690504
0.6541666666666667,14.436157307316115,0.4505147003741023,-1.9944895642687552,0.5562248044971277,0.014865029877216579
0.655,14.440066971194074,0.4488505655674899,-1.999434336049789,0.5562346648173278,0.008795493970231133
0.6558333333333334,14.443953977951642,0.4471823092255234,-2.004381226645058,0.5562394565764448,0.0027004797384796997
0.6566666666666667,14.447818356973677,0.4455099296389092,-2.0093301005266246,0.5562391585338161,-0.003420033626361646
0.6575000000000001,14.451660139574427,0.44383342521177116,-2.014280821013932,0.5562337494317617,-0.009566066153909675
0.6583333333333333,14.455479359011546,0.44215279446261235,-2.0192332502699397,0.5562232079962364,-0.01573763708725659
0.6591666666666667,14.459276050500277,0.440468036025289,-2.0241872492972814,0.5562075129374913,-0.021934764875210032
0.66,14.463050251227534,0.4387791486499987,-2.0291426779344444,0.5561866429507464,-0.028157467164603017
0.6608333333333334,14.466802000365659,0.437086131204204,-2.0340993948520274,0.5561605767168443,-0.034405760791938765
0.6616666666666667,14.470531339086495,0.43538898267363035,-2.0390572575488912,0.5561292929029376,-0.04067966177560796
0.6625000000000001,14.47423831057544,0.43368770216324526,-2.0440161223483972,0.5560927701631744,-0.04697918530790627
0.6633333333333333,14.477922960045353,0.43198228889823914,-2.0489758443946644,0.55605098713939,-0.05330434574699301
0.6641666666666667,14.481585334750635,0.43027274222500794,-2.053936277648853,0.5560039224618054,-0.059655156608816276
0.665,14.485225484001115,0.42855906161214186,-2.0588972748854566,0.555951554749732,-0.06603163055899175
0.6658333333333334,14.488843459175985,0.42684124665141415,-2.0638586876886253,0.5558938626122836,-0.07243377940465229
0.6666666666666667,14.492439313737728,0.4251192970587748,-2.068820366448506,0.5558308246490954,-0.0788616140862556
0.6675000000000001,14.496013103245996,0.42339321267534713,-2.073782160357599,0.5557624194510492,-0.0853151446693552
0.6683333333333333,14.49956488537155,0.42166299346842695,-2.0787439174071465,0.5556886256010065,-0.09179438033633318
0.6691666666666667,14.503094719909933,0.4199286395324848,-2.083705484383536,0.5556094216745473,-0.0982993293780995
0.67,14.50660266879546,0.4181901510901726,-2.0886667068647276,0.5555247862407167,-0.10482999918574569
0.6708333333333334,14.510088796114909,0.4164475284933313,-2.0936274292167103,0.5554346978627781,-0.11138639624216971
0.6716666666666667,14.513553168121273,0.41470077222400276,-2.0985874945899767,0.5553391350989741,-0.1179685261136593
0.6725000000000001,14.516995853247472,0.4129498828954443,-2.1035467449160272,0.5552380765032934,-0.12457639344143909
0.6733333333333333,14.52041692212006,0.4111948612531463,-2.1085050209038947,0.555131500626245,-0.1312100019331799
0.6741666666666667,14.523816447572827,0.40943570817585145,-2.113462162036704,0.5550193860156404,-0.13786935435447523
0.675,14.527194504660406,0.40767242467657955,-2.1184180065682465,0.554901711217382,-0.1445544525202722
0.6758333333333334,14.530551170671808,0.4059050119036524,-2.1233723915195926,0.5547784547762589,-0.15126529728627452
0.6766666666666667,14.533886525143933,0.4041334711417229,-2.128325152675725,0.5546495952367496,-0.15800188854030417
0.6775,14.537200649875063,0.40235780381280684,-2.1332761245822063,0.5545151111438332,-0.16476422519362638
0.6783333333333333,14.54049362893815,0.4005780114773163,-2.138225140541869,0.5543749810438054,-0.17155230517224268
0.6791666666666667,14.543765548694344,0.398794095835098,-2.1431720326115427,0.5542291834851045,-0.17836612540813826
0.68,14.547016497806068,0.39700605872647216,-2.1481166315988034,0.5540776970191428,-0.18520568183050176
0.6808333333333334,14.550246567250399,0.39521390213327495,-2.1530587670587624,0.5539205002011459,-0.1920709693569046
0.6816666666666668,14.553455850332254,0.39341762817990356,-2.1579982672908793,0.5537575715909998,-0.19896198188444442
0.6825,14.55664444269734,0.3916172391343641,-2.1629349593358107,0.5535888897541044,-0.20587871228085175
0.6833333333333333,14.559812442345388,0.3898127374093205,-2.167868668972293,0.5534144332622356,-0.2128211523755648
0.6841666666666667,14.562959949642918,0.388004125563149,-2.1727992207140527,0.5532341806944137,-0.21978929295075905
0.685,14.566087067336346,0.3861914063009921,-2.1777264378067565,0.5530481106377799,-0.22678312373235057
0.6858333333333334,14.569193900564633,0.38437458247581635,-2.1826501422249933,0.5528562016884809,-0.2338026333809576
0.6866666666666668,14.57228055687209,0.382553657089473,-2.18757015466929,0.552658432452559,-0.24084780948282858
0.6875,14.575347146221072,0.38072863329376,-2.1924862945631647,0.552454781546852,-0.2479186385407322
0.6883333333333334,14.578393781004474,0.3788995143914866,-2.197398380050219,0.5522452275998997,-0.2550151059648176
0.6891666666666667,14.581420576058312,0.37706630383754186,-2.202306227991257,0.5520297492528576,-0.26213719606342845
0.6900000000000001,14.584427648674023,0.37522900523996305,-2.207209653961454,0.5518083251604192,-0.26928489203389183
0.6908333333333334,14.587415118610854,0.3733876223610081,-2.2121084722475546,0.551580933991745,-0.27645817595326583
0.6916666666666668,14.590383108107986,0.37154215911822974,-2.2170024958451116,0.5513475544314002,-0.2836570287690541
0.6925,14.593331741896726,0.3696926195855521,-2.2218915364557676,0.551108165180299,-0.29088143028988245
0.6933333333333334,14.596261147212466,0.36783900799435365,-2.226775404484549,0.5508627449566595,-0.29813135917619
0.6941666666666667,14.599171453806838,0.3659813287346027,-2.231653909037013,0.5506112724969822,-0.3054067929313154
0.6950000000000001,14.602062793959275,0.36411958635586167,-2.2365268579170134,0.55035372655699,-0.3127077078914765
0.6958333333333334,14.604935302488569,0.36225378556838966,-2.2413940576240186,0.5500900859126122,-0.3200340792163981
0.6966666666666667,14.60778911676463,0.3603839312442431,-2.246255313350537,0.5498203293609724,-0.3273858808799402
0.6975,14.610624376719802,0.3585100284183642,-2.2511104289796564,0.5495444357213809,-0.3347630856605935
0.6983333333333334,14.613441224860303,0.35663208228967397,-2.255959207082615,0.5492623838363342,-0.3421656651319321
0.6991666666666667,14.61623980627735,0.3547500982221646,-2.2608014489164265,0.548974152572523,-0.349593589653045
0.7000000000000001,14.619020268658236,0.3528640817459957,-2.2656369544215433,0.5486797208218483,-0.3570468283589304
0.7008333333333334,14.621782762297336,0.35097403855859205,-2.270465522219565,0.5483790675024451,-0.3645253491508602
0.7016666666666667,14.624527440106798,0.3490799745257436,-2.275286949610994,0.5480721715597147,-0.37202911868671174
0.7025,14.627254457627346,0.3471818956827062,-2.280101032573039,0.5477590119673641,-0.37955810237127474
0.7033333333333334,14.629963973038647,0.3452798082353069,-2.2849075657574587,0.5474395677284558,-0.38711226434651735
0.7041666666666667,14.632656147169785,0.3433737185610482,-2.2897063424884654,0.5471138178764627,-0.394691567481832
0.7050000000000001,14.6353311435094,0.34146363321021583,-2.2944971547606663,0.5467817414763336,-0.4022959733642467
0.7058333333333334,14.637989128215828,0.3395495589069875,-2.2992797932370634,0.5464433176255655,-0.40992544228860794
0.7066666666666667,14.640630270126923,0.33763150255054397,-2.304054047247098,0.5460985254552851,-0.4175799332477327
0.7075,14.643254740769876,0.33570947121618017,-2.3088197047847525,0.5457473441313372,-0.4252594039225377
0.7083333333333334,14.64586271437072,0.33378347215642096,-2.313576552506699,0.5453897528553828,-0.43296381067212897
0.7091666666666667,14.648454367863721,0.331853512802135,-2.3183243757305037,0.5450257308660048,-0.4406931085238738
0.7100000000000001,14.651029880900703,0.32991960076365223,-2.3230629584328897,0.5446552574398217,-0.44844725116343925
0.7108333333333334,14.653589435859962,0.32798174383188183,-2.3277920832480454,0.5442783118926099,-0.45622619092480465
0.7116666666666667,14.656133217855215,0.32603994997943225,-2.3325115314659994,0.5438948735804346,-0.4640298787802446
0.7125,14.658661414744232,0.3240942273617311,-2.3372210830310456,0.5435049219007885,-0.4718582643302913
0.7133333333333334,14.661174217137383,0.32214458431814863,-2.3419205165402244,0.5431084362937392,-0.4797112957936586
0.7141666666666667,14.663671818405806,0.32019102937312016,-2.34660960924187,0.542705396243085,-0.48758891999715087
0.7150000000000001,14.666154414689611,0.31823357123727075,-2.351288137034209,0.542295781277519,-0.49549108236553974
0.7158333333333334,14.668622204905745,0.31627221880854084,-2.355955874464025,0.5418795709718015,-0.5034177269114166
0.7166666666666667,14.671075390755592,0.3143069811733129,-2.360612594725379,0.5414567449479415,-0.5113687962250179
0.7175,14.67351417673251,0.312337867607538,-2.365258069658399,0.5410272828763851,-0.5193442314640311
0.7183333333333334,14.675938770129026,0.31036488757786596,-2.3698920697481216,0.5405911644772148,-0.5273439723433644
0.7191666666666667,14.67834938104393,0.30838805074277326,-2.3745143641234088,0.5401483695213547,-0.5353679571249029
0.7200000000000001,14.680746222389,0.30640736695369386,-2.37912472055592,0.5396988778317865,-0.5434161226072349
0.7208333333333333,14.683129509895567,0.30442284625615,-2.383722905459154,0.5392426692847723,-0.5514884041153538
0.7216666666666667,14.685499462120935,0.30243449889088314,-2.3883086838875593,0.538779723811087,-0.5595847354903422
0.7225,14.687856300454351,0.3004423352949871,-2.392881819535702,0.538310021397259,-0.5677050490790213
0.7233333333333334,14.690200249122928,0.29844636610304065,-2.3974420747375125,0.5378335420868195,-0.5758492757235881
0.7241666666666667,14.6925315351972,0.29644660214824026,-2.4019892104655933,0.5373502659815601,-0.5840173447512245
0.7250000000000001,14.694850388596532,0.2944430544635349,-2.4065229863306006,0.5368601732427999,-0.5922091839636844
0.7258333333333333,14.697157042094105,0.29243573428275965,-2.411043160580693,0.5363632440926601,-0.6004247196268577
0.7266666666666667,14.699451731321814,0.29042465304177,-2.415549490101056,0.5358594588153485,-0.6086638764603184
0.7275,14.701734694774666,0.2884098223796213,-2.420041730413165,0.5353487977584673,-0.6169265776271057
0.7283333333333334,14.704006173815085,0.28639125413969746,-2.4245196356745082,0.5348312413343114,-0.6252127447232703
0.7291666666666667,14.706266412677076,0.2843689603707794,-2.428982958678813,0.5343067700211537,-0.6335222977669288
0.7300000000000001,14.708515658469743,0.28234295332822396,-2.4334314508555246,0.5337753643645812,-0.64185515518797
0.7308333333333333,14.710754161180784,0.2803132454751002,-2.4378648622696906,0.533237004978822,-0.6502112338175184
0.7316666666666667,14.712982173679544,0.27827984948332485,-2.4422829416219316,0.5326916725480817,-0.658590448877387
0.7325,14.715199951719933,0.27624277823480003,-2.4466854362484742,0.5321393478278889,-0.6669927139694998
0.7333333333333334,14.717407753942885,0.274202044822549,-2.4510720921212683,0.5315800116464487,-0.6754179410653103
0.7341666666666667,14.719605841878577,0.2721576625518529,-2.455442653848181,0.5310136449060067,-0.6838660404951987
0.7350000000000001,14.721794479948352,0.2701096449413873,-2.4597968646732653,0.53044022858422,-0.6923369209378551
0.7358333333333333,14.723973935466244,0.26805800572435867,-2.4641344664771125,0.5298597437355387,-0.7008304894096467
0.7366666666666667,14.726144478640325,0.2660027588496394,-2.468455199777284,0.5292721714925948,-0.7093466512539768
0.7375,14.728306382573468,0.2639439184829054,-2.4727588037288206,0.5286774930676018,-0.7178853101306204
0.7383333333333334,14.730459923264121,0.26188149900777014,-2.4770450161248436,0.5280756897537617,-0.7264463680050576
0.7391666666666667,14.732605379606332,0.2598155150269197,-2.481313573397231,0.5274667429266815,-0.7350297251377889
0.7400000000000001,14.734743033389826,0.25774598136324733,-2.4855642106173854,0.5268506340457985,-0.7436352800736419
0.7408333333333333,14.736873169299418,0.25567291306098716,-2.4897966614970835,0.5262273446558147,-0.752262929631065
0.7416666666666667,14.738996074914247,0.25359632538684573,-2.4940106583894175,0.5255968563881397,-0.760912568891417
0.7425,14.741112040706632,0.25151623383113597,-2.498205932289821,0.5249591509623436,-0.7695840911882361
0.7433333333333334,14.743221360040382,0.24943265410890703,-2.502382212837185,0.524314210187617,-0.7782773880965114
0.7441666666666668,14.745324329169044,0.24734560216107462,-2.506539228315069,0.5236620159642419,-0.7869923494219404
0.745,14.747421247233508,0.24525509415555025,-2.5106767056529984,0.5230025502850699,-0.795728863190179
0.7458333333333333,14.749512416259265,0.24316114648836792,-2.5147943704278592,0.5223357952370105,-0.8044868156360911
0.7466666666666667,14.751598141153424,0.24106377578481236,-2.518891946865384,0.5216617330025274,-0.8132660911929792
0.7475,14.753678729701248,0.23896299890054307,-2.5229691578417324,0.520980345861145,-0.822066572481821
0.7483333333333334,14.755754492562179,0.23685883292271828,-2.5270257248851737,0.5202916161909624,-0.8308881403004972
0.7491666666666668,14.757825743265608,0.2347512951711173,-2.53106136817786,0.519595526470177,-0.8397306736130126
0.75,14.759892798206247,0.23264040319926133,-2.5350758065577015,0.5188920592786179,-0.8485940495387155
0.7508333333333334,14.761955976638887,0.23052617479553134,-2.539068757520343,0.5181811972992858,-0.8574781433415187
0.7516666666666667,14.76401560067298,0.2284086279842868,-2.5430399372212356,0.5174629233199054,-0.8663828284191051
0.7525000000000001,14.766071995266621,0.22628778102698,-2.546989060477816,0.5167372202344834,-0.8753079762921449
0.7533333333333334,14.768125488220152,0.22416365242326958,-2.550915840771788,0.5160040710448776,-0.8842534565935045
0.7541666666666668,14.770176410169404,0.22203626091213202,-2.554819990251505,0.5152634588623738,-0.8932191370574574
0.755,14.77222509457828,0.21990562547297088,-2.5587012197344596,0.5145153669092727,-0.9022048835088915
0.7558333333333334,14.774271877731179,0.21777176532672288,-2.562559238709884,0.5137597785204846,-0.9112105598525256
0.7566666666666667,14.776317098724695,0.2156346999369642,-2.566393755341448,0.5129966771451341,-0.9202360280621138
0.7575000000000001,14.778361099458754,0.2134944490110384,-2.5702044764697956,0.5122260463481847,-0.9292811481697307
0.7583333333333334,14.780404224627333,0.21135103250116963,-2.573991107615327,0.5114478698120655,-0.9383457782550813
0.7591666666666668,14.782446821709534,0.20920447060549727,-2.5777533529818863,0.5106621313382742,-0.9474297744345511
0.76,14.784489240959092,0.207054783769208,-2.581490915459494,0.5098688148490351,-0.9565329908504953
0.7608333333333334,14.78653183539373,0.20490199268562764,-2.5852034966275896,0.5090679043889477,-0.9656552796604952
0.7616666666666667,14.788574960784207,0.20274611829731276,-2.588890796758393,0.5082593841266447,-0.9747964910266088
0.7625000000000001,14.790618975642701,0.20058718179713644,-2.5925525148203805,0.5074432383564595,-0.9839564731046386
0.7633333333333334,14.79266424121078,0.19842520462937308,-2.5961883484818693,0.5066194515001018,-0.9931350720334039
0.7641666666666667,14.794711121446822,0.19626020849078005,-2.5997979941147173,0.5057880081083425,-1.0023321319240217
0.765,14.796759983012993,0.19409221533167537,-2.6033811467981423,0.5049488928627079,-1.011547494849204
0.7658333333333334,14.7988111952615,0.19192124735701468,-2.6069375003226485,0.5041020905771835,-1.020781000832556
0.7666666666666667,14.800865130220616,0.18974732702746258,-2.6104667471940814,0.5032475861999247,-1.0300324878378968
0.7675000000000001,14.80292216257994,0.1875704770604617,-2.6139685786377935,0.5023853648149793,-1.0393017917585898
0.7683333333333334,14.804982669675177,0.18539072043129837,-2.6174426846029375,0.5015154116440163,-1.048588746406889
0.7691666666666667,14.807047031472429,0.18320808037416464,-2.620888753766876,0.5006377120480653,-1.057893183503298
0.77,14.8091156305519,0.1810225803832156,-2.6243064735397206,0.49975225152926384,-1.067214932665955
0.7708333333333334,14.811188852091062,0.1788342442136253,-2.6276955300689906,0.49885901573261454,-1.07655382140002
0.7716666666666667,14.813267083847219,0.1766430958826362,-2.631055608244401,0.4979579904477498,-1.085909675087097
0.7725000000000001,14.815350716139562,0.17444915967060576,-2.634386391702777,0.49704916161070645,-1.0952823169746666
0.7733333333333334,14.817440141830643,0.17225246012204876,-2.6376875628330994,0.4961325153057083,-1.104671568165544
0.7741666666666667,14.81953575630724,0.17005302204667538,-2.640958802781678,0.4952080377669583,-1.114077247607355
0.775,14.821637957460728,0.16785087052042366,-2.64419979145746,0.4942757153804383,-1.1234991720820444
0.7758333333333334,14.8237471456668,0.1656460308864899,-2.6474102075374675,0.4933355346857187,-1.1329371561953934
0.7766666666666667,14.825863723764543,0.16343852875635204,-2.650589728472373,0.49238748237777613,-1.1423910123665768
0.7775000000000001,14.827988097035094,0.16122839001078906,-2.6537380304922116,0.49143154530881955,-1.1518605508177395
0.7783333333333334,14.830120673179579,0.15901564080089575,-2.656854788612226,0.4904677104901256,-1.1613455795636012
0.7791666666666667,14.832261862296448,0.15680030754909235,-2.6599396766388548,0.4894959650938824,-1.170845904401089
0.78,14.834412076858209,0.15458241695012764,-2.6629923671758617,0.4885162964550408,-1.1803613288990065
0.7808333333333334,14.836571731687696,0.15236199597207972,-2.6660125316306007,0.4875286920731765,-1.1898916543877183
0.7816666666666667,14.838741243933484,0.15013907185734843,-2.6689998402204287,0.4865331396143583,-1.1994366799488816
0.7825000000000001,14.840921033044873,0.14791367212364365,-2.6719539619792627,0.4855296269130263,-1.2089962024052026
0.7833333333333334,14.843111520746136,0.1456858245649678,-2.674874564764282,0.4845181419738781,-1.218570016310228
0.7841666666666667,14.84531313101028,0.1434555572525925,-2.6777613152627735,0.48349867297376337,-1.22815791393817
0.785,14.847526290032013,0.14122289853602837,-2.6806138789991354,0.48247120826358675,-1.2377596852737742
0.7858333333333334,14.849751426200193,0.13898787704399118,-2.6834319203420174,0.48143573637022,-1.2473751180022106
0.7866666666666667,14.85198897006956,0.13675052168535948,-2.6862151025116257,0.4803922459984213,-1.257003997499015
0.7875000000000001,14.854239354331442,0.13451086165015488,-2.6889630875868256,0.479340726032778,-1.2666461068200476
0.7883333333333333,14.856503013783314,0.13226892641053045,-2.6916755365122187,0.4782811655396624,-1.276301226691523
0.7891666666666667,14.858780385300484,0.13002474572160697,-2.6943521091071307,0.4772135537691238,-1.2859691355001415
0.79,14.861071907804405,0.12777834962245654,-2.6969924640729133,0.4761378801568684,-1.295649609283119
0.7908333333333334,14.863378022231059,0.12552976843703167,-2.699596259000957,0.47505413432622184,-1.3053424217183511
0.7916666666666667,14.865699171498717,0.12327903277508596,-2.7021631503808945,0.4739623060900984,-1.3150473441146182
0.7925000000000001,14.868035800475186,0.12102617353308784,-2.7046927936089618,0.47286238545297893,-1.3247641454018368
0.7933333333333333,14.870388355944245,0.11877122189512801,-2.707184842996509,0.47175436261289727,-1.3344925921213582
0.7941666666666667,14.872757286571359,0.11651420933381838,-2.7096389517786754,0.4706382279634337,-1.3442324484163208
0.795,14.875143042868906,0.11425516761118683,-2.7120547721232153,0.4695139720957181,-1.3539834760220428
0.7958333333333334,14.877546077160474,0.11199412877956169,-2.714431955139492,0.4683815858004403,-1.3637454342564774
0.7966666666666667,14.879966843544691,0.10973112518245043,-2.716770150887629,0.4672410600698684,-1.3735180800107163
0.7975000000000001,14.88240579785823,0.10746618945541031,-2.719069008387824,0.46609238609987513,-1.3833011677395506
0.7983333333333333,14.884863397638135,0.10519935452691156,-2.7213281756298326,0.4649355552919728,-1.3930944494520854
0.7991666666666667,14.887340102083554,0.10293065361919129,-2.723547299582616,0.46377055925535443,-1.4028976747024213
0.8,14.889836372016621,0.10066012024910212,-2.7257260262041556,0.4625973898089447,-1.412710590580382
0.8008333333333334,14.892352669842797,0.09838778822894967,-2.7278640004514396,0.46141603898345707,-1.4225329417023151
0.8016666666666667,14.894889459510338,0.09611369166732305,-2.7299608662906203,0.46022649902345897,-1.4323644702019531
0.8025000000000001,14.897447206469302,0.09383786496991661,-2.7320162667073453,0.45902876238944457,-1.4422049157213361
0.8033333333333333,14.900026377629615,0.09156034284034309,-2.734029843717261,0.45782282175991545,-1.4520540154018033
0.8041666666666667,14.902627441318547,0.08928116028093641,-2.736001238376697,0.4566086700334673,-1.4619115038750563
0.805,14.905250867237507,0.08700035259354844,-2.737930090793522,0.4553863003308861,-1.47177711325428
0.8058333333333334,14.907897126418113,0.08471795538033342,-2.7398160401381846,0.45415570599725,-1.4816505731253469
0.8066666666666668,14.910566691177536,0.08243400454452464,-2.7416587246549318,0.45291688060403873,-1.4915316105380885
0.8075000000000001,14.913260035073167,0.08014853629120107,-2.7434577816732117,0.45166981795125033,-1.5014199499976406
0.8083333333333333,14.915977632856526,0.07786158712804475,-2.745212847619259,0.45041451206952554,-1.5113153134558646
0.8091666666666667,14.918719960426596,0.07557319386608655,-2.746923558027871,0.4491509572222774,-1.5212174203028508
0.81,14.921487494782351,0.07328339362044518,-2.748589547554359,0.44787914790783057,-1.53112598735849
0.8108333333333334,14.924280713974538,0.07099222381105266,-2.750210449986706,0.44659907886156514,-1.5410407288641357
0.8116666666666668,14.927100097056917,0.06869972216337121,-2.7517858982578995,0.4453107450580684,-1.550961356474344
0.8125,14.929946124036691,0.06640592670909926,-2.7533155244584635,0.44401414171329323,-1.5608875792486963
0.8133333333333334,14.932819275824224,0.06411087578686556,-2.7547989598491855,0.44270926428672264,-1.5708191036437127
0.8141666666666667,14.935720034182177,0.06181460804291526,-2.756235834874034,0.4413961084835422,-1.580755633504841
0.8150000000000001,14.938648881673574,0.05951716243178746,-2.7576257791732037,0.44007467025682123,-1.5906968700585251
0.8158333333333334,14.941606301607829,0.05721857821704435,-2.7589684215955335,0.43874494580973744,-1.600642511904142
0.8166666666666668,14.944592777989506,0.054918894971845336,-2.7602633902130016,0.4374069315977194,-1.6105922550065626
0.8175,14.9476087954644,0.05261815257959661,-2.761510312334307,0.4360606243306514,-1.6205457926884552
0.8183333333333334,14.95065483926466,0.050316391234593985,-2.762708814518556,0.43470602097508626,-1.6305028156226913
0.8191666666666667,14.953731395153564,0.04801365144264279,-2.7638585225893353,0.43334311875645665,-1.6404630118248893
0.8200000000000001,14.956838949369667,0.04570997402166313,-2.7649590616489865,0.43197191516129196,-1.6504260666460682
0.8208333333333334,14.959977988570097,0.04340540010228486,-2.766010056093077,0.4305924079394413,-1.660391662765393
0.8216666666666668,14.963148999773411,0.04109997112843035,-2.767011129625074,0.42920459510630327,-1.670359480183023
0.8225,14.966352470301507,0.03879372885788531,-2.76796190527122,0.42780847494506125,-1.6803291962130609
0.8233333333333334,14.969588887721022,0.03648671536285576,-2.76886200539561,0.4264040460089244,-1.6903004854766135
0.8241666666666667,14.97285873978388,0.03417897303051544,-2.7697110517154817,0.4249913071233756,-1.700273019894947
0.8250000000000001,14.976162514367399,0.03187054456353742,-2.770508665316703,0.4235702573884237,-1.7102464686827628
0.8258333333333334,14.979500699413514,0.029561472980614276,-2.771254466669478,0.42214089618086215,-1.7202204983415812
0.8266666666666668,14.98287378286734,0.02725180161696473,-2.771948075644259,0.42070322315653286,-1.7301947726532356
0.8275,14.986282252615284,0.02494157412482728,-2.7725891115278687,0.4192572382525956,-1.7401689526734843
0.8283333333333334,14.989726596422194,0.022630834473938724,-2.7731771930398446,0.41780294168980153,-1.750142696725744
0.8291666666666667,14.993207301868111,0.020319626952001922,-2.773711938348988,0.4163403339747742,-1.7601156603949317
0.8300000000000001,14.996724856284242,0.018007996165136597,-2.7741929650901387,0.41486941590229337,-1.7700874965214388
0.8308333333333334,15.000279746688298,0.01569598703831742,-2.7746198903811665,0.4133901885575844,-1.7800578551952249
0.8316666666666667,15.003872459719247,0.013383644815797804,-2.774992330840179,0.411902653318613,-1.7900263837500365
0.8325,15.007503481571446,0.011071015061517565,-2.7753099026029573,0.41040681185838324,-1.7999927267577598
0.8333333333333334,15.011173297928048,0.008758143659498792,-2.775572221340612,0.40890266614724224,-1.8099565260228898
0.8341666666666667,15.01488239389393,0.006445076814223884,-2.7757789022774655,0.4073902184551874,-1.8199174205771473
0.8350000000000001,15.018631253927964,0.004131861050999733,-2.7759295602091605,0.4058694713541789,-1.8298750466742195
0.8358333333333334,15.022420361774639,0.0018185432163063814,-2.7760238095209986,0.40434042772045603,-1.8398290377846425
0.8366666666666667,15.026250200395232,-0.0004948295218696538,-2.776061264206507,0.40280309073685816,-1.8497790245908168
0.8375,15.0301212518982,-0.0028082096737192946,-2.776041537886239,0.4012574638951483,-1.859724634982172
0.8383333333333334,15.034033997468702,-0.005121549427293908,-2.7759642438266097,0.3997035509983536,-1.8696654940503694
0.8391666666666667,15.037988917297435,-0.007434800648206915,-2.7758289949589514,0.39814135616310525,-1.879601224084671
0.8400000000000001,15.041986490510446,-0.009747914879397437,-2.775635403899469,0.3965708838219508,-1.889531444567744
0.8408333333333334,15.046027195096883,-0.012060843340858662,-2.7753830829686983,0.39499213872570815,-1.899455772171262
0.8416666666666667,15.050111507836437,-0.014373536929399995,-2.7750716442114483,0.39340512594580895,-1.9093738207517894
0.8425,15.05423990422657,-0.016685946218427686,-2.7747006994169783,0.39180985087664505,-1.9192852013468271
0.8433333333333334,15.058412858409064,-0.018998021457739066,-2.7742698601394142,0.39020631923791993,-1.9291895221709936
0.8441666666666667,15.062630843096017,-0.021309712573336723,-2.773778737718394,0.38859453707700164,-1.939086388612376
0.8450000000000001,15.066894329495426,-0.023620969167258258,-2.7732269432999557,0.3869745107712797,-1.9489754032290294
0.8458333333333334,15.07120378723613,-0.025931740517423717,-2.772614087857656,0.3853462470305249,-1.958856165745639
0.8466666666666667,15.075559684292449,-0.02824197557750026,-2.7719397822139396,0.38370975289925235,-1.9687282730503408
0.8475,15.079962486908153,-0.03055162297678623,-2.771203637061736,0.3820650357590857,-1.9785913191917155
0.8483333333333334,15.084412659520094,-0.032860631020110186,-2.7704052629863125,0.38041210333112613,-1.9884448953759342
0.8491666666666667,15.088910664681238,-0.035168947687751285,-2.769544270487362,0.3787509636783218,-1.9982885899640899
0.8500000000000001,15.093456962983502,-0.03747652063537668,-2.768620270001344,0.37708162520784,-2.0081219884696924
0.8508333333333334,15.098052012979869,-0.03978329719399794,-2.767632871924065,0.3754040966734416,-2.017944673556341
0.8516666666666667,15.102696271106268,-0.04208922436994617,-2.7665816866335176,0.3737183871778569,-2.0277562250355734
0.8525,15.107390191603036,-0.044394248844867944,-2.7654663245129645,0.37202450617516253,-2.037556219864902
0.8533333333333334,15.11213422643592,-0.04669831697573754,-2.7642863959742736,0.37032246347316194,-2.0473442321460187
0.8541666666666667,15.116928825216856,-0.04900137479489203,-2.763041511481513,0.3686122692357646,-2.0571198331231972
0.8550000000000001,15.121774435124076,-0.05130336801008461,-2.761731281574796,0.3668939339853681,-2.066882591181883
0.8558333333333333,15.12667150082233,-0.05360424200455834,-2.7603553168943855,0.3651674686052403,-2.0766320718474662
0.8566666666666667,15.131620464382376,-0.05590394183714158,-2.758913228205057,0.3634328843419021,-2.0863678377842603
0.8575,15.136621765200402,-0.05820241224236112,-2.7574046264207217,0.36169019280751213,-2.09608944879466
0.8583333333333334,15.141675839916957,-0.06049959763057919,-2.755829122629312,0.3599394059822509,-2.1057964618185134
0.8591666666666667,15.14678312233588,-0.06279544208815008,-2.754186328117928,0.3581805362167047,-2.115488430932688
0.8600000000000001,15.15194404334269,-0.06508988937759831,-2.752475854398254,0.35641359623425095,-2.125164907350839
0.8608333333333333,15.157159030822813,-0.06738288293781618,-2.750697313232204,0.35463859913344437,-2.1348254394233717
0.8616666666666667,15.162428509577877,-0.06967436588424812,-2.748850316657326,0.3528555583904326,-2.1444695726372887
0.8625,15.16775290124505,-0.07196428100916642,-2.7469344770134807,0.35106448786131084,-2.154096849616899
0.8633333333333334,15.173132624214393,-0.07425257078193559,-2.7449494069692815,0.3492654017845076,-2.163706810124388
0.8641666666666667,15.178568093545843,-0.07653917734928867,-2.7428947195486773,0.3474583147831766,-2.1732989910605442
0.8650000000000001,15.184059720886289,-0.0788240425356356,-2.7407700281579324,0.34564324186758005,-2.1828729264657873
0.8658333333333333,15.18960791438655,-0.0811071078433935,-2.738574946612867,0.34382019843747114,-2.1924281475214125
0.8666666666666667,15.195213078618231,-0.08338831445334104,-2.7363090891663657,0.3419892002844749,-2.201964182551058
0.8675,15.200875614490245,-0.08566760322499253,-2.7339720705361494,0.34015026359446987,-2.2114805570223828
0.8683333333333334,15.206595919165443,-0.08794491469699825,-2.7315635059328187,0.3383034049499667,-2.220976793548983
0.8691666666666668,15.212374385977125,-0.09022018908756647,-2.7290830110881616,0.33644864133248575,-2.2304524118925246
0.8700000000000001,15.218211404345146,-0.09249336629490948,-2.726530202283736,0.33458599012493323,-2.239906928965118
0.8708333333333333,15.224107359692491,-0.09476438589771308,-2.7239046963797207,0.3327154691139751,-2.249339858831916
0.8716666666666667,15.230062633361346,-0.09703318715563179,-2.721206110844039,0.33083709649240783,-2.2587507127139586
0.8725,15.236077602529456,-0.09929970900980539,-2.7184340637817614,0.328950890861529,-2.2681389989912506
0.8733333333333334,15.242152640126172,-0.10156389008340322,-2.715588173964778,0.3270568712335028,-2.277504223206088
0.8741666666666668,15.248288114748904,-0.10382566868219167,-2.71266806086175,0.32515505703372355,-2.2868458880666283
0.8750000000000001,15.254484390579321,-0.10608498279512746,-2.709673344668342,0.32324546810317617,-2.296163493450713
0.8758333333333334,15.260741827299658,-0.10834177009497575,-2.7066036463377294,0.32132812470079314,-2.30545653640994
0.8766666666666667,15.267060780009261,-0.11059596793895576,-2.7034585876113892,0.31940304750580667,-2.3147245111739982
0.8775000000000001,15.273441599141021,-0.11284751336940904,-2.700237791050176,0.31747025762009967,-2.3239669091552493
0.8783333333333334,15.279884630378174,-0.11509634311449726,-2.696940880065675,0.31552977657054965,-2.333183218953586
0.8791666666666668,15.286390214570991,-0.11734239358892487,-2.6935674789518456,0.3135816263113699,-2.342372926361546
0.88,15.292958687653922,-0.11958560089468839,-2.690117212916948,0.3116258292264459,-2.351535514369698
0.8808333333333334,15.299590380562659,-0.1218259008218545,-2.686589708115758,0.3096624081316657,-2.360670463172305
0.8816666666666667,15.306285619151677,-0.12406322884936222,-2.6829845916820747,0.3076913862772474,-2.3697772501732444
0.8825000000000001,15.313044724111824,-0.1262975201458556,-2.679301491761511,0.3057127873500597,-2.37885534999223
0.8833333333333334,15.319868010887133,-0.12852870957052104,-2.675540037544272,0.3037266354759585,-2.387904234471047
0.8841666666666668,15.32675578959252,-0.13075673167396484,-2.671699859298383,0.30173295522210414,-2.396923372680237
0.885,15.333708364933843,-0.13298152069916105,-2.6677805884038097,0.2997317715992334,-2.4059122309265115
0.8858333333333334,15.340726036125744,-0.13520301058237394,-2.6637818573860907,0.2977231100639786,-2.4148702727598397
0.8866666666666667,15.347809096810366,-0.1374211349541263,-2.6597032999505417,0.29570699652116184,-2.4237969589810535
0.8875000000000001,15.354957834976902,-0.13963582714019912,-2.6555445510167464,0.29368345732608037,-2.4326917476497596
0.8883333333333334,15.36217253288132,-0.14184702016265813,-2.651305246753327,0.2916525192867871,-2.44155409409253
0.8891666666666668,15.369453466966252,-0.14405464674090984,-2.6469850246130067,0.28961420966636436,-2.45038345091139
0.89,15.376800907781739,-0.1462586392927859,-2.642583523367954,0.2875685561851906,-2.4591792679925977
0.8908333333333334,15.384215119905884,-0.14845892993565876,-2.6381003831454137,0.2855155870231991,-2.4679409925157345
0.8916666666666667,15.391696361866442,-0.1506554504875838,-2.6335352454636327,0.2834553308221315,-2.476668068963085
0.8925000000000001,15.399244886062432,-0.15284813246847434,-2.628887753268065,0.2813878166877805,-2.485359939129335
0.8933333333333334,15.406860938686634,-0.15503690710130558,-2.6241575509678734,0.27931307419222673,-2.4940160421315762
0.8941666666666668,15.414544759648356,-0.1572217053133493,-2.619344284472721,0.2772311333760657,-2.5026358144196266
0.895,15.422296582496811,-0.15940245773743894,-2.614447601229851,0.27514202475062716,-2.511218689786669
0.8958333333333334,15.430116634345126,-0.1615790947132674,-2.6094671502614606,0.2730457793001834,-2.5197640993802133
0.8966666666666667,15.438005135794807,-0.1637515462887131,-2.604402582202373,0.2709424284841514,-2.528271471713377
0.8975000000000001,15.445962300861025,-0.16591974222120098,-2.5992535493379934,0.268832004239282,-2.5367402326765034
0.8983333333333334,15.453988336898325,-0.16808361197909338,-2.5940197056425696,0.2667145389818408,-2.5451698055491074
0.8991666666666667,15.462083444527165,-0.1702430847431138,-2.5887007068177446,0.2645900656097785,-2.5535596110121594
0.9,15.470247817561065,-0.17239808940780416,-2.583296210331401,0.2624586175048895,-2.56190906716071
0.9008333333333334,15.478481642934506,-0.174548554583012,-2.577805875456816,0.260320228534962,-2.5702175895168513
0.9016666666666667,15.48678510063157,-0.17669440859541397,-2.5722293633121014,0.2581749330559141,-2.5784845910430354
0.9025000000000001,15.495158363615316,-0.17883557949007084,-2.5665663368999487,0.25602276591391965,-2.586709482155735
0.9033333333333334,15.503601597758085,-0.1809719950320166,-2.560816461147677,0.25386376244752246,-2.5948916707394636
0.9041666666666667,15.512114961772347,-0.1831035827078813,-2.5549794029475774,0.25169795848973775,-2.6030305621611483
0.905,15.520698607142581,-0.1852302697275467,-2.549054831197524,0.24952539037014318,-2.6111255592848375
0.9058333333333334,15.529352678055071,-0.18735198302578895,-2.5430424168412746,0.2473460949170104,-2.6191760624861424
0.9066666666666667,15.538077311333845,-0.1894686492640456,-2.536941832910244,0.24516010945931813,-2.627181469668282
0.9075000000000001,15.546872636374959,-0.1915801948321727,-2.5307527545650053,0.24296747182880843,-2.635141176277834
0.9083333333333334,15.555738775080936,-0.1936865458502263,-2.524474859136928,0.240768220362039,-2.6430545753207424
0.9091666666666667,15.56467584179698,-0.19578762817029,-2.518107826170265,0.23856239390240824,-2.650921057378854
0.91,15.573683943247934,-0.1978833673783387,-2.511651337464524,0.23635003180216616,-2.6587400106268326
0.9108333333333334,15.582763178476299,-0.19997368879613459,-2.505105077117137,0.23413117392441393,-2.6665108208494277
0.9116666666666667,15.591913638781175,-0.20205851748316145,-2.498468731566415,0.23190586064508664,-2.6742328714591315
0.9125000000000001,15.601135407658143,-0.20413777823859308,-2.4917419896347894,0.229674132854923,-2.6819055435142087
0.9133333333333334,15.610428560740324,-0.2062113956032981,-2.484924542572349,0.22743603196141982,-2.6895282157371083
0.9141666666666667,15.619793165740177,-0.2082792938618806,-2.4780160841006666,0.22519159989077142,-2.697100264533264
0.915,15.629229282392695,-0.21034139704475885,-2.4710163104569065,0.2229408790897919,-2.704621064010287
0.9158333333333334,15.638736962399411,-0.21239762893027803,-2.4639249204382363,0.22068391252782432,-2.7120899859975443
0.9166666666666667,15.648316249373645,-0.2144479130468628,-2.45674161544652,0.2184207436986303,-2.719506400066148
0.9175000000000001,15.657967178786771,-0.21649217267520593,-2.4494660995333004,0.21615141662226423,-2.726869673549335
0.9183333333333334,15.667689777915797,-0.21853033085049473,-2.442098079445078,0.21387597584692997,-2.7341791715632624
0.9191666666666667,15.677484065791925,-0.2205623103646757,-2.4346372646688743,0.21159446645082014,-2.741434257028205
0.92,15.687350053150418,-0.22258803376875808,-2.427083367478087,0.20930693404393558,-2.748634290690176
0.9208333333333334,15.697287742381592,-0.2246074233751538,-2.4194361029786413,0.20701342476988976,-2.7557786311429546
0.9216666666666667,15.707297127483233,-0.2266204012600589,-2.411695189155423,0.20471398530769086,-2.762866634850545
0.9225000000000001,15.717378194014026,-0.22862688926587238,-2.403860346919007,0.2024086628735063,-2.7698976561700563
0.9233333333333333,15.72753091904838,-0.2306268090036549,-2.3959313001526814,0.20009750522240768,-2.7768710473750158
0.9241666666666667,15.737755271132665,-0.23262008185562838,-2.387907775759745,0.19778056065009372,-2.7837861586791126
0.925,15.748051210242567,-0.2346066289777127,-2.379789503711122,0.19545787799459632,-2.7906423382603793
0.9258333333333334,15.758418687741951,-0.23658637130210583,-2.371576217093243,0.19312950663796216,-2.797438932285819
0.9266666666666667,15.768857646343037,-0.23855922953990266,-2.363267652156233,0.19079549650791494,-2.8041752849364725
0.9275000000000001,15.779368020066446,-0.2405251241837343,-2.354863548362106,0.1884558980795245,-2.8108507384325856
0.9283333333333333,15.789949734201903,-0.24248397551043424,-2.346363648433061,0.1861107623768687,-2.8174646330590316
0.9291666666666667,15.800602705276496,-0.2444357035838402,-2.3377676984012874,0.1837601409745469,-2.8240163071927045
0.93,15.811326841018163,-0.2463802282575439,-2.3290754476578734,0.18140408599930144,-2.830505097328828
0.9308333333333334,15.822122040322615,-0.24831746917771186,-2.320286649002336,0.17904265013157206,-2.836930338108213
0.9316666666666668,15.832988193221597,-0.2502473457859473,-2.3114010586924394,0.17667588660702804,-2.8432913623449863
0.9325000000000001,15.843925180852676,-0.25216977732219376,-2.302418436494288,0.1743038492180772,-2.849587501054766
0.9333333333333333,15.854932875430308,-0.2540846828276797,-2.293338545732691,0.17192659231535248,-2.8558180834832982
0.9341666666666667,15.866011140218692,-0.25599198114790667,-2.2841611533417865,0.16954417080917303,-2.8619824371355467
0.935,15.877159829505567,-0.25789159093567643,-2.2748860299159506,0.16715664017098472,-2.868079887805248
0.9358333333333334,15.888378788578054,-0.25978343065416354,-2.26551294976096,0.16476405643477282,-2.8741097596049308
0.9366666666666668,15.899667853699535,-0.26166741858002873,-2.256041690945422,0.1623664761984514,-2.880071374996412
0.9375000000000001,15.91102685208839,-0.2635434728065758,-2.2464720353524767,0.15996395662522675,-2.8859640548217618
0.9383333333333334,15.922455601897974,-0.2654115112469515,-2.236803768731754,0.15755655544493527,-2.891787118334747
0.9391666666666667,15.933953912198374,-0.2672714516373894,-2.2270366807515956,0.1551443309553533,-2.8975398832327683
0.9400000000000001,15.94552158295964,-0.26912321154049595,-2.2171705650515436,0.15272734202348318,-2.903221665689267
0.9408333333333334,15.95715840503655,-0.27096670834858205,-2.2072052192950826,0.15030564808680857,-2.9088317803866386
0.9416666666666668,15.968864160154975,-0.2728018592870384,-2.1971404452226424,0.14787930915452363,-2.9143695405496346
0.9425000000000001,15.98063862090002,-0.2746285814177546,-2.18697604870486,0.14544838580873337,-2.919834257979263
0.9433333333333334,15.992481550705556,-0.276446791642584,-2.1767118397960985,0.14301293920562536,-2.925225243087194
0.9441666666666667,16.00439270384548,-0.278256406706854,-2.166347632788216,0.14057303107661057,-2.9305418049306766
0.9450000000000001,16.01637182542677,-0.28005734320291875,-2.1558832462646,0.13812872372943755,-2.9357832512479565
0.9458333333333334,16.028418651383987,-0.28184951757376137,-2.145318503154445,0.13568008004927284,-2.940948888494221
0.9466666666666668,16.040532908475665,-0.2836328461166392,-2.1346532307872845,0.13322716349975242,-2.9460380218780564
0.9475,16.052714314282174,-0.28540724498677605,-2.1238872609477797,0.13077003812400168,-2.9510499553984304
0.9483333333333334,16.064962577205662,-0.28717263020110173,-2.113020429930745,0.12830876854562176,-2.9559839918822073
0.9491666666666667,16.077277396471075,-0.2889289176420331,-2.10205257859641,0.12584341996965198,-2.960839433022129
0.9500000000000001,16.08965846212497,-0.2906760230612505,-2.090983552425251,0.12337405818358571,-2.9656155794142443
0.9508333333333334,16.102105455043755,-0.29241386208361864,-2.0798132015742583,0.1209007495581811,-2.9703117305979463
0.9516666666666668,16.114618046940194,-0.2941423502111117,-2.0685413809329454,0.11842356104832313,-2.974927185095545
0.9525,16.127195900370452,-0.2958614028267678,-2.057167950179359,0.11594256019387653,-2.9794612404520824
0.9533333333333334,16.1398386687436,-0.2975709351987048,-2.045692773836471,0.11345781512047885,-2.9839131932759653
0.9541666666666667,16.152545996333085,-0.2992708624841807,-2.0341157213288055,0.11096939454030388,-2.988282339280126
0.9550000000000001,16.165317518289854,-0.3009610997337037,-2.0224366670392735,0.10847736775278782,-2.9925679733237183
0.9558333333333334,16.17815286065711,-0.3026415618951877,-2.0106554903662275,0.10598180464532297,-2.996769389454338
0.9566666666666668,16.19105164038689,-0.30431216381815607,-1.9987720757807335,0.10348277569391627,-3.0008858809507886
0.9575,16.204013465358113,-0.3059728202579921,-1.986786312884049,0.1009803519638126,-3.0049167403663843
0.9583333333333334,16.217037934396828,-0.30762344588023927,-1.9746980964653063,0.09847460511008058,-3.0088612595728006
0.9591666666666667,16.23012463729762,-0.3092639552649467,-1.9625073265594137,0.09596560737816506,-3.0127187298044698
0.9600000000000001,16.243273154847238,-0.31089426291106526,-1.9502139085051455,0.09345343160439909,-3.016488441703532
0.9608333333333334,16.256483058849607,-0.31251428324089103,-1.9378177530034357,0.09093815121647991,-3.0201696853653437
0.9616666666666668,16.269753912152876,-0.31412393060455773,-1.925318776175871,0.08841984023390637,-3.023761750384544
0.9625,16.28308526867814,-0.315723119284578,-1.9127168996233754,0.08589857326837767,-3.0272639259016847
0.9633333333333334,16.29647667344975,-0.31731176350043433,-1.9000120504850793,0.08337442552415111,-3.030675500650432
0.9641666666666667,16.309927662627675,-0.3188897774132177,-1.887204161497393,0.08084747279836321,-3.0339957630053327
0.9650000000000001,16.323437763541484,-0.32045707513031785,-1.8742931710532482,0.0783177914813068,-3.0372240010301654
0.9658333333333334,16.33700649472619,-0.3220135707101616,-1.8612790232615306,0.07578545855666868,-3.0403595025268606
0.9666666666666667,16.35063336595978,-0.3235591781670022,-1.8481616680066908,0.07325055160172565,-3.0434015550850115
0.9675,16.36431787830275,-0.32509381147575883,-1.8349410610085253,0.07071314878749643,-3.0463494461319702
0.9683333333333334,16.378059524139232,-0.32661738457690515,-1.8216171638821461,0.06817332887885416,-3.049202462983528
0.9691666666666667,16.39185778722008,-0.32812981138141006,-1.8081899441981062,0.06563117123459203,-3.051959892895201
0.9700000000000001,16.40571214270781,-0.3296310057757287,-1.794659375542699,0.0630867558074467,-3.0546210231141027
0.9708333333333334,16.419622057223126,-0.33112088162684333,-1.7810254375784185,0.06054016314407796,-3.057185140931413
0.9716666666666667,16.43358698888918,-0.33259935278731156,-1.7672881161041119,0.057991474385102236,-3.0596515337342898
0.9725,16.44760638738365,-0.3340663331004268,-1.7534474031159069,0.05544077126493453,-3.062019489060035
0.9733333333333334,16.461679693992277,-0.3355217364054302,-1.7395032968683348,0.05288813611159582,-3.064288294650809
0.9741666666666667,16.475806341660977,-0.3369654765427365,-1.7254558019351713,0.050333651846553085,-3.066457238507984
0.9750000000000001,16.48998575505094,-0.3383974673592262,-1.711304929270578,0.04777740198447868,-3.0685256089475117
0.9758333333333334,16.50421735059562,-0.33981762271358806,-1.6970506962703718,0.045219470632963735,-3.0704926946558855
0.9766666666666667,16.518500536559355,-0.3412258564817129,-1.6826931268334262,0.04265994249218562,-3.0723577847466905
0.9775,16.53283471309777,-0.3426220825621391,-1.6682322514231793,0.04009890285452676,-3.0741201688177573
0.9783333333333334,16.547219272319964,-0.34400621488154776,-1.6536681071292791,0.037536437604149556,-3.0757791370089067
0.9791666666666667,16.561653598352237,-0.34537816740031074,-1.6390007377293203,0.034972633216519486,-3.077333980060304
0.9800000000000001,16.57613706740379,-0.3467378541180895,-1.624230193750696,0.032407576757881466,-3.0787839893714146
0.9808333333333334,16.590669047833952,-0.34808518907948544,-1.6093565325325492,0.029841355884686303,-3.080128457060568
0.9816666666666667,16.60524890022123,-0.3494200863797417,-1.594379818287822,0.027274058842967595,-3.0813666760251324
0.9825,16.619875977434038,-0.35074246017049815,-1.579300122165385,0.02470577446766637,-3.082497940002306
0.9833333333333334,16.63454962470321,-0.3520522246655955,-1.564117522312274,0.022136592181907853,-3.083521543630518
0.9841666666666667,16.64926917969613,-0.35334929414693417,-1.5488321039359878,0.01956660199622305,-3.084436782511456
0.9850000000000001,16.66403397259268,-0.354633582970384,-1.5334439593668703,0.01699589450771956,-3.08524295327271
0.9858333333333335,16.678843326162816,-0.35590500557174587,-1.5179531881205641,0.014424560899198982,-3.0859393536310473
0.9866666666666667,16.69369655584608,-0.3571634764727664,-1.5023598969605316,0.011852692938221027,-3.0865252824563085
0.9875,16.708592969832413,-0.35840891028720523,-1.4866641999606263,0.009280382976111529,-3.087000039835939
0.9883333333333334,16.723531869145194,-0.35964122172695345,-1.470866218567741,0.006707723946919042,-3.0873629271401515
0.9891666666666667,16.738512547725556,-0.3608603256082062,-1.4549660816644876,0.0041348093663131896,-3.087613247087718
0.9900000000000001,16.75353429251689,-0.36206613685767336,-1.4389639256318254,0.0015617333304749456,-3.0877503038118768
0.9908333333333333,16.768596383553188,-0.36325857051885857,-1.4228598944118345,-0.0010114094851325778,-3.0877734029275623
0.9916666666666667,16.783698094049026,-0.36443754175839377,-1.4066541395705507,-0.003584523827045461,-3.087681851599225
0.9925,16.79883869048994,-0.3656029658724135,-1.3903468203607467,-0.006157513865102365,-3.087474958608913
0.9933333333333334,16.814017432725013,-0.36675475829298765,-1.3739381037847334,-0.008730283193824765,-3.087152034425167
0.9941666666666668,16.829233574061067,-0.3678928345946055,-1.357428164657184,-0.011302734833852319,-3.0867123912725334
0.9950000000000001,16.844486361358378,-0.3690171105007123,-1.3408171856679636,-0.013874771233436028,-3.0861553432017024
0.9958333333333333,16.85977503512816,-0.370127501890298,-1.324105357444955,-0.01644629426998924,-3.08548020616027
0.9966666666666667,16.87509882963143,-0.37122392480453925,-1.3072928786168685,-0.019017205251699133,-3.084686298064128
0.9975,16.890456972979607,-0.37230629545349175,-1.2903799558760531,-0.021587404919194232,-3.083772938869479
0.9983333333333334,16.905848687236542,-0.37337453022283673,-1.2733668040412645,-0.024156793447275473,-3.082739450645485
0.9991666666666668,16.92127318852224,-0.3744285456806789,-1.2562536461204123,-0.026725270446706292,-3.0815851576475457
1.0,16.936729687118063,-0.3754682585843966,-1.2390407133732688,-0.02929273496606416,-3.0803093863912085
1.0008333333333335,16.952217387573427,-0.3764935858875449,-1.221728245374119,-0.03185908549365619,-3.078911465726715
1.0016666666666667,16.967735488814228,-0.377504444746809,-1.204316490074393,-0.034424219959492124,-3.0773907269141842
1.0025000000000002,16.983283184252553,-0.37850075252901294,-1.1868057038651814,-0.036988035737329415,-3.0757465036994303
1.0033333333333334,16.99885966189821,-0.379482426818177,-1.1691961516397524,-0.03955042964677191,-3.0739781323904247
1.0041666666666667,17.01446410447149,-0.3804493854226304,-1.1514881068559255,-0.04211129795544341,-3.072084951934396
1.0050000000000001,17.03009568951774,-0.3814015463821743,-1.1336818515984102,-0.04467053638121973,-3.070066303995572
1.0058333333333334,17.04575358952316,-0.38233882797529634,-1.115777676641057,-0.04722804009452682,-3.0679215330335716
1.0066666666666668,17.06143697203243,-0.38326114872644057,-1.0977758815089622,-0.04978370372071232,-3.065649986382435
1.0075,17.077144999767583,-0.3841684274133247,-1.079676774540543,-0.052337421342473156,-3.0632510143302984
1.0083333333333333,17.09287683074659,-0.3850605830743061,-1.0614806729494421,-0.05488908650230613,-3.060723970199122
1.0091666666666668,17.108631618405965,-0.38593753501580386,-1.0431879028863047,-0.05743859220509615,-3.0580682104258554
1.01,17.12440851172429,-0.38679920281977614,-1.0247987995004835,-0.05998583092076279,-3.05528309464416
1.0108333333333335,17.1402066553465,-0.387645506351244,-1.0063137070015358,-0.06253069458694803,-3.0523679857663835
1.0116666666666667,17.1560251897095,-0.38847636576586525,-0.9877329787206338,-0.06507307461177943,-3.049322250066354
1.0125,17.171863251169707,-0.38929170151756287,-0.9690569771717512,-0.067612861876712,-3.046145257262785
1.0133333333333334,17.18771997213155,-0.3900914343662018,-0.9502860741127379,-0.07014994673943235,-3.0428363806033074
1.0141666666666667,17.2035944811775,-0.39087548538531747,-0.9314206506062254,-0.07268421903683259,-3.0393949969491287
1.0150000000000001,17.219485903199537,-0.39164377596989636,-0.9124610970803011,-0.07521556808806147,-3.035820486860302
1.0158333333333334,17.235393359531574,-0.3923962278442043,-0.8934078133890699,-0.07774388269763641,-3.0321122346816303
1.0166666666666668,17.25131596808369,-0.3931327630696682,-0.8742612088729325,-0.08026905115863807,-3.028269628629178
1.0175,17.267252843477323,-0.39385330405280505,-0.8550217024187374,-0.08279096125596645,-3.024292060877421
1.0183333333333333,17.283203097181836,-0.3945577735532035,-0.8356897225196367,-0.08530950026968026,-3.0201789276469966
1.0191666666666668,17.299165837652417,-0.395246094691553,-0.8162657073347627,-0.08782455497840311,-3.015929629293093
1.02,17.315140170469196,-0.3959181909577234,-0.7967501047486667,-0.09033601166280403,-3.0115435703944513
1.0208333333333335,17.331125198477793,-0.39657398621889495,-0.7771433724304568,-0.09284375610915989,-3.0070201598429813
1.0216666666666667,17.347120021930767,-0.39721340472773525,-0.7574459778927541,-0.0953476736129832,-3.0023588109340134
1.0225,17.3631237386308,-0.39783637113062764,-0.7376583985503034,-0.09784764898273633,-2.9975589414571515
1.0233333333333334,17.37913544407469,-0.3984428104759468,-0.7177811217783564,-0.100343566543616,-2.9926199737877592
1.0241666666666667,17.39515423159882,-0.39903264822238305,-0.6978146449707681,-0.10283531014141539,-2.987541334979063
1.0250000000000001,17.41117919252574,-0.39960581024731695,-0.6777594755977531,-0.10532276314646781,-2.982322456854831
1.0258333333333334,17.42720941631055,-0.40016222285524145,-0.6576161312635616,-0.10780580845760927,-2.976962776102198
1.0266666666666668,17.443243990690664,-0.40070181278622674,-0.6373851397634485,-0.11028432850631686,-2.971461734365897
1.0275,17.459282001835714,-0.4012245072244388,-0.6170670391406121,-0.11275820526087227,-2.9658187783427326
1.0283333333333333,17.475322534498577,-0.4017302338067038,-0.5966623777426762,-0.11522732023060862,-2.9600333598765443
1.0291666666666668,17.491364672167386,-0.402218920631117,-0.5761717142778401,-0.11769155447023989,-2.954104936053867
1.03,17.507407497218736,-0.40269049626569947,-0.5555956178706806,-0.12015078858426922,-2.948032969300178
1.0308333333333335,17.52345009107221,-0.4031448897571017,-0.5349346681175338,-0.12260490273148365,-2.941816927476705
1.0316666666666667,17.539491534345544,-0.40358203063935266,-0.5141894551415838,-0.1250537766295192,-2.9354562839778366
1.0325,17.555530907011214,-0.40400184894265584,-0.4933605796474798,-0.12749728955951667,-2.9289505178290804
1.0333333333333334,17.571567288553734,-0.40440427520222966,-0.47244865297560584,-0.12993532037085276,-2.922299113785611
1.0341666666666667,17.587599758128164,-0.4047892404671933,-0.45145429715593677,-0.1323677474859528,-2.915501562431387
1.0350000000000001,17.603627394719535,-0.4051566763094977,-0.4303781449614109,-0.13479444890519343,-2.9085573602788157
1.0358333333333334,17.61964927730321,-0.4055065148328997,-0.4092208399609461,-0.13721530221187844,-2.9014660098690075
1.0366666666666666,17.63566448500628,-0.4058386886819811,-0.3879830365719191,-0.13963018457730877,-2.8942270198725653
1.0375,17.651672097269884,-0.4061531310512106,-0.36666540011223536,-0.14203897276593036,-2.8868399051909495
1.0383333333333333,17.667671194012406,-0.40644977569404833,-0.34526860685192035,-0.1444415431405677,-2.8793041870583984
1.0391666666666668,17.683660855793725,-0.40672855693209403,-0.32379334406416294,-0.14683777166774942,-2.871619393144381
1.04,17.699640163980188,-0.4069894096642764,-0.30224031007594054,-0.1492275339231109,-2.863785057656633
1.0408333333333335,17.715608200910708,-0.40723226937608487,-0.2806102143180355,-0.1516107050968944,-2.8558007214447008
1.0416666666666667,17.73156405006356,-0.4074570721488424,-0.2589037773746143,-0.15398715999952667,-2.847665932104071
1.0425,17.74750679622422,-0.40766375466901944,-0.23712173103217743,-0.15635677306729445,-2.8393802440808056
1.0433333333333334,17.763435525653634,-0.40785225423759264,-0.21526481832810965,-0.15871941836808823,-2.8309432187766115
1.0441666666666667,17.77934932625624,-0.40802250877945595,-0.19333379359900937,-0.16107496960717882,-2.822354424653955
1.0450000000000002,17.795247287751312,-0.4081744568528346,-0.17132942252749708,-0.16342330013322545,-2.8136134373428234
1.0458333333333334,17.81112850184354,-0.40830803765876567,-0.14925248218914916,-0.16576428294427026,-2.8047198397472526
1.0466666666666666,17.826992062394435,-0.40842319105061253,-0.1271037610986333,-0.1680977906938452,-2.795673222152426
1.0475,17.842837065594487,-0.4085198575436158,-0.10488405925526381,-0.17042369569716653,-2.786473182332332
1.0483333333333333,17.85866261013621,-0.4085979783244824,-0.08259418818793757,-0.1727418699374189,-2.7771193256579054
1.0491666666666668,17.874467797387688,-0.4086574952610127,-0.06023497099937697,-0.17505218507213566,-2.767611265205628
1.05,17.89025173156696,-0.4086983509117632,-0.03780724240981151,-0.17735451243966005,-2.757948621866641
1.0508333333333335,17.906013519916847,-0.4087204885357467,-0.015311848799899552,-0.17964872306570787,-2.7481310244562804
1.0516666666666667,17.92175227288052,-0.40872385210216683,0.007250351746934669,-0.181934687670011,-2.7381581098241203
1.0525,17.93746710427769,-0.40870838630018796,0.02987848940294946,-0.18421227667306284,-2.728029522964434
1.0533333333333335,17.953157131481273,-0.40867403654873935,0.052571682555185184,-0.18648136020294967,-2.717744917127126
1.0541666666666667,17.968821475594705,-0.4086207490063524,0.07532903776528904,-0.18874180810227514,-2.707303953929118
1.0550000000000002,17.98445926162971,-0.4085484705810313,0.09814964973014245,-0.19099348993518453,-2.696706303466135
1.0558333333333334,18.00006961868481,-0.40845714894015533,0.12103260124315407,-0.19323627499447366,-2.6859516444249762
1.0566666666666666,18.015651680123938,-0.4083467325204135,0.14397696315641528,-0.19547003230880156,-2.675039664196161
1.0575,18.031204583756004,-0.40821717053777,0.16698179434356758,-0.19769463064999077,-2.663970058987021
1.0583333333333333,18.046727472014307,-0.40806841299747226,0.1900461416632623,-0.19990993854040368,-2.6527425339350623
1.0591666666666668,18.062219492136784,-0.407900410704069,0.21316903992381134,-0.2021158242604475,-2.6413568032218877
1.06,18.077679796346715,-0.4077131152714685,0.2363495118484183,-0.20431215585615461,-2.629812590187489
1.0608333333333333,18.09310754203353,-0.4075064791330235,0.2595865680413377,-0.20649880114686459,-2.6181096274448374
1.0616666666666668,18.108501891934136,-0.40728045555164416,0.2828792069548528,-0.20867562773299844,-2.6062476569949022
1.0625,18.123862014314476,-0.4070349986299373,0.306226414857111,-0.2108425030039286,-2.5942264303420246
1.0633333333333335,18.13918708315141,-0.4067700633203732,0.32962716580089735,-0.21299929414595073,-2.582045708609617
1.0641666666666667,18.154476278315002,-0.4064856054354784,0.3530804215932082,-0.21514586815034287,-2.5697052626562513
1.0650000000000002,18.16972878575084,-0.406181581658053,0.3765851317658355,-0.21728209182153094,-2.5572048731920294
1.0658333333333334,18.184943797662736,-0.40585794955141274,0.4001402335467802,-0.21940783178534173,-2.544544330895329
1.0666666666666667,18.200120512695552,-0.4055146675696539,0.4237446518327057,-0.22152295449736226,-2.531723436529821
1.0675000000000001,18.215258136118205,-0.4051516950679402,0.4473972991622936,-0.2236273262513911,-2.518742001061819
1.0683333333333334,18.23035588000681,-0.4047689923128126,0.4710970756905806,-0.22572081318798806,-2.505599845777931
1.0691666666666668,18.245412963427835,-0.40436652049251726,0.49484286916435877,-0.22780328130312816,-2.4922968024029615
1.07,18.260428612621656,-0.40394424172735555,0.5186335548984977,-0.22987459645694602,-2.4788327132181474
1.0708333333333333,18.27540206118573,-0.40350211908005085,0.5424679957533975,-0.23193462438258833,-2.4652074311796075
1.0716666666666668,18.290332550258295,-0.40304011656613437,0.5663450421134273,-0.23398323069515992,-2.4514208200370877
1.0725,18.305219328701483,-0.4025581991643642,0.590263531866163,-0.23602028090075425,-2.437472754452877
1.0733333333333335,18.32006165328495,-0.40205633282714065,0.6142222903830583,-0.23804564040560353,-2.4233631201209787
1.0741666666666667,18.334858788869035,-0.40153448449094103,0.6382201305010993,-0.24005917452532377,-2.4090918138866
1.0750000000000002,18.349610008588115,-0.40099262208677483,0.6622558525055333,-0.24206074849425788,-2.394658743865725
1.0758333333333334,18.36431459403361,-0.40043071455064977,0.6863282441137101,-0.24405022747491434,-2.3800638295649588
1.0766666666666667,18.378971835436925,-0.3998487318340489,0.7104360804601428,-0.24602747656751386,-2.365307002001503
1.0775000000000001,18.39358103185226,-0.3992466449144229,0.734578124082647,-0.24799236081963005,-2.3503882038233472
1.0783333333333334,18.40814149133902,-0.39862442580569335,0.7587531249096433,-0.24994474523593022,-2.3353073894296177
1.0791666666666668,18.422652531144266,-0.39798204756876526,0.7829598202487091,-0.2518844947880215,-2.3200645250910363
1.08,18.437113477884502,-0.39731948432205083,0.807196934776236,-0.2538114744243895,-2.304659589070574
1.0808333333333333,18.451523667727535,-0.3966367112519993,0.8314631805284101,-0.2557255490804452,-2.2890925717441624
1.0816666666666668,18.465882446573566,-0.3959337046236343,0.8557572568933706,-0.25762658368866753,-2.2733634757215575
1.0825,18.48018917023621,-0.3952104417910979,0.8800778506046351,-0.2595144431888467,-2.257472315967298
1.0833333333333335,18.494443204622964,-0.394466901208196,0.9044236357358729,-0.26138899253843423,-2.2414191199217006
1.0841666666666667,18.508643925914935,-0.3937030624389508,0.9287932736968885,-0.26325009672298616,-2.2252039276219917
1.085,18.522790720746638,-0.392918906168151,0.953185413231026,-0.2650976207667159,-2.2088267918234252
1.0858333333333334,18.536882986384633,-0.3921144142119057,0.9775986904138569,-0.26693142974314354,-2.1922877781204915
1.0866666666666667,18.550920130906075,-0.3912895695281972,1.0020317286532325,-0.26875138878584737,-2.1755869650681485
1.0875000000000001,18.5649015733764,-0.39044435622744234,1.0264831386906008,-0.2705573630993154,-2.1587244443030253
1.0883333333333334,18.578826744026458,-0.3895787595830781,1.0509515186032334,-0.27234921796987405,-2.1417003206646394
1.0891666666666668,18.592695084428808,-0.38869276604207076,1.0754354538090332,-0.27412681877676826,-2.124514712316597
1.09,18.606506047673278,-0.3877863632354821,1.099933517071798,-0.27589003100330434,-2.1071677508678097
1.0908333333333333,18.6202590985419,-0.3868595399890078,1.1244442685082932,-0.27763872024810804,-2.089659581493564
1.0916666666666668,18.63395371368278,-0.38591228633351127,1.1489662555967177,-0.2793727522364794,-2.0719903630565786
1.0925,18.647589381783213,-0.3849445935155518,1.1734980131866215,-0.2810919928318483,-2.0541602682279834
1.0933333333333335,18.661165603741956,-0.3839564540079021,1.1980380635103633,-0.2827963080473352,-2.036169483608162
1.0941666666666667,18.67468189284047,-0.38294786152006033,1.2225849161959654,-0.2844855640574054,-2.0180182098475505
1.095,18.688137774913216,-0.381918811008747,1.2471370682815859,-0.2861596272096305,-1.9997066617672348
1.0958333333333334,18.701532788516808,-0.3808692986883928,1.2716930042314694,-0.2878183640365461,-1.9812350684794469
1.0966666666666667,18.714866485098238,-0.37979932204161126,1.2962511959534604,-0.2894616412676089,-1.962603673507897
1.0975000000000001,18.728138429161714,-0.37870887982965357,1.3208101028181696,-0.2910893258412597,-1.94381273490787
1.0983333333333334,18.741348198434537,-0.37759797210285007,1.3453681716796524,-0.29270128491707864,-1.9248625253861942
1.0991666666666668,18.75449538403152,-0.3764666002110282,1.3699238368978248,-0.29429738588804893,-1.9057533324209082
1.1,18.767579590618237,-0.37531476681391457,1.3944755203624295,-0.2958774963929125,-1.8864854583807724
1.1008333333333333,18.780600436572893,-0.3741424758915106,1.4190216315187771,-0.29744148432863277,-1.8670592206444425
1.1016666666666668,18.793557554146847,-0.3729497327544474,1.4435605673951253,-0.29898921786295285,-1.8474749517194233
1.1025,18.806450589623612,-0.3717365440543153,1.4680907126317766,-0.30052056544705386,-1.8277329993607259
1.1033333333333335,18.819279203476526,-0.3705029177939761,1.4926104395118103,-0.30203539582831346,-1.8078337266891942
1.1041666666666667,18.832043070525412,-0.36924886333791274,1.5171181079925804,-0.30353357806313747,-1.7877775123096988
1.105,18.8447418800902,-0.36797439142241195,1.5416120657409629,-0.3050149815299331,-1.7675647504285938
1.1058333333333334,18.85737533614411,-0.36667951416581507,1.5660906481690147,-0.3064794759421561,-1.7471958509711198
1.1066666666666667,18.869943157464782,-0.36536424507871645,1.590552178471692,-0.3079269313614551,-1.7266712396983144
1.1075000000000002,18.882445077783412,-0.36402859907412183,1.6149949676665145,-0.30935721821092,-1.7059913583234507
1.1083333333333334,18.894880845932345,-0.3626725924775799,1.639417314634927,-0.3107702072884204,-1.685156664628145
1.1091666666666666,18.90725022599073,-0.36129624303727514,1.6638175061655807,-0.31216576978004734,-1.6641676325779382
1.11,18.919552997428237,-0.35989956993408867,1.6881938169993964,-0.3135437772736465,-1.6430247524374708
1.1108333333333333,18.93178895524693,-0.3584825937916214,1.7125445098764973,-0.314904101772448,-1.6217285308851686
1.1116666666666668,18.94395791012087,-0.35704533668617416,1.7368678355851013,-0.31624661570879414,-1.6002794911273615
1.1125,18.956059688533845,-0.3555878221566914,1.7611620330122344,-0.3175711919579575,-1.5786781730119488
1.1133333333333335,18.968094132914757,-0.35411007521465543,1.7854253291964934,-0.31887770385205827,-1.5569251331414165
1.1141666666666667,18.980061101770787,-0.3526121223539414,1.8096559393826706,-0.3201660251940705,-1.5350209449853605
1.115,18.991960469818267,-0.35109399156061805,1.8338520670784684,-0.3214360302719268,-1.5129661989923169
1.1158333333333335,19.003792128111282,-0.34955571232270344,1.8580119041131666,-0.32268759387271295,-1.4907615027010164
1.1166666666666667,19.015555984167698,-0.3479973156398687,1.8821336306983305,-0.32392059129695466,-1.468407480850988
1.1175000000000002,19.02725196209269,-0.3464188340330839,1.9062154154906465,-0.3251348983730005,-1.4459047754924186
1.1183333333333334,19.038880002699948,-0.3448203015542145,1.9302554156567548,-0.3263303914714915,-1.423254046095403
1.1191666666666666,19.050440063630003,-0.3432017537955542,1.9542517769402885,-0.32750694751992654,-1.4004559696583752
1.12,19.061932119466874,-0.34156322789938354,1.9782026337298932,-0.328664444017311,-1.3775112408162224
1.1208333333333333,19.073356161850956,-0.33990476256740093,2.002106109130222,-0.32980275904889245,-1.3544205719472813
1.1216666666666668,19.084712199588722,-0.3382263980700299,2.0259603150359697,-0.3309217713010007,-1.3311846932792886
1.1225,19.096000258760586,-0.33652817625576914,2.049763352206641,-0.33202136007596267,-1.3078043529950136
1.1233333333333333,19.10722038282521,-0.3348101405604296,2.073513310344133,-0.33310140530710913,-1.2842803173367463
1.1241666666666668,19.118372632720952,-0.3330723360163133,2.097208268172398,-0.3341617875738662,-1.2606133707100085
1.125,19.129457086964226,-0.3313148092613278,2.120846293519273,-0.3352023881169335,-1.2368043157863962
1.1258333333333335,19.140473841744637,-0.32953760854802866,2.1444254434005763,-0.33622308885355023,-1.2128539736054604
1.1266666666666667,19.15142301101721,-0.3277407837525996,2.167943764106318,-0.3372237723928427,-1.1887631836757522
1.1275000000000002,19.162304726591024,-0.32592438638375243,2.1913992912892652,-0.338204322051259,-1.1645328040748055
1.1283333333333334,19.173119138214663,-0.32408846959156085,2.2147900500556723,-0.3391646218680832,-1.1401637115482355
1.1291666666666667,19.18386641365809,-0.3222330881762094,2.238114055058398,-0.34010455662103484,-1.115656801607716
1.1300000000000001,19.194546738791157,-0.3203582985966678,2.261369310592285,-0.34102401184194686,-1.0910129886279731
1.1308333333333334,19.205160317658244,-0.3184641589792843,2.2845538106918775,-0.34192287383252423,-1.0662332059426984
1.1316666666666668,19.21570737254942,-0.3165507291262883,2.3076655392315777,-0.34280102968018367,-1.0413184059392848
1.1325,19.226188144067866,-0.3146180705242148,2.3307024700280956,-0.3436583672739682,-1.01626956015252
1.1333333333333333,19.236602891193254,-0.3126662463522316,2.353662566945417,-0.3444947753205426,-0.9910876593570086
1.1341666666666668,19.2469518913416,-0.3106953214903796,2.3765437840021524,-0.3453101433602631,-0.9657737136584597
1.135,19.25723544042066,-0.30870536252771924,2.399344065481351,-0.3461043617833224,-0.9403287525837423
1.1358333333333335,19.267453852882035,-0.3066964377703934,2.422061346042656,-0.34687732184597403,-0.9147538251697263
1.1366666666666667,19.277607461769993,-0.3046686172497408,2.444693550835088,-0.34762891568684223,-0.8890500000518151
1.1375000000000002,19.2876966187633,-0.30262197273003066,2.4672385956157457,-0.3483590363432705,-0.8632183655493568
1.1383333333333334,19.297721694214935,-0.30055657771626926,2.4896943868689765,-0.3490675777677671,-0.8372600297508921
1.1391666666666667,19.30768307718691,-0.2984725074618831,2.512058821928275,-0.34975443484451524,-0.8111761205978039
1.1400000000000001,19.317581175480598,-0.29636983897628816,2.534329789100843,-0.3504195034059491,-0.7849677859665525
1.1408333333333334,19.327416415662512,-0.29424865103235764,2.556505167794656,-0.35106268024939846,-0.7586361937495276
1.1416666666666668,19.33718924308582,-0.29210902417378,2.5785828286481074,-0.3516838631538037,-0.7321825319344114
1.1425,19.346900121906987,-0.28995104072231803,2.6005606336621114,-0.35228295089649303,-0.7056080086821906
1.1433333333333333,19.35654953509777,-0.28777478478495006,2.622436436334869,-0.3528598432700283,-0.67891385240357
1.1441666666666668,19.366137984452497,-0.28558034226090334,2.6442080817991633,-0.3534144410991113,-0.6521013118339282
1.145,19.375665990590296,-0.2833678008485718,2.6658734069622776,-0.35394664625755223,-0.6251716561067069
1.1458333333333335,19.385134092952573,-0.2811372500523101,2.687430240648611,-0.35445636168529937,-0.5981261748251274
1.1466666666666667,19.394542849795034,-0.2788887811891138,2.7088764037448705,-0.3549434914055258,-0.5709661781323758
1.1475,19.403892838174997,-0.27662248739516737,2.7302097093480424,-0.3554079405417745,-0.5436929967800037
1.1483333333333334,19.413184653933243,-0.27433846363227044,2.7514279629160114,-0.3558496153351584,-0.5163079821946901
1.1491666666666667,19.422418911670608,-0.27203680669413394,2.7725289624209224,-0.35626842316161395,-0.48881250654325553
1.1500000000000001,19.43159624471922,-0.2697176152125374,2.7935104985053543,-0.35666427254920885,-0.46120796279581694
1.1508333333333334,19.440717305108407,-0.26738098966335955,2.8143703546411922,-0.3570370731954989,-0.4334957647872311
1.1516666666666668,19.449782763525274,-0.2650270323724759,2.8351063072912193,-0.35738673598494053,-0.4056773472766836
1.1525,19.45879330927063,-0.2626558475216873,2.8557161260715715,-0.3577131730063943,-0.37775416600675255
1.1533333333333333,19.46774965020712,-0.26026754115422185,2.8761975739201837,-0.35801629757059544,-0.3497276977583345
1.1541666666666668,19.476652512702756,-0.25786222118023283,2.896548407266535,-0.35829602422771023,-0.32159944040472777
1.155,19.485502641568733,-0.25543999738217005,2.916766376203984,-0.35855226878493945,-0.29337091296387385
1.1558333333333335,19.49430079999122,-0.2530009814199796,2.9368492246651936,-0.35878494832415897,-0.2650436556483905
1.1566666666666667,19.50304776945737,-0.2505452868361687,2.9567946906002716,-0.3589939812196015,-0.23661922991372214
1.1575,19.511744349675066,-0.24807302906071244,2.9766005061578062,-0.35917928715557945,-0.20809921850414145
1.1583333333333334,19.520391358486886,-0.24558432541581554,2.9962643978686887,-0.3593407871442444,-0.1794852254967489
1.1591666666666667,19.528989631777797,-0.2430792951205208,3.015784086832785,-0.35947840354338345,-0.15077887634335585
1.1600000000000001,19.53754002337649,-0.24055805929515267,3.0351572889085365,-0.35959206007424843,-0.12198181791013274
1.1608333333333334,19.546043404950588,-0.23802074096561127,3.054381714905375,-0.35968168183941734,-0.09309571851517312
1.1616666666666668,19.554500665895485,-0.23546746506749155,3.0734550707791306,-0.35974719534068483,-0.0641222679636958
1.1625,19.562912713216566,-0.2328983584500474,3.0923750578302873,-0.35978852849698023,-0.035063177581089844
1.1633333333333333,19.571280471405203,-0.2303135498799754,3.1111393729052663,-0.3598056106623114,-0.005920180243523032
1.1641666666666668,19.579604882307926,-0.22771317004503333,3.1297457086006246,-0.35979837264373116,0.023304969593733904
1.165,19.587886904989574,-0.22509735155752045,3.1481917534698476,-0.35976674671934145,0.05261049587004891
1.1658333333333335,19.596127515589448,-0.22246622895758006,3.166475192233078,-0.35971066665631724,0.08199460089562385
1.1666666666666667,19.604327707170352,-0.21981993871626682,3.1845937059904763,-0.35963006772892214,0.11145546533060652
1.1675,19.612488489561414,-0.21715861923848642,3.202544972437969,-0.3595248867365652,0.14099124816626324
1.1683333333333334,19.62061088919375,-0.2144824108657388,3.220326666086147,-0.3593950620218629,0.17060008670877777
1.1691666666666667,19.628695948929458,-0.2117914558786807,3.237936458482119,-0.35924053348871493,0.20028009656556184
1.1700000000000002,19.63674472788352,-0.20908589849949738,3.25537201843438,-0.35906124262039163,0.2300293716342001
1.1708333333333334,19.64475830123889,-0.20636588489409763,3.2726310122405993,-0.3588571324976304,0.25984598409387716
1.1716666666666666,19.652737760054457,-0.20363156317410755,3.2897111039184694,-0.3586281478167385,0.28972798439956793
1.1725,19.660684211066037,-0.20088308339867794,3.3066099554395265,-0.35837423490769904,0.31967340127883853
1.1733333333333333,19.668598776480113,-0.19812059757609424,3.323325226965994,-0.3580953417522784,0.349680241731381
1.1741666666666668,19.67648259376049,-0.19534425966517888,3.339854577090718,-0.35779141800213116,0.37974649103140645
1.175,19.68433681540778,-0.19255422557650104,3.3561956630800847,-0.35746241499690146,0.40987011273274204
1.1758333333333335,19.69216260873151,-0.1897506531733673,3.37234614112008,-0.3571082857823159,0.4400490486769238
1.1766666666666667,19.699961155615163,-0.18693370227261402,3.3883036665653687,-0.3567289851282684,0.4702812190040739
1.1775,19.707733652273976,-0.18410353464518417,3.4040658941914383,-0.35632446954689556,0.5005645221667627
1.1783333333333335,19.715481309005657,-0.1812603140165711,3.4196304784490748,-0.3558946973106787,0.5308968349460492
1.1791666666666667,19.723205349933156,-0.17840420606693208,3.4349950737229844,-0.3554396284704662,0.5612760124716284
1.1800000000000002,19.730907012740477,-0.1755353784310364,3.4501573345929883,-0.35495922487351156,0.5916998882445135
1.1808333333333334,19.738587548401146,-0.17265400069800022,3.465114916098243,-0.35445345018148783,0.6221662741627211
1.1816666666666666,19.74624822089912,-0.1697602444107842,3.479865474004632,-0.3539222698884748,0.652672960550215
1.1825,19.753890306942427,-0.16685428306547717,3.4944066650751644,-0.3533656513389249,0.6832177161888712
1.1833333333333333,19.761515095669584,-0.1639362921103555,3.508736147343417,-0.3527835637456019,0.7137982883535926
1.1841666666666668,19.769123888348243,-0.16100644894470634,3.522851580390082,-0.35217597820748836,0.7444124028507029
1.185,19.77671799806688,-0.15806493291743096,3.536750625622516,-0.35154286772766236,0.7750577640594624
1.1858333333333335,19.78429874941879,-0.1551119253254007,3.5504309465574235,-0.3508842072311342,0.8057320549770073
1.1866666666666668,19.79186747817874,-0.15214760941158675,3.5638902091065647,-0.3501999735826469,0.8364329372664971
1.1875,19.79942553097229,-0.1491721703629364,3.5771260818656008,-0.34949014560442976,0.8671580513087728
1.1883333333333335,19.80697426493768,-0.1461857953080115,3.590136236406001,-0.34875470409390796,0.8979050162573656
1.1891666666666667,19.814515047380553,-0.14318867331437837,3.602918347570053,-0.3479936318413618,0.9286714300969905
1.1900000000000002,19.822049255421224,-0.14018099538573922,3.615470093768999,-0.34720691364753226,0.9594548697056253
1.1908333333333334,19.82957827563503,-0.13716295445889648,3.6277891572835776,-0.3463945363412231,0.9902528909192372
1.1916666666666667,19.83710350368481,-0.13413474540037293,3.6398732245683196,-0.3455564887967881,1.0210630286010172
1.1925000000000001,19.84462634394677,-0.13109656500279418,3.6517199865588355,-0.3446927619515726,1.0518827967140165
1.1933333333333334,19.852148209128664,-0.12804861198103668,3.663327138981913,-0.3438033488233042,1.0827096883971845
1.1941666666666668,19.859670519881224,-0.1249910869680931,3.6746923826688085,-0.34288824452740685,1.1135411760453036
1.195,19.867194704402383,-0.12192419251069171,3.6858134238715046,-0.34194744629425355,1.144374711392454
1.1958333333333333,19.87472219803446,-0.11884813306464143,3.69668797458201,-0.34098095348634666,1.1752077255993025
1.1966666666666668,19.882254442854602,-0.1157631149899197,3.7073137528546423,-0.33998876761542807,1.206037629344063
1.1975,19.889792887258015,-0.11266934654549127,3.7176884831313095,-0.3389708923595121,1.2368618129172568
1.1983333333333335,19.897338985534763,-0.109567037883846,3.7278098965698216,-0.33792733357983523,1.2676776463204074
1.1991666666666667,19.90489419743944,-0.10645640104527318,3.737675731375162,-0.33685809933772454,1.29848247936851
1.2000000000000002,19.9124599877543,-0.10333764995184251,3.7472837331337994,-0.3357631999113729,1.3292736417965834
1.2008333333333334,19.920037825845945,-0.10021100040111539,3.7566316551509535,-0.3346426478125256,1.3600484433700912
1.2016666666666667,19.927629185215327,-0.09707667005955672,3.7657172587908985,-0.33349645780306536,1.390804173999531
1.2025000000000001,19.93523554304158,-0.09393487845566473,3.7745383138202278,-0.332324646911499,1.4215381038590427
1.2033333333333334,19.942858379719503,-0.09078584697280938,3.783092598754101,-0.3311272344493414,1.4522474835091321
1.2041666666666668,19.950499178391038,-0.0876297988418757,3.7913779012046684,-0.32990424202747304,1.4829295440224075
1.205,19.958159424470104,-0.08446695913351014,3.799392018233201,-0.328655693572299,1.5135814971146717
1.2058333333333333,19.965840605162064,-0.08129755475006582,3.8071327567051725,-0.3273816153418034,1.544200535280234
1.2066666666666668,19.97354420897729,-0.07812181441730247,3.814597933647829,-0.32608203594152263,1.574783831930885
1.2075,19.98127172523859,-0.07493996867576379,3.8217853766107868,-0.3247569863403823,1.605328541539384
1.2083333333333335,19.98902464358378,-0.0717522498718491,3.8286929240294785,-0.3234064998864137,1.6358317997872591
1.2091666666666667,19.99680445346212,-0.06855889214859703,3.8353184255913773,-0.32203061232235397,1.6662907237167621
1.2100000000000002,20.00461264362622,-0.0653601314361515,3.8416597426050503,-0.3206293618011141,1.6967024118872844
1.2108333333333334,20.01245070161825,-0.06215620544193348,3.847714748371963,-0.31920278890112164,1.7270639445360165
1.2116666666666667,20.02032011325141,-0.058947353640489024,3.853481328561079,-0.31775093664152126,1.7573723837431585
1.2125000000000001,20.028222362086648,-0.055733817263031116,3.8589573815862,-0.31627385049723894,1.7876247736015225
1.2133333333333334,20.036158928904623,-0.052515839286663424,3.86414081898604,-0.3147715784138999,1.8178181403906588
1.2141666666666668,20.044131291173173,-0.04929366442327394,3.869029565807046,-0.3132441708225926,1.847949492755638
1.215,20.052140922510677,-0.0460675391081164,3.87362156098891,-0.31169168065448283,1.878015821890332
1.2158333333333333,20.060189292145346,-0.04283771148805031,3.8779147577527953,-0.31011416335526226,1.9080141017254877
1.2166666666666668,20.0682778643708,-0.039604431409457484,3.881907123992236,-0.3085116768994357,1.93794128912144
1.2175,20.076408097997614,-0.03636795040590603,3.8855966426662127,-0.3068842818045165,1.9677943240645788
1.2183333333333335,20.084581445800954,-0.033128521685480354,3.888981312194742,-0.30523204114504926,1.997570129868535
1.2191666666666667,20.09279935396606,-0.02988640011763588,3.8920591468580117,-0.3035550205663287,2.0272656133818914
1.22,20.101063261529912,-0.026641842219850137,3.894828177197176,-0.30185328829806807,2.056877665199034
1.2208333333333334,20.10937459981997,-0.023395106143898753,3.897286450417896,-0.3001269151678469,2.086403159876315
1.2216666666666667,20.11773479189073,-0.020146451661798636,3.8994320307963433,-0.29837597461438214,2.1158389561529676
1.2225000000000001,20.1261452519576,-0.016896140151406735,3.9012630000876265,-0.2966005427006125,2.1451818971769065
1.2233333333333334,20.13460738482874,-0.013644434581692799,3.9027774579366095,-0.29480069812660253,2.174428810735255
1.2241666666666668,20.143122585335,-0.010391599497656258,3.903973522291093,-0.29297652224224624,2.2035765094898863
1.225,20.151692237758045,-0.007137901004911705,3.9048493298173335,-0.2911280990597798,2.2326217912177793
1.2258333333333333,20.160317715257264,-0.0038836067539129576,3.90540303631786,-0.2892555152660832,2.26156143905647
1.2266666666666668,20.16900037929518,-0.0006289859238343062,3.9056328171515693,-0.2873588602347773,2.290392221754455
1.2275,20.177741579062374,0.0026256907939030127,3.905536867656062,-0.28543822603810615,2.319110893926661
1.2283333333333335,20.186542650901348,0.005880151212470812,3.905113403572192,-0.2834937074585936,2.3477141963151125
1.2291666666666667,20.195404917730702,0.009134121666821975,3.9043606614708026,-0.28152540200048204,2.3761988560546428
1.23,20.20432968846879,0.012387327031255682,3.9032768991816105,-0.27953340990093156,2.4045615869439274
1.2308333333333334,20.2133182574575,0.015639490737253466,3.9018603962238445,-0.27751783414108516,2.4327990897205343
1.2316666666666667,20.22237190388602,0.018890334791689823,3.9001094542389323,-0.2754787804568809,2.4609080523413165
1.2325000000000002,20.231491891216617,0.022139579795543804,3.898022397425782,-0.273416357349482,2.4888851502697764
1.2333333333333334,20.2406794666106,0.025386944962838,3.8955975729774606,-0.27133067609560935,2.516727046766915
1.2341666666666669,20.249935860355695,0.028632148139994977,3.89283335151992,-0.2692218507575752,2.5444303931879393
1.235,20.259262285295392,0.03187490582554274,3.8897281275525883,-0.2670899981930822,2.571991829284053
1.2358333333333333,20.2686599362599,0.03511493319019845,3.88628031989076,-0.26493523806476343,2.5994079835095927
1.2366666666666668,20.278129989499615,0.03835194409731138,3.8824883721097465,-0.26275769284947204,2.626675473334362
1.2375,20.287673602121068,0.04158565112367621,3.878350752990745,-0.26055748784730903,2.65379090556128
1.2383333333333335,20.2972919115256,0.04481576558072783,3.873865956968355,-0.2583347511903772,2.6807508766494417
1.2391666666666667,20.30698603485149,0.04804199753609869,3.8690325045797263,-0.2560896138512697,2.707551973042455
1.24,20.31675706841925,0.05126405583556691,3.863848942915251,-0.25382220965127017,2.7341907715023046
1.2408333333333335,20.326606087181112,0.0544816481253763,3.8583138460707915,-0.2515326752682721,2.760663839448598
1.2416666666666667,20.336534144174546,0.057694480874939336,3.852425815601368,-0.24922115024440766,2.786967735303301
1.2425000000000002,20.34654226998051,0.06090225939992698,3.8461834809762467,-0.24688777699338113,2.8130990088409713
1.2433333333333334,20.356631472185644,0.0641046878856465,3.839585500035227,-0.24453270080762265,2.8390542015432088
1.2441666666666666,20.366802734850257,0.06730146941092323,3.8326305594463856,-0.24215606986498442,2.864829846960236
1.245,20.377057017981937,0.07049230597231314,3.8253173751650404,-0.23975803523520287,2.890422471077276
1.2458333333333333,20.38739525701443,0.07367689850869479,3.8176446928938015,-0.23733875088605197,2.915828592686381
1.2466666666666668,20.3978183622929,0.07685494692626058,3.809611288543741,-0.23489837368917,2.9410447237639312
1.2475,20.40832721856558,0.08002615012387673,3.801215968696643,-0.23243706342558468,2.9660673698534925
1.2483333333333335,20.41892268448221,0.08319020601884025,3.79245757106821,-0.22995498279091037,2.99089303045428
1.2491666666666668,20.429605592099534,0.08634681157300751,3.7833349649722203,-0.2274522974002315,3.0155181994150313
1.25,20.44037674639431,0.0894956628193224,3.7738470517855047,-0.22492917579264568,3.039939365333526
1.2508333333333335,20.451236924783803,0.09263645488872488,3.763992765413721,-0.2223857894354762,3.064153011961606
1.2516666666666667,20.4621868766547,0.09576888203745,3.7537710727578473,-0.21982231272814154,3.0881556186157963
1.2525000000000002,20.473227322900023,0.09889263767472764,3.743180974181292,-0.21723892300566772,3.111943660593612
1.2533333333333334,20.48435895546531,0.10200741439086382,3.7322215039776157,-0.21463580054185494,3.135513609595412
1.2541666666666667,20.495582436903568,0.10511290398573048,3.720891730838724,-0.21201312855207102,3.158861934152031
1.2550000000000001,20.506898399939974,0.10820879749762889,3.7091907583235466,-0.209371093195708,3.1819851000578008
1.2558333333333334,20.518307447045014,0.11129478523246392,3.6971177253271286,-0.2067098835784024,3.2048795708079383
1.2566666666666668,20.529810150019085,0.1143705567934556,3.6846718065498467,-0.20402969175365546,3.2275418080437084
1.2575,20.54140704958705,0.11743580111115177,3.6718522129670252,-0.2013307127242262,3.2499682720018814
1.2583333333333333,20.553098655003005,0.12049020647385947,3.658658192298512,-0.19861314444310132,3.2721554219701297
1.2591666666666668,20.564885443666324,0.12353346055846265,3.6450890294783624,-0.19587718781408814,3.294099716747998
1.26,20.576767860748816,0.12656525046162811,3.6311440471245335,-0.19312304669202834,3.3157976151134108
1.2608333333333335,20.58874631883379,0.12958526273140875,3.6168226060084523,-0.19035092788261815,3.33724557629479
1.2616666666666667,20.60082119756662,0.13259318339922418,3.6021241055244646,-0.18756104114184696,3.358440060448642
1.2625000000000002,20.61299284331762,0.13558869801224516,3.5870479841589487,-0.1847535991750241,3.379377529142808
1.2633333333333334,20.625261568857308,0.13857149166615634,3.5715937199591283,-0.18192881763541094,3.4000544458452064
1.2641666666666667,20.63762765304435,0.14154124903832305,3.555760831001373,-0.17908691512242844,3.420467276418246
1.2650000000000001,20.650091340526508,0.1444976544213432,3.5395488758589857,-0.17622811317945153,3.4406124896187915
1.2658333333333334,20.662652841454825,0.14744039175699292,3.5229574540693553,-0.17335263629117661,3.4604865576037387
1.2666666666666668,20.675312331211707,0.15036914467057408,3.5059862066003316,-0.17046071188054723,3.4800859564412683
1.2675,20.688069950152723,0.1532835965056457,3.488634816315838,-0.16755257030525023,3.4994071666276545
1.2683333333333333,20.700925803362466,0.156183430359115,3.470903008440808,-0.16462844485385347,3.5184466736089814
1.2691666666666668,20.713879960423583,0.15906832911666005,3.452790551025338,-0.16168857174159873,3.53720096830752
1.27,20.726932455202324,0.16193797548869732,3.4342972554069733,-0.15873319010543696,3.555666547656237
1.2708333333333335,20.74008328564798,0.1647920520466203,3.415422976672471,-0.15576254199886197,3.573839915136761
1.2716666666666667,20.753332413606913,0.16763024125944767,3.3961676141180126,-0.15277687238621593,3.5917175813233513
1.2725000000000002,20.766679764652373,0.1704522255308645,3.376531111708033,-0.1497764291365348,3.6092960644323235
1.2733333333333334,20.7801252279296,0.1732576872366314,3.3565134585327194,-0.14676146301695464,3.6265718908767526
1.2741666666666667,20.79366865601696,0.17604630876238325,3.336114689263903,-0.1437322276856476,3.643541595826578
1.2750000000000001,20.8073098648026,0.17881777254179876,3.3153348846093516,-0.14068897968430016,3.6602017237739886
1.2758333333333334,20.821048633377526,0.18157176109514708,3.2941741717652895,-0.1376319784301186,3.676548829104121
1.2766666666666668,20.834884703944642,0.18430795706821873,3.272632724866976,-0.1345614862073468,3.692579476671105
1.2775,20.84881778174423,0.18702604327162117,3.2507107654373493,-0.13147776815830953,3.7082902423793334
1.2783333333333333,20.862847534996042,0.18972570272046058,3.22840856283346,-0.12838109227394984,3.7236777137700696
1.2791666666666668,20.8769735948582,0.19240661867439088,3.2057264346907046,-0.12527172938387354,3.7387384906132874
1.28,20.891195555403105,0.19506847467803662,3.182664747364693,-0.12214995314588632,3.75346918550476
1.2808333333333335,20.905512973610424,0.19771095460179589,3.1592239163705593,-0.11901604003500758,3.7678664244684366
1.2816666666666667,20.919925369377758,0.2003337426829908,3.1354044068200047,-0.11587026933201994,3.7819268475636987
1.2825,20.934432225547738,0.20293652356729283,3.111206733857136,-0.1127129231117886,3.7956471094957767
1.2833333333333334,20.949032987952688,0.2055189823506687,3.0866314630887963,-0.10954428623055901,3.8090238802345153
1.2841666666666667,20.96372706547792,0.2080808046216034,3.061679211013713,-0.10636464631302417,3.822053845636397
1.2850000000000001,20.97851383014142,0.21062167650368557,3.03635064544819,-0.1031742937388257,3.8347337080716026
1.2858333333333334,20.993392617191514,0.21314128469854493,3.010646485948715,-0.09997352162852265,3.8470601870560737
1.2866666666666668,21.008362725222657,0.21563931652915025,2.9845675042313258,-0.09676262582902814,3.859030019888434
1.2875,21.0234234163092,0.21811545998344395,2.9581145245878093,-0.09354190489853387,3.8706399622916217
1.2883333333333333,21.03857391615702,0.2205694037583312,2.931288424298365,-0.09031166009088981,3.8818867890592976
1.2891666666666668,21.053813414273225,0.2230008373040045,2.904090134040753,-0.08707219533945333,3.892767294706898
1.29,21.06914106415387,0.22540945086860711,2.8765206382957222,-0.08382381724039292,3.9032782941273316
1.2908333333333335,21.08455598348951,0.22779493554323987,2.8485809757484786,-0.08056683503543088,3.9134166232512992
1.2916666666666667,21.10005725438894,0.23015698330729176,2.8202722396862394,-0.07730156059404,3.923179139712126
1.2925,21.115643923620688,0.2324952870741114,2.791595578391497,-0.07402830839506144,3.93256272351515
1.2933333333333334,21.131315002873016,0.23480954073700053,2.7625521955310277,-0.07074739550775912,3.941564277711548
1.2941666666666667,21.147069469031727,0.23709943921553317,2.733143350540428,-0.06745914157229473,3.9501807290765965
1.2950000000000002,21.162906264476256,0.2393646785022027,2.703370359004024,-0.0641638687796182,3.9584090287922957
1.2958333333333334,21.1788242973954,0.24160495570932886,2.6732345930327948,-0.06086190185110246,3.966246153132761
1.2966666666666669,21.194822442117992,0.24381996911633047,2.6427374816343403,-0.05755356801723087,3.9736891041553664
1.2975,21.210899539463515,0.24600941821730787,2.6118805110785415,-0.054239196995750374,3.9807349103959977
1.2983333333333333,21.227054397110027,0.24817300376890647,2.580665225258915,-0.050919120969355365,3.987380627567595
1.2991666666666668,21.243285789979502,0.25031042783848184,2.5490932260484067,-0.04759367456273695,3.993623339262887
1.3,21.25959246064148,0.25242139385256107,2.517166173650023,-0.04426319481905443,3.9994601576609696
1.3008333333333335,21.27597311973424,0.25450560664559985,2.4848857869420304,-0.04092802117581448,4.00488822423767
1.3016666666666667,21.292426446403873,0.2565627725090171,2.4522538438177666,-0.037588495440174396,4.009904710479574
1.3025,21.3089510887606,0.25859259924051825,2.419272181519625,-0.03424496176363692,4.014506818601684
1.3033333333333335,21.32554566435243,0.2605947961936883,2.385942696967254,-0.030897766616153205,4.018691782268592
1.3041666666666667,21.3422087606558,0.26256907432785564,2.35226734707971,-0.027547258759619345,4.022456867319097
1.3050000000000002,21.358938935583243,0.26451514625822614,2.318248149091292,-0.024193789220751487,4.0257993724942125
1.3058333333333334,21.37573471800785,0.26643272630626985,2.283887180861115,-0.020837711263356477,4.028716630168441
1.3066666666666666,21.392594608304233,0.26832153055037034,2.249186581175967,-0.017479380359965088,4.031206007084274
1.3075,21.409517078906195,0.2701812768767191,2.214148550046503,-0.014119154162844705,4.033264905089811
1.3083333333333333,21.42650057488212,0.2720116850304613,2.1787753489976365,-0.010757392474472646,4.034890761879223
1.3091666666666668,21.443543514527843,0.273812476667087,2.1430693013538256,-0.007394457217546381,4.036081051735634
1.31,21.46064428997051,0.2755833754040289,2.1070327925125865,-0.004030712403961587,4.036833286277846
1.3108333333333335,21.477801267792323,0.2773241068725127,2.0706682702141004,-0.0006665241034472177,4.037145015209063
1.3116666666666668,21.495012789668323,0.27903439876961117,2.03397824480272,0.00269773958848352,4.037013827068278
1.3125,21.512277173020053,0.2807139809105226,1.9969652894809378,0.006061708583220613,4.036437349984171
1.3133333333333335,21.529592711684572,0.2823625852810554,1.9596320405559244,0.009425010832359065,4.035413252431384
1.3141666666666667,21.54695767659852,0.28397994609031696,1.9219811976783578,0.012787272361628306,4.0339392439890425
1.3150000000000002,21.564370316496973,0.28556579982360103,1.884015524073233,0.016148117305462433,4.032013076101409
1.3158333333333334,21.581828858626597,0.2871198852954582,1.8457378467627132,0.01950716794219306,4.029632542840557
1.3166666666666667,21.599331509472954,0.28864194370295254,1.8071510567805238,0.02286404472989595,4.026795481670935
1.3175000000000001,21.616876455501547,0.29013171867908716,1.768258109377942,0.02621836634287336,4.023499774215702
1.3183333333333334,21.634461863912172,0.2915889563463955,1.729062024221089,0.029569749708785155,4.019743347024721
1.3191666666666668,21.652085883406766,0.2930134053706942,1.689565885579222,0.03291781004644197,4.0155241723440795
1.32,21.669746644970918,0.2944048170149924,1.6497728425046676,0.036262160904205865,4.010840268887061
1.3208333333333335,21.68744226267149,0.29576294519359503,1.6096861090057908,0.03960241419890611,4.005689702606442
1.3216666666666668,21.705170834460258,0.2970875465262579,1.5693089642069409,0.04293818025563878,4.000070587467791
1.3225,21.722930442993782,0.2983783803925274,1.528644752501133,0.0462690678480841,3.9939810862238763
1.3233333333333335,21.74071915646401,0.2996352089861867,1.4876968836929094,0.049594684239483024,3.9874194111898738
1.3241666666666667,21.758535029440612,0.30085779736981955,1.4464688331315552,0.05291463522426197,3.9803838250193544
1.3250000000000002,21.77637610372495,0.30204591352948734,1.4049641418344787,0.05622852517030924,3.972872641480867
1.3258333333333334,21.794240409215046,0.30319932842950087,1.363186416600818,0.05953595706188328,3.964884226235013
1.3266666666666667,21.812125964780844,0.3043178160672873,1.3211393301147396,0.06283653254318171,3.9564169976117913
1.3275000000000001,21.830030779149926,0.30540115352833386,1.2788266210384909,0.0661298519625515,3.9474694273881035
1.3283333333333334,21.84795285180249,0.30644912104120176,1.2362520940948922,0.06941551441735133,3.938040041565243
1.3291666666666668,21.865890173875933,0.3074615020326028,1.1934196201389422,0.07269311779947758,3.928127421146178
1.33,21.883840729078038,0.3084380831825222,1.150333136218612,0.07596225884153397,3.917730202912538
1.3308333333333333,21.90180249461005,0.30937865447940666,1.1069966456249534,0.07922253316364247,3.9068470802012123
1.3316666666666668,21.919773442100574,0.3102830092754243,1.0634142179325372,0.08247353532082631,3.895476803680602
1.3325,21.93775153854229,0.3111509443416738,1.0195899890259807,0.08571485885116814,3.883618182125576
1.3333333333333335,21.95573474723981,0.3119822599234655,0.9755281611165518,0.08894609632454312,3.871270083191782
1.3341666666666667,21.973721028762945,0.31277675979558506,0.9312330027467384,0.0921668393920079,3.858431434188691
1.3350000000000002,21.991708341907827,0.31353425131756646,0.8867088487830133,0.0953766788358432,3.8451012228513872
1.3358333333333334,22.009694644664414,0.3142545454889561,0.8419601003969877,0.0985752046202213,3.8312784981110037
1.3366666666666667,22.02767789519034,0.314937457004562,0.7969912250343686,0.10176200594252492,3.8169623708635094
1.3375000000000001,22.04565605279061,0.3155828043096702,0.7518067563717904,0.10493667128529693,3.802152014736724
1.3383333333333334,22.06362707890208,0.3161904096552175,0.706411294261182,0.10809878846882978,3.78684666685532
1.3391666666666668,22.08158893808266,0.3167600991529099,0.6608095046613229,0.11124794470440333,3.7710456286035803
1.34,22.099539599004064,0.3172917028302695,0.6150061195566694,0.11438372664815064,3.7547482663857923
1.3408333333333333,22.117477035448967,0.3177850546856016,0.5690059368628622,0.11750572045557729,3.7379540123839634
1.3416666666666668,22.13539922731021,0.31823999274286724,0.5228138203190094,0.12061351183671333,3.7206623653127613
1.3425,22.153304161598943,0.31865635910655077,0.4764346993689862,0.12370668611181715,3.70287289117238
1.3433333333333335,22.17118983345246,0.3190340000163787,0.4298735690282544,0.12678482826774334,3.6845852239978463
1.3441666666666667,22.1890542471398,0.31937276590184016,0.3831354897351964,0.1298475230149979,3.6657990666043516
1.3450000000000002,22.206895417073824,0.3196725114366597,0.33622558719059464,0.13289435484535267,3.646514191329719
1.3458333333333334,22.224711368822874,0.31993309559310623,0.2891490521828711,0.13592490809008412,3.626730440773032
1.3466666666666667,22.24250014012432,0.3201543816961575,0.24191114039923828,0.13893876697883628,3.6064477285293592
1.3475000000000001,22.260259781898043,0.3203362374775034,0.1945171722228567,0.1419355156990842,3.5856660399204454
1.3483333333333334,22.277988359260256,0.3204785351293742,0.14697253251565873,0.14491473845620478,3.5643854327210853
1.3491666666666668,22.295683952536493,0.32058115135817905,0.09928267038649541,0.1478760195341596,3.542606037880881
1.35,22.31334465827312,0.3206439674379386,0.05145309894470573,0.15081894335676832,3.520328060241278
1.3508333333333333,22.330968590247288,0.3206668692634981,0.003489395038513532,0.1537430945495934,3.497551779247476
1.3516666666666668,22.348553880474444,0.3206497474035106,-0.04460280102153595,0.15664805800241202,3.4742775496551643
1.3525,22.366098680217423,0.3205924971532572,-0.09281778575274008,0.15953341893224116,3.450505802232644
1.3533333333333335,22.383601160988615,0.3204950185871418,-0.14114979280729623,0.16239876294698505,3.4262370444564993
1.3541666666666667,22.401059515549637,0.32035721661093947,-0.18959299329433524,0.16524367610964572,3.4014718612016774
1.355,22.41847195890701,0.3201790010137734,-0.2381414961175681,0.16806774500311078,3.3762109154254376
1.3558333333333334,22.43583672930394,0.3199602865198037,-0.28678934832853076,0.1708705567955034,3.3504549488450937
1.3566666666666667,22.453152089207418,0.31970099283962283,-0.33553053549556366,0.173651699306093,3.324204782609326
1.3575000000000002,22.470416326290106,0.31940104472133807,-0.38435898208886826,0.17641076107176967,3.297461317962715
1.3583333333333334,22.487627754406475,0.31906037200132636,-0.43326855188152325,0.1791473314140578,3.270225536903381
1.3591666666666669,22.504784714562213,0.3186789096546421,-0.4822530483670757,0.1818610005066876,3.242498502833247
1.36,22.521885575876304,0.3182565978450622,-0.5313062151934997,0.1845513594436953,3.214281361200862
1.3608333333333333,22.538928736535365,0.31779338197475004,-0.5804217366141355,0.18721800030807034,3.185575340136289
1.3616666666666668,22.55591262474061,0.3172892127335469,-0.6295932379550419,0.18986051624092007,3.1563817510782446
1.3625,22.572835699651208,0.31674404614795826,-0.6788142860975416,0.19247850151113233,3.1267019893941006
1.3633333333333335,22.58969645231137,0.31615784362959026,-0.7280783899803158,0.19507155158558853,3.0965375349898365
1.3641666666666667,22.60649340657194,0.3155305720232318,-0.7773790011172123,0.1976392631998567,3.065889952912195
1.365,22.623225120001,0.3148622036544781,-0.8267095141327483,0.20018123442939384,3.0347608939415958
1.3658333333333335,22.639890184784473,0.31415271637690906,-0.8760632673147404,0.20269706476123292,3.0031520951760604
1.3666666666666667,22.656487228616406,0.3134020936188077,-0.9254335431843147,0.20518635516615252,2.971065380605798
1.3675000000000002,22.67301491557753,0.31261032442939507,-0.9748135690836255,0.20764870817132747,2.9385026616780556
1.3683333333333334,22.689471947002072,0.31177740352456823,-1.024196517781144,0.210083727933436,2.905465937852131
1.3691666666666669,22.705857062331216,0.31090333133211534,-1.0735755080951226,0.21249102031223532,2.871957297143959
1.37,22.72216903995347,0.3099881140363948,-1.1229436055350024,0.21487019294457715,2.8379789166602434
1.3708333333333333,22.738406698030307,0.30903176362245294,-1.1722938229613724,0.21722085531887472,2.803533063121546
1.3716666666666668,22.754568895311564,0.3080342979196543,-1.2216191212629541,0.2195426188499942,2.768622093375301
1.3725,22.770654531935826,0.30699574064474416,-1.2709124100517395,0.22183509695456438,2.7332484548976583
1.3733333333333335,22.786662550211975,0.3059161214442332,-1.3201665483781362,0.2240979051267148,2.6974146862826904
1.3741666666666668,22.80259193538753,0.30479547593623924,-1.3693743454634764,0.2263306610141996,2.6611234177206047
1.375,22.818441716399455,0.3036338457516842,-1.4185285614516763,0.2285329844949252,2.6243773714635097
1.3758333333333335,22.834210966609636,0.3024312785748745,-1.4676219081792852,0.23070449775385707,2.5871793622791586
1.3766666666666667,22.849898804523086,0.30118782818344086,-1.516647049964228,0.23284482536030093,2.5495322978922252
1.3775000000000002,22.865504394488656,0.29990355448761163,-1.5655966044135405,0.23495359434555202,2.5114391794126525
1.3783333333333334,22.881026947381176,0.2985785235688064,-1.614463143249945,0.23703043428088616,2.472903101750975
1.3791666666666667,22.896465721264097,0.29721280771751724,-1.6632391931578279,0.23907497735589822,2.433927254019956
1.3800000000000001,22.911820022032174,0.2958064854704646,-1.7119172366484634,0.2410868584571618,2.3945149199224436
1.3808333333333334,22.92708920403319,0.2943596416470022,-1.7604897129447885,0.24306571524720455,2.3546694781249897
1.3816666666666668,22.942272670670114,0.2928723673847846,-1.8089490188855015,0.24501118824379775,2.3143944026172605
1.3825,22.957369874991244,0.2913447601748823,-1.857287509845562,0.24692292089955514,2.2736932630596356
1.3833333333333335,22.97238032024528,0.2897769238958175,-1.9054975006803374,0.24880055968178455,2.2325697251121834
1.3841666666666668,22.987303560421243,0.2881689688469581,-1.9535712666872032,0.2506437541526223,2.1910275507504986
1.385,23.00213920076365,0.28652101178105516,-2.0015010445873265,0.2524521570494186,2.1490705985654963
1.3858333333333335,23.016886898265344,0.2848331759359661,-2.049279033526912,0.2542254243653661,2.106702824047791
1.3866666666666667,23.03154636213714,0.28310559106555166,-2.0968973960979684,0.2559632154303639,2.063928279856363
1.3875000000000002,23.046117354254406,0.28133839346971834,-2.144348259378849,0.2576651929921056,2.0207511160710148
1.3883333333333334,23.060599689578332,0.27953172602359205,-2.1916237159943868,0.2593310232973636,1.9771755804285083
1.3891666666666667,23.074993236551975,0.2776857382057861,-2.2387158251961283,0.26096037617346735,1.9332060185416617
1.3900000000000001,23.089297917470002,0.2758005861257504,-2.2856166139624827,0.2625529251099479,1.8888468741012976
1.3908333333333334,23.1035137088209,0.27387643255017313,-2.3323180781190427,0.26410834734033767,1.844102689060549
1.3916666666666668,23.117640641602033,0.27191344692840536,-2.3788121834793365,0.2656263239241138,1.7989781038010104
1.3925,23.131678801608427,0.26991180541695875,-2.4250908670051188,0.2671065398287747,1.7534778572814462
1.3933333333333333,23.145628329706778,0.2678716909033254,-2.4711460379832264,0.2685486840121212,1.707606787172072
1.3941666666666668,23.159489422061018,0.26579329302834037,-2.5169695792277595,0.2699524495045047,1.6613698299644144
1.395,23.173262330339927,0.26367680820777534,-2.5625533482996175,0.27131753349123255,1.6147720210654177
1.3958333333333335,23.18694736189289,0.26152243965284605,-2.6078891787466376,0.2726436373950214,1.5678184948716407
1.3966666666666667,23.200544879896402,0.2593303973896924,-2.6529688813635595,0.2739304669585056,1.5205144848243815
1.3975000000000002,23.21405530347209,0.2571008982778112,-2.697784245472023,0.27517773232679743,1.4728653234452294
1.3983333333333334,23.227479107774204,0.25483416602743336,-2.742327040220268,0.2763851481300679,1.4248764423520364
1.3991666666666667,23.240816824046576,0.2525304312158022,-2.7865890159029907,0.2775524335661369,1.3765533722545074
1.4000000000000001,23.254069039647504,0.25018993130234085,-2.830561905301109,0.27867931248304384,1.3279017429293214
1.4008333333333334,23.267236398042463,0.24781291064267852,-2.8742374250416356,0.27976551346158185,1.2789272831742466
1.4016666666666668,23.28031959876342,0.24539962050150205,-2.917607276977837,0.28081076989777665,1.229635820740713
1.4025,23.293319397334134,0.24295031906422324,-2.960663149589453,0.2818148200852822,1.1800332822447566
1.4033333333333333,23.306236605163505,0.24046527144745933,-3.003396719402998,0.2827774072976992,1.1301256930560992
1.4041666666666668,23.31907208942074,0.23794474970872623,-3.045799652427853,0.28369827987095436,1.079919177170773
1.405,23.33182677285559,0.23538903285440443,-3.087863605617052,0.2845771912853406,1.029419957054692
1.4058333333333335,23.34450163359286,0.23279840684666075,-3.129580228346229,0.28541390024750757,0.9786343534670454
1.4066666666666667,23.357097704892237,0.23017316460914605,-3.170941163911743,0.28620817077228433,0.9275687852612486
1.4075000000000002,23.369616074873125,0.22751360603141135,-3.211938051048727,0.2869597722643282,0.8762297691624954
1.4083333333333334,23.382057886205327,0.22482003797208328,-3.2525625254682766,0.2876684795995871,0.8246239195225364
1.4091666666666667,23.394424335765418,0.22209277426075114,-3.2928062214141005,0.28833407320655774,0.7727579480508524
1.4100000000000001,23.406716674256984,0.21933213569855664,-3.332660773238339,0.288956339147307,0.7206386635221558
1.4108333333333334,23.418936205794743,0.21653845005745354,-3.372117816996642,0.28953506919823446,0.6682729714596777
1.4116666666666668,23.431084287451842,0.2137120520781033,-3.41116899206259,0.29007006093055104,0.615667873793693
1.4125,23.44316232876968,0.21085328346639903,-3.449805942761169,0.29056111779044447,0.5628304684952211
1.4133333333333333,23.455171791229983,0.20796249288856944,-3.488020320021608,0.2910080491789106,0.5097679491840785
1.4141666666666668,23.467114187692985,0.20504003596496645,-3.525803783048418,0.2914106705312825,0.45648760471274774
1.415,23.478991081811436,0.20208627526279327,-3.5631480010083894,0.2917688033965892,0.4029968187295161
1.4158333333333335,23.490804087384,0.19910158028680616,-3.6000446547408105,0.292082275516202,0.349303069207603
1.4166666666666667,23.502554867685046,0.19608632746892676,-3.6364854384833576,0.2923509209022626,0.29541392795304344
1.4175,23.514245134754674,0.1930409001563447,-3.672462061616686,0.29257457991566194,0.2413370600855122
1.4183333333333334,23.525876648652137,0.18996568859817145,-3.7079662504269666,0.2927530993435783,0.18708022349294756
1.4191666666666667,23.537451216672395,0.18686108993062578,-3.74298974988625,0.292886332476556,0.13265126825963086
1.4200000000000002,23.548970692524648,0.1837275081607185,-3.777524325450629,0.29297413918509496,0.07805813606721101
1.4208333333333334,23.560436975473813,0.18056535414843325,-3.8115617648758287,0.2930163859957219,0.023308859568670626
1.4216666666666669,23.571852009443468,0.17737504558735415,-3.8450938800503955,0.2930129461665149,-0.03158843826558222
1.4225,23.583217782080983,0.1741570069837473,-3.878112508846031,0.29296369976205605,-0.08662554482933466
1.4233333333333333,23.594536323790177,0.1709116696341969,-3.910609516984345,0.29286853372788446,-0.14179415858862068
1.4241666666666668,23.60580970672396,0.16763947160162165,-3.9425767999205883,0.2927273419643008,-0.19708588981855663
1.425,23.61704004373912,0.16434085768967507,-3.9740062847441733,0.29254002539952106,-0.2524922613690157
1.4258333333333335,23.62822948731506,0.1610162794155792,-4.004889932095306,0.2923064920621988,-0.3080047094584782
1.4266666666666667,23.63938022843664,0.15766619498136564,-4.035219738097595,0.2920266571532757,-0.3636145844963715
1.4275,23.65049449544103,0.15429106924349897,-4.064987736306552,0.2917004431171446,-0.41931315193436247
1.4283333333333335,23.661574552828856,0.15089137368088126,-4.094185999673569,0.29132777971209295,-0.4750915931465639
1.4291666666666667,23.672622700039245,0.14746758636120713,-4.122806642525211,0.29090860407999514,-0.5309410063391382
1.4300000000000002,23.683641270188875,0.14402019190563703,-4.150841822557687,0.29044286081521936,-0.5868524074897812
1.4308333333333334,23.69463262877543,0.1405496814517898,-4.178283742846091,0.2899305020327205,-0.6428167313170472
1.4316666666666669,23.705599172347465,0.13705655261506658,-4.205124653868156,0.2893714874353338,-0.6988248322794118
1.4325,23.716543327144745,0.1335413094484176,-4.231356855541587,0.28876578438032063,-0.7548674856024327
1.4333333333333333,23.727467547697866,0.13000446240019947,-4.256972699276195,0.2881133679448903,-0.8109353883390656
1.4341666666666668,23.73837431539819,0.12644652827042074,-4.281964590039123,0.2874142209909013,-0.8670191604588983
1.435,23.74926613703449,0.1228680301652377,-4.306324988433415,0.2866683342286229,-0.9231093459682584
1.4358333333333335,23.760145543298496,0.11926949744971886,-4.330046412789604,0.2858757062795646,-0.9791964140609574
1.4366666666666668,23.77101508725965,0.11565146569888407,-4.353121441269797,0.28503634373834424,-1.0352707602995537
1.4375,23.781877342808755,0.11201447664696863,-4.375542713984128,0.28415026123355386,-1.091322707827877
1.4383333333333335,23.792734903071704,0.10835907813491628,-4.397302935119066,0.2832174814875916,-1.1473425086147158
1.4391666666666667,23.803590378792737,0.10468582405607099,-4.418394875077335,0.2822380353754235,-1.2033203447291125
1.4400000000000002,23.814446396688933,0.10099527430004117,-4.438811372629146,0.28121196198223947,-1.2592463296476426
1.4408333333333334,23.82530559778209,0.09728799469491423,-4.458545337073938,0.28013930866013764,-1.315110509591124
1.4416666666666667,23.83617063570117,0.09356455694758493,-4.477589750412701,0.2790201310836117,-1.370902864894076
1.4425000000000001,23.84704417495764,0.08982553858222667,-4.495937669530471,0.27785449330384215,-1.4266133114065718
1.4433333333333334,23.857928889196693,0.08607152287697503,-4.513582228388217,0.276642467801832,-1.4822317019274167
1.4441666666666668,23.86882745942495,0.08230309879876513,-4.530516640224066,0.27538413554032876,-1.537747827669494
1.445,23.879742572216227,0.07852086093636418,-4.546734199763275,0.2740795860145382,-1.5931514197566565
1.4458333333333335,23.89067691789617,0.07472540943155079,-4.562228285436643,0.27272891730158,-1.6484321507528437
1.4466666666666668,23.90163318870588,0.07091734990845548,-4.576992361606748,0.27133223610865775,-1.7035796362231714
1.4475,23.912614076945577,0.06709729340101361,-4.591019980801677,0.2698896578198922,-1.7585834363276778
1.4483333333333335,23.923622273099078,0.06326585627853828,-4.6043047859556925,0.26840130654178873,-1.8134330574475683
1.4491666666666667,23.934660463940098,0.059423660169385675,-4.616840512656393,0.26686731514729567,-1.8681179538443402
1.4500000000000002,23.945731330627073,0.05557133188282686,-4.628620991398114,0.265287825318568,-1.9226275293501252
1.4508333333333334,23.956837546786716,0.05170950332917036,-4.639640149840839,0.2636629875884349,-1.9769511390885255
1.4516666666666667,23.967981776575094,0.0478388114377032,-4.649892015074128,0.261992961380111,-2.031078091232138
1.4525000000000001,23.979166672732507,0.043959898072922256,-4.659370715885531,0.26027791504561093,-2.0849976487899577
1.4533333333333334,23.990394874626283,0.04007340994882416,-4.668070485032998,0.2585180259026068,-2.1386990314279037
1.4541666666666668,24.001669006286395,0.036179998541311584,-4.675985661520949,0.25671348026978025,-2.192171417321608
1.455,24.0129916744341,0.03228031999872928,-4.683110692879361,0.2548644735006402,-2.2454039450412395
1.4558333333333335,24.024365466504946,0.02837503505048496,-4.689440137445305,0.2529712100157502,-2.298385715468917
1.4566666666666668,24.035792948666682,0.024464808913775463,-4.694968666646273,0.25103390333333864,-2.351105793748375
1.4575,24.047276663833905,0.02055031119837309,-4.69969106728472,0.24905277609823537,-2.4035532112674467
1.4583333333333335,24.058819129680167,0.01663221580948527,-4.703602243823185,0.24702806010910508,-2.455716967673128
1.4591666666666667,24.070422836650128,0.012711200848682986,-4.706697220669472,0.2449599963439559,-2.5075860329192246
1.4600000000000002,24.082090245985324,0.008787948513175489,-4.708971144462642,0.24284883498426893,-2.559149349342546
1.4608333333333334,24.093823787741954,0.0048631449929454965,-4.710419286356701,0.24069483543705286,-2.6103958337744593
1.4616666666666667,24.105625858816758,0.0009374803659898696,-4.711037044302888,0.2384982663551579,-2.661314379684303
1.4625000000000001,24.11749882098115,-0.0029883515082868677,-4.710819945329626,0.23625940565584086,-2.7118938593538315
1.4633333333333334,24.12944499892447,-0.006913653097587569,-4.7097636478196705,0.2339785405374992,-2.7621231260835195
1.4641666666666668,24.141466678309616,-0.01083772330712978,-4.707863943783863,0.23165596749457126,-2.811991016430398
1.465,24.153566103841207,-0.014759857591925014,-4.705116761130739,0.2292919923305758,-2.86148635247706
1.4658333333333333,24.165745477348395,-0.01867934807096721,-4.70151816593122,0.22688693016922978,-2.9105979441322205
1.4666666666666668,24.178006955882818,-0.022595483643310127,-4.697064364677609,0.22444110546361828,-2.9593145914624746
1.4675,24.19035264983383,-0.02650755010605004,-4.691751706536157,0.22195485200336734,-3.007625087055375
1.4683333333333335,24.202784621062726,-0.03041483027422642,-4.685576685592408,0.21942851291977714,-3.0555182184138836
1.4691666666666667,24.215304881067325,-0.0343166041024152,-4.678535943090652,0.21686244068922123,-3.1029827703789756
1.4700000000000002,24.227915389165716,-0.03821214880827288,-4.670626269664232,0.21425699713437676,-3.150007527583797
1.4708333333333334,24.240618050701716,-0.042100738998017084,-4.661844607556034,0.21161255342325636,-3.196581276939191
1.4716666666666667,24.253414715281785,-0.0459816467936816,-4.652188052829897,0.20892949006627873,-3.2426928101480548
1.4725000000000001,24.26630717504072,-0.04985414196221822,-4.641653857571504,0.2062081969112138,-3.2883309262495164
1.4733333333333334,24.279297162939802,-0.05371749204641818,-4.630239432078305,0.20344907313601712,-3.3334844341923926
1.4741666666666668,24.29238635109822,-0.057570962497660944,-4.617942347037487,0.20065252723950489,-3.3781421554378674
1.475,24.30557634915904,-0.06141381681046197,-4.604760335691195,0.1978189770298479,-3.42229292659091
1.4758333333333333,24.318868702691343,-0.06524531665884778,-4.590691295987988,0.19494884961082135,-3.4659256020605924
1.4766666666666668,24.332264891629553,-0.06906472203452997,-4.575733292719715,0.19204258136578858,-3.509029056748842
1.4775,24.345766328756127,-0.07287129138682838,-4.559884559643902,0.18910061793949215,-3.551592188766774
1.4783333333333335,24.35937435823095,-0.07666428176428353,-4.543143501591637,0.18612341421772388,-3.5936039221775653
1.4791666666666667,24.37309025415723,-0.08044294895814148,-4.5255086965567175,0.18311143430443652,-3.635053209768322
1.4800000000000002,24.386915219196677,-0.08420654764751757,-4.506978897768253,0.1800651514966537,-3.675929035847986
1.4808333333333334,24.400850383230836,-0.08795433154628517,-4.487553035744668,0.1769850482570016,-3.7162204190718144
1.4816666666666667,24.414896802074054,-0.09168555355167197,-4.4672302203290535,0.17387161618390232,-3.755916415291992
1.4825000000000002,24.42905545623807,-0.09539946589452679,-4.446009742704931,0.17072535597941008,-3.7950061204337335
1.4833333333333334,24.44332724974946,-0.09909532029125598,-4.423891077391306,0.1675467774146419,-3.833478673396633
1.4841666666666669,24.457713009020623,-0.10277236809742832,-4.400873884215896,0.16433639929275415,-3.8713232589809987
1.485,24.472213481775505,-0.10642986046301281,-4.376958010265592,0.16109474940944482,-3.908529110838559
1.4858333333333333,24.48682933603067,-0.11006704848926761,-4.352143491812921,0.15782236451091666,-3.945085514447486
1.4866666666666668,24.50156115913619,-0.11368318338722416,-4.326430556218291,0.1545197902493439,-3.9809818101108765
1.4875,24.516409456891306,-0.11727751663759181,-4.299819623812096,0.15118758113627204,-4.016207395976208
1.4883333333333335,24.53137465270417,-0.12084930015240725,-4.272311309745114,0.14782630049295903,-4.050751731079575
1.4891666666666667,24.54645708682208,-0.12439778643814256,-4.24390642581444,0.14443652039837723,-4.084604338411013
1.49,24.561657015623428,-0.12792222876033443,-4.2146059822607755,0.14101882163459367,-4.117754808001124
1.4908333333333335,24.576974610977043,-0.1314218813096939,-4.184411189537657,0.13757379362959674,-4.15019280002853
1.4916666666666667,24.592409959670622,-0.13489599936967225,-4.153323460051768,0.13410203439756307,-4.181908047947513
1.4925000000000002,24.607963062908315,-0.1383438394854703,-4.121344409873045,0.13060415047651724,-4.212890361635377
1.4933333333333334,24.62363383587715,-0.14176465963444507,-4.088475860413515,0.1270807568633695,-4.243129630558704
1.4941666666666669,24.639422107382153,-0.14515771939792035,-4.054719840073384,0.12353247694626573,-4.272615826958182
1.495,24.65532761955107,-0.1485222801343492,-4.020078585853415,0.11995994243424093,-4.30133900905117
1.4958333333333333,24.671350027608852,-0.15185760515383454,-3.9845545449320836,0.11636379328411034,-4.329289324251637
1.4966666666666668,24.687488899724897,-0.15516295989395104,-3.948150376207427,0.1127446776246492,-4.356457012406633
1.4975,24.703743716960084,-0.15843761209671894,-3.9108689518121613,0.10910325167871811,-4.382832409047495
1.4983333333333335,24.720113873256874,-0.1616808319869594,-3.8727133585811275,0.10544017968190855,-4.40840594865734
1.4991666666666668,24.736598675516298,-0.1648918924518217,-3.8336868994843702,0.10175613379869758,-4.433168167952777
1.5,24.753197343747953,-0.16807006922147222,-3.7937930950210665,0.09805179403586496,-4.457109709178823
1.5008333333333335,24.76990901129802,-0.1712146410509336,-3.7530356845739083,0.0943278481531587,-4.480221323416899
1.5016666666666667,24.786732725156536,-0.17432488990303832,-3.711418627723552,0.09058499157123871,-4.5024938739051095
1.5025000000000002,24.803667446342754,-0.17740010113246807,-3.668946105521649,0.08682392727685782,-4.523918339369989
1.5033333333333334,24.820712050367543,-0.18043956367082215,-3.625622521721354,0.08304536572527411,-4.544485817368715
1.5041666666666669,24.83786532777176,-0.18344257021270358,-3.581452503963599,0.07925002473983267,-4.564187527641104
1.5050000000000001,24.855125984740027,-0.18640841740276096,-3.5364409049181127,0.07543862940871798,-4.583014815470357
1.5058333333333334,24.872492643788583,-0.18933640602367435,-3.4905928033774636,0.07161191197881459,-4.600959155051861
1.5066666666666668,24.889963844529902,-0.1922258411850302,-3.4439135053037284,0.0677706117467088,-4.618012152869125
1.5075,24.907538044546413,-0.19507603251306524,-3.39640854483919,0.06391547494751086,-4.634165551077377
1.5083333333333335,24.92521362030915,-0.19788629434120933,-3.3480836852572935,0.06004725464022738,-4.649411230891294
1.5091666666666668,24.942988868178475,-0.20065594590141111,-3.2989449198653293,0.05616671059036397,-4.663741215977689
1.51,24.960862005484984,-0.2033843115161832,-3.248998472858436,0.05227460914981564,-4.677147675851596
1.5108333333333335,24.97883117168701,-0.20607072079134062,-3.1982508001219254,0.04837172313389734,-4.68962292927519
1.5116666666666667,24.996894429606552,-0.2087145088093978,-3.1467085899821234,0.04445883169557566,-4.701159447658729
1.5125000000000002,25.01504976674217,-0.21131501632357938,-3.0943787639041225,0.040536720196871046,-4.711749858462411
1.5133333333333334,25.033295096655777,-0.21387158995237598,-3.041268477135358,0.03660618007743619,-4.721386948597918
1.5141666666666667,25.0516282604316,-0.21638358237461436,-2.987385119293134,0.03266800872025903,-4.7300636678286
1.5150000000000001,25.070047028205195,-0.21885035252497329,-2.9327363148950027,0.028723009314496076,-4.737773132167066
1.5158333333333334,25.088549100760698,-0.2212712657899009,-2.8773299238304113,0.024771990715405444,-4.744508627269094
1.5166666666666668,25.10713211120608,-0.22364569420393535,-2.8211740417758024,0.02081576730151399,-4.750263611823791
1.5175,25.125793626747964,-0.22597301664646338,-2.7642770005614246,0.016855158829440785,-4.755031720941334
1.5183333333333335,25.14453115048548,-0.22825261903854518,-2.706647368460455,0.012890990285122823,-4.758806769529272
1.5191666666666668,25.163342123298882,-0.23048389454006366,-2.6482939504264302,0.008924091732645538,-4.761582755663791
1.52,25.182223925801026,-0.23266624374703568,-2.5892257882672047,0.00495529816019372,-4.763353863951916
1.5208333333333335,25.201173880356535,-0.23479907488904705,-2.529452160756545,0.0009854493232238776,-4.76411446888412
1.5216666666666667,25.22018925316507,-0.23688180402675724,-2.4689825836821115,-0.0029846104151459545,-4.763859138176056
1.5225000000000002,25.239267256407334,-0.23891385524941564,-2.4078268098282782,-0.006954032246544936,-4.762582636098048
1.5233333333333334,25.258405050449053,-0.24089466087231212,-2.345994828892805,-0.010921963082535673,-4.760279926790965
1.5241666666666667,25.27759974610221,-0.24282366163411684,-2.2834968673356073,-0.01488754572261139,-4.756946177567156
1.5250000000000001,25.296848406955135,-0.24470030689413533,-2.2203433881635206,-0.01884991902481535,-4.752576762197193
1.5258333333333334,25.316148051755388,-0.24652405482933093,-2.15654509064576,-0.022808218079121603,-4.747167264179276
1.5266666666666668,25.33549565684133,-0.24829437263104495,-2.0921129099578475,-0.026761574383615185,-4.74071347998965
1.5275,25.354888158629013,-0.25001073670140156,-2.0270580167567207,-0.030709116023312714,-4.733211422314004
1.5283333333333333,25.374322456151702,-0.2516726328493456,-1.9613918166847029,-0.034649967851683484,-4.724657323258394
1.5291666666666668,25.393795413649435,-0.25327955648624584,-1.8951259498021638,-0.0385832516748148,-4.715047637538531
1.53,25.413303863205357,-0.25483101282099285,-1.8282722899473467,-0.04250808643822558,-4.704379045645835
1.5308333333333335,25.432844607424936,-0.25632651705451975,-1.760842944021824,-0.04642358841633227,-4.692648456988629
1.5316666666666667,25.452414422154085,-0.2577655945736604,-1.6928502512006671,-0.05032887140453427,-4.679853013006956
1.5325000000000002,25.47201005923881,-0.2591477811443289,-1.6243067820670316,-0.054223046913902374,-4.665990090260246
1.5333333333333334,25.491628249339005,-0.2604726231040786,-1.5552253376757839,-0.05810522436828084,-4.65105730348925
1.5341666666666667,25.51126570475957,-0.26173967755368804,-1.4856189485341145,-0.06197451130410141,-4.63505250864492
1.5350000000000001,25.530919122320938,-0.262948512547917,-1.4155008735066397,-0.06583001357263646,-4.617973805887134
1.5358333333333334,25.550585186259767,-0.26409870728529855,-1.3448845986414468,-0.06967083554475083,-4.5998195425504855
1.5366666666666668,25.570260571161878,-0.2651898522969569,-1.2737838359175129,-0.07349608031810792,-4.580588316076682
1.5375,25.589941944923662,-0.26622154963435807,-1.2022125219127866,-0.07730484992678108,-4.560278976911947
1.5383333333333333,25.609625971736463,-0.2671934130559137,-1.1301848163910495,-0.08109624555328118,-4.5388906313674235
1.5391666666666668,25.629309315089376,-0.2681050682123416,-1.057715100806714,-0.08486936774295487,-4.516422644440879
1.54,25.648988640786637,-0.268956152830697,-0.9848179767260524,-0.0886233166207436,-4.492874642597831
1.5408333333333335,25.668660619979104,-0.26974631689703576,-0.9115082641646404,-0.09235719211026985,-4.4682465165111065
1.5416666666666667,25.688321932240207,-0.27047522283795483,-0.837800999849759,-0.09607009415501941,-4.442538423763621
1.5425000000000002,25.707969268620328,-0.27114254570032775,-0.7637114353895433,-0.09976112294193494,-4.415750791501092
1.5433333333333334,25.727599334718846,-0.2717479733295683,-0.6892550353599503,-0.10342937912714026,-4.387884319040998
1.5441666666666667,25.747208853761034,-0.2722912065462538,-0.6144474753058826,-0.10707396406382803,-4.358939980434279
1.5450000000000002,25.766794569681323,-0.27277195932107906,-0.5393046396570258,-0.11069398003225198,-4.328919026979313
1.5458333333333334,25.786353250209274,-0.273189958948062,-0.4638426195575622,-0.11428853047178753,-4.297822989686429
1.5466666666666669,25.805881689952777,-0.2735449462159004,-0.388077710608395,-0.11785672021503359,-4.265653681690854
1.5475,25.825376713472664,-0.27383667557737706,-0.31202641052121904,-0.12139765572389419,-4.232413200612254
1.5483333333333333,25.844835178344066,-0.2740649153167136,-0.2357054166826662,-0.12491044532763183,-4.198103930858565
1.5491666666666668,25.86425397820223,-0.27422944771479957,-0.15913162362848857,-0.12839419946282535,-4.162728545872837
1.55,25.88363004580776,-0.2743300692126453,-0.08232212043650566,-0.1318480309150976,-4.126290010329341
1.5508333333333335,25.902960356067876,-0.2743665905723263,-0.005294188023271501,-0.13527105506271628,-4.088791582265177
1.5516666666666667,25.92224192903827,-0.27433883703562584,0.07193470364949861,-0.13866239012193815,-4.05023681515115
1.5525,25.941471832907713,-0.2742466484803744,0.14934689845776383,-0.14202115739404544,-4.010629559901572
1.5533333333333335,25.960647186959537,-0.2740898795743637,0.22692455708860898,-0.1453464815140294,-3.9699739668207803
1.5541666666666667,25.9797651645071,-0.27386839992676615,0.3046496601045591,-0.14863749070086793,-3.928274487484882
1.5550000000000002,25.998822995797077,-0.27358209423695135,0.38250401109986154,-0.1518933170093512,-3.8855358765564594
1.5558333333333334,26.017817970875903,-0.27323086244059197,0.4604692399491124,-0.1551130965833774,-3.8417631935303644
1.5566666666666669,26.03674744241318,-0.2728146198529482,0.5385268061497638,-0.15829596991069064,-3.796961804408102
1.5575,26.05560882849689,-0.2723332973094541,0.6166580022545476,-0.16144108207897337,-3.7511373833032353
1.5583333333333333,26.07439961539669,-0.2717868413035346,0.6948439573943297,-0.1645475830332529,-3.704295913976126
1.5591666666666668,26.093117360257402,-0.27117521412114654,0.7730656408991078,-0.1676146278345524,-3.6564436912887723
1.56,26.111759693757328,-0.27049839397242087,0.8513038660090375,-0.17064137691971598,-3.607587322586409
1.5608333333333335,26.130324322715243,-0.26975637512016143,0.9295392936790424,-0.1736269963623674,-3.557733729001199
1.5616666666666668,26.148809032646106,-0.2689491680051613,1.0077524364759354,-0.17657065813491293,-3.506890146677409
1.5625,26.16721169025885,-0.2680767993682188,1.085923662569245,-0.17947154037154137,-3.455064127915485
1.5633333333333335,26.18553024589167,-0.26713931236874505,1.1640331998157967,-0.18232882763212743,-3.402263542233183
1.5641666666666667,26.20376273588123,-0.2661367666998741,1.2420611399384496,-0.18514171116697925,-3.3484965773418933
1.5650000000000002,26.22190728488323,-0.2650692387002531,1.319987442795201,-0.18790938918240122,-3.293771740041182
1.5658333333333334,26.239962108115222,-0.263936821462107,1.397791940743147,-0.190631067106936,-3.238097857024353
1.5666666666666669,26.25792551352758,-0.2627396249356066,1.475454343096124,-0.19330595785824833,-3.181484075595034
1.5675000000000001,26.27579590390195,-0.2614777760294851,1.552954240674828,-0.19593328211055108,-3.123939864294084
1.5683333333333334,26.2935717788779,-0.26015141870787034,1.6302711104494398,-0.19851226856254411,-3.0654750134357815
1.5691666666666668,26.311251736904293,-0.2587607140832403,1.707384320274242,-0.20104215420576127,-3.0060996355517675
1.57,26.32883447710789,-0.25730584050537714,1.784273133714715,-0.20352218459324148,-2.9458241657402975
1.5708333333333335,26.34631880107418,-0.25578699364619595,1.860916714967602,-0.20595161410844004,-2.88465936191836
1.5716666666666668,26.36370361453477,-0.2542043865803353,1.9372941338736958,-0.20832970623427177,-2.822616304974782
1.5725,26.380987928982858,-0.2525582498617327,2.0133843710197814,-0.21065573382231248,-2.7597063988279196
1.5733333333333335,26.398170863205383,-0.25084883159602556,2.0891663229296706,-0.21292897936202373,-2.6959413703853796
1.5741666666666667,26.415251644698625,-0.24907639750826405,2.1646188073501267,-0.21514873524982137,-2.6313332693961526
1.5750000000000002,26.432229610997414,-0.24724123100630563,2.239720568624941,-0.21731430405800234,-2.5658944682017713
1.5758333333333334,26.449104210907024,-0.2453436332396973,2.3144502831583917,-0.21942499880341987,-2.499637661383159
1.5766666666666667,26.465875005640708,-0.24338392315402868,2.3887865649672806,-0.22148014321585782,-2.432575865302503
1.5775000000000001,26.482541669855987,-0.24136243754064046,2.4627079713209135,-0.22347907200597722,-2.364722417538282
1.5783333333333334,26.49910399258326,-0.2392795310815578,2.5361930084690743,-0.22542113113272905,-2.296090976210965
1.5791666666666668,26.51556187804216,-0.23713557638951605,2.6092201374580553,-0.22730567807012547,-2.226695519196892
1.58,26.531915346339254,-0.23493096404296893,2.68176778003408,-0.22913208207324645,-2.156550343228542
1.5808333333333335,26.548164534085082,-0.23266610261651902,2.7538143246287774,-0.2308997244436222,-2.0856700628886804
1.5816666666666668,26.564309694901148,-0.2303414187063887,2.8253381324281492,-0.23260799879373356,-2.0140696094920476
1.5825,26.580351199781404,-0.22795735695032301,2.8963175435306057,-0.23425631131036082,-1.9417642298432003
1.5833333333333335,26.596289537354497,-0.22551438004257285,2.966730883184713,-0.23584408101692186,-1.8687694848824272
1.5841666666666667,26.612125314027644,-0.22301296874361992,3.03655646810929,-0.23737074003463365,-1.795101248213603
1.5850000000000002,26.627859254018997,-0.22045362188467293,3.1057726128940444,-0.23883573384244514,-1.7207757045143988
1.5858333333333334,26.64349219927028,-0.21783685636682537,3.174357636479587,-0.24023852153559813,-1.6458093478271434
1.5866666666666667,26.659025109235458,-0.21516320715472878,3.2422898687166812,-0.24157857608269434,-1.5702189797275585
1.5875000000000001,26.674459060539277,-0.2124332272646725,3.3095476570035536,-0.24285538458112496,-1.494021707369666
1.5883333333333334,26.68979524650153,-0.2096474877469372,3.376109373000764,-0.24406844851073317,-1.417234941404482
1.5891666666666668,26.70503497655987,-0.20680657766281793,3.441953419419341,-0.2452172839858676,-1.3398763937793783
1.59,26.720179675591243,-0.20391110405636256,3.5070582368794305,-0.24630142200574778,-1.2619640754193526
1.5908333333333335,26.73523088304916,-0.20096169191948093,3.5714023108482293,-0.24732040870238275,-1.1835162937662198
1.5916666666666668,26.750190252004046,-0.19795898415172036,3.634964178644936,-0.24827380558661982,-1.1045516501989001
1.5925,26.76505954805135,-0.19490364151407596,3.6977224365163424,-0.2491611897919538,-1.0250890373235992
1.5933333333333335,26.779840648097924,-0.1917963425769661,3.7596557467801057,-0.24998215431607904,-0.9451476361363718
1.5941666666666667,26.794535539021016,-0.18863778366224765,3.8207428450345025,-0.25073630826003523,-0.8647469130559673
1.5950000000000002,26.809146316195406,-0.18542867877914485,3.880962547433465,-0.25142327706479634,-0.7839066168248259
1.5958333333333334,26.823675181883576,-0.18216975955399514,3.940293758025121,-0.25204270274514556,-0.702646775276857
1.5966666666666667,26.83812444348793,-0.17886177515367424,3.9987154761529387,-0.2525942441206933,-0.6209876919695363
1.5975000000000001,26.85249651170602,-0.1755054922032923,4.05620680391481,-0.25307757704434913,-0.5389499426908212
1.5983333333333334,26.866793898559088,-0.17210169469768496,4.112746953679945,-0.25349239462784323,-0.456554371832926
1.5991666666666668,26.88101921525521,-0.16865118390605016,4.168315255664509,-0.25383840746378894,-0.3738220886217189
1.6,26.8951751699511,-0.16515477827063466,4.222891165559645,-0.2541153438447979,-0.29077446321777034
1.6008333333333333,26.909264565385495,-0.1616133132989839,4.276454272212453,-0.25432294997926835,-0.20743312268064962
1.6016666666666668,26.923290296389187,-0.15802764144980336,4.328984305357121,-0.2544609902037714,-0.12381994679768438
1.6025,26.9372553472683,-0.1543986320123269,4.380461143394331,-0.2545292471918786,-0.03995706377559893
1.6033333333333335,26.951162789059666,-0.15072717097908778,4.43086482121702,-0.25452752215927116,0.044133154206563496
1.6041666666666667,26.965015776666824,-0.1470141609121943,4.4801755380799335,-0.2544556350651145,0.12842809558111984
1.6050000000000002,26.97881754589335,-0.14326052080324347,4.528373665510853,-0.25431342480974317,0.21290491410963214
1.6058333333333334,26.992571410336566,-0.1394671859263394,4.575439755261468,-0.25410074942810756,0.2975405337435759
1.6066666666666667,27.0062807581733,-0.13563510768456957,4.621354547295245,-0.25381748627920114,0.3823116536216364
1.6075000000000002,27.019949048833492,-0.13176525344982967,4.666098977810071,-0.2534635322312801,0.46719475320506243
1.6083333333333334,27.03357980956488,-0.12785860639598362,4.709654187293278,-0.25303880384277966,0.5521660975510166
1.6091666666666669,27.047176631887364,-0.12391616532526849,4.7520015286065265,-0.25254323753875596,0.637201742725091
1.61,27.060743167935254,-0.11993894448789022,4.793122575097586,-0.25197678978268734,0.72227754135337
1.6108333333333333,27.074283126694095,-0.11592797339479607,4.83299912873693,-0.2513394372435575,0.8073691483140728
1.6116666666666668,27.08780027015917,-0.11188429662396165,4.8716132282768,-0.25063117695842135,0.8924520265626388
1.6125,27.101298409374746,-0.10780897361957047,4.908947157429049,-0.24985202648977017,0.9775014531001277
1.6133333333333335,27.114781400385077,-0.103703078484445,4.944983453059575,-0.24900202407793828,1.0624925250786033
1.6141666666666667,27.128253140097392,-0.09956769976567098,4.979704913396492,-0.2480812287883833,1.1474001660438822
1.6150000000000002,27.14171756206203,-0.09540394023339967,5.013094606249589,-0.24708972065375018,1.232199132315591
1.6158333333333335,27.15517863216892,-0.09121291665280762,5.045135877237543,-0.24602760081055494,1.3168640195041565
1.6166666666666667,27.168640344261224,-0.08699575954911867,5.075812358019846,-0.24489499163030448,1.4013692691658612
1.6175000000000002,27.182106715668823,-0.08275361296569195,5.10510797453017,-0.2436920368449246,1.485689175595243
1.6183333333333334,27.195581782694635,-0.0784876342155237,5.133006955210248,-0.24241890166678204,1.5697978927488145
1.6191666666666669,27.209069596021788,-0.07419899362570061,5.159493839238676,-0.24107577290267782,1.6536694413068123
1.62,27.222574216059023,-0.0698888742749919,5.184553484751937,-0.23966285906187224,1.7372777158693409
1.6208333333333333,27.236099708232267,-0.06555847172459536,5.208171077054856,-0.238180390458067,1.8205964922860294
1.6216666666666668,27.24965013823256,-0.06120899374211167,5.230332136817869,-0.23662861930530477,1.9035994351174175
1.6225,27.263229567220964,-0.05684166001871727,5.2510225282573355,-0.2350078198076242,1.9862601052278248
1.6233333333333335,27.27684204699142,-0.05245770187948415,5.270228467294949,-0.2333182882422812,2.068551967509755
1.6241666666666668,27.290491615092172,-0.04805836198683488,5.2879365296921055,-0.2315603430363622,2.1504483987391367
1.625,27.304182289915033,-0.0436448940371424,5.3041336591562915,-0.22973432483670328,2.231922695560654
1.6258333333333335,27.317918065800647,-0.03921856245103455,5.318807175421098,-0.2278405965736875,2.312948082593767
1.6266666666666667,27.331702908093526,-0.03478064205657361,5.331944782287652,-0.22587954351769324,2.3934977206711388
1.6275000000000002,27.34554074819404,-0.030332417765824734,5.343534575628598,-0.2238515733287252,2.4735447152008514
1.6283333333333334,27.359435478608138,-0.02587518424479665,5.3535650513502695,-0.22175711609903842,2.553062124651596
1.6291666666666669,27.37339094800737,-0.021410245576796463,5.3620251133106684,-0.21959662438872174,2.6320229691596264
1.6300000000000001,27.38741095630083,-0.016938914919247296,5.368904081188664,-0.2173705732541008,2.710400239255558
1.6308333333333334,27.401499249719606,-0.01246251415392273,5.37419169829974,-0.21507946026875704,2.7881669047107125
1.6316666666666668,27.415659515915593,-0.007982373530618397,5.37787813935349,-0.2127238055369908,2.8652959235015305
1.6325,27.42989537908199,-0.0034998313042856875,5.379954018148974,-0.2103041516996135,2.9417602508906953
1.6333333333333335,27.444210395156105,0.0009837666338042388,5.380410395213432,-0.20782106393282634,3.01753284861612
1.6341666666666668,27.458608047030356,0.005467067131539331,5.379238785366863,-0.20527512993886404,3.0925866941956137
1.635,27.47309173981455,0.009948710157744496,5.376431165214038,-0.20266695992881456,3.166894790341484
1.6358333333333335,27.487664796161063,0.01442732919009592,5.371979980561107,-0.1999971865976496,3.2404301744813893
1.6366666666666667,27.502330451660367,0.018901551609162747,5.365878153752979,-0.19726646509133786,3.3131659283843424
1.6375000000000002,27.5170918503102,0.023369999098523334,5.35811909092679,-0.19447547296591916,3.385075187889731
1.6383333333333334,27.531952040059654,0.02783128805089541,5.348696689176124,-0.19162491013838287,3.456131152736962
1.6391666666666669,27.546913968429514,0.03228402998028617,5.337605343620547,-0.18871549882915398,3.5263070964944037
1.6400000000000001,27.561980478222797,0.03672683194001069,5.324839954377627,-0.18574798349621238,3.5955763765842033
1.6408333333333334,27.577154303377085,0.04115829694619127,5.310395933443028,-0.18272313076145835,3.6639124443970696
1.6416666666666668,27.592438064878998,0.04557702440725641,5.294269211456097,-0.17964172932792774,3.7312888555010777
1.6425,27.6078342668056,0.04998161055892689,5.276456244358687,-0.17650458988867251,3.7976792799368644
1.6433333333333335,27.623345292487766,0.05437064890471399,5.256954019940658,-0.17331254502703086,3.863057512597888
1.6441666666666668,27.638973400806417,0.05874273066178547,5.23576006426888,-0.1700664491082972,3.927397483692356
1.645,27.654720722622624,0.06309644521215342,5.212872447993981,-0.16676717816262787,3.9906732692843527
1.6458333333333335,27.670589257340634,0.06743038055908143,5.188289792529078,-0.16341562975904755,4.052859101910833
1.6466666666666667,27.686580869607024,0.07174312378864468,5.162011276094801,-0.1600127228704065,4.1139293812717215
1.6475000000000002,27.702697286187565,0.07603326153617479,5.134036639635031,-0.15655939772973906,4.173858684988979
1.6483333333333334,27.718940093000935,0.08029938045755847,5.1043661925929795,-0.15305661567762657,4.232621779431463
1.6491666666666667,27.735310732302008,0.08454006770539609,5.073000818539205,-0.1495053590002516,4.290193630603595
1.6500000000000001,27.75181050003581,0.08875391140973471,5.039941980651536,-0.14590663075840837,4.346549415092144
1.6508333333333334,27.76844054337672,0.0929395011633031,5.005191727044296,-0.14226145460745038,4.401664531069064
1.6516666666666668,27.785201858456126,0.09709542851111856,4.968752695942193,-0.13857087460812587,4.455514609346543
1.6525,27.802095288274785,0.10122028744431939,4.930628120692539,-0.13483595502818166,4.508075524479947
1.6533333333333335,27.819121520797303,0.10531267489813992,4.890821834608973,-0.13105778013456226,4.559323405915059
1.6541666666666668,27.836281087226066,0.10937119125387447,4.849338275640439,-0.12723745397609176,4.609234649175172
1.655,27.853574360488356,0.11339444084466717,4.806182490867997,-0.12337610015692815,4.657785927085153
1.6558333333333335,27.871001553987522,0.11738103246480766,4.761360140839482,-0.11947486160149913,4.704954201028511
1.6566666666666667,27.888562720479065,0.1213295798827796,4.714877503697365,-0.11553490030887002,4.7507167322316395
1.6575000000000002,27.906257751190942,0.12523870235756324,4.6667414791277375,-0.11155739709818685,4.7950510930717085
1.6583333333333334,27.924086375154467,0.12910702515815636,4.616959592115584,-0.10754355134461133,4.837935178403901
1.6591666666666667,27.94204815876789,0.13293318008616872,4.56553999650672,-0.10349458070593079,4.879347216904937
1.6600000000000001,27.9601425055843,0.1367158060012882,4.5124914783699115,-0.09941172083976446,4.919265782427306
1.6608333333333334,27.97836865631639,0.14045354934945564,4.457823459152035,-0.09529622511124342,4.95766980535905
1.6616666666666668,27.99672568905073,0.1441450646935847,4.401545998619162,-0.09114936429104044,4.994538583983878
1.6625,28.01521251966766,0.147789015246627,4.343669797577138,-0.08697242624367288,5.029851795836134
1.6633333333333333,28.033827902554034,0.1513840734068668,4.284206200391295,-0.0827667156070342,5.063589509052228
1.6641666666666668,28.05257043154866,0.15492892129519015,4.223167197285741,-0.07853355346256624,5.095732193708997
1.665,28.071438541049652,0.15842225129417298,4.160565426395762,-0.07427427699515418,5.1262607331396595
1.6658333333333335,28.090430507387566,0.16186276658876103,4.096414175599764,-0.06999023914406317,5.155156435228201
1.6666666666666667,28.109544450430125,0.1652491817083978,4.030727384116192,-0.06568280824444786,5.182401043675999
1.6675000000000002,28.128778335429935,0.16858022307042905,3.9635196438641085,-0.061353367659566824,5.207976749236478
1.6683333333333334,28.148129975100957,0.17185462952452102,3.894806200580947,-0.05700331540367456,5.231866200910936
1.6691666666666667,28.167597031912077,0.17507115289788663,3.824602954689836,-0.05263406375549096,5.254052517099209
1.6700000000000002,28.18717702058599,0.17822855854106331,3.7529264619099068,-0.04824703886221322,5.274519296698376
1.6708333333333334,28.206867310817568,0.18132562587408174,3.6797939336088095,-0.043843680334206006,5.2932506301456606
1.6716666666666669,28.226665130326495,0.18436114893313432,3.605223236927333,-0.0394254408315315,5.310231110413639
1.6725,28.246567568009418,0.18733393691688716,3.5292328946078944,-0.03499378564025382,5.325445843925891
1.6733333333333333,28.26657157734506,0.19024281473263907,3.451842084565935,-0.030550192240000447,5.338880461404654
1.6741666666666668,28.286673980015102,0.1930866235420011,3.373070639191541,-0.02609614986253988,5.350521128641026
1.675,28.30687146974891,0.19586422130594183,3.2929390443799287,-0.02163315904148124,5.360354557183846
1.6758333333333335,28.32716061637834,0.19857448332893143,3.2114684382852,-0.017162731153120565,5.36836801494013
1.6766666666666667,28.347537870086647,0.20121630280187597,3.128680609791202,-0.01268638794845893,5.374549336679299
1.6775000000000002,28.367999565834545,0.20378859134357544,3.044597996692133,-0.0082056610763509,5.378886934433512
1.6783333333333335,28.388541927966184,0.20629027954047427,2.959243683581516,-0.0037220915979363227,5.381369807788937
1.6791666666666667,28.409161075103896,0.2087203174850102,2.8726413994761586,0.0007627705067903721,5.381987554078829
1.6800000000000002,28.42985302512849,0.21107767531140081,2.784815515120862,0.005247366841491257,5.380730378443687
1.6808333333333334,28.45061370035587,0.21336134372914606,2.695791040000747,0.009730131104182988,5.377589103768797
1.6816666666666669,28.471438932890877,0.2155703345539575,2.6055936190547566,0.014209489606125805,5.372555180491435
1.6825,28.49232447015538,0.21770368123587486,2.5142495290880897,0.018683861798778168,5.3656206962721615
1.6833333333333333,28.513265980573244,0.21976043938427675,2.4217856748781523,0.0231516608087613,5.3567783855223166
1.6841666666666668,28.53425905939213,0.22173968728943472,2.3282295849686854,0.02761129398074294,5.346021638779188
1.685,28.5552992346238,0.22364052644028934,2.233609407146225,0.032061163428185234,5.333344511920518
1.6858333333333335,28.57638197316474,0.2254620820386044,2.137953903612468,0.03649966659151875,5.318741735223468
1.6866666666666668,28.597502687048234,0.2272035035089891,2.0412924458418944,0.040925196803740516,5.302208722255392
1.6875,28.618656739768863,0.22886396500422562,1.9436550091084583,0.045336143863584075,5.283741578580797
1.6883333333333335,28.63983945274026,0.23044266590603055,1.845072166696952,0.04973089461573717,5.26333711028978
1.6891666666666667,28.661046111862003,0.2319388313209134,1.745575083792143,0.05410783353808497,5.240992832339129
1.6900000000000002,28.68227197418297,0.23335171257083676,1.6451955110430352,0.058465343335821124,5.2167069766988154
1.6908333333333334,28.703512274637635,0.23468058767829467,1.5439657777979323,0.06280180554227219,5.190478500294854
1.6916666666666669,28.724762232833886,0.235924761845457,1.4419187850047774,0.06711560112634266,5.1623070927393595
1.6925000000000001,28.746017059944045,0.2370835679275187,1.339087997789095,0.07140511110619747,5.1321931838526345
1.6933333333333334,28.767271965658598,0.2381563668997882,1.2355074377013893,0.07566871716910825,5.100137950965465
1.6941666666666668,28.788522165148105,0.23914254831789356,1.131211674622452,0.07990480229739153,5.0661433259861965
1.695,28.809762886073077,0.2400415307711847,1.0262358183371059,0.08411175140008191,5.030212002235497
1.6958333333333335,28.830989375633933,0.24085276232907726,0.9206155097739499,0.08828795195021169,4.992347441042447
1.6966666666666668,28.852196907642856,0.24157572098000527,0.8143869119101195,0.09243179462745682,4.952553878094587
1.6975,28.8733807895921,0.24220991506257503,0.7075867003362025,0.09654167396599254,4.910836329531726
1.6983333333333335,28.894536369690858,0.24275488368850018,0.6002520534779888,0.10061598900733992,4.8672005977738735
1.6991666666666667,28.9156590438954,0.24321019715729594,0.49242064248047523,0.10465314395796288,4.821653277083118
1.7000000000000002,28.93674426299591,0.24357545736307387,0.3841306207693034,0.10865154885129401,4.774201758868589
1.7008333333333334,28.95778753955922,0.24385029819160403,0.2754206132517541,0.11260962021417176,4.724854236689589
1.7016666666666669,28.978784454875345,0.24403438590864288,0.16632970518820278,0.11652578173728399,4.673619710981985
1.7025000000000001,28.999730665847675,0.24412741953884448,0.05689743072474651,0.12039846494942721,4.6205079934919535
1.7033333333333334,29.02062191181834,0.2441291312349904,-0.052836238912840616,0.12422610989535107,4.565529711410741
1.7041666666666668,29.041454021302215,0.24403928663712302,-0.16283090756516527,0.12800716581690388,4.508696311201287
1.705,29.062222918629065,0.24385768522137558,-0.27304576662354174,0.1317400918372402,4.450020062112054
1.7058333333333335,29.082924630523536,0.24358416063857294,-0.38343960784478837,0.1354233576478487,4.389514059380324
1.7066666666666668,29.103555292538434,0.24321858104168415,-0.49397083650753426,0.13905544419808255,4.3271922271037715
1.7075,29.124111155380653,0.24276084940226805,-0.6045974849009971,0.1426348443869583,4.263069320783884
1.7083333333333335,29.144588591114985,0.2422109038156083,-0.715277226145219,0.14616006375694343,4.197160929534885
1.7091666666666667,29.164984099229823,0.24156871779420722,-0.8259673883421496,0.1496296211894423,4.129483477950804
1.7100000000000002,29.185294312537653,0.24083430054920807,-0.9366249690585422,0.15304204960167533,4.0600542276209906
1.7108333333333334,29.205516002913694,0.2400076972595924,-1.0472066501361406,0.15639589664466008,3.988891278291391
1.7116666666666667,29.225646086900902,0.23908898932922987,-1.1576688128218842,0.159689725402086,3.91601356867368
1.7125000000000001,29.245681631096733,0.23807829463082997,-1.2679675532263728,0.16292211508963497,3.841440876880933
1.7133333333333334,29.26561985735968,0.23697576773696194,-1.3780586981006462,0.1660916617545161,3.765193820494378
1.7141666666666668,29.285458147828205,0.2357816001378884,-1.4878978209293947,0.1691969789749449,3.687293856255745
1.715,29.30519404973494,0.23449602044590057,-1.597440258337384,0.17223669855920504,3.607763279379089
1.7158333333333335,29.32482527998894,0.233119294585703,-1.7066411268090693,0.1752094712439404,3.5266252224720387
1.7166666666666668,29.344349729512214,0.2316517259705498,-1.8154553397178184,0.17811396739131632,3.44390365406077
1.7175,29.36376546740009,0.23009365566462292,-1.9238376246520361,0.18094887768497644,3.359623376730239
1.7183333333333335,29.383070744798818,0.2284454625304635,-2.0317425410461505,0.18371291382415725,3.2738100248537667
1.7191666666666667,29.40226399852604,0.22670756336154316,-2.139124498107496,0.1864048092157083,3.186490061914655
1.7200000000000002,29.42134385444179,0.22488041299985725,-2.2459377730340275,0.18902331966375444,3.097690777417917
1.7208333333333334,29.4403091305694,0.22296450443838428,-2.3521365295171717,0.1915672240566744,3.0074402833896805
1.7216666666666667,29.45915883993706,0.22096036890796592,-2.457674836527543,0.19403532505097704,2.9157675104549083
1.7225000000000001,29.477892193111114,0.21886857594816586,-2.562506687379938,0.19642644975161053,2.8227022034848837
1.7233333333333334,29.496508600419535,0.2166897334618921,-2.6665860190727084,0.19873945038837035,2.7282749168104274
1.7241666666666668,29.51500767398345,0.2144244877548254,-2.7698667318838677,0.20097320498860197,2.6325170090248275
1.725,29.533389229360747,0.2120735235575435,-2.872302709236296,0.20312661804500043,2.535460637331238
1.7258333333333336,29.55165328689117,0.20963756403107478,-2.9738478378166424,0.20519862117854648,2.4371387514514633
1.7266666666666668,29.569800072738786,0.20711737075567466,-3.0744560279418867,0.20718817379621884,2.3375850870931605
1.7275,29.587830019638215,0.20451374370271827,-3.1740812341677245,0.20909426374320458,2.236834158973681
1.7283333333333335,29.60574376731661,0.20182752118932015,-3.272677476132405,0.21091590794909376,2.1349212533937787
1.7291666666666667,29.623542162562526,0.19905957981523312,-3.370198859630885,0.212652153067546,2.031882420352702
1.7300000000000002,29.64122625892499,0.1962108343816523,-3.466599597913731,0.2143020761089593,1.9277544651977665
1.7308333333333334,29.658797316185346,0.19328223779325865,-3.561834033193906,0.2158647850666034,1.822574939838415
1.7316666666666667,29.67625679945246,0.19027478094185726,-3.6558566583631253,0.21733941953501795,1.716382133491019
1.7325000000000002,29.69360637787468,0.18718949257137293,-3.7486221389098127,0.21872515132022413,1.6092150629507767
1.7333333333333334,29.71084792303807,0.18402743912478303,-3.8400853350258624,0.22002118504178517,1.5011134624048428
1.7341666666666669,29.72798350704132,0.18078972457270387,-3.9302013238967186,0.22122675872631964,1.3921177727816498
1.735,29.745015400233022,0.17747749022339993,-4.018925422165253,0.2223411443919763,1.2822691306336598
1.7358333333333333,29.761946068583836,0.17409191451379194,-4.106213208561867,0.2233636486233058,1.171609356546171
1.7366666666666668,29.778778170672815,0.1706342127810994,-4.19202054669187,0.22429361313595528,1.0601809430666493
1.7375,29.795514554398064,0.16710563701606834,-4.276303607969179,0.2251304153315768,0.9480270421755943
1.7383333333333335,29.812158253376403,0.16350747559736792,-4.359018894687315,0.22587346884233825,0.835191452292449
1.7391666666666667,29.828712482910156,0.15984105300574156,-4.4401232632204515,0.22652222406370354,0.7217186047895103
1.7400000000000002,29.845180635661805,0.1561077295192249,-4.519573947341451,0.22707616867609753,0.6076535500427303
1.7408333333333335,29.861566277006688,0.1523089008889911,-4.597328581648662,0.22753482815484727,0.4930419430123929
1.7416666666666667,29.877873140062835,0.1484459979956801,-4.673345225090963,0.22789776626796326,0.3779300283527768
1.7425000000000002,29.894105120373435,0.14452048648591004,-4.74758238457926,0.22816458556114652,0.26236462504742386
1.7433333333333334,29.910266270231787,0.14053386638869259,-4.819999038673524,0.22833492782946507,0.14639311056671292
1.7441666666666669,29.92636079277138,0.1364876717128374,-4.89055466133724,0.228408474576308,0.03006340457109391
1.745,29.942393035724617,0.13238347002435047,-4.959209245745132,0.22838494745837862,-0.08657604785650985
1.7458333333333333,29.95836748483863,0.12822286200355398,-5.025923328132563,0.22826410871616123,-0.20347629345227491
1.7466666666666668,29.974288757027388,0.1240074809826197,-5.090658011676212,0.22804576159008352,-0.3205878884705611
1.7475,29.990161593247077,0.1197389924632697,-5.153374990394643,0.22772975072182808,-0.4378609168429036
1.7483333333333335,30.005990851087745,0.11541909361449341,-5.214036573055344,0.2273159625402609,-0.5552450087967863
1.7491666666666668,30.02178149706706,0.11104951275008922,-5.272605707073982,0.22680432563137465,-0.6726893599345032
1.7500000000000002,30.0375385986949,0.10663200878651993,-5.329046002397642,0.226194811092401,-0.7901427507604738
1.7508333333333335,30.053267316313256,0.10216837068110869,-5.3833217553584145,0.22548743286968115,-0.9075535666529099
1.7516666666666667,30.068972894651907,0.097660416849916,-5.4353979724801,0.22468224807924117,-1.0248698182889686
1.7525000000000002,30.084660654185495,0.09310999456603632,-5.48524039422932,0.22377935731039938,-1.142039162506171
1.7533333333333334,30.100335982287607,0.08851897933818725,-5.532815518697349,0.22277890491188473,-1.2590089235992037
1.7541666666666669,30.11600432417884,0.08388927426952299,-5.578090625197334,0.22168107925994424,-1.3757261150495144
1.7550000000000001,30.131671173667844,0.0792228093966492,-5.621033797761384,0.22048611300793597,-1.4921374616840029
1.7558333333333334,30.147342063765556,0.07452154100942535,-5.661613948530708,0.21919428331769653,-1.6081894222492261
1.7566666666666668,30.163022557125636,0.06978745095117717,-5.699800841018398,0.21780591207173258,-1.7238282124031685
1.7575,30.178718236332,0.0650225458994875,-5.735565113230521,0.21632136606594396,-1.8389998281173605
1.7583333333333335,30.194434694079206,0.060228856627867824,-5.768878300635011,0.21474105718281253,-1.9536500694801804
1.7591666666666668,30.210177523260334,0.055408437248479284,-5.79971285896388,0.21306544254474533,-2.067724564893919
1.76,30.225952306953722,0.05056336443582914,-5.82804218683053,0.21129502464696123,-2.181168795662034
1.7608333333333335,30.241764608301878,0.04569573663144417,-5.853840648143577,0.20943035146934402,-2.293928120961266
1.7616666666666667,30.257619960387093,0.04080767323029659,-5.877083594314427,0.20747201656783992,-2.405947803181834
1.7625000000000002,30.273523856080363,0.03590131374887743,-5.897747386238223,0.20542065914468327,-2.5171730336319618
1.7633333333333334,30.289481737826318,0.030978816974724807,-5.915809416024049,0.2032769640965393,-2.627548958603895
1.7641666666666669,30.305498987449536,0.02604236009807648,-5.931248128468713,0.20104166204097154,-2.737020705785582
1.7650000000000001,30.32158091600614,0.02109413782586872,-5.944043042260168,0.19871552932098308,-2.8455334110093857
1.7658333333333334,30.337732753677944,0.0161363614781777,-5.954174770891331,0.1962993879871319,-2.953032245330095
1.7666666666666668,30.353959639696814,0.011171258067197626,-5.961625043262829,0.19379410575662678,-3.059462442423827
1.7675,30.370266612322997,0.006201069358981629,-5.966376723958757,0.19120059594911396,-3.1647693262982792
1.7683333333333335,30.38665859904598,0.001228050919122023,-5.968413833207131,0.18851981740053808,-3.268898339292807
1.7691666666666668,30.40314040680903,-0.0037455288586287026,-5.967721566469516,0.18575277435247523,-3.3717950703728414
1.77,30.419716712391274,-0.008717389739819732,-5.964286313663641,0.18290051631791984,-3.4734052836989
1.7708333333333335,30.436392052972653,-0.013685240652539232,-5.958095678004537,0.17996413792333332,-3.5736749474590614
1.7716666666666667,30.45317081689976,-0.01864678070612769,-5.949138494447966,0.176944778726713,-3.6725502629535463
1.7725000000000002,30.47005723464132,-0.023599700225155444,-5.937404847713556,0.17384362301116335,-3.769977693919798
1.7733333333333334,30.48705536992543,-0.028541681798411194,-5.922886089865262,0.17066189955347927,-3.8659039960856805
1.7741666666666667,30.50416911118472,-0.033470401342138176,-5.905574857454881,0.16740088136861125,-3.9602762469357486
1.7750000000000001,30.521402163279053,-0.03838352917728988,-5.885465088202938,0.16406188542938577,-4.053041875677666
1.7758333333333334,30.538758039441777,-0.04327873112074075,-5.862552037184276,0.16064627236051676,-4.144148693397232
1.7766666666666668,30.556240053565237,-0.04815366958965144,-5.836832292522784,0.15715544610775828,-4.233544923385463
1.7775,30.573851312825923,-0.053006004718659946,-5.808303790575757,0.1535908535818618,-4.321179231624474
1.7783333333333335,30.591594710645108,-0.0578333954895385,-5.7769658305863345,0.14995398427698328,-4.40700075741726
1.7791666666666668,30.60947291996995,-0.06263350087291154,-5.742819088780688,0.14624636986314185,-4.490959144145129
1.78,30.627488386974534,-0.06740398098142188,-5.70586563191188,0.14246958375335492,-4.573004570139291
1.7808333333333335,30.645643325179574,-0.07214249823387192,-5.666108930231582,0.13862524064524984,-4.653087779650093
1.7816666666666667,30.663939709930165,-0.0768467185300525,-5.6235538698549306,0.13471499603630435,-4.731160113896726
1.7825000000000002,30.682379273308932,-0.08151431243558195,-5.578206764517419,0.1307405457132815,-4.807173542181136
1.7833333333333334,30.700963499528818,-0.08614295637625685,-5.530075366714943,0.12670362521601286,-4.881080693052124
1.7841666666666667,30.71969362078898,-0.09073033384142422,-5.479168878204578,0.12260600927525137,-4.95283488550124
1.7850000000000001,30.73857061356278,-0.09527413659583683,-5.425497959840351,0.11844951122422648,-5.022390160170117
1.7858333333333334,30.757595195305704,-0.09977206589948746,-5.369074740720963,0.11423598238360806,-5.089701310550354
1.7866666666666668,30.77676782180184,-0.10422183373469623,-5.309912826685898,0.10996731142172549,-5.15472391416975
1.7875,30.796088684966552,-0.10862116404000074,-5.248027308098595,0.10564542368841429,-5.217414363735904
1.7883333333333336,30.8155577110996,-0.11296779395027666,-5.183434766896412,0.10127228052236627,-5.277729898217397
1.7891666666666668,30.83517455969174,-0.11725947504236418,-5.116153282917245,0.0968498785329244,-5.335628633848126
1.79,30.85493862280211,-0.12149397458573985,-5.0462024394893135,0.09238024885631223,-5.39106959503965
1.7908333333333335,30.874849024978154,-0.12566907679751593,-4.973603328262924,0.08786545638622312,-5.444012745178188
1.7916666666666667,30.894904623672428,-0.12978258410109,-4.898378553257592,0.08330759897849326,-5.4944190172819445
1.7925000000000002,30.915104010125578,-0.1338323183877757,-4.820552234100025,0.07870880662964624,-5.542250344495314
1.7933333333333334,30.935445510963998,-0.1378161222809717,-4.740150008501796,0.07407124063131908,-5.58746969042328
1.7941666666666667,30.95592719032737,-0.14173186040203967,-4.657199033918108,0.06939709269935149,-5.630041079268813
1.7950000000000002,30.976546852431667,-0.1455774206370707,-4.571727988348927,0.06468858407698234,-5.669929625742226
1.7958333333333334,30.99730204474205,-0.14935071540400632,-4.48376707031523,0.059947964613702096,-5.707101564738345
1.7966666666666669,31.018190061730834,-0.15304968291951546,-4.393347997989879,0.0551775118196189,-5.741524280760846
1.7975,31.039207949188583,-0.15667228846478512,-4.300504007466169,0.05037952989549633,-5.7731663370683695
1.7983333333333333,31.060352509028217,-0.16021652564938454,-4.205269850138214,0.04555634873834165,-5.8019975045141
1.7991666666666668,31.08162030454482,-0.1636804176723531,-4.107681789172757,0.040710322922593876,-5.827988790052202
1.8,31.10300766639804,-0.16706201858050337,-4.007777595128876,0.03584383065882285,-5.851112464925698
1.8008333333333335,31.124510699040712,-0.17035941452249567,-3.9055965406501465,0.030959272728648284,-5.8713420924796145
1.8016666666666667,31.146125287584642,-0.1735707249978635,-3.801179394218445,0.026059071396231096,-5.888652555575859
1.8025000000000002,31.167847105224315,-0.17669410410061515,-3.6945684129914715,0.02114566929739877,-5.903020083605744
1.8033333333333335,31.189671621184917,-0.17972774175660705,-3.585807334708386,0.016221528306567614,-5.91442227907598
1.8041666666666667,31.211594109139703,-0.18266986495375404,-3.4749413686454735,0.011289128381660789,-5.9228381437395115
1.8050000000000002,31.233609656024193,-0.18551873896402682,-3.3620171856002283,0.006350966387178442,-5.928248104239261
1.8058333333333334,31.255713171280323,-0.18827266855662253,-3.2470829069048244,0.0014095548959813685,-5.930634037249056
1.8066666666666669,31.27789939673868,-0.1909299992024247,-3.1301880925151897,-0.003532579028760101,-5.929979294125844
1.8075,31.30016291669413,-0.19348911826720006,-3.0113837280690983,-0.00847289507288701,-5.926268724982441
1.8083333333333333,31.322498168453716,-0.19594845619390466,-2.8907222109757535,-0.013408840930054004,-5.919488702204779
1.8091666666666668,31.344899453286132,-0.19830648767310163,-2.7682573355173976,-0.018337853579839896,-5.909627143383608
1.81,31.367360947739236,-0.20056173280060344,-2.6440442769555172,-0.02325736058467621,-5.896673533636008
1.8108333333333335,31.3898767152437,-0.20271275822120208,-2.5181395746234854,-0.02816478140526149,-5.880618947283172
1.8116666666666668,31.412440717993057,-0.20475817825768308,-2.390601114003443,-0.03305752873387885,-5.861456068863372
1.8125000000000002,31.435046829280527,-0.2066966560253452,-2.2614881078266804,-0.03793300984448543,-5.83917921349416
1.8133333333333335,31.457688845948255,-0.20852690452953468,-2.130861076126948,-0.04278862795989915,-5.813784346504436
1.8141666666666667,31.480360501120398,-0.2102476877463394,-1.9987818252850853,-0.04762178363492148,-5.785269102348005
1.8150000000000002,31.503055477182865,-0.211857821685562,-1.8653134260596103,-0.05242987615487073,-5.753632802774946
1.8158333333333334,31.525767418961888,-0.21335617543499896,-1.7305201905978138,-0.05721030494892285,-5.718876474234435
1.8166666666666669,31.54848994700898,-0.21474167218479734,-1.594467648413918,-0.06196047101772171,-5.681002864474383
1.8175000000000001,31.571216671028143,-0.21601329023137816,-1.4572225213458976,-0.06667777837447711,-5.64001645832726
1.8183333333333334,31.593941203523705,-0.2171700639607319,-1.3188526975117458,-0.07135963549871716,-5.595923492681098
1.8191666666666668,31.616657173403496,-0.21821108480881685,-1.1794272042213714,-0.07600345680233608,-5.548731970568525
1.82,31.639358239670774,-0.21913550219916272,-1.039016179877678,-0.08060666410693705,-5.498451674383155
1.8208333333333335,31.662038105182873,-0.21994252445689938,-0.8976908448674501,-0.08516668813183668,-5.445094178203183
1.8216666666666668,31.68469053040392,-0.2206314196981043,-0.7555234714405183,-0.08968096999192834,-5.3886728591938615
1.8225,31.707309347049552,-0.2212015166931408,-0.6125873525675336,-0.09414696270468864,-5.329202908052577
1.8233333333333335,31.729888471677967,-0.22165220570367167,-0.46895676979499223,-0.0985621327054924,-5.266701338492245
1.8241666666666667,31.752421919336516,-0.22198293929347024,-0.3247069601273715,-0.1029239613703809,-5.20118699577204
1.8250000000000002,31.77490381690111,-0.22219323310998054,-0.17991408188584906,-0.10722994654556298,-5.13268056418767
1.8258333333333334,31.797328416350943,-0.22228266663759996,-0.03465517959711628,-0.11147760408270463,-5.061204573556717
1.8266666666666669,31.819690107866755,-0.22225088392134298,0.11099185209537243,-0.1156644693792317,-4.986783404663073
1.8275000000000001,31.84198343268482,-0.2220975942598002,0.25694830549264525,-0.11978809892267527,-4.909443293634416
1.8283333333333334,31.864203095708458,-0.22182257286679713,0.40313469786183653,-0.1238460718382369,-4.829212335239555
1.8291666666666668,31.886343977897752,-0.22142566150132512,0.5494708103996597,-0.12783599143868438,-4.746120485098809
1.83,31.908401148301305,-0.22090676906419102,0.6958757281421383,-0.13175548677555657,-4.660199560767366
1.8308333333333335,31.930369875789392,-0.22026587216123433,0.8422678807971345,-0.13560221419085156,-4.571483241692286
1.8316666666666668,31.952245640444737,-0.2195030156322418,0.9885650844885612,-0.139373858868215,-4.480007068023798
1.8325,31.97402414452608,-0.21861831304438156,1.1346845844063356,-0.14306813638258184,-4.38580843825239
1.8333333333333335,31.995701323042745,-0.21761194714989102,1.2805430983394617,-0.14668279424739697,-4.288926605669713
1.8341666666666667,32.01727335391899,-0.2164841703073364,1.4260568610767346,-0.1502156134584494,-4.189402673639402
1.8350000000000002,32.038736667639505,-0.21523530486510434,1.57114166966852,-0.15366441003314343,-4.087279589645786
1.8358333333333334,32.060087956439176,-0.21386574350707904,1.7157129295224398,-0.15702703654437256,-3.9826021381251104
1.836666666666667,32.081324183000106,-0.21237594955972874,1.8596857013180488,-0.16030138364798588,-3.875416932062766
1.8375000000000001,32.10244258855845,-0.21076645725937726,2.0029747487269343,-0.16348538160256035,-3.7657724033296573
1.8383333333333334,32.12344070044168,-0.20903787197929782,2.145494586916669,-0.16657700178058607,-3.6537187917527967
1.8391666666666668,32.14431633912151,-0.2071908704168433,2.2871595318071503,-0.16957425817030675,-3.5393081329322627
1.84,32.16506762455662,-0.20522620073840325,2.427883750077181,-0.17247520886654574,-3.422594244750866
1.8408333333333335,32.185692981932945,-0.20314468268255603,2.567581309886954,-0.17527795754980718,-3.303632712592822
1.8416666666666668,32.20619114681423,-0.20094720762106805,2.7061662322930715,-0.17798065495272325,-3.1824808732680596
1.8425,32.22656116961931,-0.19863473857669459,2.843552543336201,-0.18058150031252668,-3.059197797620936
1.8433333333333335,32.246802419322556,-0.19620831019652635,2.979654326781197,-0.18307874280806863,-2.9338442717977826
1.8441666666666667,32.26691458653613,-0.19366902868169186,3.1143857774747103,-0.18547068298098043,-2.8064827772001757
1.8450000000000002,32.28689768596927,-0.19101807167303503,3.247661255292981,-0.1877556741399387,-2.677177469121083
1.8458333333333334,32.306752058011234,-0.1882566880903691,3.379395339665819,-0.1899321237458986,-2.545994154009445
1.8466666666666667,32.326478369642196,-0.1853861979265286,3.5095028846362277,-0.1919984947780639,-2.413000265401756
1.8475000000000001,32.34607761465815,-0.18240799199574875,3.6378990744297632,-0.19395330707952438,-2.2782648385153577
1.8483333333333334,32.36555111312853,-0.17932353163542944,3.7644994795046167,-0.19579513868107695,-2.1418584834877987
1.8491666666666668,32.38490050998124,-0.17613434836008832,3.889220113054368,-0.1975226271015953,-2.0038533572404384
1.85,32.404127772903436,-0.17284204346862592,4.011977487927173,-0.19913447062476777,-1.8643231340016946
1.8508333333333336,32.42323518960465,-0.16944828760505215,4.132688673928132,-0.2006294295514081,-1.7233429745015603
1.8516666666666668,32.4422253641021,-0.16595482026963898,4.25127135547844,-0.20200632742440292,-1.5809894937719793
1.8525,32.461101212323435,-0.16236344928257124,4.367643889590449,-0.203264052226711,-1.437340727612347
1.8533333333333335,32.47986595699219,-0.15867605019951872,4.481725364127895,-0.20440155755115558,-1.2924760977142538
1.8541666666666667,32.498523121730976,-0.1548945656784485,4.593435656313626,-0.2054178637404966,-1.146476375439007
1.8550000000000002,32.51707652429181,-0.1510210047966953,4.702695491447052,-0.20631205899605237,-0.9994236442345622
1.8558333333333334,32.535530269135826,-0.14705744231977455,4.809426501797228,-0.2070833004550496,-0.8514012607358116
1.8566666666666667,32.55388873934863,-0.1430060179216909,4.913551285634074,-0.20773081523552095,-0.7024938145523498
1.8575000000000002,32.57215658765243,-0.13886893535469289,5.014993466353261,-0.2082539014460484,-0.5527870867073861
1.8583333333333334,32.590338726785575,-0.13464846157040003,5.113677751660455,-0.2086519291608757,-0.4023680067826352
1.8591666666666669,32.60844031921315,-0.13034692579182877,5.209529992776428,-0.20892434135901905,-0.2513246087683928
1.86,32.626466766106255,-0.12596671853582764,5.302477243616224,-0.20907065482576837,-0.09974598562057235
1.8608333333333336,32.6444236955593,-0.12151029058551584,5.392447819898694,-0.2090904610151337,0.05227775747274742
1.8616666666666668,32.66231695035121,-0.11698015191492134,5.4793713581598675,-0.20898342687418078,0.20465555105583433
1.8625,32.68015257494664,-0.11237887056354255,5.563178874609457,-0.20874929562595299,0.357295410637105
1.8633333333333335,32.6979368019014,-0.1077090714620166,5.643802823793426,-0.2083878875108988,0.5101044871494193
1.8641666666666667,32.71567603773862,-0.1029734352093106,5.721177157023329,-0.2078991004860937,0.662989118617479
1.8650000000000002,32.733376848261805,-0.09817469680125153,5.795237380522722,-0.20728291088081832,0.8158548830219885
1.8658333333333335,32.75104594327642,-0.09331564431027826,5.865920613239031,-0.20653937400704994,0.968606652347646
1.8666666666666667,32.76869016093628,-0.08839911751788165,5.933165644293332,-0.2056686247252819,1.1211486477719923
1.8675000000000002,32.78631645156685,-0.08342800649892201,5.996912990004237,-0.2046708779633729,1.2733844959947163
1.8683333333333334,32.803931861064804,-0.07840525015859887,6.057104950444624,-0.20354642918795476,1.4252172866762116
1.8691666666666669,32.82154351395608,-0.07333383472272781,6.113685665490394,-0.2022956548278434,1.576549630957059
1.87,32.83915859608802,-0.06821679218145159,6.166601170305425,-0.2009190126480888,1.72728372103776
1.8708333333333333,32.856784336963386,-0.06305719868662421,6.215799450210724,-0.19941704207350577,1.8773213907965427
1.8716666666666668,32.874427991919944,-0.05785817290438765,6.261230494910236,-0.19779036446214862,2.0265641773998055
1.8725,32.89209682400375,-0.05262287432235929,6.30284635199958,-0.19603968332635183,2.1749133838956247
1.8733333333333335,32.90979808567185,-0.04735450151258813,6.340601179719669,-0.1941657845012617,2.322270142749777
1.8741666666666668,32.92753900041973,-0.04205629035115303,6.374451298914663,-0.19216953626048205,2.468535480289927
1.8750000000000002,32.945326744306875,-0.036731512194738664,6.404355244133917,-0.1900518893775309,2.613610382030013
1.8758333333333335,32.96316842733928,-0.03138347201450043,6.430273813812774,-0.1878138771316445,2.7573958588455394
1.8766666666666667,32.981071075006724,-0.026015506489166375,6.452170119522918,-0.18545661525924934,2.8997930139490653
1.8775000000000002,32.999041609841484,-0.020630982057348562,6.47000963421375,-0.18298130184900832,3.040703110640239
1.8783333333333334,33.017086833013785,-0.015233292929782111,6.483760239386985,-0.18038921717950948,3.1800276407932304
1.8791666666666669,33.035213406156764,-0.0098258590629717,6.4933922711797,-0.1776817235001366,3.3176683940364122
1.8800000000000001,33.05342783343473,-0.004412124095054308,6.498878565299964,-0.1748602647542927,3.4535275275854036
1.8808333333333334,33.07173644378379,0.0010044467556046752,6.500194500742065,-0.17192636624348184,3.587507636691554
1.8816666666666668,33.09014537341952,0.006420368827917069,6.49731804223776,-0.16888163423203625,3.71951182566178
1.8825,33.10866054893595,0.011832140189556943,6.490229781448412,-0.1657277554943344,3.849443779398121
1.8833333333333335,33.12728767058533,0.0172362438430676,6.478912976757932,-0.1624664968002881,3.977207835424922
1.8841666666666668,33.146032196102226,0.02262914996420609,6.463353591677673,-0.15909970434132142,4.102709056347008
1.8850000000000002,33.16489932508563,0.028007318171639223,6.4435403318080295,-0.15562930309610823,4.225853302697167
1.8858333333333335,33.18389398390753,0.033367199826854856,6.419464680291233,-0.1520572961352362,4.346547306121252
1.8866666666666667,33.20302081113054,0.03870524036323942,6.39112093169142,-0.14838576386396218,4.464698742851644
1.8875000000000002,33.222284143772804,0.04401788164227888,6.358506224316591,-0.14461686320511327,4.580216307421455
1.8883333333333334,33.24168800414846,0.049301564336296726,6.32162057086675,-0.14075282671951256,4.6930097865641764
1.8891666666666669,33.26123608744556,0.054552730336011344,6.280466887385076,-0.13679596166472338,4.802990133245803
1.8900000000000001,33.28093175016396,0.05976782518141098,6.235051020483418,-0.13274864899256095,4.910069540780245
1.8908333333333334,33.300777999384124,0.0649433005145819,6.185381772780679,-0.12861334228484556,5.0141615169708835
1.8916666666666668,33.32077748277749,0.07007561655308076,6.131470926478562,-0.12439256662650137,5.115180958214914
1.8925,33.34093247963028,0.07516124458208845,6.073333265082466,-0.12008891741767057,5.213044223526246
1.8933333333333335,33.36124489286282,0.0801966694638369,6.010986593212492,-0.11570505912458229,5.307669208417852
1.8941666666666668,33.38171624186762,0.08517839216278944,5.944451754412074,-0.11124372396790827,5.398975418571289
1.895,33.40234765642227,0.09010293228480555,5.873752646963067,-0.10670771055030237,5.486884043248294
1.8958333333333335,33.42313987172025,0.09496683062866963,5.798916237669505,-0.10209988242341868,5.571318028388198
1.8966666666666667,33.44409322439165,0.09976665174818963,5.71997257353495,-0.09742316659382386,5.652202149316841
1.8975000000000002,33.46520764940855,0.10449898652308802,5.6369547912604725,-0.09268055196726388,5.729463082993662
1.8983333333333334,33.48648267838848,0.10916045473703112,5.5498991246420255,-0.08787508773480081,5.80302947977832
1.899166666666667,33.50791743893594,0.11374770766089605,5.458844909741593,-0.0830098816989157,5.872832034622441
1.9000000000000001,33.52951065494887,0.1182574306392467,5.363834587774161,-0.07808809853963727,5.938803557611282
1.9008333333333334,33.551260648179266,0.12268634567839765,5.264913705740376,-0.0731129580228419,6.000879043819903
1.9016666666666668,33.57316534101181,0.1270312140341823,5.162130914760382,-0.0680877331510269,6.058995742417129
1.9025,33.59522226029313,0.1312888387971828,5.055537966038409,-0.06301574825642474,6.1130932249315775
1.9033333333333335,33.61742854210568,0.13545606747327707,4.9451897043977535,-0.057900377036526736,6.163113452599831
1.9041666666666668,33.63978093808064,0.13952979455850584,4.8311440594980075,-0.052745040535923535,6.209000842804867
1.905,33.66227582262854,0.14350696410523683,4.7134620345619025,-0.04755320507210341,6.250702334464204
1.9058333333333335,33.68490920121677,0.14738457227769466,4.592207692617711,-0.042328380106925946,6.288167452314937
1.9066666666666667,33.70767671987859,0.15115966989529983,4.467448140275606,-0.037074116065526214,6.321348370057134
1.9075000000000002,33.73057367585851,0.1548293649615981,4.339253508996219,-0.03179400210326899,6.3501999722793725
1.9083333333333334,33.75359502918307,0.15839082517608735,4.207696933788715,-0.02649166382113758,6.374679915070372
1.9091666666666667,33.77673541518571,0.16184128042698057,4.072854529324859,-0.02117076093074984,6.394748685255943
1.9100000000000001,33.79998915845247,0.16517802526420183,3.9348053635645295,-0.015834984872204756,6.410369658270389
1.9108333333333334,33.823350287352376,0.1683984213481012,3.7936314286938275,-0.010488056382784912,6.421509154472576
1.9116666666666668,33.84681254964859,0.17149989987324604,3.649417609479831,-0.005133723019909924,6.428136493919045
1.9125,33.870369429102254,0.1744799639650619,3.502251649014199,0.00022424336069442122,6.430224049521817
1.9133333333333336,33.89401416290927,0.1773361910466915,3.352224111811008,0.0055820491705196665,6.427747298504515
1.9141666666666668,33.917739759778044,0.18006623517324866,3.199428344218452,0.010935881696436247,6.420684872063613
1.915,33.94153901908091,0.18266782933314532,3.043960432233836,0.016281911748752036,6.409018603250598
1.9158333333333335,33.96540455059974,0.18513878771259606,2.8859191566304534,0.021616296348720924,6.392733572936644
1.9166666666666667,33.989328794897396,0.18747700792137728,2.7254059454098707,0.026935181453652268,6.371818153807339
1.9175000000000002,34.013304044428594,0.1896804731783496,2.562524823609762,0.03223470471765531,6.346264052352501
1.9183333333333334,34.037322465197555,0.19174725445393728,2.3973823604448237,0.037510998286516474,6.316066348763666
1.9191666666666667,34.06137611878416,0.19367551256678142,2.230087613759997,0.04276019162517788,6.28122353465223
1.9200000000000002,34.085456985046726,0.19546350023405976,2.0607520718710486,0.047978414375385844,6.241737548594042
1.9208333333333334,34.109556985076075,0.1971095640715868,1.8894895927335658,0.05316179924221384,6.197613809371752
1.9216666666666669,34.13366800445564,0.19861214654202153,1.7164163404736366,0.058306484907312495,6.148861246874865
1.9225,34.15778191688758,0.19996978784963587,1.5416507193133793,0.0634086189668453,6.095492330621764
1.9233333333333336,34.18189060798028,0.20118112777879504,1.365313304884355,0.0684643608921929,6.0375230958189
1.9241666666666668,34.205985998975734,0.20224490747313373,1.1875267729223122,0.07346988501139988,5.974973166868362
1.925,34.23006007081901,0.20315997115578174,1.0084158254387945,0.07842138350904754,5.907865778358466
1.9258333333333335,34.254104888050854,0.20392526778614434,0.8281071143215609,0.08331506944257532,5.836227793395464
1.9266666666666667,34.27811262258038,0.20453985265177155,0.6467291624109702,0.08814717977273274,5.760089719245917
1.9275000000000002,34.30207557741987,0.20500288889408644,0.4644122821002835,0.0929139784059996,5.679485720266533
1.9283333333333335,34.325986210164004,0.20531364896511906,0.28128849147289037,0.09761175924658075,5.59445362804305
1.9291666666666667,34.34983715597994,0.2054715160122344,0.09749142798552299,0.10223684925558174,5.505034948653536
1.9300000000000002,34.373621250515654,0.2054759851916128,-0.08684374020002611,0.106785611515217,5.411274867104242
1.9308333333333334,34.397331552200924,0.20532666490589788,-0.27158040525916416,0.1112544482953775,5.31322224880111
1.9316666666666669,34.420961364025814,0.20502327796493552,-0.45658061305821296,0.11563980412017258,5.2109296380418595
1.9325,34.44450425483759,0.20456566266836937,-0.6417051587619836,0.11993816883208147,5.104453253508475
1.9333333333333333,34.467954079915444,0.20395377380719726,-0.8268136846681039,0.12414608065097503,4.993852980684374
1.9341666666666668,34.491305000768584,0.20318768358250971,-1.0117647802161454,0.12826012922542887,4.879192361159234
1.935,34.51455150433659,0.20226758244114654,-1.1964160840924243,0.1322769586741211,4.760538578834221
1.9358333333333335,34.53768842116377,0.20119377982427883,-1.3806243884142448,0.1361932706141094,4.637962442918842
1.9366666666666668,34.560710942761766,0.19996670482893408,-1.5642457449055256,0.14000582717377683,4.51153836774292
1.9375000000000002,34.58361463800566,0.1985869067802438,-1.747135573013745,0.1437114539876354,4.381344349333832
1.9383333333333335,34.60639546840122,0.1970550557121551,-1.9291487699108507,0.14730704316998192,4.247461938710936
1.9391666666666667,34.62904980242496,0.1953719427566977,-2.1101398222926186,0.1507895562653395,4.109976211921659
1.9400000000000002,34.65157442860929,0.19353848043860084,-2.2899629199271194,0.1541560271722295,3.9689757367429923
1.9408333333333334,34.67396656746049,0.19155570287470017,-2.4684720708691397,0.1574035650378416,3.8245525360547044
1.9416666666666669,34.696223882246585,0.18942476587731738,-2.645521218263582,0.1605293571211377,3.67680204788179
1.9425000000000001,34.71834448838807,0.1871469469589349,-2.8209643586690416,0.16353067162085155,3.5258230820506955
1.9433333333333334,34.74032696146104,0.18472364523717597,-2.99465566182121,0.16640486046574482,3.3717177734530983
1.9441666666666668,34.7621703441211,0.1821563812412521,-3.1664495917339144,0.16914936206544517,3.214591531977545
1.945,34.783874151353615,0.1794467966151208,-3.3362010290799513,0.17176170401716875,3.0545529889932603
1.9458333333333335,34.80543837440008,0.17659665371879288,-3.503765394744742,0.1742395057667668,2.8917139404555146
1.9466666666666668,34.826863483351964,0.17360783512697717,-3.6689987744655874,0.17658048122143302,2.7261892866344635
1.9475000000000002,34.84815042813148,0.1704823430225556,-3.83175804446681,0.17878244131019666,2.558096968423789
1.9483333333333335,34.86930063783356,0.16722229848397419,-3.991900997994407,0.18084329648927805,2.3875579002316285
1.9491666666666667,34.89031601901285,0.16382994066980602,-4.1492864726435394,0.1827610591920534,2.21469589957312
1.9500000000000002,34.91119895203957,0.16030762589419856,-4.303774478389861,0.18453384621713972,2.0396376132186163
1.9508333333333334,34.9319522860662,0.15665782659624464,-4.455226326211909,0.18615988105408524,1.8625124400135435
1.9516666666666669,34.952579332590915,0.15288313020266464,-4.6035047572071965,0.18763749614395597,1.683452450381514
1.9525000000000001,34.97308385739447,0.14898623788210963,-4.748474072086313,0.18896513507093005,1.502592302499423
1.9533333333333334,34.99347007077049,0.14496996319011513,-4.89000026093428,0.1901413546816528,1.320069155151047
1.9541666666666668,35.013742616723114,0.14083723060881106,-5.027951133141522,0.19116482713297764,1.1360225774005759
1.955,35.03390656029762,0.13659107397587106,-5.162196447370248,0.1920343418610939,0.9505944549770406
1.9558333333333335,35.05396737356812,0.13223463480588304,-5.292608041450645,0.192748807471869,0.763928893488818
1.9566666666666668,35.073930920307824,0.1277711605041825,-5.4190599620941375,0.19330725354983583,0.5761721185045259
1.9575,35.09380343914816,0.12320400247203722,-5.541428594289924,0.19370883238196832,0.3874723725120937
1.9583333333333335,35.11359152527252,0.11853661410348064,-5.6595927902621295,0.1939528205936521,0.19797980880322563
1.9591666666666667,35.1333021111345,0.1137725486769255,-5.773433997892736,0.19403862069692482,0.007846382398772223
1.9600000000000002,35.15294244559473,0.10891545713813564,-5.882836388443646,0.19396576254473355,-0.18277426202417624
1.9608333333333334,35.17252007200351,0.10396908577801423,-5.98768698348156,0.19373390469150323,-0.37372690507768525
1.961666666666667,35.192042805103654,0.09893727380483608,-6.087875780866024,0.19334283565657953,-0.5648548704451412
1.9625000000000001,35.211518706785625,0.09382395081162258,-6.183295879666233,0.19279247508799566,-0.7560001454362504
1.9633333333333334,35.23095606092412,0.08863313414044934,-6.273843603893095,0.19208287482529837,-0.9470035042280981
1.9641666666666668,35.25036334716813,0.0833689261436976,-6.359418624893714,0.1912142198579732,-1.13770463374006
1.965,35.269749213927426,0.0780355113442622,-6.4399240822939525,0.19018682917835789,-1.3279422620484866
1.9658333333333335,35.2891224505186,0.07263715349539747,-6.5152667033417595,0.1890011565262112,-1.517554289271883
1.9666666666666668,35.30849195860149,0.0671781925418344,-6.5853569205219395,0.1876577910232124,-1.7063779208366976
1.9675,35.32786672304715,0.061663041483880326,-6.650108987315195,0.1861574576957866,-1.8942498030323667
1.9683333333333335,35.34725578218583,0.05609618314549571,-6.709441091945459,0.18450101788345888,-2.0810061607731725
1.9691666666666667,35.366668197732565,0.05048216684891058,-6.763275469009006,0.18268946953224127,-2.2664829374581825
1.9700000000000002,35.38611302432434,0.044825604996956536,-6.811538508825373,0.18072394737030675,-2.4505159368398446
1.9708333333333334,35.40559927870253,0.03913116956477342,-6.854160864361324,0.17860572296382238,-2.6329409668015495
1.971666666666667,35.42513590902209,0.033403588504488935,-6.891077555652191,0.17633620465393812,-2.8135939849162357
1.9725000000000001,35.444731763900904,0.02764764206309616,-6.9222280715058115,0.17391693737021666,-2.992311245702315
1.9733333333333334,35.4643955616381,0.02186815901705487,-6.947556468404052,0.17134960232125324,-3.168929449446224
1.9741666666666668,35.48413585972869,0.0160700128260329,-6.967011466472669,0.16863601656136706,-3.34328589247644
1.975,35.50396102447335,0.010258117707336414,-6.9805465423275015,0.16577813243017242,-3.515218618774526
1.9758333333333336,35.523879201053845,0.004437424634410885,-6.988120018708709,0.16277803686560335,-3.6845665727942767
1.9766666666666668,35.54389828432966,-0.001387082737304056,-6.9896951507989575,0.15963795059050426,-3.8511697533567344
1.9775,35.56402588998007,-0.007210392215862872,-6.9852402090005565,0.1563602271686578,-4.014869368500339
1.9783333333333335,35.584269326572326,-0.013027467285295597,-6.974728558129847,0.15294735193261744,-4.175507991145087
1.9791666666666667,35.604635568507135,-0.018833251382477306,-6.9581387328704025,0.14940194078171357,-4.3329297154366
1.9800000000000002,35.62513122966698,-0.024622672235799673,-6.935454509297278,0.14572673884790982,-4.4869803136247315
1.9808333333333334,35.64576253842841,-0.03039064626118692,-6.906664972459788,0.14192461903265363,-4.637507393341824
1.9816666666666667,35.66653531370911,-0.03613208301297706,-6.871764579810163,0.13799858041172758,-4.784360555128617
1.9825000000000002,35.68745494222965,-0.04184188968595896,-6.830753220369838,0.13395174650846456,-4.927391550057809
1.9833333333333334,35.708526357280896,-0.047514975664739306,-6.78363626955502,0.12978736343646893,-5.066454437312876
1.9841666666666669,35.72975401881008,-0.053146257117063764,-6.730424639482799,0.12550879791030803,-5.201405741555049
1.985,35.75114189505162,-0.0587306616271426,-6.671134824670537,0.12111953512519913,-5.332104609927762
1.9858333333333336,35.772693445957266,-0.06426313286499435,-6.605788943054177,0.11662317650705001,-5.4584129685512845
1.9866666666666668,35.794411608089554,-0.06973863528805439,-6.534414772122749,0.1120234373310195,-5.580195678319281
1.9875,35.81629878145754,-0.07515215887084327,-6.457045780150766,0.10732414421143291,-5.697320689862549
1.9883333333333335,35.838356818299026,-0.08049872385856695,-6.373721152412016,0.10252923246351012,-5.809659197511915
1.9891666666666667,35.86058701342926,-0.085773385540347,-6.284485812173972,0.09764274333551767,-5.917085792054578
1.9900000000000002,35.882990096758036,-0.09097123903786178,-6.18939043649576,0.09266882111515867,-6.019478612162602
1.9908333333333335,35.90556622801431,-0.09608742410496746,-6.088491466739408,0.08761171011147187,-6.116719494324554
1.9916666666666667,35.92831499312002,-0.10111712993363543,-5.981851113564571,0.08247575151043668,-6.208694121051774
1.9925000000000002,35.95123540291347,-0.1060555999619481,-5.869537356473012,0.07726538010910913,-6.295292167251045
1.9933333333333334,35.9743258940824,-0.11089813667953724,-5.751623937784467,0.07198512092904606,-6.3764074445773105
1.9941666666666669,35.99758433184401,-0.11564010642513985,-5.628190350858697,0.0666395857087089,-6.451938043533011
1.995,36.02100801495106,-0.12027694417221822,-5.499321822616161,0.061233469279197206,-6.521786473205331
1.9958333333333336,36.04459368312299,-0.12480415829801811,-5.365109290315441,0.05577154582584748,-6.585859798480918
1.9966666666666668,36.06833752611915,-0.12921733533003946,-5.225649372347783,0.05025866503459428,-6.644069774462754
1.9975,36.09223519523047,-0.13351214466625433,-5.081044333166798,0.04469974812868408,-6.696332978014004
1.9983333333333335,36.11628181694432,-0.13768434326381251,-4.931402042252229,0.03909978379732139,-6.742570936226663
1.9991666666666668,36.140472008276966,-0.14172978029010694,-4.776835926958225,0.03346382401730726,-6.782710251567576
2.0,36.164799894415644,-0.14564440173274085,-4.6174649193481585,0.027796979772716723,-6.816682723625721
2.0008333333333335,36.18925912844354,-0.14942425496291423,-4.453413396945365,0.022104416675030512,-6.844425467261548
2.001666666666667,36.21384291262197,-0.15306549324594276,-4.28481111726725,0.01639135048527277,-6.865881026910738
2.0025,36.2385440218204,-0.15656438019551297,-4.111793146255313,0.010663042543357336,-6.880997486970874
2.0033333333333334,36.26335482870146,-0.15991729416567674,-3.9344997805175357,0.0049247951071084185,-6.889728578049651
2.004166666666667,36.28826733022567,-0.1631207325742373,-3.7530764633001654,-0.0008180533963394422,-6.892033778842153
2.0050000000000003,36.313273176315086,-0.16617131615536013,-3.567673694365899,-0.006560133200948509,-6.887878413624377
2.0058333333333334,36.33836369966837,-0.16906579313329245,-3.378446933600279,-0.01229604811228473,-6.877233745042616
2.006666666666667,36.3635299470355,-0.17180104331332902,-3.185556498433126,-0.01802038049324674,-6.8600770621006975
2.0075000000000003,36.38876271196882,-0.17437408208538524,-2.989167455112137,-0.023727696320772897,-6.836391763206805
2.0083333333333333,36.41405256850948,-0.17678206433342525,-2.7894495037716713,-0.029412550309983652,-6.80616743404196
2.0091666666666668,36.4393899060405,-0.1790222882469481,-2.5865768573864107,-0.03506949110091606,-6.769399920154834
2.0100000000000002,36.46476496522745,-0.18109219902964227,-2.380728114656101,-0.04069306650326307,-6.726091394138967
2.0108333333333333,36.49016787451065,-0.18298939249851756,-2.172086126789326,-0.046277828795088016,-6.676250417164064
2.0116666666666667,36.515588687517905,-0.18471161857056148,-1.960837858321971,-0.051818340070250074,-6.619891994807573
2.0125,36.54101742089873,-0.18625678463040535,-1.7471742419704128,-0.05730917762992987,-6.557037626975236
2.0133333333333336,36.56644409240906,-0.18762295877391777,-1.5312900275756522,-0.06274493941336716,-6.487715351761938
2.0141666666666667,36.591858759617246,-0.18880837292516642,-1.3133836252935844,-0.06812024946242379,-6.411959783217566
2.015,36.6172515583488,-0.1898114258186184,-1.0936569429957026,-0.07342976341510776,-6.329812142743094
2.0158333333333336,36.642612741302855,-0.19063068584447568,-0.8723152180559541,-0.07866817402256698,-6.241320284102047
2.0166666666666666,36.66793271652267,-0.19126489375176162,-0.649566843591461,-0.08383021668425293,-6.146538711893126
2.0175,36.693202085158326,-0.19171296520251846,-0.4256231892066971,-0.0889106749955443,-6.045528593284538
2.0183333333333335,36.71841167922826,-0.1919739931768307,-0.20069841646421316,-0.09390438630255944,-5.938357763067443
2.019166666666667,36.74355259841216,-0.1920472502202697,0.024990710907773384,-0.09880624725815448,-5.825100721760738
2.02,36.768616246164136,-0.19193219053160923,0.25122502188787976,-0.10361121937351273,-5.705838626752639
2.0208333333333335,36.79359436487899,-0.19162845188603614,0.4777831379958198,-0.10831433455940674,-5.580659276360831
2.021666666666667,36.818479069917615,-0.19113585738952335,0.7044416779504779,-0.11291070065110552,-5.449657086713685
2.0225,36.84326288250125,-0.1904544170612031,0.9309754669888395,-0.11739550691115003,-5.312933061399434
2.0233333333333334,36.867938761146156,-0.1895843292389317,1.1571577507064075,-0.12176402950365577,-5.170594753771573
2.024166666666667,36.892500131690966,-0.18852598180534233,1.382760413235953,-0.12601163693427475,-5.022756221879185
2.025,36.9169409155536,-0.18727995322959734,1.6075541996126288,-0.13013379544924925,-4.869537975915007
2.0258333333333334,36.941255556382785,-0.18584701342299959,1.8313089421218505,-0.1341260743878689,-4.711066918183926
2.026666666666667,36.965439044690484,-0.18422812440364136,2.0537937904619765,-0.1379841514814277,-4.547476275490082
2.0275000000000003,36.989486940587646,-0.18242444076827338,2.2747774455131675,-0.14170381809294938,-4.378905523947556
2.0283333333333333,37.01339539443058,-0.18043730996803845,2.4940283965125327,-0.14528098439110834,-4.205500306169792
2.029166666666667,37.037161165030824,-0.17826827238393236,2.7113151614388338,-0.14871168445135258,-4.027412340767157
2.0300000000000002,37.06078163592719,-0.1759190612027235,2.9264065303581623,-0.15199208127940456,-3.844799324251881
2.0308333333333333,37.08425482894446,-0.1733916020871184,3.13907181153973,-0.15511847174890425,-3.6578248252138934
2.0316666666666667,37.10757941545051,-0.1706880126406621,3.349081080088513,-0.15808729144816971,-3.4666581708614608
2.0325,37.130754725198045,-0.16781060166518696,3.5562054288596685,-0.16089511942963242,-3.271474325931475
2.0333333333333337,37.15378075211655,-0.16476186820577485,3.7602172214200413,-0.16353868285364126,-3.072453763885765
2.0341666666666667,37.17665815796229,-0.1615445003869584,3.960890346787683,-0.16601486152351047,-2.869782330594167
2.035,37.19938827304312,-0.158161374034698,4.158000475703927,-0.1683206923030076,-2.6636511004124532
2.0358333333333336,37.22197309413612,-0.15461555108379052,4.3513253181658085,-0.17045337341040456,-2.454256224731838
2.0366666666666666,37.24441527996937,-0.15091027777186955,4.540644881956878,-0.17241026858445418,-2.2417987731198563
2.0375,37.26671814364787,-0.14704898261605515,4.725741731887691,-0.17418891111366383,-2.0264845670246463
2.0383333333333336,37.288885642279695,-0.14303527417304462,4.906401249467939,-0.17578700772369693,-1.8085240061581338
2.039166666666667,37.31092236431321,-0.13887293858521427,5.08241189273566,-0.17720244231901927,-1.5881318877278665
2.04,37.33283351363292,-0.1345659369073962,5.253565455924521,-0.1784332795686405,-1.3655272184589
2.0408333333333335,37.354624891322906,-0.13011840221924914,5.419657328700037,-0.17947776833383502,-1.1409330196478993
2.041666666666667,37.376302874749,-0.1255346365217081,5.5804867546467,-0.1803343449303305,-0.9145761253102265
2.0425,37.39787439369973,-0.12081910741651622,5.735857088680541,-0.18100163621769788,-0.6866869735000385
2.0433333333333334,37.419346904630544,-0.11597644457494313,5.885576053133682,-0.1814784625150193,-0.4574993910789881
2.044166666666667,37.44072836198603,-0.11101143599127278,6.0294559921289945,-0.1817638403320706,-0.22725037192961328
2.045,37.46202718743579,-0.10592902402633511,6.167314123975665,-0.1818569849142643,0.003820151129808824
2.0458333333333334,37.48325223678726,-0.10073430124122094,6.298972791239192,-0.18175731259447547,0.23546954060252157
2.046666666666667,37.504412764767615,-0.09543250602362645,6.424259708167551,-0.18146444294706807,0.4674526945539107
2.0475000000000003,37.52551838790415,-0.09002901800962465,6.543008205158529,-0.180978200739767,0.6995222926364055
2.0483333333333333,37.54657904544662,-0.08452935330260407,6.655057469919875,-0.180298617677618,0.9314290477188585
2.049166666666667,37.56760495870367,-0.07893915949324692,6.760252785017504,-0.17942593393566622,1.162921962889627
2.0500000000000003,37.588606588633844,-0.07326421048240603,6.85844576144115,-0.17836059947424765,1.3937485936397787
2.0508333333333333,37.60959459227031,-0.06751040111199563,6.949494567907979,-0.17710327513494592,1.6236553149641744
2.0516666666666667,37.63057977774891,-0.06168374160597519,7.033264155518745,-0.17565483351098127,1.8523875931725715
2.0525,37.651573058437904,-0.05579035182668625,7.1096264774756985,-0.17401635958997558,2.079690262137219
2.0533333333333337,37.67258540615981,-0.04983645535003031,7.178460703501989,-0.17218915116439365,2.3053078037325325
2.0541666666666667,37.693627803685466,-0.04382837336400394,7.239653428626043,-0.17017471900617454,2.5289846321972718
2.055,37.714711196989825,-0.03777251839640689,7.2930988760453435,-0.16797478680403063,2.7504653821273406
2.0558333333333336,37.73584644701385,-0.03167538787530728,7.338699093665701,-0.16559129085791374,2.969495199831431
2.0566666666666666,37.75704428167524,-0.0255435575292132,7.3763641440771455,-0.16302637953091056,3.185820037736914
2.0575,37.77831524787648,-0.019383674631311507,7.406012287561397,-0.16028241245360106,3.3991869515512287
2.0583333333333336,37.799669663810995,-0.013202451093893418,7.427570157820369,-0.15736195947910908,3.6093443998624797
2.0591666666666666,37.8211175722865,-0.007006656420523965,7.440972930199552,-0.15426779938981683,3.8160425458488687
2.06,37.84266869445216,-0.0008031105201850054,7.446164481937982,-0.1510029183494166,4.019033560778312
2.0608333333333335,37.86433238492828,0.005401323607969504,7.443097544279409,-0.14757050810329392,4.218071928953607
2.061666666666667,37.88611758808479,0.01159974731334466,7.431733846050034,-0.14397396392361764,4.412914753757288
2.0625,37.90803279557218,0.017785233849088533,7.412044248376418,-0.14021688229771342,4.60332206443829
2.0633333333333335,37.930086006079506,0.023950836034846556,7.3840088704043465,-0.136303058363446,4.789057123294599
2.064166666666667,37.95228468651496,0.030089594021158156,7.34761720552521,-0.13223648308597163,4.9698867328628396
2.065,37.974635735611876,0.036194543146313984,7.302868227991539,-0.12802134018024722,5.145581542764277
2.0658333333333334,37.99714544967996,0.042258721878067895,7.249770489549836,-0.12366200277733992,5.315916355808735
2.066666666666667,38.019819490789004,0.04827517983167237,7.188342205843909,-0.11916302983581657,5.480670432974349
2.0675000000000003,38.042662857864784,0.05423698585541299,7.11861133239652,-0.11452916230082208,5.639627796892131
2.0683333333333334,38.065679860265284,0.060137236175143466,7.040615629790751,-0.1097653190093822,5.7925775334006975
2.069166666666667,38.088874094709944,0.06596906258857459,6.954402717965238,-0.10487659234702154,5.939314090824481
2.0700000000000003,38.11224842512547,0.0717256407000844,6.860030119270229,-0.09986824365526124,6.07963757652462
2.0708333333333333,38.13580496545293,0.07740019818669873,6.757565290039193,-0.09474569839188357,6.213354050307201
2.0716666666666668,38.159545066518305,0.08298602308565711,6.647085640689829,-0.0895145410513194,6.340275814366308
2.0725000000000002,38.18346930565831,0.08847647209356024,6.528678543842766,-0.08418050984198155,6.460221699219824
2.0733333333333333,38.207577480294056,0.09386497886755593,6.402441330514579,-0.07874949112875453,6.5730173453294425
2.0741666666666667,38.231868605216654,0.09914506231840571,6.268481274146827,-0.07322751364318417,6.678495479961945
2.075,38.25634091280029,0.10431033488429753,6.126915562122935,-0.06762074246231936,6.776496188770754
2.0758333333333336,38.280991857862226,0.10935451077684283,5.977871254995047,-0.06193547276711765,6.866867181882919
2.0766666666666667,38.30581812562182,0.11427141418709083,5.821485232943514,-0.05617812337938415,6.949464053884881
2.0775,38.33081564343709,0.11905498744169526,5.657904129495637,-0.05035523008500513,7.0241505373692465
2.0783333333333336,38.355979596593755,0.12369929909918435,5.487284252460149,-0.044473438749884506,7.090798749672393
2.0791666666666666,38.381304447114246,0.12819855197374141,5.309791491775536,-0.038539498231440615,7.1492894322446014
2.08,38.40678395653621,0.13254709107757529,5.125601214404858,-0.03256025309488826,7.199512182384702
2.0808333333333335,38.432411212303755,0.13673941147044716,4.934898146162336,-0.026542636140152086,7.241365676891294
2.081666666666667,38.45817865715564,0.14077016600434855,4.737876240313568,-0.020493660744760386,7.274757887143311
2.0825,38.4840781223125,0.14463417295445494,4.534738533108768,-0.014420413032388904,7.299606285351168
2.0833333333333335,38.51010086337787,0.14832642352298123,4.325696986048901,-0.008330043872435364,7.315838041427319
2.084166666666667,38.53623759936049,0.15184208920637565,4.110972314996056,-0.002229760719736259,7.32339021017257
2.085,38.56247855487404,0.15517652901555531,3.890793806196295,0.0038731806968588783,7.322209908432706
2.0858333333333334,38.58881350454095,0.15832529653596938,3.6653991191007456,0.00997148483011423,7.312254481709095
2.086666666666667,38.615231820340234,0.16128414681935604,3.4350340762202145,0.016057824903649553,7.293491660013245
2.0875000000000004,38.64172252079666,0.16404904309353405,3.1999524399291284,0.022124851626981617,7.265899702443254
2.0883333333333334,38.66827432245287,0.16661616328160392,2.96041567643035,0.02816520202599532,7.229467530243926
2.089166666666667,38.69487569322099,0.16898190631934376,2.7166927069678466,0.03417150837927066,7.184194847976057
2.0900000000000003,38.72151490710787,0.17114289825928838,2.4690596463755474,0.04013640725051061,7.130092252409319
2.0908333333333333,38.74818010053682,0.1730959981527768,2.2177995291932877,0.04605254860633193,7.0671813289023815
2.091666666666667,38.774859329294884,0.17483830369695058,1.9632020234131151,0.0519126050092181,6.995494734822082
2.0925000000000002,38.80154062676123,0.17636715664010205,1.705563132190508,0.05770928087431118,6.9150762698758355
2.0933333333333333,38.82821206224163,0.17768014793187892,1.445184883596057,0.06343532177933255,6.82598093289598
2.0941666666666667,38.85486179977524,0.17877512261109563,1.1823750087336629,0.06908352381613228,6.72827496492332
2.095,38.881478156884306,0.17965018442057823,0.9174466084453465,0.07464674297228666,6.6220358782829
2.0958333333333337,38.90804966255259,0.18030370013779487,0.6507178088161921,0.08011790453089662,6.507352471317495
2.0966666666666667,38.93456511522331,0.1807343036167471,0.3825114059120821,0.08549001247688043,6.384324828759476
2.0975,38.961013639321884,0.1809408995270332,0.11315449990729487,0.09075615889722613,6.253064307287188
2.0983333333333336,38.987384740881325,0.18092266678518462,-0.1570218809589432,0.09590953336321234,6.113693506235035
2.0991666666666666,39.0136683613942,0.1806790616673001,-0.42768316631307,0.10094343228168912,5.966346223157649
2.1,39.03985493012594,0.18020982059724333,-0.6984916390417695,0.10585126820327792,5.811167394182162
2.1008333333333336,39.065935414167726,0.17951496260062136,-0.9691068398013186,0.11062657907417327,5.648313018915024
2.101666666666667,39.091901366333595,0.1785947914188521,-1.2391859802026999,0.11526303741921136,5.477950069844176
2.1025,39.117744970262905,0.17744989727448304,-1.5083843642699857,0.11975445944255189,5.300256386055619
2.1033333333333335,39.143459082861945,0.1760811582828619,-1.7763558176988672,0.12409481403358956,5.115420551245724
2.104166666666667,39.169037273539324,0.17448974150240393,-2.0427531244667847,0.12827823166434235,4.923641755903435
2.105,39.19447386024579,0.17267710361863575,-2.3072284703002515,0.13229901316566636,4.725129643654846
2.1058333333333334,39.219763941942546,0.17064499125575303,-2.5694338925018183,0.13615163836867047,4.520104141714782
2.106666666666667,39.24490342724307,0.168395440910295,-2.829021735618434,0.13983077459793064,4.308795275427932
2.1075,39.26988905941902,0.1659307785041185,-3.085645112400208,0.14333128500420136,4.091442966984119
2.1083333333333334,39.294718437025594,0.1632536185496457,-3.3389583695144776,0.14664823672192823,3.8682968182413173
2.109166666666667,39.31939003077561,0.16036686292744176,-3.588617557425982,0.1497769088405103,3.639615877856824
2.1100000000000003,39.34390319550384,0.15727369926789087,-3.8342809038723433,0.15271280017322433,3.405668392632433
2.1108333333333333,39.36825817811094,0.15397759893900806,-4.075609290321229,0.15545163681370594,3.166731543353472
2.111666666666667,39.392456120924734,0.1504823146359146,-4.31226673079768,0.15798937946567027,2.9230911651754843
2.1125000000000003,39.41649906027504,0.14679187756953357,-4.543920852448622,0.16032223053255865,2.675041452692173
2.1133333333333333,39.44038992090396,0.14291059425651223,-4.770243377212394,0.16244664095676006,2.4228846499729673
2.1141666666666667,39.464132504975886,0.1388430429039567,-4.990910603906552,0.16435931679154295,2.1669307255880677
2.115,39.487731477191254,0.1345940693959802,-5.205603890103872,0.16605722549878765,1.9074970330850476
2.1158333333333337,39.51119234488808,0.13016878287714936,-5.414010133086155,0.16753760195626613,1.6449079569980847
2.1166666666666667,39.534521433652614,0.1255725509360385,-5.615822249198231,0.1687979541642706,1.3794945447431122
2.1175,39.55772585870518,0.12081099439139847,-5.810739650915769,0.16983606864077702,1.1115941247318544
2.1183333333333336,39.58081349124931,0.11588998167904702,-5.998468720858746,0.17065001548995512,0.8415499109177635
2.1191666666666666,39.60379292141023,0.11081562284897639,-6.1787232821322595,0.1712381531392127,0.5697105943274619
2.12,39.62667341641295,0.10559426316942389,-6.351225064169655,0.17159913272768917,0.296429921768257
2.1208333333333336,39.649464875236085,0.1002324763465759,-6.515704163424688,0.17173190214027972,0.022066262254134772
2.1216666666666666,39.67217777932723,0.09473705736193819,-6.671899498127553,0.17163570967443972,-0.2530178384871108
2.1225,39.694823139746234,0.08911501493317137,-6.8195592563768805,0.1713101073306415,-0.5284561149508971
2.1233333333333335,39.717412441319325,0.08337356360574179,-6.9584413368594475,0.17075495371876434,-0.8038790497138872
2.124166666666667,39.73995758352216,0.07752011547952047,-7.0883137813995845,0.16997041656896175,-1.0789143517656257
2.125,39.76247081882966,0.07156227157933105,-7.208955198640024,0.16895697484065406,-1.3531874447324153
2.1258333333333335,39.78496468841802,0.06550781287554472,-7.320155178058466,0.16771542041960888,-1.6263219644737275
2.126666666666667,39.8074519560449,0.05936469096493635,-7.421714693641605,0.1662468593980102,-1.8979402654304547
2.1275,39.82994553993893,0.053141018418907573,-7.5134464964083465,0.16455271292798695,-2.1676639351603817
2.1283333333333334,39.85245844352272,0.0468450588102436,-7.5951754951118176,0.16263471764435347,-2.435114316405004
2.129166666666667,39.87500368473618,0.040485216426797616,-7.666739124294511,0.16049492564762624,-2.699913036065909
2.1300000000000003,39.89759422511248,0.03407002568511369,-7.7279876990936165,0.15813570404562408,-2.961682540391343
2.1308333333333334,39.92024289819384,0.027608140253184588,-7.778784755947217,0.15555973404486312,-3.2200466357087327
2.131666666666667,39.94296233845341,0.021108321896265613,-7.819007378621818,0.15277000959114886,-3.47463103397517
2.1325000000000003,39.96576491039169,0.01457942905670357,-7.84854650873217,0.14976983555218318,-3.7250639024219225
2.1333333333333333,39.98866263860912,0.008030405181712181,-7.867307240132961,0.14656282544089885,-3.9709764165431904
2.1341666666666668,40.01166713945595,0.001470266813381759,-7.875209096544536,0.1431528986781349,-4.21200331565749
2.1350000000000002,40.0347895540464,-0.005091908546148497,-7.872186291633167,0.13954427738978645,-4.447783460258208
2.1358333333333333,40.058040483866975,-0.011646994778008818,-7.858187971058398,0.13574148274124645,-4.677960390362772
2.1366666666666667,40.08142992818452,-0.018185829684843877,-7.8331784356194945,0.13174933080310117,-4.902182884013205
2.1375,40.104967225127595,-0.024699227705929694,-7.797137345186038,0.1275729279552434,-5.120105515139412
2.1383333333333336,40.12866099548737,-0.031177992794646444,-7.750059902550294,0.12321766582412721,-5.331389209900622
2.1391666666666667,40.15251909047522,-0.03761293144033727,-7.691957016805455,0.11868921575880113,-5.5357018006803544
2.14,40.17654854322926,-0.04399486581769151,-7.622855445582737,0.11399352284563109,-5.732718576838802
2.1408333333333336,40.200755524670555,-0.05031464704564876,-7.542797915674711,0.10913679946596727,-5.922122831359553
2.1416666666666666,40.22514530404997,-0.05656316853758438,-7.4518432215478,0.10412551840072204,-6.103606402507527
2.1425,40.249722214151525,-0.06273137942426378,-7.350066301195498,0.09896640548506076,-6.27687020957966
2.1433333333333335,40.27448962213224,-0.06881029803047936,-7.237558289036785,0.09366643182142281,-6.441624781909844
2.144166666666667,40.2994499047543,-0.07479102538575778,-7.114426545113304,0.08823280555118533,-6.597590780083536
2.145,40.324604430217846,-0.08066475874983639,-6.980794660626255,0.0826729631994926,-6.744499508644962
2.1458333333333335,40.34995354498849,-0.08642280513233419,-6.8368024390621835,0.07699456059409222,-6.882093419210615
2.146666666666667,40.37549656675732,-0.09205659478665926,-6.682605852790047,0.07120546337020188,-7.010126603176652
2.1475,40.40123178361281,-0.09755769465770117,-6.51837697482444,0.06531373707031493,-7.128365273112905
2.1483333333333334,40.42715645822312,-0.10291782176105276,-6.344303885212579,0.05932763684469165,-7.2365882317687555
2.149166666666667,40.45326683942644,-0.10812885647527737,-6.160590552323796,0.05325559677076276,-7.334587328085987
2.1500000000000004,40.47955817874598,-0.11318285572316619,-5.967456688312095,0.04710621879492807,-7.422167898996827
2.1508333333333334,40.50602475356907,-0.11807206602287108,-5.765137578970747,0.040888261314240074,-7.499149196347995
2.151666666666667,40.53265989602854,-0.12278893638610917,-5.553883887675491,0.03461062740835779,-7.565364797942103
2.1525000000000003,40.5594560272266,-0.12732613104129054,-5.333961433281671,0.028282352734755815,-7.620663001775886
2.1533333333333333,40.58640469802587,-0.13167654196259454,-5.105650942216967,0.02191259310489949,-7.664907202823486
2.154166666666667,40.6134966343925,-0.135833301179732,-4.869247774396367,0.015510611752011398,-7.697976251226916
2.1550000000000002,40.64072178874253,-0.13978979285030557,-4.625061623333224,0.009085766309861527,-7.719764791322772
2.1558333333333333,40.66806939545036,-0.1435396650694201,-4.373416190226351,0.0026474955159866568,-7.730183580420372
2.1566666666666667,40.69552803168577,-0.14707684139869284,-4.114648832420428,-0.003794694341058868,-7.729159786773364
2.1575,40.723085682298596,-0.15039553209077763,-3.849110186236704,-0.010231243214150244,-7.716637265798262
2.1583333333333337,40.75072980879618,-0.15349024498932642,-3.577163764453033,-0.016652551310915545,-7.692576813845458
2.1591666666666667,40.77844742200443,-0.1563557960832016,-3.299185528693976,-0.02304899330876884,-7.656956398778814
2.16,40.80622515755796,-0.15898731969279783,-3.015563436955434,-0.0294109327525763,-7.6097713665654885
2.1608333333333336,40.83404935477539,-0.16138027827100165,-2.726696966782594,-0.0357287366136941,-7.5510346233714944
2.1616666666666666,40.86190613734029,-0.1635304717950514,-2.432996614306648,-0.041992789990721036,-7.480776792292996
2.1625,40.88978149630606,-0.16543404673265563,-2.1348833697414364,-0.04819351092989757,-7.3990463442791485
2.1633333333333336,40.917661373853356,-0.16708750455912302,-1.8327881696700776,-0.05432136534370726,-7.305909702441442
2.164166666666667,40.94553174862526,-0.16848770981117653,-1.5271513268430605,-0.06036688200510974,-7.201451319437524
2.165,40.97337872083234,-0.16963189765418638,-1.2184219378915215,-0.06632066759476524,-7.085773727150553
2.1658333333333335,41.00118859777996,-0.17051768094907535,-0.9070572697339887,-0.0721734217782038,-6.958997558394177
2.166666666666667,41.02894797805918,-0.17114305679663983,-0.5935221252070603,-0.07791595228884098,-6.821261539950133
2.1675,41.05664383509112,-0.17150641254700574,-0.278288188776294,-0.0835391899935094,-6.672722456752964
2.1683333333333334,41.08426359869794,-0.17160653125476982,0.038166646993950226,-0.08903420391575606,-6.513555086693186
2.169166666666667,41.111795234564696,-0.1714425965656356,0.3553589733606898,-0.09439221619260024,-6.3439521057775945
2.17,41.13922732077531,-0.17101419701830337,0.6728005748829098,-0.099604616939572,-6.164123963297874
2.1708333333333334,41.16654912133873,-0.17032132974905353,0.9899991555260722,-0.10466297899943813,-5.974298726841827
2.171666666666667,41.193750655829,-0.16936440358392577,1.306459080476566,-0.10955907254886585,-5.774721896875473
2.1725000000000003,41.22082276501262,-0.1681442415072184,1.6216821326561641,-0.11428487953814327,-5.565656190807866
2.1733333333333333,41.247757171616,-0.1666620824927723,1.9351682829293353,-0.11883260793775849,-5.347381296363453
2.174166666666667,41.27454653630081,-0.1649195826891568,2.246416472904691,-0.12319470576712362,-5.120193594301326
2.1750000000000003,41.30118450802159,-0.16291881594686503,2.5549254092426548,-0.12736387487907685,-4.884405850402011
2.1758333333333333,41.32766576881487,-0.1606622736802102,2.8601943683026287,-0.13133308447546163,-4.640346876849593
2.1766666666666667,41.353986072010215,-0.15815286405283444,3.161724009963396,-0.1350955843267572,-4.388361162992656
2.1775,41.38014227456436,-0.15539391048409051,3.459017199361137,-0.13864491767264048,-4.128808475824956
2.1783333333333337,41.406132362176265,-0.1523891494654909,3.7515798353165226,-0.14197493377574527,-3.8620634302066916
2.1791666666666667,41.43195546813929,-0.1491427276873236,4.038921684142441,-0.14507980010660387,-3.5885150293004826
2.18,41.457611884094106,-0.14565919846437764,4.32055721751009,-0.14795401413043888,-3.3085661752727735
2.1808333333333336,41.483103064589535,-0.14194351746679612,4.596006453024214,-0.15059241467709908,-3.0226331509822795
2.1816666666666666,41.50843162349139,-0.13800103774638617,4.864795796115267,-0.15299019286466572,-2.731145072791099
2.1825,41.5336013235608,-0.13383750406367906,5.126458881861373,-0.15514290255710725,-2.434543315211628
2.1833333333333336,41.55861705824059,-0.12945904651253712,5.380537415277167,-0.15704647032964464,-2.1332809078068324
2.1841666666666666,41.58348482599315,-0.12487217344527969,5.626582008627697,-0.15869720491996342,-1.8278219049935474
2.185,41.608211697795745,-0.12008376370375493,5.864153014310756,-0.16009180614478616,-1.5186407295023376
2.1858333333333335,41.63280577700088,-0.11510105815674647,6.092821351776179,-0.1612273732569202,-1.20622149008605
2.186666666666667,41.65727615268732,-0.10993165055318228,6.312169327024308,-0.16210141272507286,-0.8910572743926292
2.1875,41.68163284548867,-0.1045834776931045,6.521791443072077,-0.16271184541137473,-0.5736494176930963
2.1883333333333335,41.70588674785254,-0.09906480893104354,6.721295199983589,-0.16305701313334978,-0.25450674856581446
2.189166666666667,41.73004955749102,-0.09338423501516549,6.910301882801918,-0.16313568458546446,0.06585518768950749
2.19,41.75413370532872,-0.08755065627647182,7.0884473359124245,-0.1629470606058121,0.38691492678677164
2.1908333333333334,41.77815227786183,-0.08157327017820021,7.255382722241625,-0.16249077876875548,0.7081459033207949
2.191666666666667,41.80211893474429,-0.07546155824004938,7.410775265779742,-0.1617669172887377,1.0290172876066022
2.1925000000000003,41.82604782188275,-0.06922527235091624,7.554308975862526,-0.16077599821907199,1.3489948403410068
2.1933333333333334,41.849953480478284,-0.06287442048589043,7.685685351652911,-0.1595189899309961,1.6675417838543458
2.194166666666667,41.873850752867455,-0.05641925184541365,7.8046240653322805,-0.15799730886092891,1.9841196886593304
2.1950000000000003,41.89775468541121,-0.049870241434097004,7.910863622430348,-0.15621282051228885,2.2981893739826615
2.1958333333333333,41.92168042950698,-0.04323807409997107,8.004161997858976,-0.15416783970273681,2.609211820887208
2.1966666666666668,41.94564314063707,-0.03653362805328629,8.084297246043102,-0.1518651300437935,2.916649096582165
2.1975000000000002,41.96965787703858,-0.029767957889312517,8.151068083830314,-0.14930790264813476,3.2199652884226055
2.1983333333333337,41.99373949776513,-0.022952277136271175,8.204294444584267,-0.14649981405314716,3.518627446111311
2.1991666666666667,42.01790256180201,-0.016097940355042032,8.243818002214706,-0.14344496335876114,3.812106530536173
2.2,42.042161227693796,-0.009216424813963543,8.269502663532108,-0.14014788856938298,4.09987836765232
2.2008333333333336,42.06652915568538,-0.0023193117680175845,8.281235027811913,-0.1366135621419665,4.381424605780976
2.2016666666666667,42.09101941210918,0.0045817326313446274,8.27892481207297,-0.13284738573397875,4.656233674655299
2.2025,42.115644377360404,0.01147497676578425,8.262505240918038,-0.1288551841531821,4.923801744531801
2.2033333333333336,42.140415657571275,0.018348643289493163,8.231933399590622,-0.12464319850770246,5.183633683616387
2.2041666666666666,42.165344000923966,0.02519092914718892,8.187190549113549,-0.12021807855952045,5.435244012067195
2.205,42.19043921946458,0.03199002583820401,8.128282402419977,-0.11558687428605495,5.678157850801857
2.2058333333333335,42.21571011662164,0.038734139894285105,8.055239360307267,-0.11075702665314378,5.911911863299904
2.206666666666667,42.241164421119635,0.045411513536867856,7.968116706205837,-0.10573635760663617,6.136055188579255
2.2075,42.266808727917066,0.052010445479177506,7.866994758810299,-0.10053305929099121,6.350150363524805
2.2083333333333335,42.29264844657807,0.058519311837574486,7.751978981645339,-0.09515568250430692,6.5537742327154636
2.209166666666667,42.31868775763815,0.06492658711606572,7.623200048743597,-0.0896131244012484,6.746518843911655
2.21,42.34492957738616,0.07122086522699073,7.480813865665139,-0.08391461545680888,6.9279923273459465
2.2108333333333334,42.37137553053349,0.07739088051006578,7.325001544958621,-0.07806970570221926,7.097819756863785
2.211666666666667,42.39802593296138,0.08342552871235119,7.1559693358449685,-0.07208825025528962,7.2556439912568305
2.2125000000000004,42.42487978253365,0.08931388788963382,6.973948507079291,-0.06598039415516896,7.4011264936949654
2.2133333333333334,42.45193476026227,0.09504523919161685,6.779195182966344,-0.05975655652706455,7.533948127660809
2.214166666666667,42.47918723939,0.10060908748900921,6.5719901315945215,-0.053427414090218346,7.653809927228696
2.2150000000000003,42.50663230542935,0.10599518180617087,6.352638505605582,-0.047003884039408625,7.760433840273463
2.2158333333333333,42.53426378434947,0.11119353551613083,6.121469534688314,-0.04049710631603965,7.85356344243923
2.216666666666667,42.56207428090481,0.1161944462607935,5.878836170084647,-0.03391842529904344,7.932964620394892
2.2175000000000002,42.59005522515868,0.12098851555321508,5.6251146807033985,-0.027279370938206114,7.998426222366849
2.2183333333333333,42.61819692833086,0.1255666680243094,5.36070420114391,-0.02059163936054087,8.049760674451159
2.2191666666666667,42.64648864695432,0.12992017027250247,5.0860262316301235,-0.01386707297777573,8.086804560920688
2.22,42.67491865519438,0.13404064927701137,4.8015240901157465,-0.007117640125809968,8.109419166932456
2.2208333333333337,42.70347432466749,0.13792011033439222,4.50766231684942,-0.0003554142680680305,8.117490982005464
2.2216666666666667,42.73214221119914,0.14155095447882718,4.204926031802745,0.006407447204109039,8.110932162714482
2.2225,42.760908148543585,0.14492599534854342,3.8938202455892865,0.013158724538523653,8.089680953214755
2.2233333333333336,42.78975734773,0.14803847545811866,3.5748691243542527,0.01988615752197647,8.053702062036333
2.2241666666666666,42.818674501712735,0.15088208183944496,3.2486152094209024,0.026577467675275118,8.002986993834304
2.225,42.84764389435614,0.1534509610133068,2.915618592463089,0.03322038070564465,7.937554334735702
2.2258333333333336,42.87664951347369,0.15573973325626791,2.5764560472049327,0.03980264917687531,7.857449990130844
2.226666666666667,42.905675166703,0.15774350612590926,2.231720118586461,0.046312075357631086,7.7627473736571835
2.2275,42.934704599411376,0.1594578872093476,1.8820181705347552,0.052736534206410994,7.6535475462827485
2.2283333333333335,42.96372161389773,0.16087899606148567,1.5279713935678885,0.05906399645134466,7.529979304491617
2.229166666666667,42.99271018908872,0.1620034753002511,1.1702137735719074,0.06528255172182154,7.39219921665254
2.23,43.02165459984738,0.16282850082713426,0.8093910231549448,0.07138043168875219,7.240391606718373
2.2308333333333334,43.05053953464548,0.1633517911411172,0.44615947707343295,0.07734603316877547,7.0747684844304946
2.231666666666667,43.07935021113557,0.16357161571823223,0.0811849533892054,0.08316794114790518,6.895569421440973
2.2325,43.10807248869541,0.16348680242874963,-0.2848584179317707,0.08883495167925241,6.703061372775423
2.2333333333333334,43.136692976914176,0.16309674396499346,-0.651289397191541,0.0943360946090396,6.497538443131387
2.234166666666667,43.16519913911525,0.16240140325468388,-1.0174208659931352,0.09966065608451287,6.2793215976362
2.2350000000000003,43.19357939043336,0.16140131783784534,-1.3825610851210661,0.10479820079787233,6.0487583168617185
2.2358333333333333,43.22182318940333,0.1600976031847999,-1.7460149772056155,0.10973859391936726,5.806222195892621
2.236666666666667,43.24992112224853,0.15849195493521695,-2.107085432000864,0.11447202267273364,5.552112487391178
2.2375000000000003,43.27786497947586,0.15658665004150427,-2.465074632007361,0.11898901750684598,5.286853588782576
2.2383333333333333,43.30564782374657,0.15438454679906635,-2.819285396125344,0.12328047281642898,5.010894473671753
2.2391666666666667,43.33326404901204,0.15188908375167695,-3.1690225389090556,0.12733766716664752,4.724708067893268
2.24,43.36070942930202,0.14910427745577773,-3.5135942429589173,0.1311522829732237,4.4287905704236445
2.2408333333333337,43.38798115816617,0.14603471909956273,-3.8523134418701526,0.13471642559565775,4.123660719944467
2.2416666666666667,43.41507787701242,0.14268556996379095,-4.1844992111387675,0.1380226417953939,3.809859007478771
2.2425,43.44199969326249,0.1390625557236829,-4.509478164337064,0.1410639375173937,3.4879468360864347
2.2433333333333336,43.46874818633089,0.1351719595818573,-4.826585851797436,0.14383379494666923,3.158505628240429
2.2441666666666666,43.49532640363705,0.13102061424056533,-5.135168159047213,0.14632618880312662,2.8221358822819558
2.245,43.52173884431634,0.12661589270588655,-5.434582702114199,0.14853560182646616,2.479456178748155
2.2458333333333336,43.5479914324431,0.12196569793464804,-5.724200216865061,0.15045703941515545,2.1311021381192057
2.2466666666666666,43.574091477870844,0.11707845132278076,-6.003405939367986,0.1520860433734014,1.7777253310958407
2.2475,43.60004762730306,0.11196308005286446,-6.271600974445631,0.15341870473495592,1.419992143259763
2.2483333333333335,43.62586980364543,0.10662900330379543,-6.528203649318532,0.15445167561925266,1.058582595456645
2.249166666666667,43.65156913561218,0.10108611734207168,-6.772650849437181,0.15518218008909665,0.6941891218681011
2.25,43.67715787645519,0.09534477950537584,-7.004399333357946,0.1556080239699453,0.32751530747224966
2.2508333333333335,43.7026493141893,0.0894157911034618,-7.222927023796288,0.1557276036043427,-0.04072541290688658
2.251666666666667,43.72805767236917,0.08331037925220339,-7.427734271693641,0.15553991350483679,-0.40981109201868454
2.2525,43.75339800275479,0.07704017766682741,-7.618345090323278,0.15504455287822863,-0.7790126417703906
2.2533333333333334,43.77868607068729,0.07061720644063973,-7.794308356434404,0.15424173099391383,-1.14759523664123
2.254166666666667,43.8039382337711,0.06405385083732829,-7.955198975407988,0.1531322713699415,-1.5148197464955822
2.2550000000000003,43.829171314886345,0.05736283912839796,-8.10061900746669,0.15171761475382137,-1.8799441962366434
2.2558333333333334,43.85440247042073,0.050557219509284684,-8.230198751986919,0.14999982087658248,-2.242225249649475
2.256666666666667,43.879649054703485,0.04365033613024501,-8.343597787002663,0.14798156896096443,-2.6009197146816647
2.2575000000000003,43.90492848206313,0.03665580428133203,-8.440505961104966,0.14566615696851876,-2.9552860673092503
2.2583333333333333,43.93025808665021,0.02958748477030814,-8.520644334770585,0.14305749956763136,-3.3045859910746294
2.2591666666666668,43.955654982449516,0.02245945753948319,-8.583766068591117,0.14016012481578372,-3.648085929249201
2.2600000000000002,43.98113592338393,0.015285994564441189,-8.629657255510239,0.13697916954198947,-3.9850586465406588
2.2608333333333337,44.00671716590474,0.008081532084501982,-8.658137694686006,0.13352037342757636,-4.314784797171562
2.2616666666666667,44.032414333441565,0.000860642211966519,-8.669061604118466,0.12979007177453283,-4.636554496064012
2.2625,44.05824228613636,-0.006361996024517681,-8.662318270035916,0.12579518696894182,-4.949668889857332
2.2633333333333336,44.08421499496672,-0.013571626151606845,-8.637832630313548,0.12154321863330138,-5.253441724361909
2.2641666666666667,44.11034542280589,-0.020753444180248017,-8.595565789965994,0.11704223247758991,-5.547200905071589
2.265,44.13664541204238,-0.027892628935830395,-8.535515466292429,0.11230084785100193,-5.830290047213155
2.2658333333333336,44.16312558149438,-0.03497437272858973,-8.457716362013976,0.10732822401084029,-6.10207001191815
2.2666666666666666,44.189795232178604,-0.04198391230472582,-8.362240464226018,0.10213404511638964,-6.361920424928502
2.2675,44.216662263390276,-0.048906560014986104,-8.249197267521607,0.09672850396603634,-6.6092411743016894
2.2683333333333335,44.243733099851205,-0.05572773513705148,-8.118733919649893,0.09112228449628626,-6.843453883553131
2.269166666666667,44.27101263058996,-0.062432995286396994,-7.971035288216185,0.0853265430645448,-7.064003356650486
2.27,44.298504160662915,-0.0690080678497043,-7.806323947189434,0.07935288854177078,-7.270358991345249
2.2708333333333335,44.32620937516434,-0.07543888137270649,-7.624860081813158,0.07321336123996006,-7.462016157147262
2.271666666666667,44.354128317074704,-0.08171159683480037,-7.4269413111358284,0.06692041070840525,-7.638497534518398
2.2725,44.38225937873049,-0.08781263874090449,-7.212902427203154,0.06048687243120372,-7.799354411696225
2.2733333333333334,44.41059930752961,-0.09372872596156892,-6.98311505031005,0.05392594346341646,-7.944167935719054
2.274166666666667,44.43914322505678,-0.09944690224970434,-6.7379871996360725,0.04725115704379556,-8.072550314065287
2.2750000000000004,44.46788466064567,-0.10495456636484513,-6.477962779149323,0.04047635622871655,-8.18414596365914
2.2758333333333334,44.49681559865293,-0.11023950173327876,-6.203520978539174,0.03361566659161694,-8.278632603817988
2.276666666666667,44.525926539648914,-0.1152899055743602,-5.915175589313984,0.02668346803650333,-8.355722289951885
2.2775000000000003,44.55520657400276,-0.12009441742005482,-5.613474236110812,0.019694365774734855,-8.415162384632005
2.2783333333333333,44.58464346891332,-0.12464214696034358,-5.298997523951925,0.012663160520891958,-8.456736463176194
2.279166666666667,44.61422376690869,-0.1289227011419861,-4.972358101846411,0.005604817961631179,-8.480265150517605
2.2800000000000002,44.64393289630074,-0.13292621045399103,-4.634199643801836,-0.0014655624424974997,-8.485606886657973
2.2808333333333333,44.673755290976935,-0.13664335432725525,-4.285195747992156,-0.00853277926344701,-8.472658617596625
2.2816666666666667,44.70367452080097,-0.1400653855859995,-3.926048755719893,-0.015581561454806558,-8.441356409455219
2.2825,44.73367342963849,-0.14318415388002992,-3.5574884913067466,-0.022596601180432635,-8.391675982907538
2.2833333333333337,44.763734281289615,-0.1459921280362504,-3.1802709248127057,-0.029562587054080255,-8.323633165764441
2.2841666666666667,44.79383891070849,-0.14848241726201242,-2.795176759245403,-0.036464237721591575,-8.237284261190794
2.285,44.82396888080986,-0.15064879114264348,-2.4030099445824504,-0.043286335713761934,-8.132726329746964
2.2858333333333336,44.85410564243217,-0.15248569837004444,-2.0045961207257648,-0.05001376149782102,-8.010097383106944
2.2866666666666666,44.88423069625393,-0.15398828414453308,-1.600780991924394,-0.056631527652827154,-7.869576487715265
2.2875,44.914325755606356,-0.1551524061950588,-1.192428635400733,-0.06312481309346331,-7.711383776857281
2.2883333333333336,44.944372908395245,-0.1559746493629909,-0.7804197470471563,-0.06947899726504571,-7.535780369672915
2.289166666666667,44.974354777320315,-0.15645233870042283,-0.365649827341315,-0.07567969423230031,-7.343068196019023
2.29,45.0042546755423,-0.15658355102975272,0.05097268935169741,-0.08171278658178328,-7.133589725899572
2.2908333333333335,45.03405675835868,-0.1563671249254595,0.4685283584247999,-0.08756445905968559,-6.907727603036413
2.291666666666667,45.06374616785095,-0.15580266906988838,0.8860886981062377,-0.09322123186351625,-6.665904181672667
2.2925,45.093309170046744,-0.15489056894646877,1.3027182080379738,-0.09866999350763926,-6.408580966403991
2.2933333333333334,45.12273328282466,-0.1536319918324277,1.7174764293679015,-0.10389803318125322,-6.136257954794224
2.294166666666667,45.15200739377987,-0.15202889005972398,2.1294200421273093,-0.10889307251832803,-5.849472882939541
2.295,45.18112186666691,-0.1500840025140848,2.5376049955646978,-0.11364329669857974,-5.548800374240448
2.2958333333333334,45.21006863511594,-0.14780085434567683,2.941088666922018,-0.11813738479845097,-5.23485099188829
2.296666666666667,45.238841283135315,-0.14518375487136978,3.3389320439758396,-0.12236453931299512,-4.9082701959394495
2.2975000000000003,45.267435111526645,-0.1422377936506262,3.7302019265696824,-0.12631451476977698,-4.569737205989598
2.2983333333333333,45.29584718867019,-0.13896883471845364,4.113973142198595,-0.12997764535467732,-4.219963770598331
2.299166666666667,45.32407638633485,-0.13538350897022106,4.489330770605906,-0.1333448714754456,-3.859692845184669
2.3000000000000003,45.35212339880135,-0.13148920468867858,4.855372372224064,-0.13640776518448364,-3.4896971799689256
2.3008333333333333,45.37999074642643,-0.12729405621720613,5.211210215244014,-0.13915855439053035,-3.110777820193265
2.3016666666666667,45.40768276112951,-0.12280693077466902,5.555973495889849,-0.14159014578082724,-2.723762520549035
2.3025,45.4352055566931,-0.11803741342993418,5.888810546578625,-0.14369614639126033,-2.3295040767505957
2.3033333333333337,45.46256698145189,-0.11299579023967725,6.208891026392602,-0.14547088374965605,-1.9288785766449266
2.3041666666666667,45.489776555415986,-0.10769302957264698,6.515408088402802,-0.1469094245314758,-1.5227835741118652
2.305,45.51684539047629,-0.10214076163614538,6.807580518156221,-0.1480075916596066,-1.1121361887732846
2.3058333333333336,45.543786096279945,-0.09635125623778183,7.084654837857596,-0.14876197979409345,-0.6978711352493523
2.3066666666666666,45.57061267104087,-0.09033739880851195,7.345907370542284,-0.14916996915022873,-0.28093868548566303
2.3075,45.59734037823928,-0.08411266472334193,7.590646258594995,-0.14922973759097038,0.13769743185680217
2.3083333333333336,45.62398561106999,-0.07769109196245817,7.818213431111225,-0.14894027094591786,0.557062190706841
2.309166666666667,45.65056574483977,-0.07108725215504803,8.027986514428498,-0.148301371506603,0.9761714812780331
2.31,45.677098979257316,-0.06431622005742187,8.219380680373622,-0.14731366465703546,1.394034373491401
2.3108333333333335,45.70360417128099,-0.05739354151775171,8.391850426662142,-0.1459786035975678,1.8096554253684047
2.311666666666667,45.73010066078513,-0.050335199988281405,8.544891284153469,-0.1442984721294482,2.222037031336561
2.3125,45.75660809018987,-0.04315758164690767,8.678041445602762,-0.14227638546743043,2.6301818052972923
2.3133333333333335,45.78314621943061,-0.035877439195368295,8.79088331064782,-0.1399162890527087,3.033094993080091
2.314166666666667,45.809734738643236,-0.028511854407348824,8.883044942049986,-0.13722295534636375,3.4297869087255
2.315,45.836393080085145,-0.021078199501722263,8.954201428207353,-0.13420197858486094,3.8192753889305884
2.3158333333333334,45.86314023050016,-0.013594097420392796,9.004076147022113,-0.1308597674828576,4.200588259799209
2.316666666666667,45.88999454683773,-0.006077381096451524,9.032441926685545,-0.12720353587936226,4.5727658099337685
2.3175000000000003,45.916973576067,0.0014539482010992484,9.039122098726057,-0.12324129132070635,4.934863263765726
2.3183333333333334,45.944093882157425,0.008981763353053392,9.023991439306423,-0.11898182158706294,5.285953248959585
2.319166666666667,45.971370879949795,0.016487854613253018,8.9869769943168,-0.11443467916317138,5.62512825151948
2.3200000000000003,45.998818680207,0.0239539734685484,8.928058784954755,-0.10961016367490066,5.95150305232666
2.3208333333333333,46.026449945499664,0.03136187703631535,8.847270389815789,-0.10451930230300814,6.264217138604012
2.3216666666666668,46.0542757591172,0.038693372894296384,8.74469940029192,-0.09917382820007559,6.562437083830069
2.3225000000000002,46.08230550873021,0.045930364236048134,8.620487746280396,-0.09358615694039533,6.845358889620007
2.3233333333333337,46.1105467854467,0.05305489524274305,8.47483188928378,-0.08776936103528063,7.112210282984577
2.3241666666666667,46.13900530075109,0.060049196560084984,8.307982880695112,-0.08173714255736303,7.362252962569268
2.325,46.167684819773655,0.06689573076619068,8.120246282548491,-0.07550380391216265,7.594784787091499
2.3258333333333336,46.19658711509127,0.07357723771624287,7.911981949585904,-0.06908421681689682,7.80914189985398
2.3266666666666667,46.22571193884819,0.08007677964658919,7.6836036705007285,-0.0624937895346993,8.004700782607905
2.3275,46.25505701568763,0.08637778592149219,7.435578667595435,-0.05574843243102287,8.180880232643773
2.3283333333333336,46.284618054667256,0.09246409730236539,7.168426953575448,-0.04886452191389459,8.337143256577624
2.3291666666666666,46.31438878276299,0.09832000962265808,6.882720545527754,-0.041858862835769194,8.472998875019677
2.33,46.34436099806646,0.10393031674785726,6.579082535595833,-0.03474864942946357,8.588003831877048
2.3308333333333335,46.37452464225041,0.10928035270039435,6.258186018623282,-0.02755142486079675,8.681764202369623
2.331666666666667,46.40486789310673,0.11435603283295744,5.920752877662451,-0.02028503948660619,8.75393689426752
2.3325,46.435377274929245,0.11914389392961365,5.567552428107235,-0.01296760790727814,8.804231036583406
2.3333333333333335,46.46603778730127,0.12363113312038745,5.199399922151903,-0.005617464911732093,8.832409250645027
2.334166666666667,46.49683304890481,0.1278056454890482,4.81715491500723,0.0017468795874663635,8.838288798050709
2.335,46.52774545780681,0.13165606026558738,4.4217194955901755,0.00910678652118076,8.821742601123868
2.3358333333333334,46.55875636470105,0.13517177548739098,4.014036383947303,0.01644353442716926,8.782700130902487
2.336666666666667,46.58984625782487,0.13834299101974534,3.5950868985339057,0.023738366896782815,8.721148158381538
2.3375000000000004,46.62099495854308,0.14116073983074207,3.1658887968882254,0.030972540589130494,8.637131365108672
2.3383333333333334,46.652181824745156,0.14361691741424987,2.727493993398343,0.03812737369426491,8.530752809220889
2.339166666666667,46.68338596081631,0.14570430926233227,2.2809861585056095,0.04518429472329251,8.402174243654223
2.3400000000000003,46.71458643113986,0.1474166162876283,1.8274782038514927,0.0521248915009395,8.251616283274712
2.3408333333333333,46.745762475945206,0.1487484781054547,1.3681096585182757,0.058930960233477124,8.07935841840173
2.341666666666667,46.77689372711112,0.14969549408674615,0.9040439417202362,0.06558455452338792,7.88573887234172
2.3425000000000002,46.80796042037774,0.15025424209386604,0.4364655376125731,0.07206803419890967,7.6711543007201515
2.3433333333333333,46.83894360399252,0.1504222948271402,-0.03342292141364678,0.07836411382735631,7.436059331476969
2.3441666666666667,46.86982533975279,0.15019823370296587,-0.5044036566317279,0.08445591077789362,7.180965944018451
2.345,46.90058889486883,0.14958166019706845,-0.9752468231431922,0.0903269926995067,6.906442686906723
2.3458333333333337,46.93121892286444,0.1485732045916575,-1.444713661106353,0.09596142427996389,6.613113733837158
2.3466666666666667,46.9617016312378,0.14717453206946535,-1.9115597105393396,0.10134381315075154,6.301657777988747
2.3475,46.99202493374486,0.1453883461040717,-2.374538081882742,0.1064593548030476,5.972806765289759
2.3483333333333336,47.02217858613046,0.1432183891052663,-2.8324027741822664,0.11129387638170005,5.62734446774752
2.3491666666666666,47.05215430355901,0.14066944028269682,-3.2839120325316355,0.11583387922450267,5.266104898312272
2.35,47.08194585763126,0.13774731069638926,-3.7278317361290103,0.12006658001401344,4.889970569138735
2.3508333333333336,47.111549153004106,0.13445883547637447,-4.162938808054393,0.12397995041479531,4.499870595900598
2.351666666666667,47.14096228153076,0.13081186319356328,-4.588024637692178,0.1275627550669572,4.096778650895244
2.3525,47.1701855538948,0.1268152423777534,-5.001898506501865,0.1308045878129002,3.6817107684663837
2.3533333333333335,47.199221507182436,0.12247880518062251,-5.403391007664204,0.13369590603356873,3.2557230064560656
2.354166666666667,47.22807488928936,0.11781334819688723,-5.791357450005416,0.136228062978754,2.819908968230134
2.355,47.25675261974334,0.11283061045937799,-6.164681236502319,0.13839333797678116,2.375397190007124
2.3558333333333334,47.28526372561827,0.1075432486289323,-6.5222772074163045,0.1401849644091889,1.9233483986028326
2.356666666666667,47.31361925568536,0.10196480942094147,-6.8630949383180715,0.14159715535220016,1.4649526456761182
2.3575000000000004,47.34183217128887,0.09610969930346823,-7.1861219829379746,0.14262512677867561,1.0014263243754928
2.3583333333333334,47.36991721560718,0.0899931515194832,-7.4903870508954995,0.1432651182271237,0.5340090751382479
2.359166666666667,47.39789076274454,0.0836311904921833,-7.7749631103943235,0.14351441084918282,0.06396058772374424
2.3600000000000003,47.425770647771174,0.0770405936792845,-8.03897040593945,0.14337134275126073,-0.4074426930532272
2.3608333333333333,47.4535759793635,0.0702388509511754,-8.281579381234641,0.14283532155334563,-0.8789109499904484
2.361666666666667,47.48132693702792,0.06324412157634676,-8.50201349753111,0.14190683409511412,-1.3491444562629207
2.3625000000000003,47.50904455499023,0.056075188905263175,-8.699551937823859,0.14058745322625185,-1.8168371096157632
2.3633333333333333,47.536750494737035,0.048751412851196455,-8.873532187412357,0.13887984162438702,-2.2806800289702065
2.3641666666666667,47.56446680893318,0.04129268027562777,-9.0233524816177,0.13678775259355744,-2.7393652040588092
2.365,47.59221569918433,0.03371935339251399,-9.14847411162403,0.13431602780285673,-3.1915891884134426
2.3658333333333337,47.62001926985999,0.02605221631264771,-9.248423579596915,0.1314705919319003,-3.6360568257272967
2.3666666666666667,47.647899281386835,0.018312419858418,-9.322794594709555,0.12825844420181912,-4.071484999328287
2.3675,47.675876905140676,0.010521424783936594,-9.371249901799318,0.12468764677479939,-4.496606394271154
2.3683333333333336,47.703972483401785,0.002700943544285032,-9.393522934957934,0.12076731001834332,-4.910173261327948
2.3691666666666666,47.7322052959886,-0.0051271192385571925,-9.389419288393986,0.11650757463346079,-5.310961171942637
2.37,47.760593337721666,-0.012940727456100441,-9.358817997804676,0.11191959066355935,-5.697772753094031
2.3708333333333336,47.78915310881102,-0.02071777518044862,-9.301672625565658,0.10701549340346951,-6.0694413908711615
2.371666666666667,47.817899419490224,-0.028436149152308077,-9.218012143352633,0.10180837623595392,-6.424834891345234
2.3725,47.8468452136078,-0.03607379191755746,-9.107941607033892,0.0963122604428877,-6.762859087490279
2.3733333333333335,47.876001411752384,-0.04360876543823631,-8.971642618384776,0.0905420620357571,-7.0824613806459675
2.374166666666667,47.905376775817814,-0.05101931499765215,-8.809373569028896,0.08451355566491821,-7.382634205038174
2.375,47.93497779811611,-0.05828393321679977,-8.621469662885623,0.07824333567979964,-7.662418404091473
2.3758333333333335,47.9648086152881,-0.06538142399589304,-8.408342713452743,0.0717487744148968,-7.920906507076204
2.376666666666667,47.99487094917812,-0.07229096619230917,-8.17048071333514,0.06504797779170911,-8.157245894943058
2.3775,48.0251640744896,-0.07899217684372936,-7.908447173628874,0.05815973833077183,-8.370641844116026
2.3783333333333334,48.05568481527535,-0.0854651737446742,-7.622880231974528,0.05110348568349661,-8.560360437481588
2.379166666666667,48.08642757027335,-0.09169063718373481,-7.314491528387046,0.043899234797624975,-8.725731331855641
2.3800000000000003,48.11738436509219,-0.09764987064508968,-6.984064848354267,0.0365675318371255,-8.866150371149514
2.3808333333333334,48.14854493436394,-0.10332486028483384,-6.632454534480181,0.029129397995496156,-8.981082035572186
2.381666666666667,48.179896830504944,-0.10869833298665893,-6.260583667430422,0.02160627133823841,-9.070061716627874
2.3825000000000003,48.21142555859086,-0.11375381280555279,-5.869442018340152,0.014019946825234747,-9.132697808469436
2.3833333333333333,48.24311473695732,-0.11847567561209564,-5.460083775612966,0.006392514670738645,-9.168673606678558
2.3841666666666668,48.27494628074647,-0.12284920174874768,-5.033625049417959,-0.0012537027961894223,-9.177749005618407
2.3850000000000002,48.306900607281236,-0.12686062651615312,-4.5912411582931645,-0.00889621559853742,-9.159761986307009
2.3858333333333337,48.33895686006044,-0.13049718830798218,-4.134163702688692,-0.016512431728597614,-9.114629886943149
2.3866666666666667,48.3710931500009,-0.1337471742214081,-3.6636774313931557,-0.02407972373048111,-9.04235044913266
2.3875,48.40328681068734,-0.13659996297234722,-3.181116907232277,-0.031575496058909525,-8.943002633139029
2.3883333333333336,48.435514664014924,-0.13904606494926433,-2.6878629791921855,-0.03897725301908894,-8.81674719604135
2.3891666666666667,48.46775329448124,-0.14107715925083286,-2.1853390691140415,-0.046262667087583496,-8.663827027706411
2.39,48.49997932841615,-0.14268612755541196,-1.675007281546602,-0.0534096474108482,-8.484567239797322
2.3908333333333336,48.532169713569644,-0.14386708467522968,-1.158364346023048,-0.060396408273175946,-8.279375003581876
2.3916666666666666,48.56430199801291,-0.14461540566609798,-0.6369374020954501,-0.06720153732408854,-8.048739133710196
2.3925,48.59635460352737,-0.1449277493621633,-0.11227963768932431,-0.07380406335221482,-7.7932294151493
2.3933333333333335,48.628307089559286,-0.14480207821632643,0.41403420782904476,-0.08018352338981857,-7.513495671406252
2.394166666666667,48.66014040638827,-0.14423767434418852,0.9404124636990414,-0.08632002893364862,-7.210266573423838
2.395,48.691837132860776,-0.1432351516698514,1.4652512584285196,-0.0921943310647717,-6.88434818869554
2.3958333333333335,48.72338169562541,-0.14179646408665547,1.9869393478422306,-0.0977878842506862,-6.536622271250307
2.396666666666667,48.75476056812047,-0.13992490956069026,2.503863026719703,-0.10308290861575763,-6.168044294194676
2.3975,48.78596244587446,-0.1376251301108222,3.014411109829618,-0.10806245046547652,-5.7796412269917905
2.3983333333333334,48.81697839555011,-0.13490310761288704,3.51697996761794,-0.11271044085249636,-5.372509060646532
2.399166666666667,48.847801976380616,-0.13176615539101189,4.00997860137384,-0.1170117519771714,-4.947810084984446
2.4000000000000004,48.878429332371994,-0.1282229055699471,4.491833742361903,-0.12095225121862897,-4.506769922955959
2.4008333333333334,48.90885925197689,-0.1242832921694646,4.960994958975327,-0.12451885259222278,-4.050674327485312
2.401666666666667,48.93909319703559,-0.1199585299494238,5.415939755745658,-0.12769956544409547,-3.580865747975026
2.4025000000000003,48.96913529844364,-0.11526108901344621,5.8551786477472465,-0.1304835401903009,-3.0987396736935913
2.4033333333333333,48.99899231793563,-0.11020466519786204,6.27726019366386,-0.13286111091681324,-2.6057407624194995
2.404166666666667,49.02867357789457,-0.1048041462924417,6.68077597078887,-0.13482383466965922,-2.103358763807618
2.4050000000000002,49.05819085820804,-0.09907557414398734,7.064365474958719,-0.13636452726460457,-1.5931242473384717
2.4058333333333333,49.08755826145315,-0.09303610271348485,7.42672092843414,-0.1374772954587313,-1.076604145792001
2.4066666666666667,49.11679204819675,-0.08670395217168715,7.766591978793407,-0.13815756533620482,-0.5553971259645065
2.4075,49.14591044375334,-0.08009835912996824,8.082790271885889,-0.13840210676830794,-0.031128799037701382
2.4083333333333337,49.174933418612916,-0.07323952311862109,8.374193882051049,-0.13820905381978613,0.4945532161924305
2.4091666666666667,49.203882445042204,-0.06614854943853339,8.639751582979606,-0.13757792098466495,1.019984363308623
2.41,49.23278023284173,-0.058847388526186144,8.878486942854668,-0.13650961514702728,1.54348833688106
2.4108333333333336,49.26165044704768,-0.051358771984476595,9.089502227632252,-0.1350064431731867,2.063382374455652
2.4116666666666666,49.29051741130949,-0.04370614544643894,9.271982096774249,-0.13307211505664265,2.5779826360470675
2.4125,49.319405800606084,-0.03591359845118226,9.425197076126075,-0.13071174254975992,3.0856096547129237
2.4133333333333336,49.348340326589636,-0.028005791523228386,9.548506793003437,-0.1279318332283539,3.5845938412512925
2.414166666666667,49.377345420290006,-0.020007880660520613,9.641362959312296,-0.12474027995357141,4.073281025579436
2.415,49.406444916045416,-0.011945439446337781,9.703312088967992,-0.12114634570724313,4.550038016946813
2.4158333333333335,49.435661739957176,-0.00384437901126815,9.733997936401089,-0.11716064379021397,5.013258164712358
2.416666666666667,49.465017608390966,0.004269133915604132,9.733163644074653,-0.11279511339505927,5.461366901152197
2.4175,49.4945327395854,0.01236876062018507,9.7006535872615,-0.10806299057299455,5.892827247465098
2.4183333333333334,49.52422558231614,0.02042807542431705,9.636414905330419,-0.10297877463378612,6.30614526391825
2.419166666666667,49.554112565919084,0.02842065184854282,9.540498709784151,-0.0975581900346862,6.69987542499245
2.4200000000000004,49.5842078748185,0.036320149643859774,9.413060960033912,-0.09181814382778207,7.072625900259583
2.4208333333333334,49.61452325068766,0.04410040241198551,9.254362998923117,-0.08577667875217389,7.423063721696743
2.421666666666667,49.64506782551547,0.051735505527708,9.064771741138783,-0.07945292207447885,7.749919818252091
2.4225000000000003,49.67584798793906,0.05919990407154978,8.84475950860707,-0.07286703029577422,8.051993898547114
2.4233333333333333,49.70686728497232,0.06646848047647133,8.594903508122298,-0.06604012985948168,8.328159162800102
2.424166666666667,49.7381263606076,0.07351664158883428,8.315884947562559,-0.05899425400981042,8.577366825291053
2.4250000000000003,49.76962293287206,0.08032040484138614,8.008487788362807,-0.0517522759673015,8.798650429079874
2.4258333333333333,49.80135181033003,0.08685648323525803,7.673597133101107,-0.04433783860227107,8.991129935112637
2.4266666666666667,49.833304946409704,0.09310236882477689,7.312197247892752,-0.03677528079853649,9.15401556798589
2.4275,49.8654715337804,0.09903641440386901,6.925369221442423,-0.029089560721890725,9.286611401824668
2.4283333333333337,49.8978381365582,0.10463791309138783,6.514288263080862,-0.021306176213847172,9.388318669800773
2.4291666666666667,49.93038885762798,0.10988717551352864,6.080220643496839,-0.013451082546554494,9.45863878142643
2.43,49.96310554200212,0.11476560429216318,5.624520283940938,-0.005550607792090625,9.497176033228564
2.4308333333333336,49.9959680119558,0.11925576554626333,5.148625000120665,0.002368633935064872,9.503639998459805
2.4316666666666666,50.028954330229325,0.12334145711986011,4.654052408590719,0.010279831089365834,9.47784758251163
2.4325,50.062041090445895,0.12700777326390952,4.142395505289114,0.018156064873831874,9.419724732260665
2.4333333333333336,50.09520372927426,0.1302411654999553,3.615317926478374,0.025970400696417362,9.32930778783469
2.434166666666667,50.128416855822444,0.1330294994044731,3.0745489039358125,0.03369598060044121,9.206744466570411
2.435,50.16165459570353,0.13536210706861426,2.5218779278252113,0.04130611635829678,9.05229447050449
2.4358333333333335,50.19489094407192,0.1372298349933637,1.9591491315168357,0.048774382912036646,8.866329709376462
2.436666666666667,50.228100122026845,0.13862508719256256,1.3882554139906937,0.056074711836930954,8.649334132405402
2.4375,50.26125693347454,0.13954186329710908,0.8111323169579456,0.06318148450024226,8.401903163930628
2.4383333333333335,50.29433711631099,0.13997579146042702,0.22975167463148033,0.07006962458335082,8.124742738724116
2.439166666666667,50.32731768231931,0.13992415588166848,-0.35388494464996634,0.07671468963151892,7.818667934261434
2.44,50.360177242891076,0.1393859187868271,-0.9377529844738437,0.08309296129633476,7.48460119914055
2.4408333333333334,50.39289631434158,0.1383617367159397,-1.5198118128692608,0.08918153393324565,7.123570177615215
2.441666666666667,50.4254575987124,0.136853970987762,-2.0980117788999424,0.09495840121819073,6.736705132051076
2.4425000000000003,50.457846236535126,0.13486669223322767,-2.6703013900737056,0.10040254045043395,6.325235966641992
2.4433333333333334,50.49005002689042,0.13240567890456473,-3.234634586501924,0.10549399421001256,5.890488856977622
2.444166666666667,50.522059611890555,0.12947840969121718,-3.788978086913689,0.1102139490445194,5.433882491821244
2.4450000000000003,50.553868623101415,0.12609404979457703,-4.331318780969191,0.1145448108661524,4.956923934962815
2.4458333333333333,50.58547378564602,0.12226343102867697,-4.859671141662314,0.1184702767428102,4.461204116190039
2.4466666666666668,50.61687498058216,0.11799902574818524,-5.372084631103663,0.1219754027831463,3.9483929626315915
2.4475000000000002,50.648075262951814,0.11331491461676448,-5.866651072538434,0.1250466678187714,3.420234182626356
2.4483333333333337,50.67908083368825,0.10822674825249243,-6.341511960989334,0.12767203259696802,2.878539715871247
2.4491666666666667,50.70990096792197,0.10275170282009773,-6.7948656848708815,0.12984099421791753,2.325183865564739
2.45,50.740547898524866,0.09690842965098646,-7.224974630600301,0.13154463555471102,1.7620971290991077
2.4508333333333336,50.77103665541933,0.09071699899886895,-7.630172142111717,0.1327756694104285,1.19125974550363
2.4516666666666667,50.80138486473742,0.08419883806902972,-8.008869307536406,0.13352847718999553,0.6146949794829026
2.4525,50.831612508735795,0.07737666347283499,-8.359561545171001,0.13379914187216937,0.03446216280137282
2.4533333333333336,50.86174164893684,0.07027440828531141,-8.68083496111525,0.13358547508688104,-0.5473504847696268
2.4541666666666666,50.89179611814236,0.06291714391176162,-8.971372451692257,0.13288703812942868,-1.1286332313560596
2.455,50.921801183806494,0.05533099698353189,-9.229959523828976,0.1317051567532503,-1.7072623812840206
2.4558333333333335,50.9517831875011,0.047543061529515214,-9.455489807336399,0.13004292960853459,-2.2811079700583896
2.456666666666667,50.98176916646649,0.03958130669237802,-9.64697023391058,0.12790523021825786,-2.8480415793071443
2.4575,51.01178646150722,0.031474480275620005,-9.803525858180095,0.12529870240006788,-3.4059442441256986
2.4583333333333335,51.04186231736618,0.023252008430595054,-9.924404297293608,0.12223174907024717,-3.952714424352978
2.459166666666667,51.07202348177765,0.01494389181117323,-10.008979766590443,0.11871451438964353,-4.486276010609262
2.46,51.10229580777338,0.006580598540162914,-10.056756689721087,0.1147588592312755,-5.004586335241923
2.4608333333333334,51.132703866911605,-0.001807045647511954,-10.067372863406261,0.1103783299828986,-5.5056441578295985
2.461666666666667,51.16327057850249,-0.010187969706963573,-10.040602157930921,0.10558812071622395,-5.987497594448323
2.4625000000000004,51.19401685956879,-0.018530971636881048,-9.97635673586212,0.1004050287801702,-6.4482519594899665
2.4633333333333334,51.22496130308946,-0.02680483447515492,-9.87468877365861,0.09484740390944812,-6.886077488804301
2.464166666666667,51.25611988834562,-0.03497844351740456,-9.735791671818024,0.08893509095685903,-7.299216912691438
2.4650000000000003,51.28750572747748,-0.04302090432640166,-9.560000741073178,0.08268936638640204,-7.685992847254597
2.4658333333333333,51.31912885415382,-0.05090166109125365,-9.347793354452552,0.0761328686954979,-8.044814973022572
2.466666666666667,51.350996057509285,-0.05859061488809812,-9.09978855647108,0.06928952295499184,-8.374186969881569
2.4675000000000002,51.38311076216166,-0.06605824138556943,-8.816746122339504,0.062184459678658606,-8.672713177481453
2.4683333333333337,51.41547296030067,-0.0732757075363926,-8.499565063335853,0.05484392827098389,-8.939104951540987
2.4691666666666667,51.44807919528011,-0.08021498679192221,-8.149281575363784,0.047295205314131616,-9.172186686501746
2.47,51.48092259610336,-0.08684897237326074,-7.767066430060915,0.03956649798247505,-9.37090147574706
2.4708333333333337,51.51399296633112,-0.09315158813845979,-7.354221810992064,0.03168684290407757,-9.53431638229259
2.4716666666666667,51.54727692421727,-0.0990978965831659,-6.912177598485849,0.023686000800481517,-9.661627293091906
2.4725,51.58075809149442,-0.10466420351568341,-6.442487109284201,0.015594347262150365,-9.752163331403302
2.4733333333333336,51.61441733137641,-0.1098281589598865,-5.94682230015688,0.007442760041476804,-9.805390803672765
2.4741666666666666,51.64823303038498,-0.11456885384093214,-5.426968445934689,-0.0007374967422216485,-9.820916657979259
2.475,51.68218141962178,-0.11886691201980647,-4.884818305098223,-0.008914891069392071,-9.798491432884111
2.4758333333333336,51.716236933031176,-0.12270457725994659,-4.322365788737272,-0.01705774372430511,-9.738011677697381
2.476666666666667,51.75037259550165,-0.1260657947159565,-3.741699150275841,-0.025134350790067907,-9.639521826220976
2.4775,51.78456043556422,-0.12893628655399395,-3.1449937160388424,-0.03311310747176147,-9.503215508351696
2.4783333333333335,51.81877191707674,-0.13130362133173715,-2.5345041788977767,-0.04096263277354901,-9.329436285950322
2.479166666666667,51.85297838220791,-0.1331572767813195,-1.9125564791913923,-0.04865189454488308,-9.118677801146026
2.48,51.887151499829706,-0.13448869566434773,-1.28153929946379,-0.05615033440220768,-8.871583327812273
2.4808333333333334,51.921263712301204,-0.13529133438895435,-0.6438952014586032,-0.06342799202591486,-8.588944719028213
2.481666666666667,51.955288672143794,-0.1355607040996239,-0.0021114356808374923,-0.07045562832597065,-8.271700745408056
2.4825000000000004,51.98920166406404,-0.13529440398638248,0.6412895439794143,-0.07720484696902934,-7.920934822315843
2.4833333333333334,52.022980003416905,-0.13449214657634218,1.2837598266733647,-0.08364821375623666,-7.537872125589146
2.484166666666667,52.05660340551511,-0.13315577480716984,1.922736016244667,-0.08975937334357313,-7.123876098480711
2.4850000000000003,52.0900543197642,-0.13128927071054428,2.5556493908207036,-0.095513162799614,-6.680444354918634
2.4858333333333333,52.12331822234453,-0.12889875556333827,3.1799362116457073,-0.1008857214998749,-6.209203986634601
2.486666666666667,52.15638386309215,-0.12599248140061303,3.7930481411109627,-0.10585459686595483,-5.711906284548988
2.4875000000000003,52.18924346187859,-0.12258081381567994,4.392462728822782,-0.11039884546616248,-5.190420887229975
2.4883333333333333,52.221892850503416,-0.11867620600710231,4.975693923520057,-0.11449912900581508,-4.646729371852441
2.4891666666666667,52.2543315582145,-0.11429316407137381,5.5403025678304445,-0.11813780475163077,-4.082918305872416
2.49,52.28656283774316,-0.10944820357076494,6.083906832119934,-0.12129900994701436,-3.5011717798953095
2.4908333333333337,52.31859363177663,-0.10415979744785761,6.604192543243152,-0.12396873979721576,-2.903763445049493
2.4916666666666667,52.35043447979456,-0.09844831539280227,7.098923363660695,-0.12613491862211124,-2.2930480805155398
2.4925,52.38209936479798,-0.09233595480340749,7.565950776100541,-0.12778746379345732,-1.6714527191573838
2.4933333333333336,52.41360550386231,-0.08584666352368678,8.003223829235843,-0.12891834210556843,-1.0414673619481263
2.4941666666666666,52.44497308424491,-0.07900605457573401,8.408798599885866,-0.1295216182479097,-0.4056353137585858
2.495,52.4762249477331,-0.07184131313755374,8.780847327559153,-0.12959349507566764,0.2334568246420401
2.4958333333333336,52.50738623045619,-0.0643810960635138,9.117667178223678,-0.1291323454135983,0.8731894711844608
2.496666666666667,52.538483961115766,-0.05665542426889704,9.41768859444568,-0.12813873514752347,1.510920644979179
2.4975,52.56954662515572,-0.048695568343522413,9.679483190466582,-0.12661543740045608,2.143996775800166
2.4983333333333335,52.60060370142645,-0.0405339277898298,9.901771151842325,-0.12456743762103589,2.769763698163966
2.499166666666667,52.63168517843134,-0.03220390431430242,10.083428100651954,-0.12200192944787908,3.3855777860161433
2.5,52.66282105874957,-0.023739769634133743,10.223491389086409,-0.11892830125342244,3.9888171826700387
2.5008333333333335,52.69404085857448,-0.015176528289009703,10.321165785691166,-0.1153581133040607,4.576893079425659
2.501666666666667,52.72537311193979,-0.006549775979776056,10.375828520965626,-0.1113050655190154,5.147260995270828
2.5025,52.75684488792275,0.00210444601956379,10.387033660998178,-0.10678495584674261,5.697432009276108
2.5033333333333334,52.78848132722672,0.01074979980535138,10.35451577980246,-0.101815629314098,6.2249838965004285
2.504166666666667,52.82030520926975,0.019349802545527126,10.278192904544266,-0.09641691785695376,6.727572118014033
2.5050000000000003,52.85233655535622,0.02786798032446948,10.158168709556728,-0.09061057106912639,7.202940615232625
2.5058333333333334,52.88459227485585,0.03626802349582616,9.994733938253196,-0.08442017805328904,7.6489323587170315
2.506666666666667,52.91708586271009,0.04451394289220116,9.788367035502885,-0.07787108060315309,8.063499602031794
2.5075000000000003,52.94982715226454,0.052570226227622155,9.539733975466753,-0.07099027797937738,8.444713791386542
2.5083333333333333,52.98282212884095,0.060401994017189584,9.249687273648505,-0.06380632358771193,8.790775082610518
2.5091666666666668,53.01607280854532,0.06797515433106828,8.919264175333316,-0.056349213907545555,9.10002141795397
2.5100000000000002,53.04957718340845,0.0752565556931739,8.549684015630033,-0.04865027005439915,9.370937116005983
2.5108333333333337,53.083329236336375,0.08221413743497558,8.142344750635328,-0.04074201240408534,9.602160929830676
2.5116666666666667,53.11731902573667,0.08881707681453271,7.698818662414557,-0.03265802873869232,9.792493529701419
2.5125,53.1515328372608,0.09503593221240948,7.220847244022518,-0.024432836409437168,9.940904368365587
2.5133333333333336,53.18595340382817,0.1008427817288913,6.710335275505206,-0.01610173905169452,10.04653788959694
2.5141666666666667,53.22056018874813,0.10621135651197595,6.169344104620125,-0.007700678412267084,10.108719042247467
2.515,53.25532972676539,0.11111716815877482,5.6000841501279055,0.0007339181175941047,10.126958064591609
2.5158333333333336,53.290236020382046,0.11553762955577473,5.004906649911546,0.009165293639497323,10.100954507097818
2.5166666666666666,53.32525098243156,0.11945216853500625,4.386294679043467,0.017556520910583143,10.030600463686309
2.5175,53.36034491860828,0.12284233375126032,3.7468534673228366,0.02587066385967995,9.915982985226975
2.5183333333333335,53.39548704230886,0.12569189221123334,3.0893000493520297,0.03407094076575938,9.757385652197401
2.519166666666667,53.43064601137595,0.12798691791004788,2.41645228357757,0.04212088838960895,9.555289286430453
2.52,53.465790479414686,0.12971587106987006,1.731217280705491,0.04998452633419591,9.310371786140324
2.5208333333333335,53.50088965096293,0.13086966750417323,1.0365792848892599,0.05762652089793238,9.023507071559019
2.521666666666667,53.53591383010948,0.1314417376694,0.33558705449934645,0.0650123476751397,8.695763132466883
2.5225,53.57083495459542,0.13142807501198397,-0.3686592074239753,0.0721084521542165,8.328399173333247
2.5233333333333334,53.605627103592525,0.13082727325221047,-1.0730213203099819,0.0788824075596403,7.9228618551029255
2.524166666666667,53.64026697158054,0.12964055230073884,-1.7743369349879434,0.08530306918739773,7.480780637553291
2.5250000000000004,53.674734298681294,0.12787177254501608,-2.469433626264982,0.0913407244867937,7.003962229881233
2.5258333333333334,53.70901224909572,0.12552743729369598,-3.155143208569562,0.09696723814968677,6.494384161586025
2.526666666666667,53.74308773147132,0.12261668322191852,-3.828316211989475,0.10215619148218193,5.954187490230771
2.5275000000000003,53.776951653266686,0.11915125870658756,-4.4858364542090765,0.10688301534552411,5.38566866652891
2.5283333333333333,53.810599105284325,0.11514549000263159,-5.124635642244338,0.11112511597613191,4.791270581993256
2.529166666666667,53.84402947233034,0.11061623526330919,-5.741707936631925,0.11486199301579018,4.173572828397627
2.5300000000000002,53.87724646506887,0.10558282645905538,-6.334124409573731,0.11807534910463058,3.5352812022442355
2.5308333333333337,53.91025807525679,0.10006699932053535,-6.899047328074261,0.12074919042979328,2.8792164923642347
2.5316666666666667,53.94307645146816,0.09409281147363403,-7.433744192487061,0.12286991764402679,2.2083025919073895
2.5325,53.97571769779233,0.08768654900176608,-7.935601460932231,0.12442640661174226,1.525553980482638
2.5333333333333337,54.008201599180744,0.08087662172775963,-8.402137890399505,0.12541007847984656,0.8340626258958193
2.5341666666666667,54.04055127567318,0.0736934475591458,-8.831017425658763,0.1258149586068795,0.13698435830384315
2.535,54.072792773626496,0.06616932630712155,-9.22006156849978,0.12563772393981745,-0.5624752265323787
2.5358333333333336,54.10495459907573,0.058338303436398516,-9.567261160695441,0.12487773846675257,-1.2610752753685026
2.5366666666666666,54.13706720153008,0.05023602426235477,-9.870787515893849,0.12353707642910615,-1.9555545342111642
2.5375,54.16916241817014,0.041899579165755076,-10.12900283776495,0.12162053303216024,-2.642646488150339
2.5383333333333336,54.20127288707906,0.033367340443220435,-10.340469863724469,0.1191356224429546,-3.319094716337452
2.539166666666667,54.23343144144444,0.024678791464856145,-10.503960676628028,0.11609256292851072,-3.9816683918520366
2.54,54.26567049495072,0.015874348854199097,-10.618464629479282,0.11250424904123778,-4.627177854311822
2.5408333333333335,54.298021430109294,0.006995178451771101,-10.683195331719261,0.10838621082219783,-5.252490181428058
2.541666666666667,54.33051400210863,-0.001916994134923915,-10.697596649479342,0.10375656005660328,-5.854544684481644
2.5425,54.36317576709606,-0.01082007755644955,-10.661347675448678,0.09863592367055944,-6.43036825159446
2.5433333333333334,54.396031549449205,-0.01967181244383237,-10.574366629424711,0.09304736443576933,-6.977090462323554
2.544166666666667,54.42910295609525,-0.028429971923987295,-10.436813654005922,0.08701628919883397,-7.491958396647365
2.5450000000000004,54.46240794815274,-0.03705256399378799,-10.249092475255262,0.08057034492311414,-7.972351061635711
2.5458333333333334,54.49596048006499,-0.045498034796271083,-10.011850903409005,0.07373930289613798,-8.415793359787097
2.546666666666667,54.52977021152059,-0.053725471823360016,-9.725980153219064,0.06655493151133218,-8.819969523565284
2.5475000000000003,54.56384230078135,-0.061694806055384036,-9.392612969956629,0.059050858104338744,-9.182735942443006
2.5483333333333333,54.59817728365495,-0.06936701203855507,-9.013120552160908,0.0512624203787574,-9.50213331023003
2.549166666666667,54.63277103904763,-0.07670430489400534,-8.589108267711987,0.04322650801390749,-9.77639802223938
2.5500000000000003,54.66761484678876,-0.08367033325670113,-8.1224101670529,0.03498139511447815,-10.003972755264845
2.5508333333333333,54.70269553394535,-0.09023036714269189,-7.615082301877498,0.02656656420464524,-10.18351616518158
2.5516666666666667,54.73799570901012,-0.09635147975587609,-7.069394864746406,0.018022522530210063,-10.313911640903301
2.5525,54.77349408110846,-0.10200272226168298,-6.487823171125313,0.009390611479960134,-10.394275057084677
2.5533333333333337,54.80916585617132,-0.10715529057036716,-5.873037510935516,0.0007128099811528812,-10.423961471352225
2.5541666666666667,54.8449832063332,-0.11178268320625627,-5.227891903916092,-0.007968467227727559,-10.402570717247132
2.555,54.88091580155923,-0.11586084936215539,-4.555411798215021,-0.016610575509813506,-10.329951847778469
2.5558333333333336,54.91693139411748,-0.11936832627743973,-3.8587807582334372,-0.025170849452697982,-10.20620639001791
2.5566666666666666,54.952996446000995,-0.12228636512112524,-3.1413261936967367,-0.03360681419591384,-10.031690376650841
2.5575,54.98907678510915,-0.12459904460029826,-2.406504187302522,-0.04187639793155541,-9.807015125382344
2.5583333333333336,55.02513827985258,-0.12629337157349455,-1.6578834844872021,-0.049938144524638926,-9.533046743849452
2.559166666666667,55.061147517208454,-0.12735936799558156,-0.8991287137087666,-0.057751425183822695,-9.210904343013304
2.56,55.097072471103345,-0.12779014358387059,-0.1339829110986086,-0.06527664810110256,-8.841956948730175
2.5608333333333335,55.13288314880888,-0.12758195366076988,0.633750571809465,-0.07247546497450699,-8.427819107842193
2.561666666666667,55.16855219990694,-0.1267342416879419,1.4002266942140302,-0.07931097332475628,-7.970345191152283
2.5625,55.20405547825683,-0.1252496660900867,2.161577798444646,-0.0857479135259815,-7.4716224033970615
2.5633333333333335,55.23937254254537,-0.12313411102797955,2.9139330375131127,-0.09175285947697764,-6.933962516149632
2.564166666666667,55.27448708638712,-0.12039668086782086,3.6534380630062335,-0.09729440185944155,-6.359892347292291
2.565,55.30938728832801,-0.11704967816974768,4.376274875637162,-0.10234332295076232,-5.752143017258339
2.5658333333333334,55.34406607302632,-0.11310856509955168,5.0786817381347875,-0.10687276198555579,-5.113638019090038
2.566666666666667,55.37852127936769,-0.1085919082586184,5.756973048125542,-0.11085837009838569,-4.447480146630258
2.5675000000000003,55.4127557283547,-0.10352130700216809,6.4075590669625875,-0.11427845391212028,-3.7569373312165717
2.5683333333333334,55.44677719142549,-0.09792130541652613,7.026965399548853,-0.1171141068909916,-3.0454274447271783
2.569166666666667,55.48059825703802,-0.09181928820266926,7.611852119551027,-0.11934932762018573,-2.316502132555197
2.5700000000000003,55.51423609676014,-0.08524536080489355,8.159032434349395,-0.12097112423112573,-1.5738297466059388
2.5708333333333333,55.54771213690424,-0.07823221421651387,8.665490784956088,-0.12196960425855233,-0.821177454628758
2.5716666666666668,55.581051638418955,-0.07081497497075005,9.128400276792293,-0.1223380492702757,-0.06239260738241237
2.5725000000000002,55.614283195653684,-0.06303104092280475,9.545139339512803,-0.12207297369333489,0.6986165489167941
2.5733333333333337,55.64743816156202,-0.05491990350350068,9.913307515911816,-0.12117416732483706,1.45790072285414
2.5741666666666667,55.680550011044396,-0.04652295721210713,10.230740283063433,-0.11964472109975506,2.211489893884055
2.575,55.71365365552309,-0.0378832971945677,10.49552281238459,-0.11749103577047622,2.9554139931884036
2.5758333333333336,55.746784721537054,-0.029045505827639144,10.706002579114186,-0.11472281323522385,3.6857238445896656
2.5766666666666667,55.77997880960026,-0.020055429305053527,10.860800736742686,-0.11135303034687322,4.398512257527888
2.5775,55.81327074641501,-0.010959945286107886,10.958822176440146,-0.10739789511617169,5.0899351613768395
2.5783333333333336,55.84669384880181,-0.0018067227364058874,10.999264198118354,-0.10287678532796006,5.756232668239428
2.579166666666667,55.88027921318632,0.007356024855705976,10.981623725195428,-0.09781216967323252,6.393749949755475
2.58,55.91405504616128,0.016479791646860656,10.905703002189863,-0.09222951160067289,6.99895781239722
2.5808333333333335,55.9480460523598,0.025516035703097385,10.771613721771805,-0.08615715619029023,7.568472855517905
2.581666666666667,55.98227289046667,0.03441643803299639,10.579779534641954,-0.07962620043935396,8.09907709631771
2.5825,56.01675171313146,0.043133163025039896,10.33093690491494,-0.07267034745949799,8.587736947268962
2.5833333333333335,56.051493798866886,0.051619118897839836,10.02613428086324,-0.06532574516657605,9.031621432596529
2.584166666666667,56.086505285669425,0.059828216749593086,9.666729560345004,-0.057630810145797906,9.42811953285595
2.585,56.121787014565136,0.06771562678132301,9.254385839378191,-0.049626037465855755,9.77485654968733
2.5858333333333334,56.15733448393845,0.07523803025899999,8.791065440599285,-0.0413537972971621,10.069709385621499
2.586666666666667,56.19313792156503,0.08235386578666885,8.27902222952593,-0.032858119287465494,10.310820639150238
2.5875000000000004,56.22918246998381,0.08902356846724832,7.720792234410821,-0.024184465716567478,10.496611418890772
2.5883333333333334,56.26544848388165,0.09520980054848707,7.119182596346311,-0.015379494538135592,10.62579278686399
2.589166666666667,56.301911934992745,0.10087767217858903,6.477258885863305,-0.006490813486802687,10.6973757469565
2.5900000000000003,56.338544913749466,0.10599495092452903,5.798330831414759,0.002433273506360953,10.710679700599478
2.5908333333333333,56.37531622165344,0.11053225875799493,5.085936516014197,0.011344026280255173,10.66533930016739
2.591666666666667,56.41219203836319,0.11446325525317955,4.343825106583569,0.020192533432544957,10.561309636976326
2.5925000000000002,56.44913665208272,0.1177648058080568,3.57593819103361,0.02892998091841282,10.398869710196486
2.5933333333333337,56.486113236762186,0.1204171337617834,2.7863898066845656,0.03750792280786398,10.1786241311228
2.5941666666666667,56.523084658867774,0.1224039553545318,1.9794452526638069,0.04587855271491041,9.901503026519062
2.595,56.56001429794512,0.12371259656165653,1.1594987876555278,0.05399497438671062,9.568760114783965
2.5958333333333337,56.59686685989492,0.12433409091214624,0.33105032204463947,0.061811469921181465,9.181968937708985
2.5966666666666667,56.633609168578054,0.12426325750940824,-0.5013187782304569,0.0692837640744294,8.743017242106884
2.5975,56.67021091442141,0.12349875855800044,-1.3329706522959093,0.07636928311533947,8.254099514691235
2.5983333333333336,56.706645345326166,0.12204313581838479,-2.159236538550557,0.08302740669513402,7.717707685360445
2.5991666666666666,56.74288988276332,0.11990282551582417,-2.9754428659380157,0.08921971121478195,7.13662002415934
2.6,56.77892664857263,0.1170881513480177,-3.7769377003650977,0.09491020319915866,6.513888268276885
2.6008333333333336,56.81474289074424,0.11361329535838931,-4.559117399835841,0.1000655412232012,5.852823026443305
2.601666666666667,56.8503312957053,0.10949624655920798,-5.3174533280818865,0.10465524497535515,5.156977518431603
2.6025,56.885690181793166,0.10475872732566173,-6.0475184735374565,0.1086518901029609,4.430129718791705
2.6033333333333335,56.92082356474944,0.09942609769653032,-6.74501381822957,0.11203128753637669,3.6762629834779563
2.604166666666667,56.9557410961902,0.09352723786310714,-7.405794300097197,0.11477264607021591,2.89954524933212
2.605,56.99045787257983,0.08709440924496395,-8.025894211684696,0.11685871704890854,2.1043069053906867
2.6058333333333334,57.024994118276965,0.08016309468887234,-8.601551878744566,0.11827592009516308,1.295017445007788
2.606666666666667,57.05937474998918,0.07277181845818956,-9.129233463953552,0.11901444891679122,0.47626101686407374
2.6075000000000004,57.09362882857153,0.06496194680042257,-9.605655742927874,0.11906835632070184,-0.3472889988682897
2.6083333333333334,57.12778891320011,0.05677747001817703,-10.02780770380175,0.11843561768472263,-1.170896254419204
2.609166666666667,57.161890328063,0.04826476707824021,-10.392970825139663,0.1171181722379758,-1.9897883968096062
2.6100000000000003,57.19597036077188,0.039472353923836176,-10.698737893090511,0.11512194163596942,-2.7991845800670476
2.6108333333333333,57.23006740800445,0.030450616759755432,-10.943030224210078,0.11245682543104527,-3.594323373044549
2.611666666666667,57.2642200891594,0.021251531694113437,-11.124113168070025,0.10913667317781121,-4.370490903360152
2.6125000000000003,57.29846634773467,0.011928372219196015,-11.240609771536962,0.10517923304333913,-5.12304907384461
2.6133333333333333,57.33284256111119,0.0025354061093275683,-11.291512495588456,0.10060607693058432,-5.847463684536612
2.6141666666666667,57.36738268111802,-0.006872416598450497,-11.276192885630941,0.09544250226699776,-6.539332290975167
2.615,57.40211742318573,-0.016239782799111806,-11.194409106056398,0.08971741074350324,-7.194411627948961
2.6158333333333337,57.43707352765923,-0.025511340875371324,-11.046311262414918,0.08346316444504902,-7.808644427851838
2.6166666666666667,57.4722731072753,-0.03463202874392845,-10.832444444992221,0.076715419939944,-8.378185462945444
2.6175,57.50773310099789,-0.04354740346982467,-10.553749441862934,0.06951294105241158,-8.899426643100162
2.6183333333333336,57.543464845884415,-0.05220397048973521,-10.211561081483618,0.06189739117020689,-9.369021002896805
2.6191666666666666,57.579473778961976,-0.0605495104567917,-9.807604179246738,0.05391310608186333,-9.783905416028496
2.62,57.615759279216725,-0.06853340170558828,-9.343987076826455,0.04560684847217267,-10.141321880093347
2.6208333333333336,57.652314651182,-0.0761069363290621,-8.8231927766301,0.03702754532571838,-10.438837220106839
2.621666666666667,57.6891272570582,-0.08322362787345007,-8.248067690232418,0.028226009623295616,-10.674361067372029
2.6225,57.72617879041205,-0.08983950867125079,-7.621808032653201,0.019254647819395405,-10.846161976925082
2.6233333333333335,57.76344569031457,-0.09591341487313093,-6.9479439112407055,0.010167154710078495,-10.952881557262524
2.624166666666667,57.80089968501532,-0.10140725728068774,-6.230321171823613,0.0010181973946971502,-10.993546495160537
2.625,57.83850845335446,-0.1062862761425207,-5.473081080285747,-0.008136909869026633,-10.967578369742771
2.6258333333333335,57.87623639044604,-0.11051927814987049,-4.680637932718597,-0.01724253803373766,-10.874801162111055
2.626666666666667,57.91404545727562,-0.11407885394515657,-3.857654701240973,-0.02624308090063792,-10.715446378787526
2.6275,57.9518960976212,-0.11694157456185619,-3.009016837582745,-0.03508329600884767,-10.49015572182033
2.6283333333333334,57.98974819675928,-0.11908816530947436,-2.139804369258915,-0.043708646708388685,-10.199981251242589
2.629166666666667,58.02756206256144,-0.1205036557484734,-1.2552624371951357,-0.0520656433100463,-9.846383001787153
2.6300000000000003,58.065299401654876,-0.12117750451611878,-0.360770435241375,-0.06010218117921258,-9.431224029734395
2.6308333333333334,58.10292426932138,-0.12110369791453553,0.5381900756696663,-0.06776787362864217,-8.956762882749093
2.631666666666667,58.14040396775555,-0.12028082131213709,1.4360684956377547,-0.07501437746440578,-8.425643500875056
2.6325000000000003,58.17770987055718,-0.11871210257076745,2.3272791630323257,-0.0817957090536754,-7.840882573728653
2.6333333333333333,58.21481815262932,-0.11640542687511275,3.206235978990853,-0.08806854881110363,-7.20585439546854
2.6341666666666668,58.251710405649646,-0.11337332251010189,4.067387469645947,-0.09379253204076796,-6.524273275610433
2.6350000000000002,58.28837412402919,-0.10963291731391929,4.905252070048151,-0.09893052412852225,-5.800173580743145
2.6358333333333337,58.32480304597168,-0.10520586570953311,5.714453408532433,-0.10344887814475202,-5.037887498149565
2.6366666666666667,58.36099734263848,-0.10011824641405566,6.4897553664638625,-0.10731767300710868,-4.242020629315597
2.6375,58.396963645029025,-0.09440043109939907,7.226096685567678,-0.11051093043868357,-3.417425536147097
2.6383333333333336,58.43271491130511,-0.08808692448669461,7.918624894339528,-0.11300680908049282,-2.5691733793458993
2.6391666666666667,58.468270131385566,-0.08121617652738454,8.562729324937754,-0.1147877742231886,-1.7025238018551503
2.64,58.503653878268175,-0.07383036753061456,9.154072994309017,-0.11584074177079375,-0.8228932254458221
2.6408333333333336,58.53889571383627,-0.06597516727282696,9.68862312634346,-0.11615719518497686,0.06417825891310547
2.641666666666667,58.57402946329041,-0.05769946931437764,10.162680096953855,-0.11573327431870824,0.9530612136196795
2.6425,58.60909237551827,-0.04905510192647683,10.572904590431518,-0.11456983521345553,1.8380721853939936
2.6433333333333335,58.644124189294885,-0.04009651720392591,10.916342763346428,-0.11267248010768406,2.7135098299271685
2.644166666666667,58.679166128424995,-0.030880460106035824,11.190449221809512,-0.11005155708827288,3.573691606494079
2.645,58.71425985081897,-0.021465619324876263,11.393107628856253,-0.10672212900561599,4.412990811153142
2.6458333333333335,58.74944637833731,-0.011912262028085902,11.522648771161391,-0.10270391146937144,5.22587371084144
2.646666666666667,58.78476503418203,-0.002281854659440575,11.577865927913855,-0.09802117994017001,6.006936535805368
2.6475,58.82025241696891,0.0073633278935843986,11.5580274002098,-0.09270264614048927,6.750942084571059
2.6483333333333334,58.85594143617618,0.0169606023466417,11.4628860749364,-0.08678130420605792,7.452855693721147
2.649166666666667,58.89186043802993,0.026447283761026723,11.29268591575987,-0.08029424721650645,8.107880324935952
2.6500000000000004,58.928032441702584,0.03576109638345634,11.048165291012278,-0.07328245493634733,8.711490522818131
2.6508333333333334,58.96447451163347,0.04484058591634345,10.730557069589171,-0.06579055381694367,9.259465000914506
2.651666666666667,59.00119727902184,0.05362553050294354,10.341585434493235,-0.05786655049394702,9.747917617431908
2.6525000000000003,59.038204631091254,0.062057347679597176,9.883459386765267,-0.04956154022629813,10.173326509703251
2.6533333333333333,59.07549357497053,0.07007949453215004,9.358862932816203,-0.040929391899820124,10.532561164017972
2.654166666666667,59.113054282717535,0.077637858297934,8.770941971348847,-0.03202641140743658,10.822907207898295
2.6550000000000002,59.150870318807115,0.0846811346783559,8.123287918580365,-0.02291098538926899,11.042088723610119
2.6558333333333337,59.188919043651595,0.09116119116586192,7.419918132774403,-0.01364320747554671,11.188287894503551
2.6566666666666667,59.22717218727244,0.09703341275505044,6.66525322292696,-0.004284489330876834,11.260161811507079
2.6575,59.26559657537722,0.10225702747951437,5.864091347932661,0.005102841069845428,11.256856282208242
2.6583333333333337,59.30415499454741,0.10679540932512484,5.021579636499948,0.014455951374055039,11.178016504232845
2.6591666666666667,59.34280716953439,0.11061635617485681,4.143182878519305,0.023711924330520967,11.023794481933557
2.66,59.38151083229673,0.11369234058933687,3.234649661541325,0.032808182056225946,10.794853087495481
2.6608333333333336,59.4202228504444,0.1160007313663071,2.301976145341402,0.04168291226129496,10.492366687219207
2.6616666666666666,59.45890038875267,0.11752398400442422,1.3513676883131982,0.0502754935447019,10.118018277584332
2.6625,59.497502069723126,0.11824979837153084,0.3891985572875567,0.05852691683643868,9.673993097654323
2.6633333333333336,59.53598910382989,0.11817124208689792,-0.5780300296991003,0.06638020004491202,9.162968709218147
2.664166666666667,59.5743263570548,0.11728683833513202,-1.5437332625369824,0.07378079297025296,8.58810155981591
2.665,59.612483326698396,0.11560061706035585,-2.5012872202803673,0.08067696956788853,7.953010068991663
2.6658333333333335,59.65043499777446,0.11312212872628163,-3.444074182014249,0.08702020469045643,7.261754302976058
2.666666666666667,59.68816255533263,0.1098664200764107,-4.365528463886281,0.09276553250082227,6.518812328091286
2.6675,59.725653932120196,0.10585397158618773,-5.259182469824285,0.0978718838352337,5.729053358157159
2.6683333333333334,59.7629041741412,0.101110596560198,-6.118712636430289,0.10230239990043015,4.897707835624622
2.669166666666667,59.79991561372744,0.09566730210039756,-6.937984947735318,0.10602471981827144,4.030334610608326
2.6700000000000004,59.83669784111842,0.08956011243554424,-7.711099692699228,0.1090112396724654,3.132785404890072
2.6708333333333334,59.873267476349405,0.08282985538502734,-8.43243513823298,0.1112393408856901,2.2111667712225493
2.671666666666667,59.9096477420714,0.07552191299001795,-9.096689792043367,0.1126915859286502,1.2717997789780577
2.6725000000000003,59.94586785134761,0.06768593762859926,-9.698922934553327,0.11335587957728355,0.32117767832187893
2.6733333333333333,59.98196222110558,0.05937553518130055,-10.23459310509346,0.11322559413689251,-0.6340781868819323
2.674166666666667,60.01796953570061,0.050647917086556624,-10.69959423757874,0.11229965730058006,-1.5872639291429689
2.6750000000000003,60.053931681948136,0.041563523363004444,-11.09028915155941,0.11058260154189907,-2.5316398271261593
2.6758333333333333,60.08989258646409,0.03218561892318801,-11.403540119092424,0.10808457421081605,-3.460477877817069
2.6766666666666667,60.12589698562801,0.022579865724757436,-11.636736243564192,0.10482130776435752,-4.3671098622552975
2.6775,60.16198916389583,0.012813873520945578,-11.787817405524565,0.10081404984747304,-5.2449755864683665
2.6783333333333337,60.19821169383722,0.0029567321644530797,-11.855294550536954,0.09608945321748771,-6.087670951995548
2.6791666666666667,60.23460421675382,-0.006921471399217401,-11.838266117628278,0.09067942580543606,-6.888995505664733
2.68,60.2712022955046,-0.01675014815903242,-11.736430430268165,0.08462094148828098,-7.642999115675252
2.6808333333333336,60.3080363776371,-0.026458710655252234,-11.550093899771761,0.0779558124551694,-8.344027421630708
2.6816666666666666,60.34513089483947,-0.03597708164415564,-11.280174917188937,0.07073042432668947,-8.986765708359355
2.6825,60.38250353153515,-0.04523620417629814,-10.928203341334823,0.06299543549369052,-9.566280859577262
2.6833333333333336,60.42016467976104,-0.054168549389547606,-10.49631551913942,0.0548054424074773,-10.078061054514913
2.684166666666667,60.4581171039194,-0.06270861828028147,-9.987244808729228,0.04621861284740952,-10.51805288258972
2.685,60.49635582187301,-0.07079343370140308,-9.404307606112258,0.03729628944113868,-10.882695563283882
2.6858333333333335,60.534868212389696,-0.07836301885486995,-8.751384911687323,0.02810256598005001,-11.168951975591877
2.686666666666667,60.5736343450725,-0.08536085858642893,-8.032899505134191,0.018703839302180576,-11.374336218939288
2.6875,60.612627526789126,-0.09173433986461384,-7.253788832063977,0.009168339743183972,-11.496937449071682
2.6883333333333335,60.65181505043288,-0.09743516792510701,-6.419473739327599,-0.000434356641880752,-11.535439755494808
2.689166666666667,60.691159125214426,-0.10241975468874326,-5.535823229330634,-0.010033830699041712,-11.489137872487696
2.6900000000000004,60.73061796412795,-0.10664957622000547,-4.609115436903818,-0.01955933408863169,-11.35794854372144
2.6908333333333334,60.770146996267265,-0.1100914961715442,-3.645995063850654,-0.02894031080475963,-11.142417389508028
2.691666666666667,60.80970017111965,-0.11271805237445182,-2.6534275376503835,-0.03810692250104763,-10.843721157650695
2.6925000000000003,60.849231315119624,-0.11450770396252515,-1.6386501897915944,-0.04699057373713195,-10.463665270990358
2.6933333333333334,60.88869550268263,-0.11544503668330884,-0.6091207774459266,-0.05552443320275466,-10.004676619631297
2.694166666666667,60.928050398811045,-0.11552092432190898,0.4275363023286973,-0.06364394694620364,-9.469791580255372
2.6950000000000003,60.96725753528558,-0.11473264447283812,1.4635857325485546,-0.0712873396361435,-8.86263928186618
2.6958333333333333,61.006283479464685,-0.11308394720694538,2.4912385361224523,-0.07839609991480975,-8.18742017310491
2.6966666666666668,61.04510086155056,-0.11058507552472155,3.5027104622357763,-0.08491544596456053,-7.448879983993266
2.6975000000000002,61.08368922660551,-0.1072527368320715,4.490281070242698,-0.09079476749981329,-6.652279211340794
2.6983333333333337,61.12203568538254,-0.10311002504330605,5.446353069035911,-0.09598804052234729,-5.803358294270561
2.6991666666666667,61.160135340813525,-0.09818629328317774,6.363511460104401,-0.10045421132828887,-4.9082986820323695
2.7,61.19799147705317,-0.09251697754584239,7.234582026144888,-0.1041575464430473,-3.97368003212532
2.7008333333333336,61.235615500482076,-0.08614337204368286,8.052688703931482,-0.10706794536678108,-3.006433810325571
2.7016666666666667,61.273026634832696,-0.07911235737290183,8.81130938100215,-0.10916121326117056,-2.0137935976358072
2.7025,61.31025137418249,-0.07147608299481896,9.504329659494287,-0.11041929096610982,-1.0032424395136814
2.7033333333333336,61.34732271100358,-0.06329160591938607,10.12609413880175,-0.11083044003660228,0.017542397627869688
2.704166666666667,61.384279157907535,-0.0546204878373951,10.67145477973849,-0.110389380795923,1.0407468714751384
2.705,61.42116359302699,-0.04552835331350048,11.135815928602572,-0.10909738174565145,2.0584793946811275
2.7058333333333335,61.45802196154212,-0.03608441199102323,11.51517559803568,-0.1069622990228787,3.062831414698375
2.706666666666667,61.49490187225731,-0.026360948088715905,11.806162624172808,-0.10399856496954543,4.045938887267657
2.7075,61.53185113227329,-0.016432780775970032,12.006069345597027,-0.10022712526545008,5.000044173249385
2.7083333333333335,61.56891626292151,-0.006376699294703133,12.11287947843408,-0.095675324469051,5.917557876796813
2.709166666666667,61.60614104580057,0.003729123042474531,12.125290895190753,-0.09037674022378742,6.791120134947913
2.71,61.64356514137121,0.013805731623202519,12.042733049260448,-0.08437096678670603,7.613660864310231
2.7108333333333334,61.68122282762417,0.02377400551774676,11.865378826522823,-0.07770334896074302,8.378458470393063
2.711666666666667,61.71914189663443,0.03355527995238146,11.59415064495726,-0.07042466791140198,9.079196528410467
2.7125000000000004,61.757342748243694,0.043071971420666474,11.230720667378478,-0.06259078076481475,9.71001795243112
2.7133333333333334,61.79583770917123,0.05224820048584371,10.777505036339875,-0.05426221627401861,10.265576181008726
2.714166666666667,61.834630603502795,0.0610104072717265,10.237652087764786,-0.04550372923379739,10.741082923638231
2.7150000000000003,61.873716589238185,0.06928795462209737,9.615024547061061,-0.03638381669127774,11.132352031769422
2.7158333333333333,61.913082269686605,0.07701371393313679,8.914175760794217,-0.026974199356481498,11.435839082144733
2.716666666666667,61.95270607858706,0.08412462872751902,8.14032006615123,-0.01734927194792786,11.648676287657523
2.7175000000000002,61.99255892909097,0.09056225114457271,7.299297449993313,-0.0075855265165019874,11.768702382210417
2.7183333333333337,62.032605108867415,0.0962732466688434,6.397532698712243,0.0022390469284657537,11.794487161005055
2.7191666666666667,62.07280339422797,0.10120986260598212,5.441989288534678,0.012045577917810019,11.725350395618793
2.72,62.11310835007164,0.10533035604440974,4.440118313677868,0.021754946355193316,11.561374884676937
2.7208333333333337,62.15347177497662,0.10859937730698184,3.3998027956367913,0.031288421712446446,11.303413444761384
2.7216666666666667,62.193844246125906,0.11098830520216445,2.3292977610885077,0.04056830547244418,10.953089692822461
2.7225,62.23417671525468,0.11247553072522855,1.2371665177063416,0.049518571600756116,10.51279252011175
2.7233333333333336,62.27442210336703,0.11304668623207136,0.13221359613042893,0.058065499764423836,9.98566420793811
2.7241666666666666,62.314536843667355,0.11269481751763237,-0.9765851375610193,0.06613829599747635,9.375582187907826
2.725,62.35448232002143,0.11142049665915246,-2.0801546623198055,0.07366969553515898,8.6871345016773
2.7258333333333336,62.39422615517249,0.10923187395124205,-3.1693947101532216,0.08059654260967394,7.925589069564364
2.726666666666667,62.43374330248076,0.10614466773254518,-4.235254812152802,0.08686034211010091,7.096856930220127
2.7275,62.47301690655311,0.10218209141411821,-5.268809872889633,0.09240777817174606,6.207449667981375
2.7283333333333335,62.51203889821687,0.097374717521387,-6.261335648426251,0.0971911949552324,5.264431296047281
2.729166666666667,62.55081030666377,0.09176027910319948,-7.204383493112055,0.10116903513134971,4.275364916487285
2.73,62.589341269609825,0.08538340937304895,-8.089853735056831,0.10430623186179559,3.2482545262401645
2.7308333333333334,62.6276507446685,0.07829532100334646,-8.910067041045878,0.10657455041095125,2.1914823876135037
2.731666666666667,62.665765921869124,0.07055342700175399,-9.657833136742621,0.10795287587217,1.1137424251599033
2.7325000000000004,62.70372136010071,0.0622209056438394,-10.326516260325945,0.10842744391466551,0.023970154219181472
2.7333333333333334,62.74155786787651,0.05336621242929365,-10.91009674359161,0.10799201187516509,-1.0687303162768522
2.734166666666667,62.779321167998134,0.0440625425402173,-11.403228138092885,0.10664796800275099,-2.155161628678444
2.7350000000000003,62.81706038512551,0.034387247742545604,-11.801289330875615,0.10440437714554728,-3.22611026140291
2.7358333333333333,62.85482640778107,0.024421212128689765,-12.100431128453682,0.10127796169597071,-4.272424719871138
2.736666666666667,62.8926701775622,0.014248191513918426,-12.29761682565446,0.0972930171418007,-5.285094179313285
2.7375000000000003,62.93064096334447,0.003954121686122573,-12.390656319700142,0.09248126212563675,-6.255326909673272
2.7383333333333337,62.968784679100054,-0.006373598945635642,-12.378233378011338,0.08688162347705171,-7.1746278030042285
2.7391666666666667,63.007142302685736,-0.01664684645357266,-12.259925720647452,0.08053995724936268,-8.034874319506676
2.74,63.04574845177483,-0.02677752213495073,-12.036217635182075,0.07350870736489347,-8.828390170216876
2.7408333333333337,63.084630165988486,-0.03667831057737026,-11.708504901512105,0.06584650403432762,-9.548016061900721
2.7416666666666667,63.12380594135695,-0.04626343856671222,-11.279091868168246,0.057617704677648617,-10.187176843873619
2.7425,63.16328505032435,-0.055449428253390914,-10.751180586757789,0.0488918806098362,-10.739944415897616
2.7433333333333336,63.203067177102696,-0.06415583794472812,-10.128851980579135,0.03974325328618228,-11.201095782998307
2.7441666666666666,63.243142380350065,-0.07230598389740425,-9.417039091760975,0.03025008439202311,-11.566165674097068
2.745,63.283491391933296,-0.07982763655469918,-8.621492523638281,0.020494024541323454,-11.831493180222125
2.7458333333333336,63.32408624021434,-0.08665368479404661,-7.748738264578971,0.010559425775909485,-11.994261910158807
2.746666666666667,63.364891183984646,-0.09272276194314535,-6.806028152087433,0.00053262346322565,-12.05253321158714
2.7475,63.4058639223044,-0.09797982755798414,-5.801283304335204,-0.009498806461517097,-12.005272057860648
2.7483333333333335,63.446957045747546,-0.10237669926914131,-4.743030916497557,-0.019446808648301825,-11.852365260808126
2.749166666666667,63.48811967485783,-0.10587252934828226,-3.6403348839207954,-0.02922362136675158,-11.594631730632473
2.75,63.52929923522724,-0.1084342210730642,-2.5027207791855997,-0.03874255470098576,-11.233824572396205
2.7508333333333335,63.57044330279421,-0.1100367804181904,-1.340095768773887,-0.047918767038008056,-10.772624876278098
2.751666666666667,63.61150145922075,-0.11066359912645111,-0.16266411208132747,-0.05667003289431951,-10.21462713292756
2.7525000000000004,63.652427087834845,-0.11030666575771199,1.0191610641539772,-0.0649174950973771,-9.56431627808324
2.7533333333333334,63.69317904893203,-0.10896670192234768,2.1948489763881778,-0.07258639437601726,-8.827036447815262
2.754166666666667,63.73372317135217,-0.10665322152990744,3.353844600461624,-0.07960676951098446,-8.008951601395804
2.7550000000000003,63.774033506604006,-0.10338451155384536,4.4856634801012465,-0.08591412136153821,-7.116998246231667
2.7558333333333334,63.81409329865833,-0.0991875335009365,5.579987087535376,-0.09145003431121328,-6.158830575229899
2.756666666666667,63.85389562980534,-0.09409774547891042,6.626757876065161,-0.09616274896249863,-5.142758401496006
2.7575000000000003,63.89344372020789,-0.0881588454888529,7.6162731523103595,-0.10000768026911222,-4.077678348948354
2.7583333333333333,63.932750861361754,-0.08142243728188238,8.539276891010463,-0.10294787569376113,-2.9729988261152513
2.7591666666666668,63.97183998859128,-0.0739476208696538,9.387048619345867,-0.10495440846290574,-1.8385593785226417
2.7600000000000002,64.01074289782125,-0.06580051048049455,10.151488508637556,-0.10600670149390479,-0.6845450758885647
2.7608333333333337,64.04949913747112,-0.0570536834832575,10.825197832214437,-0.1060927781601766,0.4786033507775096
2.7616666666666667,64.08815460735941,-0.047785564474400334,11.401553975397471,-0.105209436660463,1.640282856108817
2.7625,64.12675991648022,-0.038079749399840435,11.874779220862512,-0.10336234543059979,2.7898240986778617
2.7633333333333336,64.16536855474452,-0.02802427520444627,12.240002576266882,-0.10056605771983987,3.9165892791857893
2.7641666666666667,64.20403494506438,-0.017710841096163978,12.493313963663484,-0.09684394418341652,5.010070914878808
2.765,64.24281244653129,-0.00723398805303789,12.631810149748551,-0.09222804308849664,6.059990642309823
2.7658333333333336,64.28175137983986,0.0033097563094372194,12.653631862187353,-0.08675882849067758,7.0563971241909496
2.766666666666667,64.32089715229813,0.013822759958127172,12.557991611676842,-0.08048489752217641,7.989762128520733
2.7675,64.36028854776758,0.02420718783286172,12.345191816895472,-0.07346257869452505,8.851073848571065
2.7683333333333335,64.39995625300011,0.03436591418725408,12.016632916433727,-0.06575546390930731,9.6319265427254
2.769166666666667,64.43992167195137,0.04420343743487047,11.57481123885523,-0.05743386761268736,10.324605591000598
2.77,64.48019608099523,0.05362678890381535,11.023306497748193,-0.048574217287555885,10.922167093811101
2.7708333333333335,64.52078015513705,0.06254642683000682,10.366758873058098,-0.039258380177150776,11.418511174058416
2.771666666666667,64.56166389156806,0.07087710693164531,9.610835740844193,-0.029572931826650217,11.80844819026027
2.7725,64.60282693310008,0.07853872099637998,8.762188212087617,-0.019608372657694374,12.087757121200353
2.7733333333333334,64.64423928693259,0.08545709509367094,7.828397743465101,-0.00945829938947188,12.253235445948654
2.774166666666667,64.68586241237374,0.09156473928052639,6.817913181972728,0.0007814613507643848,12.302739912052006
2.7750000000000004,64.72765064167052,0.09680154101603099,5.739978704893791,0.011013749407085457,12.235217662780377
2.7758333333333334,64.76955288241714,0.10111539492263795,4.604553212367093,0.021140989238927696,12.050727277882604
2.776666666666667,64.8115145382599,0.10446276203449442,3.4222218225495458,0.03106612126974484,11.750449372222569
2.7775000000000003,64.8534795791177,0.10680915225710026,2.2041002080444674,0.0406935376233548,11.33668649266091
2.7783333333333333,64.89539267896369,0.10812952440333927,0.9617325942689625,0.04993001325558156,10.812852152035287
2.779166666666667,64.93720134451368,0.10840859890043086,-0.2930156822184862,0.0586856233987751,10.183448944120368
2.7800000000000002,64.97885794813651,0.10764107902527915,-1.5480700892242152,0.0668746382313518,9.454035787631332
2.7808333333333337,65.0203215894499,0.10583177737032705,-2.7912622604137036,0.07441638577278406,8.63118445654387
2.7816666666666667,65.06155970957828,0.10299564511075296,-4.010447723361391,0.08123607417731764,7.722425661104259
2.7825,65.10254939407712,0.09915770256724939,-5.193624872147149,0.08726556486692688,6.736185052320946
2.7833333333333337,65.143278312011,0.09435287050804267,-6.329054030558709,0.09244408830003145,5.681709628968139
2.7841666666666667,65.18374524777407,0.08862570259772089,-7.405375430611352,0.09671889460977351,4.568985129125075
2.785,65.22396020602534,0.08203002039869273,-8.411724921476033,0.10004583188287582,3.4086450893752396
2.7858333333333336,65.26394407555587,0.07462845330091784,-9.337846225222068,0.10238984544543046,2.2118723483753113
2.7866666666666666,65.30372786604947,0.06649188675436755,-10.174198570066528,0.10372539222163968,0.9902938620750883
2.7875,65.34335153927604,0.05769882312906691,-10.912058556901595,0.10403676497586446,-0.24413022094496106
2.7883333333333336,65.38286247936134,0.04833466047623079,-11.543615153216257,0.10331832208038327,-1.479222200498004
2.789166666666667,65.42231365758744,0.038490895359774714,-12.062056757909344,0.10157461932607648,-2.7027060935902947
2.79,65.46176156088565,0.028264256784958666,-12.461649341915848,0.09882044122551739,-3.9023293864504263
2.7908333333333335,65.50126396582137,0.017755779052277,-12.737804742777573,0.09508073023527532,-5.065986080020503
2.791666666666667,65.54087764237207,0.0070698220949836675,-12.887138274112338,0.09039041332284085,-6.181839805091164
2.7925,65.58065608174601,-0.0036869514763025104,-12.907514905851968,0.08479412634326769,-7.238445761070716
2.7933333333333334,65.6206473366006,-0.0144066328244666,-12.798083373384575,0.0783458377240626,-8.22487022229673
2.794166666666667,65.66089206425241,-0.02498114654322378,-12.559297686826172,0.07110837401218176,-9.130806358738512
2.7950000000000004,65.70142185265185,-0.035303342842601663,-12.192925630665576,0.06315285086949184,-9.946685133513794
2.7958333333333334,65.74225789925774,-0.045268091293669196,-11.702043970533381,0.054558014125052186,-10.663780068326743
2.796666666666667,65.78341010279057,-0.05477336498372327,-11.091020216361288,0.0454094964870579,-11.274304710249933
2.7975000000000003,65.82487660407587,-0.06372130386106403,-10.365480925713701,0.035798996458768544,-11.771501687066186
2.7983333333333333,65.86664380568642,-0.07201924609783898,-9.532266672299349,0.025823386915120036,-12.149722307338001
2.799166666666667,65.90868686758989,-0.0795807164549115,-8.599373942536817,0.01558376162097608,-12.40449573918894
2.8000000000000003,65.9509706690938,-0.08632636091852208,-7.575884366019764,0.005184428751267239,-12.532586895000104
2.8008333333333337,65.99345119758759,-0.09218481726696227,-6.471881822889928,-0.005268138849723654,-12.532042249921389
2.8016666666666667,66.03607731400638,-0.09709351174141331,-5.298358108706684,-0.015666386330184072,-12.402222935797656
2.8025,66.07879282467296,-0.1009993726139007,-4.067107968448321,-0.025902781578193455,-12.143824573095861
2.8033333333333337,66.12153877584828,-0.10385945217395809,-2.790614437328587,-0.03587093082360583,-11.758883433191256
2.8041666666666667,66.16425588100485,-0.10564144949278062,-1.4819255450131235,-0.04546669358096927,-11.250768660818144
2.805,66.20688697723315,-0.10632412724020555,-0.15452354878705155,-0.05458928525260303,-10.624160427453408
2.8058333333333336,66.24937941313533,-0.10589761685574561,1.1778120384009556,-0.06314235566599738,-9.885014034530249
2.8066666666666666,66.29168726466966,-0.10436360745583818,2.5011462717396316,-0.07103503189518201,-9.040510133221872
2.8075,66.33377328658982,-0.10173541502752478,3.8015340210637394,-0.0781829139191653,-8.098991379037221
2.8083333333333336,66.37561051541728,-0.09803792967388812,5.065167149539873,-0.08450901199824351,-7.069885989264117
2.809166666666667,66.41718345150183,-0.09330743993596526,6.278522087062261,-0.08994461509856186,-5.963618819129895
2.81,66.45848876946339,-0.08759133451921092,7.428506229664173,-0.09443008027422667,-4.7915107178081335
2.8108333333333335,66.49953551873436,-0.08094768305641252,8.502601581104827,-0.09791553360144854,-3.565667063586829
2.811666666666667,66.54034480391879,-0.07344469887026252,9.489004054807221,-0.10036147407242428,-2.2988565107912953
2.8125,66.58094895139585,-0.0651600880021314,10.376756873135168,-0.10173927276322406,-1.0043811040694028
2.8133333333333335,66.62139019208371,-0.05618029006511452,11.155876537274878,-0.10203156060267904,0.30406097033306256
2.814166666666667,66.66171891375687,-0.046599617733388665,11.817469895050955,-0.10123249917489915,1.6125186244116072
2.8150000000000004,66.70199154978869,-0.036519302871940544,12.35384090414615,-0.09934793016074632,2.9069356385870275
2.8158333333333334,66.74226819390677,-0.026046458451684587,12.758585776552295,-0.09639540028291654,4.173301425985008
2.816666666666667,66.78261003894318,-0.015292966442567031,13.026675293273032,-0.09240405991832613,5.3978031951269605
2.8175000000000003,66.82307674759399,-0.004374302839972637,13.154523197522385,-0.087414434892329,6.566977871749172
2.8183333333333334,66.86372387095058,0.006591688164110977,13.140039708938057,-0.08147807235257745,7.667862114483256
2.819166666666667,66.90460042259183,0.017486058119385816,12.982669346750692,-0.07465706300144313,8.688138750472993
2.8200000000000003,66.9457467204313,0.028190043004079984,12.683412410515643,-0.0670234433725683,9.616277967490632
2.8208333333333333,66.98719258866743,0.03858636282938262,12.244829634357583,-0.05865848319848157,10.441671627281284
2.8216666666666668,67.0289560050656,0.04856051799907657,11.671029710158775,-0.04965186427116921,11.154759112808229
2.8225000000000002,67.07104225676864,0.05800206808585726,10.967639559404802,-0.040100758488685204,11.747143188017505
2.8233333333333337,67.1134436448501,0.06680587866275242,10.141757423189157,-0.030108814014066513,12.211694432904897
2.8241666666666667,67.15613976058883,0.07487332197019188,9.201889034246662,-0.019785059635006153,12.542642919936302
2.825,67.19909832118137,0.08211341749357891,8.157867326940819,-0.009242738466864164,12.735655915682134
2.8258333333333336,67.24227653893594,0.08844389899464995,7.020756336044442,0.001401916891310362,12.787900528722204
2.8266666666666667,67.28562296414894,0.09379219515368192,5.802740122667796,0.012030954807566604,12.698090373651878
2.8275,67.32907972647308,0.09809631176064933,4.516997750491859,0.02252600702247344,12.466515485986143
2.8283333333333336,67.37258507899861,0.10130560431874483,3.177565510762119,0.032769608793768376,12.095054898362553
2.829166666666667,67.4160761321036,0.10338143098838257,1.799187759859505,0.04264652214978786,11.587171474071663
2.83,67.45949166007925,0.10429767700907866,0.39715788730715285,0.05204504736568832,10.947888789536014
2.8308333333333335,67.5027748519602,0.10404114305074366,-1.0128489295635181,0.0608583076850292,10.183750056810597
2.831666666666667,67.5458758845575,0.10261179138640805,-2.4149494045164066,0.06898549238797891,9.302759283175316
2.8325,67.58875420019133,0.10002284530373241,-3.793230370479186,0.07633304355798559,8.314305071243028
2.8333333333333335,67.63138038219219,0.09630073877771014,-5.131929586933892,0.08281577231925027,7.22906766910004
2.834166666666667,67.67373754130372,0.09148491510182644,-6.41561709240708,0.08835789091306953,6.058910083937039
2.835,67.71582214406166,0.08562747488426564,-7.629375025816269,0.09289394773934935,4.816754270172092
2.8358333333333334,67.75764423974526,0.07879267555732788,-8.758973821460112,0.09636965341243696,3.5164435936580625
2.836666666666667,67.7992270721705,0.07105628629777566,-9.791042687881813,0.0987425869617744,2.172592954036305
2.8375000000000004,67.84060608355558,0.06250480397686083,-10.713232309957215,0.0999827725213039,0.8004281142138724
2.8383333333333334,67.88182735441362,0.05323453746740307,-11.514367768541065,0.10007311821903525,-0.5843840601232999
2.839166666666667,67.9229455417415,0.04335056926452695,-12.184589750226497,0.09900971044408613,-1.9659126127933604
2.8400000000000003,67.96402140661799,0.032965604948425514,-12.715482223312987,0.09680195825744167,-3.3281448052603295
2.8408333333333333,68.0051190419173,0.022198722484563397,-13.100184882861111,0.09347258438380077,-4.655171668369643
2.841666666666667,68.04630292365098,0.01117403470832921,-13.333488816533794,0.08905746096058788,-5.931374671147129
2.8425000000000002,68.08763492156042,1.92795642422125e-05,-13.411914013839382,0.08360529001868426,-7.141611329404199
2.8433333333333337,68.12917140926575,-0.011135646261066905,-13.333767532028448,0.07717713049749175,-8.271397551313644
2.8441666666666667,68.17096060648149,-0.022160193770742805,-13.099181339205472,0.0698457754274305,-9.30708451667417
2.845,68.2130402849987,-0.03292469088734398,-12.710129081037596,0.06169498475153036,-10.236027913278782
2.8458333333333337,68.25543594527979,-0.043301876684909764,-12.17042125326426,0.05281858103857874,-11.046747405835836
2.8466666666666667,68.29815955710242,-0.05316842249856732,-11.48567851237381,0.043319417089578316,-11.729074292639048
2.8475,68.3412089296918,-0.06240642167152294,-10.663283113210555,0.033308226097204297,-12.27428541047458
2.8483333333333336,68.38456774427777,-0.07090482979607177,-9.71230872382889,0.022902366579030397,-12.675221478480486
2.849166666666667,68.42820625950021,-0.0785608376295503,-8.64342913400649,0.012224475756909771,-12.92638822830835
2.85,68.47208265705166,-0.085281159398986,-7.468806635275913,0.0014010463507463846,-13.024038844652884
2.8508333333333336,68.51614497343327,-0.09098321997162949,-6.201961111512055,-0.009439057090000005,-12.966236441619742
2.851666666666667,68.56033353026075,-0.09559622533685909,-4.857621130187535,-0.020166125225496656,-12.752895519128185
2.8525,68.60458374995422,-0.09906210201982178,-3.451558565738812,-0.03065115646057346,-12.385801580085127
2.8533333333333335,68.64882922859925,-0.1013362924253167,-2.0004085145647434,-0.04076741652177632,-11.868608341490845
2.854166666666667,68.69300491744669,-0.10238839465751212,-0.5214764708524104,-0.05039198625942314,-11.20681223491471
2.855,68.73705026202667,-0.1022026370885242,0.9674650764099627,-0.05940727871654021,-10.407704165178066
2.8558333333333334,68.7809121484998,-0.10077817982179989,2.4483882972486914,-0.06770250659778294,-9.48029877454554
2.856666666666667,68.82454751007764,-0.0981292371908192,3.9032274551367108,-0.07517508159184652,-8.435241739893172
2.8575000000000004,68.86792546562233,-0.09428501754867614,5.314099536807363,-0.08173192755973296,-7.2846959112487495
2.8583333333333334,68.9110288822988,-0.08928947879391166,6.663525407413145,-0.08729069038995452,-6.0422073755017065
2.859166666666667,68.95385527858018,-0.08320090032415248,7.934648767371092,-0.09178082833446465,-4.722552796544521
2.8600000000000003,68.99641701972637,-0.07609127439664658,9.111450166742616,-0.0951445678779157,-3.3415696401017505
2.8608333333333333,69.03874078686344,-0.06804552215110256,10.178953346087214,-0.09733771162939335,-1.9159711321659465
2.861666666666667,69.08086633850517,-0.059160541812484105,11.123421220392855,-0.09833028636309968,-0.4631480234804958
2.8625000000000003,69.12284462091071,-0.049544098798354,11.932538905467837,-0.09810702115116578,0.9990405658479233
2.8633333333333337,69.16473530998911,-0.03931356956837769,12.595581302195262,-0.09666764749315178,2.4524847710555004
2.8641666666666667,69.20660390292733,-0.0285945530715506,13.103562905124711,-0.09402701546201171,3.879047475999055
2.865,69.24851849905559,-0.017519365513581915,13.449367684686454,-0.09021502210216303,5.260790954845936
2.8658333333333337,69.2905464257589,-0.006225435871917441,13.627857105993558,-0.08527635061930788,6.5802038542510966
2.8666666666666667,69.33275087723482,0.0051463788977546485,13.635954590434556,-0.07927002126956686,7.820425654372671
2.8675,69.37518773461149,0.016453538719591966,13.472704995464056,-0.07226875724893794,8.965465728778597
2.8683333333333336,69.41790272700588,0.027553604009558502,13.13930798051279,-0.06435817127654479,10.000414141137803
2.8691666666666666,69.46092908383363,0.03830603591614072,12.639124441456495,-0.055635780937184125,10.911641372181787
2.87,69.5042857978937,0.048573990520382235,11.977655524621307,-0.046209863141529486,11.686984261975574
2.8708333333333336,69.54797659499206,0.05822608405947741,11.162494075541506,-0.03619816028130774,12.315915581932666
2.871666666666667,69.5919896713909,0.06713810626594086,10.203248729548365,-0.02572645274380836,12.789694816255826
2.8725,69.6362982162266,0.07519465923138345,9.111441206417995,-0.014927014381854772,13.101497931142493
2.8733333333333335,69.68086170383262,0.08229069982568021,7.900377728901225,-0.003936969298196031,13.246524143650067
2.874166666666667,69.72562789507397,0.08833296461171969,6.584995835131715,0.00710343015211044,13.222077964086667
2.875,69.77053545187178,0.09324125739851565,5.181688197243268,0.0180525829164154,13.027625076781208
2.8758333333333335,69.8155170395421,0.096949581060818,3.708105386588751,0.028769354065325763,12.664820940000943
2.876666666666667,69.8605027581988,0.09940709699270735,2.1829398338740553,0.03911490179581336,12.137511320783233
2.8775000000000004,69.9054237310656,0.1005788975629658,0.6256935189425004,0.048954493024027636,11.451704334799402
2.8783333333333334,69.95021566758885,0.10044657916289304,-0.9435678172844537,0.058159283770540596,10.615513927518636
2.879166666666667,69.9948222134326,0.0990086058537845,-2.50447092023812,0.0666080406410892,9.639075106293376
2.8800000000000003,70.03919791348567,0.09628045622603006,-4.036598518565839,0.07418878012273997,8.5344316117441
2.8808333333333334,70.08331063041665,0.09229454882079915,-5.519756708511291,0.0808003031464063,7.315397092684269
2.881666666666667,70.12714328629893,0.08709994431368624,-6.934242753175091,0.08635360340645305,5.997391218255044
2.8825000000000003,70.17069482986318,0.0807618255865428,-8.26110975729058,0.09077312927377856,4.5972525192117875
2.8833333333333333,70.2139803727697,0.0733607597769822,-9.482424657655628,0.09399788077791944,3.1330300916907596
2.8841666666666668,70.25703047667531,0.06499174934789864,-10.581515995579498,0.09598232504089826,1.623756615847705
2.8850000000000002,70.29988962275068,0.05576308214369213,-11.54320801254057,0.09669711571993608,0.08920543551616378
2.8858333333333337,70.34261393424948,0.04579499322843271,-12.35403773246319,0.09612960441055644,-1.4503652934525442
2.8866666666666667,70.38526826527085,0.03521815401728234,-13.002451864086051,0.09428413456762533,-2.974478151421137
2.8875,70.42792280481252,0.024172006764599817,-13.4789805733263,0.09118211127994845,-4.462708277502687
2.8883333333333336,70.47064937022027,0.012802964822588992,-13.77638543565252,0.08686184314543004,-5.894957899217977
2.8891666666666667,70.5135175848485,0.0012625012048670917,-13.889779181022103,0.08137815551375165,-7.251729902502909
2.89,70.55659114505643,-0.010294850160564585,-13.816715185212015,0.07480177744605732,-8.514396723948883
2.8908333333333336,70.59992437551718,-0.021713554555322086,-13.55724503631061,0.06721850783816387,-9.665460845217877
2.891666666666667,70.64355926154087,-0.03283917081070957,-13.113942911750074,0.05872816924086394,-10.688803218648006
2.8925,70.6875231265871,-0.04352045182856841,-12.491895933554547,0.04944336093458653,-11.569916053957009
2.8933333333333335,70.73182708294037,-0.05361142274051566,-11.698660119762051,0.0394880257224744,-12.296116546781091
2.894166666666667,70.77646534941607,-0.06297340803780863,-10.744182017460853,0.02899584768268149,-12.85673833207256
2.895,70.82141548380926,-0.071476979274962,-9.64068657718272,0.01810850069862184,-13.24329769595774
2.8958333333333335,70.86663952273673,-0.0790037956110829,-8.4025323034938,0.006973769933757925,-13.44963187515363
2.896666666666667,70.91208597815806,-0.0854483105160478,-7.0460351892429145,-0.0042564294903569035,-13.472007113532968
2.8975,70.95769258897394,-0.09071931941602046,-5.589263400115332,-0.015428110570315446,-13.309194523777734
2.8983333333333334,71.003389683142,-0.09474132487625134,-4.051805117847621,-0.02638732175147969,-12.962512215636572
2.899166666666667,71.04910397197811,-0.09745569810348356,-2.454512367537258,-0.036982274913689356,-12.435832596133409
2.9000000000000004,71.09476257136586,-0.09882161806695117,-0.8192240398817949,-0.047065464694537706,-11.73555421469495
2.9008333333333334,71.14029702939195,-0.09881677235991813,0.8315283325651854,-0.05649574951099821,-10.870538012155599
2.901666666666667,71.18564713818067,-0.09743780702157744,2.474828180942264,-0.0651403647301504,-9.852008330626433
2.9025000000000003,71.23076431584607,-0.09470051586804246,4.087690766777835,-0.07287683894607026,-8.693419543772631
2.9033333333333333,71.27561436669313,-0.09063976340472342,5.647384985807987,-0.07959478524574451,-7.410289667906277
2.904166666666667,71.32017945912942,-0.08530913905933232,7.131755638845014,-0.08519754068526887,-6.020002805635929
2.9050000000000002,71.36445920468661,-0.07878034424274169,8.519541614391796,-0.08960362894226727,-4.5415827491321945
2.9058333333333337,71.40847076683609,-0.0711423175497455,9.790685405584421,-0.09274802323605218,-2.995440520901658
2.9066666666666667,71.45224798531999,-0.06250010721778831,10.92662942719058,-0.09458318910318679,-1.4030990511575085
2.9075,71.49583955487888,-0.052973503696634595,11.910594707316678,-0.09507988944258307,0.213101426181604
2.9083333333333337,71.53930635127476,-0.04269544880204214,12.72783770319111,-0.09422773737400489,1.8303133372711735
2.9091666666666667,71.58271804737886,-0.03181024137366196,13.365881230037523,-0.09203548584688893,3.4255028805353196
2.91,71.62614920428116,-0.020471562578173258,13.814715794419175,-0.08853104654774363,4.9757778411791564
2.9108333333333336,71.66967505441828,-0.008840346941969926,14.06696798556102,-0.08376123443628133,6.458717486892443
2.911666666666667,71.71336721254669,0.002917472184521242,14.118032995865278,-0.07779123814019243,7.8526998120408225
2.9125,71.7572895633538,0.014633311777952646,13.966168812021403,-0.07070382041333786,9.13722135306309
2.9133333333333336,71.8014945591646,0.02613835012175646,13.612550130918459,-0.06259825682670052,10.293204821481599
2.914166666666667,71.84602014694272,0.0372659654308435,13.061280608972451,-0.05358902479724793,11.303289895072991
2.915,71.89088751052743,0.04785416702239918,12.319362638372345,-0.04380425887823889,12.152102672372827
2.9158333333333335,71.93609976339685,0.057747983512270507,11.396624450950073,-0.03338399188183426,12.826499528596655
2.916666666666667,71.98164167919498,0.06680177260985669,10.305604975109498,-0.022478204841860944,13.315781412764352
2.9175,72.02748048752974,0.07488141770305215,9.061397500960878,-0.011244711974868697,13.6118749917315
2.9183333333333334,72.07356769626617,0.08186637756232587,7.681453834900546,0.00015309038311619918,13.709477472397749
2.919166666666667,72.11984184513594,0.08765155715372092,6.185351240259758,0.011548579440043755,13.606162415968585
2.9200000000000004,72.1662320397171,0.09214896971450773,4.594525053227661,0.022774332768806,13.30244438990418
2.9208333333333334,72.21266206353468,0.09528916288517862,2.931970424304346,0.033664591284605264,12.801800876971255
2.921666666666667,72.25905483233443,0.09702238478955225,1.2219171572562333,0.04405772231127092,12.110650471018792
2.9225000000000003,72.3053369337064,0.09731946946832387,-0.510517910238458,0.05379864612556487,11.238287026034286
2.9233333333333333,72.35144298108611,0.09617242494407517,-2.239696125769119,0.0627411893606945,10.196770078200181
2.924166666666667,72.39731952432233,0.09359471140175879,-3.9398346321351636,0.07075032919344677,9.000772524405548
2.9250000000000003,72.4429282817309,0.08962120143040467,-5.585390880916835,0.07770429333594207,7.667387201702407
2.9258333333333337,72.48824849249019,0.08430781892852515,-7.151448361774011,0.0834964824925441,6.215894661132246
2.9266666666666667,72.53327824206185,0.07773085807628238,-8.614097740866185,0.08803718411946546,4.667495057898794
2.9275,72.57803467113186,0.06998598863358725,-9.950807569394382,0.09125504900972987,3.045007675517222
2.9283333333333337,72.62255304421406,0.06118695867205949,-11.140778779098797,0.09309830539138837,1.372542155919981
2.9291666666666667,72.66688472245781,0.051464010614057115,-12.165277327047272,0.09353568883409755,-0.3248539892761009
2.93,72.7110941511276,0.04096203105788836,-13.007939586811528,0.0925570702602269,-2.021566567981458
2.9308333333333336,72.755255034819,0.029838459243905126,-13.655045405999159,0.09017376870220455,-3.6917992039389826
2.9316666666666666,72.79944592213728,0.018260983082843706,-14.095754157126454,0.08641854006882482,-5.309965447500346
2.9325,72.84374546189264,0.006405055366139639,-14.322299596720592,0.08134523802566382,-6.851082590570101
2.9333333333333336,72.88822761853041,-0.005548733963372767,-14.330139910419385,0.07502814808340276,-8.291161145249648
2.934166666666667,72.93295713534631,-0.017417390844192675,-14.118059950746149,0.06756100103705615,-9.607583906371273
2.935,72.97798552754084,-0.029018314582100548,-13.688223364297004,0.05905567695606458,-10.779468572748021
2.9358333333333335,73.02334785792058,-0.04017211732626215,-13.046173044086267,0.049640615889335396,-11.788008051920702
2.936666666666667,73.06906049922505,-0.05070542209029921,-12.20077912031648,0.03945895624583395,-12.616782817354734
2.9375,73.11512003277628,-0.060453595551869854,-11.164134510015103,0.028666426374217062,-13.252040025203215
2.9383333333333335,73.16150336339093,-0.06926337222389252,-9.951398867976835,0.017429019101850796,-13.682934525536258
2.939166666666667,73.20816905430362,-0.07699532763566938,-8.580592606665675,0.005920482838780184,-13.901727415718025
2.9400000000000004,73.25505981206994,-0.08352615989415839,-7.0723434689386195,-0.005680333760773283,-13.903938376066993
2.9408333333333334,73.30210597664782,-0.08875074139634415,-5.449588929989049,-0.01719224372634692,-13.688448691159198
2.941666666666667,73.34922981006189,-0.09258390551513819,-3.737238462140649,-0.028434548153088088,-13.25755258673102
2.9425000000000003,73.39635032106953,-0.09496193673775487,-1.9618004035212042,-0.03922988324847354,-12.616955289884206
2.9433333333333334,73.44338832786879,-0.09584373696153005,-0.15097881844403227,-0.04940704326613831,-11.77571704000595
2.944166666666667,73.49027144618395,-0.09521164539141666,1.6667536891029844,-0.05880373425893912,-10.74614312684336
2.9450000000000003,73.53693868287561,-0.09307189465077854,3.462600758729603,-0.06726921400348612,-9.543620894775259
2.9458333333333333,73.58334434513894,-0.08945469127503354,5.2078978073712685,-0.07466677459572386,-8.186405520410537
2.9466666666666668,73.62946100872976,-0.08441391458418226,6.87457117430602,-0.08087602607730053,-6.695357224272035
2.9475000000000002,73.6752813501231,-0.07802643397032895,8.43559355439784,-0.0857949420209876,-5.093633407144424
2.9483333333333337,73.72081871280895,-0.07039105076980005,9.865428327503222,-0.08934163124049886,-3.4063399901520626
2.9491666666666667,73.76610635895989,-0.06162707704021761,11.140455441450381,-0.0914558036679284,-1.660146973704045
2.95,73.81119544464016,-0.05187256962295166,12.239371676599553,-0.09209990291001051,0.11712610050466044
2.9508333333333336,73.8561518301,-0.04128224372559583,13.14355840956719,-0.09125988297215185,1.8969485114366134
2.9516666666666667,73.90105192228769,-0.030025095842427685,13.837410403430347,-0.08894561209244575,3.6505337718426984
2.9525,73.94597780521458,-0.01828177100798649,14.3086196742113,-0.08519089243725692,5.34930492239412
2.9533333333333336,73.99101196723501,-0.006241714084891284,14.54840911544462,-0.08005309051814562,6.9653622483338395
2.954166666666667,74.03623196121099,0.005899851081712659,14.55171129384681,-0.07361237948060191,8.471945789136193
2.955,74.08170534342254,0.01794506732327264,14.317288651448964,-0.06597060080354518,9.843884962953519
2.9558333333333335,74.12748522760953,0.029696664534077065,13.847792251534308,-0.0572497593281686,11.058027705653613
2.956666666666667,74.17360674593351,0.04096120271243808,13.149757170684458,-0.04759017178145234,12.093641728849892
2.9575,74.220084661644,0.05155228442314634,12.233533658724797,-0.03714829500293033,12.93278083435816
2.9583333333333335,74.26691230073112,0.06129368315309631,11.113154240295675,-0.026094265781410133,13.56060967908094
2.959166666666667,74.3140618862596,0.07002233462231015,9.806138003200935,-0.0146091894826597,13.965680960930198
2.9600000000000004,74.36148626740858,0.07759113959752915,8.333234390555003,-0.002882219393910531,14.140159685594634
2.9608333333333334,74.40912194097338,0.08387152912599091,6.718109868020596,0.008892527162619965,14.079989966403705
2.961666666666667,74.45689318117645,0.0887557463490427,4.986981857154561,0.020519166466928848,13.785000695826122
2.9625000000000004,74.50471700917886,0.09215880311293244,3.1682052899326796,0.03180330765654324,13.258947390521442
2.9633333333333334,74.55250868283868,0.09402007444280956,1.2918180348704966,0.04255531964257706,12.509488543432315
2.964166666666667,74.60018734342884,0.09430449949183677,-0.6109477495282916,0.05259355078777493,11.548095894472674
2.9650000000000003,74.6476814441837,0.0930033637606686,-2.5081805756916213,0.06174744641903457,10.389899142671583
2.9658333333333333,74.69493359330714,0.09013464409677127,-4.367822560020743,0.06986051014975748,9.053466746384883
2.966666666666667,74.7419044813449,0.08574290513614247,-6.158211532391234,0.07679305682771076,7.560525577304102
2.9675000000000002,74.78857561941737,0.079898743318442,-7.848623214863679,0.08242470768657661,5.935623287614228
2.9683333333333337,74.83495069179465,0.07269778227380498,-9.409804200913767,0.08665658193675276,4.2057382991491865
2.9691666666666667,74.88105541768873,0.06425923111698346,-10.814486461298134,0.0894131435374233,2.3998433095831153
2.97,74.92693591525449,0.05472402485762475,-12.037874257405395,0.09064366718579452,0.5484291147471303
2.9708333333333337,74.97265566793155,0.04425257362017306,-13.058094659334248,0.09032329357454051,-1.317003648645403
2.9716666666666667,75.01829128065225,0.03302215450590634,-13.856603339889705,0.08845365059026007,-3.164476547381284
2.9725,75.06392730782632,0.021223986628092002,-14.418537945964141,0.08506302428943206,-4.962080331340234
2.9733333333333336,75.10965049563325,0.009060035946913816,-14.733012124181984,0.08020607104035643,-6.678527581300109
2.974166666666667,75.15554383071506,-0.003260398067802305,-14.793344191217479,0.07396307006799996,-8.283701495903665
2.975,75.20168080162293,-0.015524257336090115,-14.597215474943829,0.06643872362746683,-9.749191188444282
2.9758333333333336,75.24812027419824,-0.02751840134310394,-14.146754498060794,0.05776052004516581,-11.0488039311332
2.976666666666667,75.29490233984384,-0.03903332162302874,-13.448544410090589,0.048076682743338046,-12.15904502076948
2.9775,75.34204544000079,-0.04986682996346502,-12.513552380943755,0.03755373598511606,-13.05955634649828
2.9783333333333335,75.38954497487671,-0.059827655229903645,-11.356981022110114,0.02637372527362003,-13.733505311208518
2.979166666666667,75.43737351216575,-0.06873888434101988,-9.998043284341,0.014731137010101866,-14.167916490727817
2.98,75.48548259609633,-0.0764411847093219,-8.459663662772858,0.0028295680008563833,-14.353939296295179
2.9808333333333334,75.53380604524651,-0.08279574838997457,-6.76810990094125,-0.00912179940031097,-14.28704592539765
2.981666666666667,75.58226452139002,-0.0876869022244546,-4.952560698068083,-0.020911856432254836,-13.9671550283022
2.9825000000000004,75.63077105874922,-0.09102433337525094,-3.044616164567489,-0.0323312979703333,-13.398677764688792
2.9833333333333334,75.67923717370688,-0.09274488575538817,-1.077758915499627,-0.04317635787334634,-12.590484257224126
2.984166666666667,75.72757912545603,-0.09281388986348132,0.9132252833742913,-0.05325248294983462,-11.555789842815296
2.9850000000000003,75.77572388561808,-0.09122599634657635,2.892857516589433,-0.062377878955684085,-10.311961956493382
2.9858333333333333,75.8236143886656,-0.08800549209227283,4.825595841261308,-0.07038686333402167,-8.880249929842739
2.986666666666667,75.87121368210138,-0.08320608666582692,6.676474455387607,-0.07713296190964006,-7.285441421134007
2.9875000000000003,75.91850766969384,-0.07691016630085672,8.411740478015874,-0.08249169043411694,-5.555450590629452
2.9883333333333337,75.9655062352538,-0.06922752225737054,9.99947674911341,-0.0863629666961918,-3.7208444653980868
2.9891666666666667,76.01224265280274,-0.060293570020220046,11.410199107995114,-0.08867310481068176,-1.814315178901054
2.99,76.05877130624273,-0.050267085328199276,12.617416872222181,-0.08937635017636862,0.12989310558573497
2.9908333333333337,76.10516386852123,-0.03932749224376281,13.598145714970007,-0.0884559213601239,2.0765927928955357
2.9916666666666667,76.15150419820897,-0.027671747198968595,14.333362822387913,-0.08592453367606143,3.9902863560329402
2.9925,76.19788231396898,-0.015510871035686522,14.808395097903274,-0.08182438836711,5.835813473393429
2.9933333333333336,76.2443878728223,-0.003066188313072607,15.013232252769688,-0.07622662087778889,7.579000088362663
2.9941666666666666,76.29110362743563,0.009434660548037793,14.942757869678209,-0.06923021159372968,9.187297434813853
2.995,76.33809933662837,0.02176186353027529,14.596892924502598,-0.06096037240221108,10.630399047469306
2.9958333333333336,76.38542658506259,0.03368766297163599,13.98064778374298,-0.051566432355335944,11.880823974927102
2.996666666666667,76.43311489876238,0.04499058583945186,13.104080329705942,-0.041219255366412536,12.914454835302484
2.9975,76.4811694616251,0.05545959971519458,11.982159580287354,-0.030108232092659747,13.711019999310365
2.9983333333333335,76.52957061210068,0.06489811607980346,10.634535927314722,-0.018437896733751916,14.254510042434578
2.999166666666667,76.57827518023291,0.07312776416835175,9.085220893210833,-0.006424227271646675,14.533519670217723
3.0,76.62721957933664,0.07999186180864656,7.362181058488897,0.005709305507234737,14.541507567687063
3.0008333333333335,76.67632444387435,0.08535851425555828,5.496852516086836,0.01773586915033799,14.276968041730957
3.001666666666667,76.72550047673306,0.0891232780016862,3.5235838224815343,0.029429505315905408,13.743509884491548
3.0025000000000004,76.77465508410104,0.09121133382804068,1.4790169135522526,0.04056939154711092,12.949839566982734
3.0033333333333334,76.8236993038438,0.09157912181277296,-0.5985832016417041,0.05094404872504272,11.90964763891863
3.004166666666667,76.87255451323574,0.09021540053510242,-2.6700379884716257,0.060355413704546515,10.641399037572633
3.0050000000000003,76.92115840486035,0.08714170310219531,-4.695991234963327,0.06862269799045627,9.168029855665068
3.0058333333333334,76.96946977398248,0.08241217373831958,-6.6376575277412,0.07558595620552767,7.516554956178916
3.006666666666667,77.01747174411868,0.07611278028763492,-8.457569199915028,0.08110929250860889,5.717592611122596
3.0075000000000003,77.06517316799106,0.06835990988479886,-10.120307375159342,0.08508363898354353,3.804814047058992
3.0083333333333337,77.1126080840524,0.0592983670326682,-11.593202786608014,0.08742904726672462,1.814327369222417
3.0091666666666668,77.1598332450139,0.049098805130152266,-12.846992381249718,0.08809644317418472,-0.21599322882635086
3.0100000000000002,77.20692389259962,0.03795463392659872,-13.856418332644822,0.08706880372477363,-2.2472208086741317
3.0108333333333337,77.253968081086,0.026078456168680757,-14.600756968428295,0.08436172653115556,-4.24011838163588
3.0116666666666667,77.30105997380137,0.013698096662654341,-15.064266266047401,0.08002337289152746,-6.155896947492478
3.0125,77.34829261760937,0.0010522958631771773,-15.236541961276297,0.07413377782899569,-7.95697432436484
3.0133333333333336,77.39575074764491,-0.011613852260592342,-15.112773928960761,0.06680353258630428,-9.607719944781904
3.0141666666666667,77.4435041830165,-0.024053632122465324,-14.693896307885217,0.05817185745553251,-11.075170807990972
3.015,77.49160232929287,-0.036023517595190915,-13.986626817375326,0.04840409504986787,-12.329704085285886
3.0158333333333336,77.5400702326791,-0.04728796875625748,-13.003392821802414,0.037688665989388116,-13.345652476146212
3.016666666666667,77.58890650431994,-0.05762411966822932,-11.762143894640543,0.026233540197498247,-14.10184929987769
3.0175,77.63808330114489,-0.06682626328747285,-10.28605288271235,0.014262287393671599,-14.58209147320547
3.0183333333333335,77.6875483806146,-0.0747100421986927,-8.603109721586629,0.0020097796595046112,-14.775509947165343
3.019166666666667,77.7372290929502,-0.0811162583465814,-6.745614467466989,-0.010282373027040027,-14.676838839217
3.02,77.78703800998774,-0.08591422121146093,-4.749578136797653,-0.022370566861517283,-14.286576364924167
3.0208333333333335,77.83687976372276,-0.08900456188281737,-2.6540419441567598,-0.03401403555089072,-13.611032720850897
3.021666666666667,77.88665856419884,-0.09032145008294881,-0.5003273535389279,-0.04497967344707816,-12.662262254827375
3.0225000000000004,77.93628580389444,-0.08983416222351978,1.6687690306361658,-0.055046753728498814,-11.457879541865786
3.0233333333333334,77.98568714772128,-0.08754796085841056,3.8098203459312177,-0.06401144553702842,-10.020761321355758
3.024166666666667,78.03480853419364,-0.08350425917890233,5.8796376659097795,-0.07169103658239262,-8.378638593372225
3.0250000000000004,78.08362059974786,-0.0777800582630073,7.836144280953327,-0.07792777227405115,-6.5635854765597275
3.0258333333333334,78.13212115635307,-0.07048665934382846,9.639238414505268,-0.08259222887333055,-4.6114136447945695
3.026666666666667,78.18033550153494,-0.06176766812446488,11.251626648068054,-0.0855861463804505,-2.5609832393313887
3.0275000000000003,78.22831451913177,-0.051796322853284976,12.639610615354856,-0.08684465676434222,-0.4534430524955929
3.0283333333333333,78.27613069681394,-0.04077219214975265,13.773810175621792,-0.08633785451111671,1.6685855481965266
3.029166666666667,78.32387236491952,-0.028917302175926432,14.629807285665146,-0.08407166913993638,3.761865075640449
3.0300000000000002,78.37163660555227,-0.0164717653536998,15.188696144551361,-0.0800880130491846,5.7834217684249865
3.0308333333333337,78.4195213943801,-0.0036889941712295047,15.43752686528201,-0.07446419256273933,7.691431053890971
3.0316666666666667,78.46761761067147,0.009169406559372836,15.369631906568925,-0.06731158506366769,9.446090428040396
3.0325,78.51600156726154,0.021838967578083325,14.984826739450964,-0.058773600317244754,11.010461492114436
3.0333333333333337,78.56472867848616,0.03405779567879196,14.289478688291414,-0.04902295919637565,12.351263205326822
3.0341666666666667,78.61382880131208,0.04557201536960285,13.296440527301483,-0.03825833770945502,13.439599114746114
3.035,78.66330364712393,0.05614109851929735,12.024848178174674,-0.026700438168633503,14.251602398652684
3.0358333333333336,78.71312650479038,0.0655429694536969,10.499784691481912,-0.014587562239285336,14.76898399804181
3.036666666666667,78.76324431522328,0.0735787759678287,8.751815538458183,-0.002170772156788672,14.97947088524852
3.0375,78.81358195151265,0.0800772220830702,6.816403039185106,0.010291263652343327,14.87712360471229
3.0383333333333336,78.86404836875947,0.0848983660288931,4.733210440596385,0.02253763622185478,14.462524576906079
3.039166666666667,78.91454412623814,0.08793679675153596,2.5453086772990012,0.03431066261710718,13.742831240482408
3.04,78.96496966857384,0.0891241140910819,0.29830114202422053,0.04536133927740942,12.731690870910569
3.0408333333333335,79.01523367524129,0.08843065139414358,-1.9606161953191927,0.05545466654070549,11.449016797841814
3.041666666666667,79.06526077860903,0.08586639450912145,-4.183640297252159,0.06437472975703672,9.92062869360924
3.0425,79.1149979943226,0.0814810675350846,-6.323371864885013,0.07192942585673005,8.177762556323557
3.0433333333333334,79.1644193081083,0.07536337304231182,-8.333830208803436,0.0779547301353894,6.2564589009835885
3.044166666666667,79.21352801169087,0.06763939239855167,-10.171450491752928,0.08231840627429918,4.196840437077351
3.0450000000000004,79.26235657071439,0.058470169950272564,-11.79604164826063,0.0849230731070234,2.042293089039906
3.0458333333333334,79.31096400707493,0.048048522717516896,-13.171683752584887,0.08570855417259722,-0.16143345527075237
3.046666666666667,79.35943099702448,0.036595134601548736,-14.26754454317508,0.0846534504573851,-2.3671874562889763
3.0475000000000003,79.4078530802652,0.024354010459701942,-15.058596207788371,0.08177589262297913,-4.527419212650498
3.0483333333333333,79.45633254224637,0.011587380413430062,-15.526215369148924,0.07713344614433051,-6.595206375930172
3.049166666666667,79.50496965508405,-0.0014298419345737919,-15.658651456703808,0.07082216079152963,-8.525278501875574
3.0500000000000003,79.55385402633652,-0.014415932419689564,-15.451351264982593,0.06297477439886205,-10.275018479725478
3.0508333333333337,79.60305680260325,-0.027088436453107566,-14.907130433761688,0.05375809948090746,-11.805418593890504
3.0516666666666667,79.65262441559966,-0.03917032605489698,-14.03618578447711,0.04336963958110901,-13.081969577279965
3.0525,79.70257442795058,-0.05039609980932083,-12.855945842705584,0.03203349984475222,-14.075462109413234
3.0533333333333337,79.7528938627131,-0.06051769100528989,-11.390760400917133,0.019995672812052268,-14.762681783079575
3.0541666666666667,79.80354018882299,-0.06931005142751706,-9.67143355152601,0.007518795427273629,-15.126980586350232
3.055,79.85444489934108,-0.07657628343588034,-7.734608168764365,-0.005123513603407469,-15.158710386063252
3.0558333333333336,79.90551939613364,-0.08215220106720475,-5.622013261959865,-0.01765261602260628,-14.855506712380809
3.0566666666666666,79.9566626850175,-0.08591021178418566,-3.3795888793609468,-0.029790987254633895,-14.222414274046356
3.0575,80.00777021839002,-0.08776242399522227,-1.0565062358037225,-0.041268386366360404,-13.271849018970375
3.0583333333333336,80.05874311720365,-0.08766290133416182,1.2958966041829183,-0.051827925618166036,-12.023395125436862
3.059166666666667,80.1094969575036,-0.08560900259747159,3.625240902946542,-0.061231902649587076,-10.503438986409945
3.06,80.159969337028,-0.08164176583791992,5.879270910813121,-0.06926726160689362,-8.74464595520967
3.0608333333333335,80.21012553770036,-0.07584531599642515,8.007029361834693,-0.07575055585540105,-6.785289270685757
3.061666666666667,80.2599617606872,-0.06834529716720862,9.960018435284779,-0.08053229424261131,-4.668444089522984
3.0625,80.30950561931779,-0.059306352660771736,11.693319679427857,-0.08350056503723068,-2.4410628396397427
3.0633333333333335,80.35881382047816,-0.04892869796717178,13.166646860760697,-0.08458384645063781,-0.152951092575202
3.064166666666667,80.40796721406291,-0.03744385301198289,14.345306772425161,-0.08375292975791122,2.144334242644302
3.0650000000000004,80.45706362881927,-0.02510962024994984,15.20104469876893,-0.08102190013582225,4.398640443141656
3.0658333333333334,80.50620912042305,-0.012204413670963359,15.712753465068324,-0.07644814103061777,6.55840260012882
3.066666666666667,80.55550840792498,0.0009789397649746616,15.867027762688188,-0.07013134970778472,8.573828642106921
3.0675000000000003,80.60505535967532,0.014139790806899285,15.658548679335057,-0.062211574146145844,10.398058542115821
3.0683333333333334,80.65492439393662,0.02697650418704637,15.090287016372756,-0.05286630410677934,11.988270614524696
3.069166666666667,80.7051635917695,0.039193386097048304,14.173517967094192,-0.042306671523496986,13.306708554263942
3.0700000000000003,80.75579016913004,0.0505075440400937,12.927643972906344,-0.030772836783536282,14.321604245626043
3.0708333333333337,80.80678874664902,0.06065551940598085,11.379826977787081,-0.018528657493731015,15.00797335116333
3.0716666666666668,80.85811260591926,0.06939953599324925,9.564435765484417,-0.005855754459043261,15.34826325199322
3.0725000000000002,80.90968784562463,0.07653321428814754,7.5223184837875765,0.0069528946304485625,15.33283600071946
3.0733333333333337,80.96142007964538,0.08188661152248901,5.299914732190744,0.01959969031138971,14.960272506900886
3.0741666666666667,81.01320308310937,0.08533046121211864,2.9482256098786923,0.03178932190406608,14.237488130671826
3.075,81.06492860060835,0.08677950276170995,0.5216637873708977,0.04323569373396325,13.179654125633437
3.0758333333333336,81.11649641415343,0.08619481148361059,-1.923191115299273,0.05366870446059012,11.809923855726009
3.0766666666666667,81.16782373427057,0.08358506160703352,-4.328903876082773,0.0628407179724905,10.158967310100639
3.0775,81.21885302962706,0.07900667906928373,-6.6385317018976036,0.07053256916734918,8.264322047949163
3.0783333333333336,81.2695575459241,0.07256286654770557,-8.796977500187886,0.07655895660122847,6.16957321224069
3.079166666666667,81.3199439732677,0.06440150972798576,-10.75231626998686,0.08077308633227352,3.923379547369289
3.08,81.37005198147051,0.05471200059182076,-12.457062568196015,0.08307044707806836,1.578366332744359
3.0808333333333335,81.41995063866968,0.04372103991478486,-13.869347854574247,0.08339161575055262,-0.8100902998597876
3.081666666666667,81.46973201844958,0.03168750653715867,-14.953978133368377,0.08172401412226792,-3.1851601595362196
3.0825,81.5195025747578,0.018896504692779034,-15.683344670390367,0.07810256136194425,-5.489906957636281
3.0833333333333335,81.56937308307053,0.005652722134018998,-16.038163630588937,0.07260919291202321,-7.668655733504289
3.084166666666667,81.61944809279589,-0.007726749584871802,-16.008024194313276,0.0653712430810162,-9.668347012028011
3.0850000000000004,81.66981589623501,-0.02091996601739866,-15.59172899528733,0.05655871616256155,-11.439844706322877
3.0858333333333334,81.7205399803044,-0.03360787376996391,-14.797415487086612,0.046380498208733724,-12.939165322622236
3.086666666666667,81.77165280094161,-0.0454820619492877,-13.642451984088668,0.03507958811906608,-14.128597371763057
3.0875000000000004,81.82315250364198,-0.0562523326024088,-12.153107517108056,0.022927451780713613,-14.977682026721153
3.0883333333333334,81.87500293578226,-0.06565390321939181,-10.364000168336476,0.010217625976390123,-15.464028954120206
3.089166666666667,81.92713698317279,-0.07345406056209905,-8.317334071620378,-0.002741280943737564,-15.573944836052577
3.0900000000000003,81.97946293900988,-0.07945809582734736,-6.061940644756721,-0.01563302761031929,-15.302856313170366
3.0908333333333333,82.03187331408792,-0.08351436627560649,-3.652144724862348,-0.02814144010909051,-14.655513831076021
3.091666666666667,82.0842552508344,-0.08551834767056452,-1.1464809727610847,-0.0399581879547396,-13.64596805359349
3.0925000000000002,82.13650153823365,-0.08541556478898939,1.3937099281566874,-0.050790444462378945,-12.297315999886012
3.0933333333333337,82.1885211534318,-0.08320331337522174,3.905772245661435,-0.060368240402728666,-10.64121973667887
3.0941666666666667,82.24024828818125,-0.07893111564321913,6.327277558363524,-0.06845132456961739,-8.717206174516788
3.095,82.29164895749228,-0.0726998821120375,8.597580801164101,-0.0748353543668604,-6.571762136468137
3.0958333333333337,82.34272451362615,-0.06465978445950683,10.659351290218982,-0.07935725358953162,-4.257244244040155
3.0966666666666667,82.3935116877478,-0.05500687642472757,12.460039968317371,-0.08189959297487297,-1.8306281585681954
3.0975,82.4440791207003,-0.04397853177208365,13.953245034895842,-0.08239387145140482,0.647873808629976
3.0983333333333336,82.49452069245773,-0.03184779913517492,15.099940023063374,-0.0808226018374046,3.116293872220472
3.099166666666667,82.5449462832645,-0.018916802385626274,15.86953123308075,-0.07722013344916584,5.512452813077833
3.1,82.59547086528141,-0.005509341247335998,16.240715176789504,-0.07167217500483247,7.775528734761723
3.1008333333333336,82.64620300017663,0.008037130519158612,16.202111254593014,-0.06431401360500907,9.847611088728485
3.101666666666667,82.69723389550124,0.021379953545808503,15.752650179205348,-0.05532745865030254,11.675200202117393
3.1025,82.74862812727861,0.034179928266297475,14.90170455677441,-0.04493657247242321,13.210613234420286
3.1033333333333335,82.80041698502437,0.04610997897092352,13.668954401012629,-0.033402281378279004,14.413259198330483
3.104166666666667,82.85259514018082,0.056863594919354346,12.083987034068597,-0.021015990883414805,15.25074838433646
3.105,82.90512101001937,0.06616282930863239,10.185637654727156,-0.008092356336765317,15.699805180987362
3.1058333333333334,82.95792081571983,0.07376564496881208,8.021083656222054,0.005038615850171306,15.746957809799687
3.106666666666667,83.01089595671999,0.07947240933114279,5.644712376000874,0.018039941248418623,15.388983798451779
3.1075000000000004,83.06393297895215,0.08313136024073106,3.1167881810379754,0.03057629440624656,14.633095977228969
3.1083333333333334,83.11691513852821,0.08464288817801555,0.5019504642303836,0.04232268945786829,13.496860260869022
3.109166666666667,83.16973438746017,0.08396250888926611,-2.1324209104727974,0.052972979558026295,12.007843314009142
3.1100000000000003,83.22230255015606,0.08110243264878356,-4.717932070879346,0.06224795168887477,10.202995221563116
3.1108333333333333,83.27456052877763,0.07613167161844232,-7.186949741876748,0.06990280058883773,8.127779315594887
3.111666666666667,83.3264845657084,0.06917466416749578,-9.474378193868649,0.07573377855328814,5.8350681623401455
3.1125000000000003,83.37808888412633,0.06040843362563439,-11.519391867390482,0.07958383642796366,3.3838312019332024
3.1133333333333337,83.42942439695926,0.05005833777271118,-13.267077355480323,0.08134709488203194,0.8376454793383892
3.1141666666666667,83.48057357955365,0.03839250339273344,-14.669940007952764,0.08097201348111824,-1.7369338625777369
3.115,83.53164200306064,0.025715076415116868,-15.689233224338814,0.07846315752295109,-4.2721022930691905
3.1158333333333337,83.58274738337683,0.012358451534455207,-16.29607247807735,0.07388149826919191,-6.700589412718392
3.1166666666666667,83.63400727035409,-0.001325325210106483,-16.472301183058285,0.06734322021461309,-8.957450646424974
3.1175,83.68552666188832,-0.01497376246345487,-16.211081564732055,0.05901704841832783,-10.981819435795607
3.1183333333333336,83.73738685103187,-0.02822350021348382,-15.517190590402931,0.04912014864657598,-12.718572475719812
3.119166666666667,83.78963670041689,-0.04072000559416031,-14.407008580896385,0.037912692086648804,-14.119862039524559
3.12,83.84228729618073,-0.05212712936023976,-12.908196179541296,0.025691213621991456,-15.146472205870031
3.1208333333333336,83.89531058462319,-0.062136264418073774,-11.059063686802077,0.01278092706627367,-15.7689597921243
3.121666666666667,83.948642176877,-0.07047485463739565,-8.90764516057314,-0.00047280864600119515,-15.968545932785519
3.1225,84.0021880620753,-0.07691401594848005,-6.510497905750874,-0.013713652431430596,-15.737730403698016
3.1233333333333335,84.05583454657663,-0.08127505221213567,-3.931255804389862,-0.026583832941704487,-15.080607838629403
3.124166666666667,84.10946038137268,-0.08343467511356821,-1.2389721463850165,-0.038733834920393215,-14.012872741601232
3.125,84.16294979152157,-0.08332876977010092,1.4937060014909913,-0.049831958097576706,-12.561508469629699
3.1258333333333335,84.21620500899571,-0.0809545850823127,4.1924844971990245,-0.05957348622419194,-10.76416393061498
3.126666666666667,84.2691569467355,-0.07637126917055587,6.783438347032057,-0.06768921057137928,-8.66823038050913
3.1275000000000004,84.3217728379932,-0.06969871446908159,9.195043082156547,-0.07395306609049923,-6.329639176037439
3.1283333333333334,84.3740599809215,-0.06111472303373128,11.360165544493366,-0.07818865920716057,-3.811409405361433
3.129166666666667,84.42606514115724,-0.05085054911875522,13.217958480338106,-0.08027449347064645,-1.1819817460805546
3.1300000000000003,84.47786963522722,-0.03918492181821641,14.715605029234755,-0.08014773237560847,1.4866185326896635
3.1308333333333334,84.52958059015988,-0.02643669425541395,15.809862419739328,-0.07780637681021259,4.1207410031960965
3.131666666666667,84.58131930106502,-0.012956306184337732,16.468358887361482,-0.07330977680395662,6.647139262142684
3.1325000000000003,84.63320793992978,0.0008837172560051652,16.670603914973096,-0.06677744245126242,8.99501430385481
3.1333333333333337,84.68535606737456,0.014698977616202822,16.40867922260144,-0.0583861658672066,11.098015148570783
3.1341666666666668,84.73784843967559,0.028103849306309978,15.687586323437287,-0.048365513505694444,12.896139989317792
3.1350000000000002,84.79073547902134,0.04072226677415405,14.525235703421899,-0.03699179481162357,14.33748292267878
3.1358333333333337,84.84402749434572,0.05219835122284566,12.952072530178045,-0.024580657652905062,15.379774718950772
3.1366666666666667,84.89769333700751,0.062206575385946636,11.010343988693752,-0.011478501987075755,15.991671006350519
3.1375,84.95166368497647,0.07046117340350475,8.753023592166848,0.0019470604782246739,16.15374758559239
3.1383333333333336,85.00583863232066,0.07672451983385821,6.242417837371314,0.015317442392137698,15.859170207598458
3.1391666666666667,85.06009877231001,0.08081422698151013,3.5484900722766035,0.02825373073135299,15.11401484914107
3.14,85.11431855843044,0.08260874246483853,0.7469451355281238,0.0403874526934234,13.937224083951186
3.1408333333333336,85.16838045570636,0.08205126850454714,-2.082874055204627,0.0513711517734508,12.360195315122322
3.141666666666667,85.22218828745024,0.07915186978507986,-4.860220489902689,0.06088846911679239,10.426007129209692
3.1425,85.27567825509301,0.07398768673799301,-7.50524538253546,0.06866343485109092,8.188300557813957
3.1433333333333335,85.32882635572426,0.06670122436888233,-9.941303505322646,0.07446869239100473,5.709842284560478
3.144166666666667,85.38165131573703,0.05749674182020159,-12.097194992871234,0.07813240532122763,3.0608065103563358
3.145,85.43421266199898,0.046634823174741054,-13.90927773970745,0.079543630797395,0.31682099367417227
3.1458333333333335,85.48660410287967,0.03442526394977908,-15.323387117443175,0.07865598461282886,-2.4431695618102007
3.146666666666667,85.53894293249992,0.02121845871428542,-16.29650423958794,0.07548947010218857,-5.139163341865313
3.1475000000000004,85.59135663850074,0.007395521729440009,-16.79812031387354,0.07013039463243648,-7.69242040319089
3.1483333333333334,85.64396823172201,-0.006642586984762902,-16.811252599384613,0.06272935214809151,-10.027773866951351
3.149166666666667,85.69688198398069,-0.020486624527048265,-16.333076931699214,0.05349730654799181,-12.075865440816411
3.1500000000000004,85.7501712341804,-0.033730986479170916,-15.375152447815008,0.04269986694860575,-13.775238418917475
3.1508333333333334,85.80386970392685,-0.04598564077358347,-13.963225746104525,0.030649900473806044,-15.074224338325646
3.151666666666667,85.85796737132964,-0.05688772250240085,-12.136613931331613,0.017698679452483157,-15.932564451118642
3.1525000000000003,85.91241143205511,-0.06611244284084204,-9.947178472073603,0.00422580621863944,-16.322713999390523
3.1533333333333333,85.96711228429963,-0.07338298037306562,-7.457914170602178,-0.009371801385842841,-16.230785794229423
3.154166666666667,86.0219538830375,-0.0784790483613474,-4.741189442283886,-0.02269154852189767,-15.657099583081472
3.1550000000000002,86.076807285193,-0.08124386634031347,-1.876685154769691,-0.035337087251937516,-14.616314876765825
3.1558333333333337,86.13154581633327,-0.081589307995792,1.0509108642293787,-0.04693017357735617,-13.137136989060185
3.1566666666666667,86.18606007855666,-0.07949904846905409,3.9543882018963625,-0.05712210206419805,-11.261598674518085
3.1575,86.24027101707338,-0.07502959162505343,6.746605134295096,-0.06560436983460058,-9.043932565250605
3.1583333333333337,86.29413947292011,-0.06830911983046817,9.343110324158987,-0.07211823965205055,-6.54906222109063
3.1591666666666667,86.34767104903783,-0.05953417362001784,11.66471620195516,-0.07646290007202167,-3.85075163237388
3.16,86.40091566185686,-0.04896423437835296,13.639945369619785,-0.07850195851534436,-1.0294640716282615
3.1608333333333336,86.45396177999503,-0.036914347851118814,15.207273842572302,-0.07816804969429829,1.8300090791802361
3.161666666666667,86.50692598880033,-0.02374598792636223,16.317099796499548,-0.0754653958335303,4.641080823467817
3.1625,86.55993909017407,-0.009856416754628353,16.93337361603746,-0.07047021508012179,7.317987527863115
3.1633333333333336,86.61313038165646,0.00433315293341636,17.034834285841125,-0.06332893867335253,9.778415579192218
3.164166666666667,86.66661199906734,0.01839024616595994,16.615808283131898,-0.05425426395633753,11.946055294843871
3.165,86.72046522504951,0.031884286236854964,15.686539824865378,-0.043519137162830054,13.753002485126547
3.1658333333333335,86.7747304500188,0.04439982866131386,14.273035234031923,-0.0314488250423978,15.141931366555646
3.166666666666667,86.82940204758489,0.0555494615924168,12.416418914932393,-0.018411295749556838,16.067968255138915
3.1675,86.8844288405235,0.06498596990011257,10.171813526752532,-0.004806185037003965,16.500203505484365
3.1683333333333334,86.93972015516793,0.07241337688245789,7.6067719561394105,0.00894732818414694,16.42278930649219
3.169166666666667,86.99515677427306,0.0775965066563805,4.799303141627276,0.02242337407287763,15.83558292833581
3.1700000000000004,87.05060548584358,0.08036875100109597,1.8355472300603626,0.035202580889212326,14.754308504456604
3.1708333333333334,87.1059354654271,0.08063777575978252,-1.1928324972033502,0.046885193433142534,13.210225036806376
3.171666666666667,87.16103448141008,0.07838896244628822,-4.1914634125318635,0.05710370957498364,11.249303597973597
3.1725000000000003,87.21582291104394,0.07368644873265634,-7.066197691131263,0.0655346324983471,8.930932203057713
3.1733333333333333,87.27026380321536,0.06667170501417702,-9.726076168809769,0.07190895805185142,6.326182051514367
3.174166666666667,87.32436769535236,0.05755966104608383,-12.086228722066542,0.07602105078632468,3.5156833055554233
3.1750000000000003,87.37819153122832,0.04663247435058335,-14.070618357994151,0.07773560800686717,0.5871717996993296
3.1758333333333337,87.4318317568571,0.03423110825221735,-15.61453953714516,0.07699246727166995,-2.3672203840817856
3.1766666666666667,87.48541240334885,0.02074495955574492,-16.666787510388296,0.07380907764184834,-5.253848096401392
3.1775,87.5390696068234,0.0065998416474858995,-17.19142449673419,0.06828052673290666,-7.980520677005056
3.1783333333333337,87.59293448384715,-0.007755314056011223,-17.169080135618067,0.060577092078861215,-10.45946023502964
3.1791666666666667,87.64711651375592,-0.02186262887793253,-16.597737498567607,0.050939364134262866,-12.610155650936685
3.18,87.70168954262697,-0.03526987626834155,-15.492971645245134,0.03967106691806853,-14.362018983323775
3.1808333333333336,87.75668221687253,-0.04754504573380315,-13.887624791448905,0.027129778304881023,-15.65675569789992
3.181666666666667,87.81207411166972,-0.058290401393398125,-11.830920098911566,0.013715822780928949,-16.45036783429564
3.1825,87.86779810595966,-0.06715557451846291,-9.387034334692842,-0.0001403272958737569,-16.714719705764036
3.1833333333333336,87.92374876076748,-0.07384925380512004,-6.633167593786009,-0.013991752468779128,-16.438608708760174
3.184166666666667,87.97979568215696,-0.07814907614699787,-3.657165339146477,-0.027389457837284994,-15.62829893614811
3.185,88.03580019520008,-0.0799093733405357,-0.5547636096598745,-0.03989695609065872,-14.307492092571664
3.1858333333333335,88.09163320754182,-0.07906649501570515,2.5734581666636878,-0.05110458859346751,-12.516728189585887
3.186666666666667,88.14719196223875,-0.0756415032575674,5.62532123266504,-0.06064311265130835,-10.312227086284913
3.1875,88.20241349615408,-0.06974011760092957,8.500384754342758,-0.06819610007605337,-7.764200538431931
3.1883333333333335,88.25728302248247,-0.06154987775805063,11.103267686498826,-0.07351072444884243,-4.954682410603508
3.189166666666667,88.3118360955558,-0.05133458275412272,13.346845272178754,-0.07640656128603464,-1.9749414809689907
3.1900000000000004,88.36615421401291,-0.03942615612207918,15.155212419185967,-0.0767820853883009,1.0774437583137344
3.1908333333333334,88.42035437298752,-0.026214174416233617,16.466312050982193,-0.0746186212653225,4.1017562703180035
3.191666666666667,88.47457387661686,-0.01213337755572252,17.23413590134222,-0.06998158352423173,6.997455762507626
3.1925000000000003,88.52895236273896,0.002350448438148901,17.430417877779163,-0.06301893197140668,9.667529640575198
3.1933333333333334,88.58361338480178,0.016755765490517677,17.04575570748042,-0.053956858100137645,12.021768070137814
3.194166666666667,88.63864798476305,0.030601257287979446,16.09011464278451,-0.043092812616338357,13.979852175517761
3.1950000000000003,88.69410245762641,0.04342195553578315,14.59268698763929,-0.03078607458290597,15.474148742391193
3.1958333333333337,88.74997197805756,0.05478497826534464,12.601102479284698,-0.017446148530781774,16.452112818344407
3.1966666666666668,88.80620099770039,0.06430434475749307,10.180006428318416,-0.0035193534869685577,16.878211133534965
3.1975000000000002,88.86269042666399,0.07165435482435914,7.409044255231265,0.010525965489510498,16.73529398018706
3.1983333333333337,88.9193107024386,0.07658106116822629,4.380311918605976,0.024215119478612813,16.025360665034622
3.1991666666666667,88.97591904693425,0.07891142127121988,1.1953509767750874,0.03708313012853545,14.769683348473183
3.2,89.03237862771361,0.07855978812935126,-2.0382160347873657,0.048690614359491374,13.00827538361635
3.2008333333333336,89.08857705532097,0.07553148493766348,-5.21030022778158,0.05863895500019472,10.798712472544478
3.2016666666666667,89.14444170776945,0.06992330487405127,-8.212090793029454,0.0665842292803687,8.214337321778114
3.2025,89.19994977432357,0.06192088031949513,-10.939802464898236,0.07224940180583489,5.34190023649636
3.2033333333333336,89.25513160133146,0.051792972772595675,-13.298296909146359,0.07543434095613825,2.27870847625434
3.204166666666667,89.3100668191665,0.039882841747501736,-15.204451015678067,0.07602328611567709,-0.8706245334047185
3.205,89.36487370755353,0.02659695437320306,-16.590151619965642,0.0739894757253769,-3.997723562752265
3.2058333333333335,89.41969318802062,0.012391393573640108,-17.40480704390463,0.06939674023846247,-6.994170863807772
3.206666666666667,89.47466958748238,-0.0022435918954548835,-17.617280756740104,0.062397966632775,-9.755273549248313
3.2075,89.52993078910012,-0.016800380845975512,-17.217170978872357,0.05323044876065274,-12.18374832302112
3.2083333333333335,89.58557050450574,-0.030771547101897452,-16.215381617023546,0.042208246837842266,-14.193193416799744
3.209166666666667,89.64163514293318,-0.04366759591708069,-14.643953838491667,0.029711785986627777,-15.711222768661314
3.2100000000000004,89.69811714579234,-0.05503424925629041,-12.555153074052356,0.01617502415374298,-16.682147170388085
3.2108333333333334,89.75495577836813,-0.06446866637765261,-10.019832417539266,0.002070610254161876,-17.069101066810454
3.211666666666667,89.81204534137767,-0.07163401449314755,-7.125119352539905,-0.012106469353780158,-16.85553151638758
3.2125000000000004,89.86924972649022,-0.07627185384487407,-3.971497555249823,-0.025856196983608096,-16.04598697061258
3.2133333333333334,89.92642133737105,-0.0782118709844117,-0.6693782866716411,-0.03869118105235349,-14.666167322378124
3.214166666666667,89.98342176036849,-0.0773785813045386,2.664724262664813,-0.05015404201632434,-12.7622223198051
3.2150000000000003,90.04014129238436,-0.07379472418981517,5.912283153389911,-0.05983390430326207,-10.399312066026477
3.2158333333333333,90.09651455943678,-0.06758118816087465,8.956972077591338,-0.06738139430838674,-7.659469992547621
3.216666666666667,90.15252997978736,-0.05895342523172744,11.68885268739621,-0.07252158900496686,-4.6388344459464514
3.2175000000000002,90.20823167048168,-0.04821443915069942,14.00838493400752,-0.0750644249512326,-1.444338914321568
3.2183333333333337,90.26371345205213,-0.035744556800175395,15.8301132113567,-0.07491216151776907,1.8100279651842452
3.2191666666666667,90.31910572707726,-0.02198831126532967,17.085890236303968,-0.0720635923516647,5.007263961501791
3.22,90.37455703527588,-0.007438874515297724,17.727514931263965,-0.06661481212762785,8.031554514642353
3.2208333333333337,90.43021287367927,0.0073794269019783155,17.728679700596874,-0.05875646766230741,10.772483558421747
3.2216666666666667,90.48619479507423,0.021929902028760398,17.08614581843818,-0.04876754921805348,13.129100760571115
3.2225,90.54258279763035,0.03568292361625386,15.820092414373441,-0.0370059047651952,15.013694592605784
3.2233333333333336,90.59940358129309,0.04813529291995252,13.973613849016257,-0.023895782459264225,16.355128767311403
3.224166666666667,90.6566264290413,0.058828831666488134,11.61137109310426,-0.009912820036651247,17.101613106944715
3.225,90.71416738616954,0.06736750938996354,8.817433958505823,0.004433000117011981,17.222798453574892
3.2258333333333336,90.77190121074626,0.07343245784293978,5.692381531168094,0.01861582877912408,16.711108232028774
3.226666666666667,90.8296794281457,0.07679429240739455,2.3497567771885226,0.032113197208470244,15.582245973609165
3.2275,90.88735191010747,0.07732225133225867,-1.0880030728747347,0.04442533214618571,13.874847596485004
3.2283333333333335,90.94478885159658,0.07498977428297121,-4.494017132362626,0.05509382360607544,11.649278480640504
3.229166666666667,91.00189992397284,0.06987626838022297,-7.741632515164176,0.06371894386872495,8.985607244332906
3.2300000000000004,91.05864775844137,0.06216494821634599,-10.709146026911702,0.06997495581069449,5.9808194451863335
3.2308333333333334,91.11505371745167,0.05213678132852146,-13.284399996609908,0.07362281387155344,2.7453640053396207
3.231666666666667,91.17119502514338,0.04016071696322272,-15.369077987598473,0.07451974965126662,-0.6008481575381543
3.2325000000000004,91.22719359684729,0.02668051821028037,-16.882534358518978,0.07262534347436533,-3.932851094195664
3.2333333333333334,91.28319814465262,0.012198650266346476,-17.765006313898656,0.06800380954538558,-7.125276380871949
3.234166666666667,91.33936215742128,-0.0027422045028808045,-17.980077779404787,0.06082236111637919,-10.057079165673029
3.2350000000000003,91.39582100303483,-0.01757933566235549,-17.51629050874747,0.05134566838138848,-12.616159788419935
3.2358333333333333,91.45267157349893,-0.03175115423150684,-16.387828405725937,0.03992657019435015,-14.703703899952753
3.236666666666667,91.5099575556375,-0.044718511188681614,-14.634235060187944,0.026993345565247195,-16.238071620989192
3.2375000000000003,91.56766260109623,-0.055985375165449255,-12.319160725687656,0.01303398661904047,-17.158080528841474
3.2383333333333337,91.6257125049535,-0.06511807184373723,-9.528172068965253,-0.0014219640768029596,-17.425547745933972
3.2391666666666667,91.6839861515739,-0.07176233066680736,-6.365694588708231,-0.015823347143006115,-17.026982479782255
3.24,91.7423336525145,-0.07565745732852795,-2.9511922104999306,-0.029618348298331376,-15.974351150582828
3.2408333333333337,91.80059898803455,-0.07664705090096327,0.5852801663584317,-0.042275695111205575,-14.304871655677546
3.2416666666666667,91.858643746146,-0.07468580907071222,4.107988754408312,-0.05330527415688427,-12.07983010806343
3.2425,91.91636834434837,-0.06984210943264792,7.480714309348452,-0.062277364316037406,-9.382451172110503
3.2433333333333336,91.97372746208175,-0.062296213922196135,10.572029462369944,-0.06883972352538927,-6.314890454594718
3.244166666666667,92.03073726029811,-0.05233411134630865,13.260455768738154,-0.07273183827951314,-2.9944528239638344
3.245,92.0874731976872,-0.04033718321870065,15.43929739747304,-0.07379574538427594,0.4508274044224221
3.2458333333333336,92.1440586877692,-0.026768044097611954,17.02095748080217,-0.07198296052125862,3.8870810993408162
3.246666666666667,92.20064625836854,-0.012153062762342522,17.94056004259607,-0.06735719368759022,7.179788931614478
3.2475,92.25739405989881,0.0029377914734581585,18.158724643092622,-0.06009269221584224,10.199056487711298
3.2483333333333335,92.31444132384725,0.017913018019870514,17.663371618989025,-0.05046822181274411,12.824773310851091
3.249166666666667,92.37188658632132,0.03218272352489648,16.470471994883113,-0.03885686836618721,14.951450261490754
3.25,92.42977210584749,0.04518192829649384,14.623696476563305,-0.02571201136538541,16.492538730236635
3.2508333333333335,92.48807697795888,0.0563931190662443,12.192960896826657,-0.011549976901580019,17.384052379225626
3.251666666666667,92.54672011364052,0.06536714263352242,9.271909413295237,0.003069982117806314,17.587336729490705
3.2525000000000004,92.6055727093379,0.07174158744338749,5.974419918123191,0.017567614628976075,17.09086323480972
3.2533333333333334,92.66447833294212,0.07525588770342176,2.430256761701877,0.031364657264496144,15.910961380869619
3.254166666666667,92.72327752256126,0.07576250442514006,-1.2199676760796678,0.04390797055760301,14.091443463829437
3.2550000000000003,92.781833042385,0.07323368561155787,-4.830330377651219,0.05469189897877747,11.70212047134805
3.2558333333333334,92.84005179153952,0.06776347830604816,-8.255418343900967,0.06327894559870202,8.836252202125637
3.256666666666667,92.89789984342026,0.059564851922671386,-11.356201567656644,0.06931790651556112,5.607018624456389
3.2575000000000003,92.95540815038353,0.04896198796269442,-14.005721196896653,0.07255870010523283,2.143140690635792
3.2583333333333337,93.01266790967564,0.03637798810224443,-16.094359104916865,0.07286324870706547,-1.4161843494786817
3.2591666666666668,93.06981623197348,0.022318442721285393,-17.53446803329293,0.07021192120950942,-4.926837257721407
3.2600000000000002,93.12701432018044,0.007351477331248465,-18.264163713462676,0.06470521855588332,-8.245601417528391
3.2608333333333337,93.18442160151133,-0.007914952427350238,-18.25011120156197,0.05656057380175099,-11.236023498107945
3.2616666666666667,93.24216995401518,-0.022857622241286277,-17.48917600477006,0.04610433656089535,-13.774070329487476
3.2625,93.30034220722949,-0.03686347235900038,-16.00885502432494,0.03375921049385522,-15.753346317239082
3.2633333333333336,93.35895845167867,-0.049354877227358124,-13.866451189718369,0.020027603728914933,-17.089649715184372
3.2641666666666667,93.4179724669213,-0.05981370733579123,-11.147006987267533,0.005471527707569532,-17.72466952455275
3.265,93.47727895053693,-0.06780317334220459,-7.960063814710788,-0.009310167688525623,-17.62865693751414
3.2658333333333336,93.53673046986512,-0.0729865193539934,-4.435364077387012,-0.023706312537188787,-16.801944949972405
3.266666666666667,93.59616144826819,-0.07514174922116522,-0.7176590529953475,-0.03711869200841618,-15.27523554531027
3.2675,93.65541530764247,-0.07417172278801307,3.039174226891194,-0.04898703490160844,-13.108623918399216
3.2683333333333335,93.71437032294807,-0.07010914256243297,6.678471321194841,-0.058812668545493454,-10.389381563536988
3.269166666666667,93.77295990606906,-0.06311615810608881,10.047314937637994,-0.06617983314408936,-7.2285725398001786
3.27,93.83118390356256,-0.053478537383626235,13.002993883357675,-0.07077373180470534,-3.7566276405033694
3.2708333333333335,93.88910894726335,-0.041594582288698764,15.419112999182964,-0.07239451602667459,-0.11804735390745558
3.271666666666667,93.94685769172823,-0.027959190056660317,17.191090626670118,-0.07096656594504475,3.53455564594578
3.2725000000000004,94.00458862416565,-0.013143673698541894,18.24080149703839,-0.06654261407416284,7.046832030993027
3.2733333333333334,94.06246972948556,0.0022278563009553026,18.520155002076407,-0.05930247323135994,10.269224896632267
3.274166666666667,94.12065036692898,0.017504588491767392,18.013440482947235,-0.04954635516626345,13.063376717472808
3.2750000000000004,94.17923607069712,0.03203650455949038,16.7383208859066,-0.037682996806323366,15.308138886778838
3.2758333333333334,94.23827055136313,0.045202114431937786,14.745411932323972,-0.02421303618132055,16.9049207266562
3.276666666666667,94.29772801394823,0.056435248087211995,12.11644357280078,-0.009708290245935247,17.782138590303706
3.2775000000000003,94.35751719610634,0.06524974246453233,8.96106145437663,0.005212227372864319,17.898560201909437
3.2783333333333338,94.4174965547051,0.07126093503752248,5.412385821448114,0.019908557716516492,17.245383445541716
3.279166666666667,94.47749812154198,0.07420299707145732,1.621501078701488,0.033747213098817994,15.846940727411209
3.2800000000000002,94.53735604041088,0.07394130505942584,-2.2489013446563226,0.046128588131793366,13.759977718714955
3.2808333333333337,94.59693494935851,0.07047925200775544,-6.031463473728914,0.05651317697051612,11.071516355812133
3.2816666666666667,94.65615333761163,0.06395913302157585,-9.561391206945476,0.06444544261838267,7.895373840096559
3.2825,94.71499781791583,0.05465699246658196,-12.683663450730704,0.0695742691355138,4.3674693537485165
3.2833333333333337,94.77352576593488,0.042971582170478,-15.259904209129836,0.07166906084771157,0.6401056109478334
3.2841666666666667,94.8318557567996,0.029407840370833636,-17.174611116328332,0.07063072928662728,-3.1245393407132904
3.285,94.89014733560136,0.01455554792042281,-18.340456838524148,0.0664970217035606,-6.761435759395417
3.2858333333333336,94.94857352629938,-0.0009359595334468181,-18.702415694696185,0.059441885917142986,-10.109939418457497
3.286666666666667,95.00729079005764,-0.01638595738678974,-18.24051545552651,0.049768824889096515,-13.020925765417486
3.2875,95.06641165151146,-0.031112166551746458,-16.971071725813832,0.037898459664495565,-15.363503415939356
3.2883333333333336,95.12598480859025,-0.04446095498444245,-14.946327260351195,0.024350779502506255,-17.031002486875156
3.289166666666667,95.18598628862192,-0.05583656879673309,-12.252488277201092,0.009722801473984554,-17.94596023634622
3.29,95.24632331554213,-0.06472807863401502,-9.006221302829209,-0.00533742269717628,-18.063866395457335
3.2908333333333335,95.30685033176593,-0.0707328093479804,-5.349744142244715,-0.0201593374332171,-17.375481946741566
3.291666666666667,95.36739445792196,-0.07357516002217902,-1.4447100299817146,-0.03407970617411403,-15.907605875941181
3.2925000000000004,95.42778597469524,-0.07311991201224888,2.534858169611421,-0.04647240399690943,-13.722232071324777
3.2933333333333334,95.48788846331212,-0.06937935727007934,6.410279471977799,-0.056776839142789665,-10.914110161795278
3.294166666666667,95.5476232372922,-0.06251384811254468,10.006233199955433,-0.06452370434008069,-7.606796517680125
3.2950000000000004,95.60698365727193,-0.052825661276050484,13.158725668775718,-0.06935686010801924,-3.9473516142446194
3.2958333333333334,95.66603666929635,-0.04074637075570458,15.722642518927929,-0.07105030967670244,-0.09990423146018546
3.296666666666667,95.72491116689461,-0.02681822203860403,17.578536598174136,-0.0695194327260122,3.7616415255269837
3.2975000000000003,95.78377513873643,-0.011670281206997351,18.63833006543773,-0.06482589435478917,7.461436394812303
3.2983333333333333,95.8428056037581,0.004009617194531405,18.849653467475132,-0.05717592596411568,10.829703102250113
3.299166666666667,95.90215669397834,0.019505891761456267,18.198602245296964,-0.046911973847220005,13.710575532663517
3.3000000000000003,95.96193164470787,0.0341078186377257,16.71076010557047,-0.034498015825120756,15.969396758213556
3.3008333333333337,96.02216381584819,0.04714223834499048,14.450416010806746,-0.020499142324744535,17.499131341566354
3.3016666666666667,96.08281028993562,0.05800485766818449,11.517983806167962,-0.00555627200201945,18.22558224574147
3.3025,96.14375933729674,0.06618868158605906,8.045716998423947,0.009642889774155205,18.111152670084522
3.3033333333333337,96.20485051661743,0.07130822134421619,4.191892074805612,0.024395350315752698,17.15695620634765
3.3041666666666667,96.26590385130028,0.07311830084447284,0.13370816007397202,0.03801535379850194,15.403152222450608
3.305,96.3267528022793,0.07152651763597057,-3.9407848722857146,0.049866427831220236,12.92746412530181
3.3058333333333336,96.38727500486999,0.06659869716611301,-7.841366736642618,0.05939144974807177,9.841922509141142
3.306666666666667,96.44741507193909,0.05855699727930311,-11.38453747899268,0.06613930015339126,6.287959269274827
3.3075,96.5071951683562,0.04777065999984567,-14.402203692285717,0.06978681000779977,2.4300585866764695
3.3083333333333336,96.56671127862249,0.034739753792190894,-16.749747629266444,0.07015490970424638,-1.5517576058172045
3.309166666666667,96.62611571809276,0.020072585508566936,-18.31308857908904,0.06721814585040262,-5.470272061959632
3.31,96.68558901547567,0.004457770992724378,-19.014386795803524,0.061107032775411595,-9.139859764594274
3.3108333333333335,96.74530631203537,-0.01136777845417144,-18.816098647751353,0.052103037663158006,-12.385309890328722
3.311666666666667,96.80540452377711,-0.026653483419508173,-17.7231651088277,0.0406263455072606,-15.050262660475427
3.3125,96.86595644173079,-0.040670720507529234,-15.783201055717338,0.027216896485830148,-17.00485257040698
3.3133333333333335,96.92695671881029,-0.052747754278297726,-13.084646247926749,0.012509517285246652,-18.152180319980985
3.314166666666667,96.98832250880001,-0.06230229580807525,-9.752936037089574,-0.002795736786005589,-18.43328536668537
3.3150000000000004,97.04990877594562,-0.06887009540884707,-5.944846176747758,-0.017966665243145493,-17.83035742154871
3.3158333333333334,97.1115355153359,-0.07212814407038683,-1.8412569117262447,-0.03227388234441824,-16.36800557956289
3.316666666666667,97.17302181839193,-0.0719112970000159,2.361337713082526,-0.045025990544026645,-14.112494538186604
3.3175000000000003,97.23422035530736,-0.06822143310742747,6.460182817838165,-0.05560326921469779,-11.168954339067183
3.3183333333333334,97.2950456898636,-0.06122861304804776,10.256036612724975,-0.06348822688053085,-7.67666868469824
3.319166666666667,97.35549094281089,-0.05126407947887811,13.562895704472217,-0.06829149290835376,-3.8026423561115976
3.3200000000000003,97.41562949619326,-0.03880533854385729,16.21719633409264,-0.06977172891767296,0.26626415299133455
3.3208333333333337,97.4756012598818,-0.02445395220680051,18.0860334093849,-0.06784851260884969,4.332269445252916
3.3216666666666668,97.53558600220488,-0.008907037648606553,19.073979370044754,-0.06260747529231275,8.196253246099358
3.3225000000000002,97.59576877110399,0.007076206001111727,19.128146492002415,-0.054297344069847146,11.667524153803894
3.3233333333333337,97.65630403826125,0.02271135863575832,18.24121664509295,-0.04331893298747143,14.573294350889851
3.3241666666666667,97.71728552209684,0.037227251850109826,16.452258200993075,-0.030206525550123417,16.767388600282185
3.325,97.77872763391754,0.04990417088651687,13.845256344722284,-0.015602474150014098,18.137744515769317
3.3258333333333336,97.84056228458023,0.06010988855560144,10.54539540626227,-0.00022619085241935128,18.612313397562474
3.3266666666666667,97.90265183062786,0.06733171314937203,6.71324452673921,0.015160999443704927,18.163043763976745
3.3275,97.96481577218098,0.07120290376995256,2.5371053680294233,0.02979344407281768,16.807719905475864
3.3283333333333336,98.02686607801542,0.07152206326655837,-1.7761228393369897,0.042939339106370364,14.609531206852646
3.329166666666667,98.08864424995663,0.06826444993579864,-6.011124941096523,0.05393759312084474,11.674359724232128
3.33,98.1500528123827,0.06158453913407864,-9.954901893993025,0.0622315113843888,8.145888119659261
3.3308333333333335,98.2110749323728,0.05180959649439861,-13.407520402921158,0.06739756566951058,4.19874181932339
3.331666666666667,98.27177815682305,0.03942447457490191,-16.19233712677531,0.06916773690307282,0.029982443093413025
3.3325,98.33230136661344,0.02504829207569308,-18.16517152480625,0.06744422037392243,-4.150641281449333
3.3333333333333335,98.39282738922152,0.009404076458782731,-19.221945621234006,0.06230565248141115,-8.131208616160587
3.334166666666667,98.45354661061536,-0.006717175105029916,-19.30437862779932,0.05400443655117218,-11.708384015520501
3.3350000000000004,98.51461880229463,-0.022496255113943785,-18.403416493274616,0.042955192688628234,-14.697870963513516
3.3358333333333334,98.57614082697192,-0.03712734237385254,-16.56018682619353,0.029714810657652614,-16.944022928675018
3.336666666666667,98.63812680006788,-0.04985932890762005,-13.864393000520987,0.01495502220113527,-18.328105720339416
3.3375000000000004,98.7005048433173,-0.06003475234691705,-10.450191534157963,-0.000571192783680197,-18.774766055532957
3.3383333333333334,98.76313124977877,-0.06712430039620856,-6.489727450923596,-0.016067714551941566,-18.256345876542348
3.339166666666667,98.82581934941878,-0.07075505198021056,-2.1846265381826164,-0.030735996786860564,-16.79478705176083
3.3400000000000003,98.88837733398229,-0.07073091623026646,2.2441454035135484,-0.043816311844043186,-14.460991548093059
3.3408333333333338,98.95064740278968,-0.06704411210238222,6.567554138955982,-0.05462739622708355,-11.37163205755828
3.341666666666667,99.01253822912255,-0.05987697997704651,10.560329482180022,-0.06260241573268986,-7.683540825512266
3.3425000000000002,99.07404401909051,-0.04959390999016147,14.012749455114147,-0.06731933032356535,-3.585933180825192
3.3433333333333337,99.1352461197265,-0.03672368516862818,16.74175872464288,-0.06852400265130791,0.7091598343863825
3.3441666666666667,99.19629666911207,-0.021933044131343643,18.60082803052685,-0.06614474946772726,4.977774746957209
3.345,99.25738749573263,-0.005992741408990136,19.488017160541276,-0.06029746509688376,8.995662262590361
3.3458333333333337,99.31871056193673,0.010262202324025884,19.351789372378416,-0.05128092949467259,12.550094645132122
3.3466666666666667,99.3804180901711,0.02597603569102287,18.1942361532218,-0.039562425737077835,15.451212224343191
3.3475,99.44259067298223,0.04031734257649976,16.0715025277159,-0.025754306460031788,17.54230091374826
3.3483333333333336,99.5052201070903,0.05252326839124605,13.09134824465461,-0.01058263854256606,18.70843876463256
3.349166666666667,99.56821068971405,0.06194054547595987,9.40793165535295,0.005150506417333625,18.88302662388399
3.35,99.631398886384,0.06806109166970721,5.214052981506116,0.020609185967910306,18.05182247864075
3.3508333333333336,99.69458740834291,0.07055021268576718,0.7312338786039824,0.034967949691643456,16.25422607301147
3.351666666666667,99.75758664868849,0.0692658056459225,-3.80186702408505,0.04745608339217521,13.581703550984914
3.3525,99.82025479439312,0.06426742041899024,-8.142104598665052,0.05739935797359422,10.173393864155162
3.3533333333333335,99.88252809990257,0.05581456435911701,-12.0548976895933,0.0642570050759079,6.209091462951147
3.354166666666667,99.94443480180905,0.04435420746894749,-15.326980234225132,0.0676518649845349,1.899945112622306
3.3550000000000004,100.00608955324104,0.03049802878794033,-17.77815764077242,0.06739199096100178,-2.522657526610679
3.3558333333333334,100.06766937716503,0.014990509468596841,-19.271414893722973,0.06348243186389965,-6.819443057614397
3.356666666666667,100.12937610037105,-0.0013305075949539454,-19.720801199427864,0.0561264298862818,-10.756189180477389
3.3575000000000004,100.19139318875591,-0.017578736668774908,-19.096627345148306,0.04571583586306094,-14.116547774484046
3.3583333333333334,100.25384621676709,-0.032867461398864053,-17.427650965016305,0.032811130964900584,-16.71405078672931
3.359166666666667,100.31677552604378,-0.04635804983190238,-14.80008456010905,0.01811201891163842,-18.402627999891678
3.3600000000000003,100.38012710458474,-0.05730631519723283,-11.353433079377545,0.0024200852653356772,-19.085035871912662
3.3608333333333333,100.44376384217877,-0.06510414413503914,-7.273342904477271,-0.013404520339659397,-18.718701343113032
3.361666666666667,100.50749491272757,-0.0693140365825734,-2.7818125670825506,-0.02849006385844321,-17.31861877117569
3.3625000000000003,100.57111706165126,-0.06969455841906544,1.874732042157694,-0.042001315806364216,-14.957095195210766
3.3633333333333337,100.63445889790235,-0.06621518208133902,6.438867690245781,-0.05318609708497082,-11.760310715445353
3.3641666666666667,100.69741853634473,-0.05905955765779827,10.656383823444308,-0.061417675202925306,-7.901837661356273
3.365,100.7599862722146,-0.04861688762295781,14.29049107361978,-0.06623059664777108,-3.5934346241984545
3.3658333333333337,100.8222471575802,-0.03546173837549642,17.135233095364534,-0.06734787177539563,0.9264104165067921
3.3666666666666667,100.88436272359168,-0.02032327464772224,19.027337348248032,-0.06469788183056993,5.405578956083195
3.3675,100.94653567614176,-0.004045511771168685,19.85581487445565,-0.058419930535268325,9.592350807224229
3.3683333333333336,101.00896521338706,0.012459289480005895,19.56873400879086,-0.04885798592740252,13.249585946158522
3.369166666666667,101.0718027966082,0.028261541742620695,18.176742703285484,-0.03654281797610104,16.168260096780035
3.37,101.13511822095843,0.0424667375869921,15.753091031586008,-0.022163397267485,18.17957740123124
3.3708333333333336,101.19888365799568,0.05426639084973647,12.43010000660489,-0.006529042281006022,19.16495077167549
3.371666666666667,101.26297942031952,0.06298459891570894,8.392224393132844,0.009475648738774134,19.063249570117534
3.3725,101.3272203620672,0.0681175180055522,3.866054346792868,0.024940603369562744,17.87485982260886
3.3733333333333335,101.39139717976086,0.0693634079312414,-0.8922179395924446,0.038982032134671725,15.662276721704787
3.374166666666667,101.45532345092877,0.06664140794765662,-5.611185640878803,0.05079319759636459,12.54714332335586
3.375,101.51887784248386,0.06009782501720696,-10.019669164468453,0.05969126847518168,8.703852353152184
3.3758333333333335,101.58203188782228,0.0500994165822645,-13.862338016572801,0.0651575133451224,4.350028371761635
3.376666666666667,101.64485689446953,0.037213892928013075,-16.91461245469053,0.0668684317229478,-0.2656064548259294
3.3775000000000004,101.70750820749373,0.02217860719568674,-18.99597067108993,0.06471590875897565,-4.877319205908289
3.3783333333333334,101.77019019507719,0.005859100920484123,-19.980864586314482,0.05881508779051857,-9.217616760221514
3.379166666666667,101.83310977165912,-0.010800212009298236,-19.80657268971285,0.04949934972605553,-13.032789484907202
3.3800000000000003,101.89642899780814,-0.026830447454692884,-18.47748549595298,0.03730253076315969,-16.097845090757975
3.3808333333333334,101.96022763684455,-0.04129462473910158,-16.065519234098293,0.022929257807079384,-18.229949550079276
3.381666666666667,102.02448439755995,-0.053342735246888186,-12.70657533427827,0.007214990383995973,-19.299564118987202
3.3825000000000003,102.08908137465427,-0.06226225665831438,-8.593194532974143,-0.008922013683731748,-19.23858885873932
3.3833333333333337,102.15383088329348,-0.06752108298124578,-3.9637815329392563,-0.02453408271831465,-18.04498755489236
3.3841666666666668,102.21851867720535,-0.06880024277020488,0.9110144223555521,-0.03869978287640898,-15.783567819507594
3.3850000000000002,102.2829536530568,-0.0660143427997054,5.743998804101833,-0.05057857377700591,-12.582812395236989
3.3858333333333337,102.34701251255666,-0.059318371688939726,10.248309597904415,-0.05946121486420638,-8.62789056056419
3.3866666666666667,102.41066890205101,-0.049100288699460246,14.15448632454704,-0.064812873192112,-4.150208406594718
3.3875,102.47400005370761,-0.03595966179716068,17.226714212840395,-0.0663062726980445,0.5859302070249858
3.3883333333333336,102.5371691481433,-0.020673456858050013,19.277259019662417,-0.0638427803169502,5.298797159372971
3.389166666666667,102.60038731927477,-0.0041508663164016475,20.1781993356482,-0.05756001550709715,9.705951803507242
3.39,102.66386406240338,0.01262024774619087,19.8697101783536,-0.047825358032496434,13.541204454605513
3.3908333333333336,102.72775766751317,0.028632177474175048,18.364346640640974,-0.03521556862403232,16.570812659058536
3.391666666666667,102.7921374372526,0.04291797672954127,15.747008603017203,-0.020483578671158444,18.607919795614666
3.3925,102.85696679036265,0.054610208642159694,12.17052377549161,-0.004514297426003362,19.524334748241802
3.3933333333333335,102.92211148360552,0.0629942478146966,7.847051551997221,0.011728020785294497,19.258897187706005
3.394166666666667,102.98737123046645,0.06755282914386623,3.0357683548751324,0.027257755394819432,17.8218677872014
3.395,103.05252736290325,0.0679990192563457,-1.9724696356965619,0.04112777814699613,15.295015666719891
3.3958333333333335,103.11739524783498,0.06429545179580903,-6.87259317532814,0.05248755814488873,11.82733308982094
3.396666666666667,103.18186888688489,0.05665847704522646,-11.363876493465884,0.06063593307929999,7.626574635034922
3.3975000000000004,103.24594686376327,0.045546782748743984,-15.168458790880884,0.06506524022990748,2.9470784817143474
3.3983333333333334,103.30973319125066,0.03163499257725652,-18.048688239639535,0.0654939832588503,-1.9254351567610866
3.399166666666667,103.37341260485803,0.01577368361307144,-19.822198808983096,0.0618858761290468,-6.691194279183445
3.4000000000000004,103.43720605835415,-0.001061873691171675,-20.37375168680554,0.054453916128628155,-11.054792185583104
3.4008333333333334,103.50131707280556,-0.01783121542655853,-19.663057172384814,0.04364904652137885,-14.743563746485716
3.401666666666667,103.56588194772884,-0.03349282832764004,-17.728029605162636,0.030133921147341033,-17.524775950612014
3.4025000000000003,103.63093607457066,-0.04706899886483247,-14.683203557483843,0.014743219841904643,-19.220541809258695
3.4033333333333338,103.69640477653222,-0.057707324970951664,-10.713337738737906,-0.001567174128719141,-19.719490116154258
3.404166666666667,103.76212116638419,-0.06473499649706463,-6.062535605644643,-0.017779090858938546,-18.9844102347846
3.4050000000000002,103.82786688150995,-0.06770234629228272,-1.0194995751765155,-0.03287548697322093,-17.05533067821788
3.4058333333333337,103.89342583442227,-0.06641279693345412,4.100209530696706,-0.04590442021184437,-14.047768811906026
3.4066666666666667,103.95863778359805,-0.06093714378736778,8.973831492757139,-0.056039555991690526,-10.146189793630436
3.4075,104.02343841270778,-0.051611075430247844,13.291767332188245,-0.06263333551377515,-5.593017263769444
3.4083333333333337,104.08787580681214,-0.03901587938569359,16.77735881812077,-0.06525934247205478,-0.6738270241984656
3.4091666666666667,104.1520989901236,-0.023943349744512062,19.204818612819242,-0.06374104041510632,4.300390782748356
3.41,104.21632111684988,-0.007346935700101305,20.414138701728888,-0.0581648793337704,9.012812708943143
3.4108333333333336,104.28076630594548,0.009717919965140605,20.321977680376325,-0.04887673906188619,13.160980848934145
3.411666666666667,104.34561333072114,0.026160566532700893,18.92776806200361,-0.03646172925401395,16.47633295262656
3.4125,104.41095033062524,0.04092485633034253,16.314579054252757,-0.021708435053116884,18.741797720496766
3.4133333333333336,104.47675210936508,0.05305733087771797,12.644600434527087,-0.005559715484500134,19.80629181131716
3.414166666666667,104.54288598798608,0.061769463703163906,8.149458652372587,0.010946938729359312,19.59513505426788
3.415,104.60914500496217,0.0664898596705101,3.1159150261156765,0.02674576048907757,18.11564773829535
3.4158333333333335,104.6753002684943,0.06690290071073007,-2.132194327192278,0.04081155591113275,15.457494069861518
3.416666666666667,104.74115927632033,0.06297115665952993,-7.254657246958129,0.05222660382862978,11.787670553221023
3.4175000000000004,104.80661534428184,0.0549398981537036,-11.91691140484194,0.06024122131246268,7.340386045198237
3.4183333333333334,104.87167537528481,0.04332319337650706,-15.811975838436682,0.06432395954655716,2.4024190453028607
3.419166666666667,104.9364586311213,0.028872269334115366,-18.68084794483017,0.0641980132986117,-2.705155068107971
3.4200000000000004,105.00116653693763,0.012527993488778207,-20.330001458464096,0.05986128152466211,-7.6477196200561135
3.4208333333333334,105.06603103900287,-0.0046395949462722345,-20.644788250694774,0.05158855475026444,-12.099023898934712
3.421666666666667,105.13125468333132,-0.02150087594150988,-19.5977966814686,0.03991546184448911,-15.762811449397935
3.4225000000000003,105.19695788925269,-0.03694087262374642,-17.251536979674224,0.025605010369373012,-18.39273215941722
3.4233333333333333,105.2631472236386,-0.049933244408823664,-13.7551901202977,0.009598721948207475,-19.80918976085186
3.424166666666667,105.32971315357283,-0.059609127820667546,-9.335547565016505,-0.007044581387617338,-19.911956896789043
3.4250000000000003,105.39645815662801,-0.06531617321993011,-4.2826594675735326,-0.0232184147622112,-18.68765212122049
3.4258333333333337,105.46314810315745,-0.06666371116606933,1.0689276755554682,-0.037842144936868986,-16.211501344776188
3.4266666666666667,105.52957362485243,-0.06355085049823102,6.362151448804098,-0.04993350676120277,-12.643179761971675
3.4275,105.59560539760047,-0.056175408718406386,11.241202081525314,-0.05867524057509425,-8.216925044713006
3.4283333333333337,105.66122867692233,-0.045022834441045115,15.37550352301603,-0.06347129221188047,-3.2265023756850697
3.4291666666666667,105.72654775139455,-0.030835619675285097,18.482289401844977,-0.06398865345521268,1.9940397799585954
3.43,105.79175883517405,-0.014565027431766414,20.346223136340765,-0.06018183370176297,7.092582447622929
3.4308333333333336,105.85709831223001,0.0026918127598567422,20.83468515880645,-0.052298086747049916,11.72265324285355
3.431666666666667,105.92277988661465,0.01976534797615842,19.907621270696406,-0.040862797268024796,15.567055418434148
3.4325,105.98893734347354,0.03549271034319984,17.621198229100518,-0.026645775303652083,18.359794574887257
3.4333333333333336,106.05558831765731,0.048797157200463175,14.124923458604384,-0.01061052311311081,19.90477700583488
3.434166666666667,106.122629012419,0.05876240668197799,9.65232838489619,0.006150263585656138,20.089948487131206
3.435,106.18986159363415,0.06469670151620655,4.505759516611425,0.022488703573064827,18.895832723326798
3.4358333333333335,106.25704716759864,0.06618206364974649,-0.9637626091561677,0.03728027226233163,16.39779673166898
3.436666666666667,106.32397025233465,0.06310515652534897,-6.380298601405057,0.04950151541167815,12.761792447620358
3.4375,106.39049735010349,0.055667390858114923,-11.368767844962688,0.058301548737561645,8.23377169020548
3.4383333333333335,106.45661364668314,0.044373314234165545,-15.580988464009664,0.06306230809034387,3.1234147608660727
3.439166666666667,106.52242761397544,0.02999782068907302,-18.720170366240932,0.06344322168656447,-2.216779668458843
3.4400000000000004,106.58814195989656,0.013534201083018699,-20.5621284384018,0.05940699705396785,-7.415653378632369
3.4408333333333334,106.6539985473774,-0.0038735755828764092,-20.971682223658235,0.051224485649319425,-12.109154315436236
3.441666666666667,106.72021216300766,-0.02100980408769325,-19.913019384909568,0.039458023481143675,-15.965925800289885
3.4425000000000003,106.78691125883259,-0.03667180588444594,-17.45320355224416,0.024924148847897388,-18.710917007654963
3.4433333333333334,106.85410209734498,-0.04975461984130205,-13.758476373441498,0.008638063928351305,-20.145320462239724
3.444166666666667,106.9216664505765,-0.05932964445550368,-9.083506994192025,-0.008256468901773952,-20.161372340341302
3.4450000000000003,106.98939381230291,-0.06471159358545014,-3.7542448301482576,-0.024567019139499782,-18.75088986461047
3.4458333333333337,107.05703949911289,-0.06550887226105216,1.8545024271904489,-0.039136625736431355,-16.00684542558839
3.4466666666666668,107.12439268608485,-0.06165358486006332,7.345248181784661,-0.05092625230967542,-12.11776086074182
3.4475000000000002,107.19133546843106,-0.053408783215422986,12.325951348982942,-0.059089663180452216,-7.355214301927832
3.4483333333333337,107.25787632051167,-0.04135215299470679,16.438102461471658,-0.06303527672369474,-2.0552502381069395
3.4491666666666667,107.32414832119187,-0.026337012804168877,19.382756098337566,-0.06247040395462667,3.405065111357922
3.45,107.39037229965862,-0.009433143080334648,20.942606713300567,-0.05742447661961057,8.634329943970283
3.4508333333333336,107.45679496342387,0.008148548111877419,20.998456980907463,-0.048249330992888376,13.254859285697012
3.451666666666667,107.52361925668427,0.025142288512759466,19.53880432112117,-0.03559624075954266,16.930096751020073
3.4525,107.5909466259077,0.040318531165145416,16.66174779087991,-0.020371070249591776,19.389390003358148
3.4533333333333336,107.65874771423482,0.052573325246215066,12.568961622370969,-0.003670527014326375,20.448290870985634
3.454166666666667,107.72687012043929,0.06100945040075329,7.552055189595015,0.013296088121661997,20.022834874994683
3.455,107.7950813515397,0.06500329951538261,1.9722008118810113,0.029294112222139252,18.136667532253476
3.4558333333333335,107.86313501531393,0.06425244628681459,-3.7655808696716515,0.04315347217260684,14.920388655253536
3.456666666666667,107.93084146486356,0.05880017317228571,-9.241671752566603,0.05385480378530068,10.603046001736876
3.4575,107.99812262543684,0.04903487170060669,-14.052545342510106,0.06060536777290246,5.496286050792951
3.4583333333333335,108.0650350359558,0.03566404595987859,-17.84065315932942,0.06289904807235734,-0.02777981887301717
3.459166666666667,108.13175414955835,0.019664520660190744,-20.32128768940474,0.0605558072929797,-5.56345222756254
3.4600000000000004,108.19852406076309,0.002212239924865366,-21.304386295456165,0.053737424836567106,-10.701143653723854
3.4608333333333334,108.26558693359155,-0.015403392330137378,-20.709580764571566,0.042938055023644874,-15.057737715913358
3.461666666666667,108.33311247817088,-0.03187445583507085,-18.573270630565187,0.028949993123596453,-18.305357306296834
3.4625000000000004,108.40114807511081,-0.04597178200477121,-15.047072660876896,0.012806891231477449,-20.196370396206337
3.4633333333333334,108.46960434041418,-0.05663730935419043,-10.38763317185837,-0.004291615213114795,-20.58270595686849
3.464166666666667,108.53828071574733,-0.06306454868145257,-4.93843783350029,-0.021068457403662953,-19.427945697674897
3.4650000000000003,108.60692393179377,-0.06476096888378204,0.8951331705074501,-0.036264376046919594,-16.811173967412465
3.4658333333333338,108.67530242656333,-0.061587382785592185,6.675725432222519,-0.048732772478418514,-12.922171969582136
3.466666666666667,108.7432748729201,-0.053771074657372485,11.96671949114069,-0.05752700676784657,-8.048189658584942
3.4675000000000002,108.8108324679406,-0.04189134918328893,16.36529261561404,-0.061973445790896586,-2.55317117926574
3.4683333333333337,108.87810217529993,-0.02683825382440021,19.53332744428417,-0.06172454484355151,3.1491015084005562
3.4691666666666667,108.94530958389629,-0.009747277785024735,21.223781855692835,-0.056787679054923934,8.62599322763254
3.47,109.01271207210493,0.008085295852974244,21.300439243632052,-0.04752722532866249,13.458825336429483
3.4708333333333337,109.08052197954274,0.02530015967972188,19.74942868345821,-0.03463940234514155,17.275027490081925
3.4716666666666667,109.14884273344025,0.040578549509104875,16.681507880846222,-0.019101455833581027,19.777155268676882
3.4725,109.21763725341914,0.052743731239136865,12.324794819189012,-0.0020987704307428353,20.766495270467708
3.4733333333333336,109.28673847703966,0.060852570500849426,7.008365181256932,0.015064757406868712,20.159356810292476
3.474166666666667,109.35589922046124,0.06426999663223021,1.137846164168422,0.031066379085667423,17.994681518097043
3.475,109.42486665680975,0.06272038840364852,-4.835222525150387,0.04466660305733895,14.432251108817367
3.4758333333333336,109.49345902814049,0.05631160958149222,-10.447974384806818,0.05480586681438441,9.741491528762149
3.476666666666667,109.56162128277505,0.045529485204959474,-15.262114956117129,0.06068818967760818,4.281604154420679
3.4775,109.62944246304271,0.03120278061102461,-18.898351527507874,0.06184512567932946,-1.525555225020512
3.4783333333333335,109.69712916951421,0.014441051316745447,-21.06663771931829,0.058174775282267915,-7.227836299193434
3.479166666666667,109.76494280554044,-0.003450107328483257,-21.589797826776568,0.04995249009603559,-12.377933264815503
3.4800000000000004,109.83311953270302,-0.02107003903539538,-20.418573972522836,0.0378120774673417,-16.568581528980335
3.4808333333333334,109.90179742624805,-0.037032489203082074,-17.636781302312308,0.022698616532162503,-19.465038410501588
3.481666666666667,109.97097339044642,-0.05007502088458046,-13.456015514933673,0.0057962545796966455,-20.832240315603524
3.4825000000000004,110.04050346716569,-0.05915972962645698,-8.200175360654626,-0.011563617332862694,-20.55440513437388
3.4833333333333334,110.1101468481912,-0.06355716327086398,-2.2808766006939023,-0.02800677341970263,-18.6454097953775
3.484166666666667,110.17964032531154,-0.06290656707889557,3.8344216982635775,-0.042225004700415514,-15.248978457898353
3.4850000000000003,110.24878024458705,-0.05724735869901967,9.659143846036743,-0.0530807948084066,-10.628513555991569
3.4858333333333333,110.31748643095014,-0.04701896028006562,14.726311380659771,-0.0596994064807396,-5.1472280541569795
3.486666666666667,110.38582788666805,-0.0330286069234752,18.62616862895023,-0.061540847675993875,0.7599728900314775
3.4875000000000003,110.45400183003862,-0.016389316765407808,21.03967820462866,-0.05844568934237926,6.620723562023734
3.4883333333333337,110.52227222701384,0.0015673570470274957,21.76512448139171,-0.0506507217657557,11.962874883822952
3.4891666666666667,110.590886814624,0.019397067720635666,20.73557190868984,-0.03877281061712408,16.352624143176676
3.49,110.65999866577576,0.03565858777889214,18.025626777905316,-0.023761862219930947,19.4300151468954
3.4908333333333337,110.72961720993692,0.04903062225843462,13.846792959381725,-0.006826326720054398,20.938886364143478
3.4916666666666667,110.79960457478518,0.05842003875382432,8.531628737133161,0.010663047830534945,20.74874566611337
3.4925,110.86971884389357,0.06305258857387083,2.5078299135075452,0.02728363908977689,18.866665331163354
3.4933333333333336,110.9396908563955,0.0625384903857998,-3.735791351047099,0.041676708446971036,15.438074499869742
3.494166666666667,111.00931027276393,0.056907192741816374,-9.688762988745617,0.05265908076768591,10.736217663513136
3.495,111.07849336487608,0.04660807788113707,-14.860681939303172,0.05932152717061967,5.140976073847097
3.4958333333333336,111.14731055338915,0.03247662465557063,-18.8218099211452,0.06110558881798794,-0.8913616323888855
3.496666666666667,111.21596442379297,0.015668391878091388,-21.239164500549588,0.05785223528025006,-6.8650172894239265
3.4975,111.28472485559267,-0.0024341188600523374,-21.90504820188996,0.04981798241433522,-12.285371555477408
3.4983333333333335,111.35384187689512,-0.020334336724218898,-20.755533137760256,0.03765672813439617,-16.700023053774
3.499166666666667,111.42346434049475,-0.03654509578795254,-17.87721175881933,0.022368388826160088,-19.736846256442146
3.5000000000000004,111.49359097831541,-0.04971255371008962,-13.5014744676032,0.005218202645718487,-21.13582692000697
3.5008333333333335,111.56407012390903,-0.05873020967216913,-7.986605923234049,-0.012366925106727107,-20.7719183175103
3.501666666666667,111.63464866307804,-0.06283335081523479,-1.789019107420291,-0.028916640779208684,-18.6668666948567
3.5025000000000004,111.70505461518833,-0.06166575518818319,4.574116975660202,-0.04304018289196513,-14.988846350418264
3.5033333333333334,111.77508649729363,-0.05531269245973811,10.567834853062385,-0.05354395021601488,-10.039752412219848
3.504166666666667,111.84468007998025,-0.044297018700623435,15.684365234118443,-0.059533610985614376,-4.23104009969731
3.5050000000000003,111.91393025823217,-0.029538235927782645,19.486391720376538,-0.060491925212027356,1.9500145472818016
3.5058333333333334,111.98306036707861,-0.01227752623236045,21.6448643360945,-0.05632537977493937,7.980910909847254
3.506666666666667,112.0523486298053,0.006025291684471689,21.96807129656229,-0.047375284336201154,13.348023811477097
3.5075000000000003,112.12203580444114,0.023814453551445736,20.419357012611457,-0.03439194014319112,17.590496285618357
3.5083333333333337,112.19224467383233,0.03957035315063124,17.1218003821747,-0.01847362829779312,20.3401668359618
3.5091666666666668,112.2629384305128,0.051939864095393584,12.349256750451172,-0.0009752037019578339,21.354047403225227
3.5100000000000002,112.33393228620683,0.059853670810706125,6.504329414382885,0.016606237495293864,20.536448028588424
3.5108333333333337,112.4049549152562,0.06262035032425883,0.08497350601994169,0.03275906376231494,17.948686131825742
3.5116666666666667,112.47573948768073,0.05998879930942432,-6.357552457459846,0.0460873371301825,13.805355450574638
3.5125,112.54611382316297,0.052173213553717394,-12.26587475336252,0.05543233434191854,8.457276456288525
3.5133333333333336,112.61605913481077,0.039837988046361954,-17.12481178123111,0.05997471647126584,2.362409207566845
3.514166666666667,112.68571712548481,0.024043351072995545,-20.506612125288335,0.05930822646461144,-3.9529196521746703
3.515,112.75534253457113,0.006155980217933597,-22.109129594999537,0.05347813915239486,-9.939237270803687
3.5158333333333336,112.82521679366198,-0.012268028593411511,-21.7834897537117,0.042980666616010126,-15.071732900700985
3.516666666666667,112.89555193689938,-0.02961793596197792,-19.548664141706514,0.02872288494114595,-18.896500108913727
3.5175,112.9664176145477,-0.04436926850709022,-15.591474726156664,0.01194620845294247,-21.071123895576026
3.5183333333333335,113.03771651000592,-0.05521853999395718,-10.251809925968487,-0.00588030841756268,-21.39595080540596
3.519166666666667,113.10921709248987,-0.061199822827508694,-3.9941369221228027,-0.02318780496538202,-19.833139589988612
3.52,113.18063294278667,-0.06177263528179929,2.6323717418561374,-0.03844554212941678,-16.5116219782591
3.5208333333333335,113.25172162815099,-0.05687299604338965,9.041727291270623,-0.05029682251567154,-11.717322009554572
3.521666666666667,113.32236901131826,-0.046922650305310294,14.662886816052128,-0.05768079800267338,-5.869283741194084
3.5225000000000004,113.39262954338204,-0.03279512484141321,18.990827323100593,-0.05992913708523985,0.5163734846583963
3.5233333333333334,113.46270807452646,-0.015741106534412165,21.63235250551057,-0.05682860530391114,6.871630082895987
3.524166666666667,113.53288898236605,0.002720680565286438,22.342445427052386,-0.048643531344012295,12.626957073438549
3.5250000000000004,113.60343693948779,0.020937734334631846,21.047757357160467,-0.03609564307067547,17.26247063662339
3.5258333333333334,113.67450389003346,0.03727140186022324,17.854923164203267,-0.020302557359508856,20.35525152290279
3.526666666666667,113.74607504892242,0.050244724624226585,13.042724732537552,-0.00267995769487586,21.618496644031183
3.5275000000000003,113.81797335878787,0.05867713490433932,7.038570281214025,0.015184146406781819,20.92883445716336
3.5283333333333338,113.88992137929696,0.06179362915250827,0.38119031011794346,0.03167202680573482,18.339146712471457
3.529166666666667,113.96163920449784,0.05929817931354149,-6.327260728767942,0.04528296099053256,14.07551243764087
3.5300000000000002,114.03294394289854,0.051404249072045126,-12.475485035609537,0.05477075730239689,8.518315236839442
3.5308333333333337,114.1038153312676,0.0388190942635615,-17.49883459879524,0.05925940653851617,2.16900495485329
3.5316666666666667,114.17440373098232,0.02268270982036423,-20.931523168394435,0.0583259991338599,-4.394653096056314
3.5325,114.24497710266984,0.004466462645494223,-22.450403615849257,0.05204289020501172,-10.570899820684101
3.5333333333333337,114.31582539763627,-0.014159764216862658,-21.906149955824954,0.04097472576548016,-15.789166460395249
3.5341666666666667,114.38715635561256,-0.031480053263445794,-19.338774633765727,0.02613004283446508,-19.56306574791353
3.535,114.45902021595963,-0.045890704425914516,-14.975809379292103,0.008871353784042971,-21.536249452980776
3.5358333333333336,114.53129083602828,-0.056049659271838324,-9.213058939676488,-0.009208466523291022,-21.516767841289067
3.536666666666667,114.6037106010699,-0.061003101936230764,-2.579458120442437,-0.026432422852614018,-19.496560852524453
3.5375,114.67598341384905,-0.06027715884211053,4.310926806836116,-0.04119492869249853,-15.654039723393662
3.5383333333333336,114.74788234330798,-0.05392569918950001,10.81545510468716,-0.052112212944740444,-10.339264399277871
3.539166666666667,114.81933278198066,-0.04252921496579636,16.32285174495337,-0.05815345910011046,-4.042846080014085
3.54,114.89044045492884,-0.027144277081648804,20.310946856680573,-0.0587401292407577,2.6487455082503515
3.5408333333333335,114.96145348702015,-0.009207708417284377,22.39674035343932,-0.05380373200295234,9.107461980667447
3.541666666666667,115.03267184657602,0.009596050971644867,22.37394723673785,-0.043796068897816225,14.722559010473198
3.5425000000000004,115.10433703405741,0.027492303016126776,20.234280449871612,-0.029650399086447263,18.958574351942673
3.5433333333333334,115.17654259501924,0.04278356665297704,16.170207252295256,-0.012696593344041673,21.40688323319631
3.544166666666667,115.24919879930738,0.054011380223056106,10.55863943680279,0.005462232546197671,21.82582819647164
3.5450000000000004,115.32206512181796,0.06009694729227064,3.9268281114290886,0.023100332047907422,20.165423524967153
3.5458333333333334,115.39483907795469,0.06044693152435108,-3.0965412524795517,0.03853314541611743,16.574040432075343
3.546666666666667,115.46726879019194,0.05501383902552349,-9.840585794386325,0.050278801811005,11.386162276483741
3.5475000000000003,115.53924741838519,0.0443046284406371,-15.656254892493571,0.0572017775690524,5.092103454827036
3.5483333333333333,115.61085388279147,0.0293360766219196,-19.979054210218315,0.0586246674110001,-1.7076600741271357
3.549166666666667,115.68232407842956,0.011540542698057602,-22.384385462063204,0.054396891912685104,-8.359367279739978
3.5500000000000003,115.7539627560339,-0.007369374767039732,-22.630032280020018,0.044913162583623864,-14.218715393284027
3.5508333333333337,115.82602877867107,-0.02556468018210789,-20.68147526542387,0.031079290054045368,-18.713466766948407
3.5516666666666667,115.89863693567334,-0.04127675698764926,-16.71731555392867,0.014228003001749432,-21.39982426204927
3.5525,115.9717137328596,-0.05297001854322203,-11.113980055761399,-0.004007643701933784,-22.00698179398129
3.5533333333333337,116.04502449409337,-0.05949352302355652,-4.410894194753752,-0.02185143710331457,-20.46531583165697
3.5541666666666667,116.11826210840837,-0.060196448709077796,2.7407554671811347,-0.03755674498075297,-16.915208941037257
3.555,116.19116408354185,-0.05499564807209903,9.640878178540802,-0.0495780670210989,-11.695348261874491
3.5558333333333336,116.2636133176032,-0.04438803895261691,15.608935872575442,-0.056724506452664365,-5.311344756747221
3.556666666666667,116.33568374596669,-0.029405924997702587,20.051321722836125,-0.05827980143735512,1.612521523329323
3.5575,116.40761276795139,-0.011518953294943157,22.520972207114273,-0.0540766332066149,8.393904326543577
3.5583333333333336,116.47971040457661,0.007508236808787913,22.763178850757424,-0.04451727761210441,14.359511044140577
3.559166666666667,116.55223971731775,0.025789080542197723,20.74283419685261,-0.03053788117880742,18.912157601194686
3.56,116.62531459332617,0.041502013499724405,16.65011609909601,-0.013519219225857582,21.591067911924558
3.5608333333333335,116.69885479848831,0.05307276353027069,10.883719235045815,0.004847818085301814,22.11928632500372
3.561666666666667,116.77261636587231,0.059333703563770705,4.012979055649054,0.022729109524724126,20.433256805312922
3.5625000000000004,116.8462861501783,0.05964398934755636,-3.2776208800452564,0.0383302120790133,16.6913291532678
3.5633333333333335,116.91960412884187,0.053957909081785986,-10.256230594470257,0.05007709460762151,11.260019934383944
3.564166666666667,116.99246570188262,0.04283390841810685,-16.217041987612475,0.056776442280759225,4.6790830141614235
3.5650000000000004,117.0649635655443,0.027382641135013982,-20.551974941328513,0.05773907149498121,-2.39139053401975
3.5658333333333334,117.13735207194269,0.009158552708528068,-22.81333887244672,0.052853488903022806,-9.236742302784531
3.566666666666667,117.20994743519327,-0.009994689852349296,-22.760958410327003,0.04260150140496225,-15.159886125250683
3.5675000000000003,117.28300271365389,-0.028129752193139956,-20.388723479066154,0.0280135670695561,-19.552553655829026
3.5683333333333334,117.35660700268808,-0.0433936099317891,-15.927540889922259,0.010567697054185792,-21.958346777070954
3.569166666666667,117.43064921390342,-0.054217838973399386,-9.824031846169072,-0.007958444750023583,-22.121010337585986
3.5700000000000003,117.50486151755574,-0.0594815973165721,-2.696801833616528,-0.02566764960796169,-20.01274310010495
3.5708333333333337,117.57892580828468,-0.05863019373906037,4.725547249798241,-0.04073735256526772,-15.839331548512362
3.5716666666666668,117.65260107621368,-0.05173646459251861,11.678533636514093,-0.051608051801358946,-10.021229648762706
3.5725000000000002,117.72582066663483,-0.03949790318079828,17.44054849081096,-0.05714640882070984,-3.1521837273310513
3.5733333333333337,117.79871994930538,-0.023169040993424643,21.40814024573516,-0.056765812304912136,4.060638902646035
3.5741666666666667,117.87158256813395,-0.0044353013126555325,23.15994516475031,-0.050491351753726835,10.869064514326395
3.575,117.94472626360033,0.014759264035026358,22.50242576743724,-0.03896174342716032,16.5615048280729
3.5758333333333336,118.01837404806929,0.032412942344890686,19.492362270717678,-0.02336722426880298,20.5376899767499
3.576666666666667,118.09256302657059,0.04667535440730013,14.433391662978693,-0.005329118702657761,22.37266578128686
3.5775,118.16712842163544,0.0560426466449671,7.846569987702544,0.01326700984263428,21.86316950479944
3.5783333333333336,118.24177004912823,0.0595181783244867,0.4176705489396344,0.030467649323534265,19.05123499392125
3.579166666666667,118.31617475920443,0.056721331482031526,-7.0735640999203815,0.044456739140062304,14.222193781496252
3.58,118.39014505548909,0.047932297220164094,-13.834996129112172,0.053748580781382026,7.876900893775332
3.5808333333333335,118.46368097231851,0.034067297193511856,-19.145996582292486,0.05734766135627212,0.6807476806272401
3.581666666666667,118.53698097232387,0.01658600853967037,-22.434787493187002,0.05485800070264292,-6.60546061559197
3.5825,118.6103607328623,-0.0026597909600149195,-23.340874572659377,0.04652975021782537,-13.205661156985457
3.5833333333333335,118.68412273070545,-0.02162092896675075,-21.75567198589828,0.03323728924905233,-18.411318029801514
3.584166666666667,118.75843040047866,-0.03826859607597973,-17.836638621758144,0.01639031252195369,-21.658000699039693
3.5850000000000004,118.83323937790557,-0.050812077929911645,-11.993010801042027,-0.002213384186649293,-22.587434900149702
3.5858333333333334,118.90831510512434,-0.05789304338987821,-4.844243641694478,-0.02057831045590227,-21.088124583353547
3.586666666666667,118.98333023633755,-0.05873514911686981,2.844759116654387,-0.03672488607111024,-17.309837852979214
3.5875000000000004,119.05800167814772,-0.05323223505610991,10.244962122248708,-0.04890344399676534,-11.649997974107702
3.5883333333333334,119.13220995280072,-0.04196479169102273,16.55248479819011,-0.05578544765395572,-4.71303632738411
3.589166666666667,119.20605036129147,-0.026142019672948918,21.076262534456113,-0.056610868450363,2.7532747925579026
3.5900000000000003,119.27979366874156,-0.0074748673820019245,23.31449785280766,-0.05127513054889109,9.937909973227434
3.5908333333333338,119.3537721278812,0.01200695069188097,23.011375361457752,-0.040345381225730455,16.054588333645018
3.591666666666667,119.42823857102037,0.030174625548131825,20.187529313971712,-0.025003428807302705,20.42815441126884
3.5925000000000002,119.50325834776325,0.04503297128153842,15.14052379809083,-0.006920697859918308,22.569827005355226
3.5933333333333337,119.57868057736114,0.05494075665634026,8.414844424545016,0.011921890070785526,22.23286111346695
3.5941666666666667,119.65420177058587,0.05879420502712164,0.7442593269124275,0.029449935481318294,19.442183981505238
3.595,119.72949537726181,0.05615292412126058,-7.027483228355982,0.04372404992086165,14.494335731853454
3.5958333333333337,119.80435214776652,0.04729359820204958,-14.039144363865816,0.05315565352839415,7.927277319840887
3.5966666666666667,119.87877089170358,0.03318458216868864,-19.507579510673608,0.05668595423894734,0.46297411597009397
3.5975,119.95295994909205,0.015383244690175747,-22.815805471039567,0.05390772258903966,-7.071248758702564
3.5983333333333336,120.027247898156,-0.004133439465077576,-23.58359180175658,0.04511555904855199,-13.834104513771857
3.599166666666667,120.10194142076803,-0.02318691949999252,-21.712404025156843,0.031278141380017145,-19.06444360920263
3.6,120.17719170518819,-0.03963986627128894,-17.399266015227827,0.01393459693987541,-22.16752188565908
3.6008333333333336,120.2529277737419,-0.05163674082736786,-11.117515795658731,-0.004974288163717914,-22.78360466744689
3.601666666666667,120.32888653926274,-0.057814985632042126,-3.566132830518628,-0.023321803118820237,-20.83089698464192
3.6025,120.40472731239994,-0.057462606249983506,4.407097347184639,-0.03903419117786697,-16.51755713254671
3.6033333333333335,120.48018120726817,-0.05060362508668756,11.900253811704403,-0.05032589672461358,-10.320968446410628
3.604166666666667,120.55516994214673,-0.03800080670684247,18.059284094447623,-0.05590441734334073,-2.936137857596677
3.6050000000000004,120.6298412853523,-0.02107431787449986,22.175819270390694,-0.05512105996244696,4.80135595299509
3.6058333333333334,120.70450467711657,-0.0017445632405936715,23.769556202618094,-0.04804972271546019,12.009437074619635
3.606666666666667,120.77949465538666,0.017783761166305874,22.645535711119134,-0.03548379512360306,17.860103357472347
3.6075000000000004,120.85502216133172,0.035272355835114046,18.919361506239895,-0.018850516215552508,21.675037382626712
3.6083333333333334,120.93107992537168,0.04870635168454151,13.006976602268598,-5.1614370631367784e-05,23.005172354373673
3.609166666666667,121.00744474439027,0.05652813936552827,5.579648018148132,0.018752315610166777,21.68478737425891
3.6100000000000003,121.08377653466427,0.05782068482185147,-2.511150136552568,0.03538947888939476,17.853490850530783
3.610833333333334,121.15977056526093,0.052418468067349254,-10.33068965977168,0.04792829679507592,11.943061771264158
3.611666666666667,121.2352948222211,0.040932263663406014,-16.968826996556523,0.05490342163587857,4.630154357047671
3.6125000000000003,121.31045037580014,0.02468380914609064,-21.646316614996454,0.05548972222003155,-3.2401293240191587
3.6133333333333337,121.38552672603599,0.005556868396737004,-23.807149670721138,0.0496032889816219,-10.751300635927862
3.6141666666666667,121.46087139054569,-0.014218921764429047,-23.185889376530106,0.03791673603764775,-17.02211454196133
3.615,121.53673220880708,-0.032326903280316156,-19.841720006895585,0.021785942396703662,-21.310386186326966
3.6158333333333337,121.61314396941884,-0.046635041030103935,-14.154702865478184,0.0030957475462787265,-23.101726765519125
3.6166666666666667,121.68991157242039,-0.0554484994786678,-6.784116723830293,-0.015958215934015828,-22.172498325578236
3.6175,121.76669833967016,-0.05771307040649525,1.4067535306073466,-0.03312656573026554,-18.619152323516122
3.6183333333333336,121.8431799124353,-0.053144745252382046,9.45095852891235,-0.046372123318961456,-12.84996935508091
3.619166666666667,121.91919353899564,-0.04226912971434146,16.391798268617354,-0.05411330673965141,-5.539620903738389
3.62,121.99481386434066,-0.026364890567535958,21.396929832061222,-0.05541570887624346,2.4485848698112087
3.6208333333333336,122.07031951017134,-0.007316793523823044,23.85903404069364,-0.05010835637278895,10.163962928462208
3.621666666666667,122.14606490537994,0.01260520751714294,23.470779145395372,-0.03880980688034389,16.681435513618982
3.6225,122.2223160128021,0.031015253227854808,20.264693869284656,-0.022859836852378607,21.212845233108236
3.6233333333333335,122.29912610525969,0.04569745869325062,14.612624821776658,-0.00416376216561149,23.203169240878708
3.624166666666667,122.37630995775696,0.05487414089427244,7.184240298621676,0.015032928665855433,22.39979549956356
3.6250000000000004,122.4535294513317,0.05742376722016265,-1.1310098161305495,0.03241326344674347,18.88607619623529
3.6258333333333335,122.53045146983122,0.053021603491932724,-9.329557131444924,0.045868790626809035,13.07455478474605
3.626666666666667,122.60690452666385,0.04218502554042946,-16.414564188942524,0.053757040861958115,5.6600881816457935
3.6275000000000004,122.6829603071008,0.02621679705283268,-21.517454841999726,0.05510482768656702,-2.462020011247739
3.6283333333333334,122.75890091590807,0.00705197023796043,-24.005283903333318,0.04973190850842063,-10.30339295193226
3.629166666666667,122.83508627107148,-0.012974057470703992,-23.560580872678255,0.038278891844127874,-16.902687216019835
3.6300000000000003,122.9117836426214,-0.03140886521616745,-20.223451005613008,0.022134781655316512,-21.443872149085465
3.6308333333333334,122.98904008972822,-0.045983516614221925,-14.390186954370586,0.0032718218767359367,-23.358092485658865
3.631666666666667,123.06665904371113,-0.05489343332493813,-6.767913134724287,-0.01599315472525252,-22.396297149785784
3.6325000000000003,123.14429320392368,-0.05702469146868084,1.7097817840747314,-0.03328230102097147,-18.663211724004036
3.6333333333333337,123.22161030227745,-0.052097038306630934,9.996342227307409,-0.046450690196005784,-12.607863860553923
3.6341666666666668,123.29845278019724,-0.04070484101605243,17.061195433744523,-0.053854245943530325,-4.971191199328864
3.6350000000000002,123.37491444339733,-0.024249606118370723,22.018310883264498,-0.054557999009237884,3.3033782300632444
3.6358333333333337,123.45129633032083,-0.00477114536100773,24.23829929263889,-0.04845794657859852,11.185752228802752
3.6366666666666667,123.52796201827714,0.015302750458114914,23.429763360305497,-0.03630020193759288,17.687292349239904
3.6375,123.60516159725938,0.033457751693070414,19.679225687844163,-0.01959376055162513,21.985318476105423
3.6383333333333336,123.68290959663133,0.04740828696034943,13.443989299914044,-0.00042652950634462826,23.528272710127556
3.639166666666667,123.76097686609262,0.05538713848681336,5.49812933655134,0.018793396306745327,22.107982457128262
3.64,123.83900143629873,0.05637243521690955,-3.162250907056903,0.035639455153084025,17.889389720192867
3.6408333333333336,123.91666517034729,0.05022252304662246,-11.443091734910507,0.04797366118705427,11.393341511522669
3.641666666666667,123.99385010847845,0.03770044944979239,-18.290440105405143,0.05422005663284524,3.4339289320151765
3.6425,124.07069740568541,0.020383579019690096,-22.82511638522305,0.05356935733048741,-4.9823170491586115
3.6433333333333335,124.14753889786995,0.0004684478438634974,-24.456728142994944,0.046087831295274134,-12.783062795658765
3.644166666666667,124.22473393725441,-0.019505483419717896,-22.962119567484596,0.032715299235209716,-18.966807528192607
3.645,124.30249146373004,-0.036978765100884346,-18.517652961398607,0.015151139909361193,-22.7321223246225
3.6458333333333335,124.38076556302138,-0.049700655386212655,-11.680478289931397,-0.004358435640663801,-23.582746872764726
3.646666666666667,124.45927720708721,-0.0560212991878446,-3.3204466298138975,-0.023305655420591164,-21.39462248973436
3.6475000000000004,124.53765249332758,-0.055109198005964255,5.489261440432487,-0.03924305540198368,-16.43562244540928
3.6483333333333334,124.61560929008017,-0.04706488691932105,13.609225582016593,-0.05010072286038354,-9.33471536963451
3.649166666666667,124.69309913449167,-0.032914777628688004,19.981185885801988,-0.05445767768833674,-1.0038160398527725
3.6500000000000004,124.77033264757851,-0.014484484662307668,23.76669841071649,-0.0517315104191573,7.478197978738448
3.6508333333333334,124.84767458324717,0.005833333593682252,24.458801607612912,-0.04226052709708719,15.004716092165326
3.651666666666667,124.92546030424204,0.025387566094495283,21.951666809108193,-0.027266327864900217,20.585983556204685
3.6525000000000003,125.00382587267303,0.04161416499224237,16.558461834166888,-0.008700244368341974,23.48014668608954
3.6533333333333338,125.08263812389072,0.052373636720714246,8.974304212251472,0.011007621395615398,23.293305220098745
3.654166666666667,125.16156123121768,0.05623594716129879,0.18837291531302747,0.029264900611783808,20.034908881041535
3.6550000000000002,125.24022707219812,0.052674562933657736,-8.643955199343747,0.04365801506046047,14.120505133368397
3.6558333333333337,125.3184232607478,0.042142813779012016,-16.352586816191366,0.05227293818314745,6.320688604313215
3.6566666666666667,125.3962026676052,0.026020984131558303,-21.90802886855329,0.053952836364266954,-2.337764540750996
3.6575,125.47385746192109,0.0064395730222863165,-24.559902062262655,0.048457529663417494,-10.706116675288506
3.6583333333333337,125.55176978230337,-0.013999237080665507,-23.939898324064472,0.03650228773655573,-17.665841657622472
3.659166666666667,125.63021495028225,-0.03256592021370947,-20.11486513281251,0.019669279854854508,-22.27864117791446
3.66,125.70921858770699,-0.04676841473378424,-13.582147051985702,0.00020197197141805972,-23.9141342713112
3.6608333333333336,125.7885422391928,-0.05468863235882756,-5.206950356806323,-0.019291350731426554,-22.337703751336
3.661666666666667,125.86780616164907,-0.05524498888601764,3.8906839460700584,-0.036186123756926675,-17.746054649058873
3.6625,125.94668656015016,-0.04834458942431444,12.48476454673835,-0.04819568401658202,-10.744896206723778
3.6633333333333336,126.02508494353651,-0.03490310088930409,19.408441760299716,-0.05368321512662069,-2.2709102152137306
3.664166666666667,126.1031806940264,-0.016727977447532533,23.71311139918834,-0.05188860156594557,6.532219867915242
3.665,126.1813381907376,0.0037207658842728147,24.79976447503408,-0.043038276929316895,14.467513697562971
3.6658333333333335,126.25991599028846,0.02366112143968128,22.5042292010982,-0.02832163738957331,20.447582957061734
3.666666666666667,126.3390777664716,0.04036693526269364,17.12394678877361,-0.009735593855219628,23.644538910877987
3.6675000000000004,126.418704958041,0.05154183127334648,9.381734334589767,0.010183064053958416,23.606149301987752
3.6683333333333334,126.4984583502754,0.05563779015672167,0.3305815750791301,0.028702109046304918,20.32175878852977
3.669166666666667,126.57795725320986,0.05207381945672998,-8.788265479422916,0.043268631700319166,14.22813129700591
3.6700000000000004,126.65698197001893,0.0413232862648351,-16.715006536345626,0.05186274182275315,6.153510940500076
3.6708333333333334,126.73559173987435,0.024856199492565154,-22.345664878631045,0.053280997655955585,-2.7932651306541563
3.671666666666667,126.81409430501162,0.00494265601119746,-24.88697895737381,0.047309365785453555,-11.374011859194315
3.6725000000000003,126.89288204739756,-0.015656926181279025,-23.969940109228226,0.03476028641539379,-18.39233166313457
3.673333333333334,126.97222151657623,-0.03407299308993239,-19.705504605193667,0.017366994431707933,-22.861037535076974
3.674166666666667,127.05210930316755,-0.04772705614379839,-12.6738188748227,-0.002451896713821591,-24.142370191424273
3.6750000000000003,127.1322727064457,-0.054695063112238484,-3.8474792393375976,-0.02192616313000112,-22.04092566258386
3.6758333333333337,127.21231616706478,-0.05398243628830611,5.541360442578083,-0.03832041904817838,-16.835514863072408
3.6766666666666667,127.29193534541301,-0.04567095228445135,14.172127429056337,-0.04931947450645604,-9.244551825197915
3.6775,127.37108304006682,-0.030915142467152035,20.821588683815317,-0.05335818525268253,-0.32887367439715653
3.6783333333333337,127.44999606549507,-0.011786862470825958,24.538119039000932,-0.049848426252907474,8.655166275758665
3.6791666666666667,127.5290671267136,0.009011795089448887,24.779547059595235,-0.03926971465021806,16.432200143186275
3.68,127.60863043293433,0.028528041500893848,21.494401889437324,-0.023108907119794513,21.889242760625613
3.6808333333333336,127.68877796399998,0.04397741564708357,15.134116848270658,-0.0036557031580825693,24.23615640721554
3.681666666666667,127.7693078000956,0.05314288765790623,6.593414348002322,0.01631859993118757,23.12190224978339
3.6825,127.84983424019931,0.05469661132824993,-2.913643416206111,0.03395451483249569,18.689238498714218
3.6833333333333336,127.93000028928387,0.04839715324544184,-12.025066515352982,0.04671431891313642,11.559080092924361
3.684166666666667,128.00967566674512,0.035132259591052116,-19.425800875369905,0.05274972999944996,2.745727508392371
3.685,128.08903019720896,0.01679907771262238,-24.038223278075165,0.0511737071520717,-6.4858105638987285
3.6858333333333335,128.16844057323473,-0.003962844409189038,-25.180596720054986,0.04219586024401565,-14.800586821876063
3.686666666666667,128.24828100250338,-0.02414886888443916,-22.669989274557693,0.027100139426465223,-20.986883281851526
3.6875000000000004,128.32871381734384,-0.040823383395057755,-16.85384078089646,0.008066099301923086,-24.133830356875432
3.6883333333333335,128.4095975077374,-0.05154813794859116,-8.564506113542091,-0.012142139489312795,-23.767314193287252
3.689166666666667,128.49056497209372,-0.05474213396865522,0.9977192920267054,-0.030575411112963913,-19.923660373146305
3.6900000000000004,128.571229437567,-0.049919495265336594,10.43699469298439,-0.044530070808928526,-13.149356711785085
3.6908333333333334,128.65140287662504,-0.037768878176019004,18.365219737090502,-0.051946755578622175,-4.42575448558299
3.691666666666667,128.73120335904213,-0.02006077123765599,23.606697753015517,-0.05171823791453953,4.971266894278491
3.6925000000000003,128.81098939733351,0.0006057608239327375,25.373946627055254,-0.04385981280522383,13.656897780215838
3.6933333333333334,128.8911570495665,0.02118140223985042,23.388177495481788,-0.029515309620242354,20.341432438479245
3.694166666666667,128.97191422888145,0.038615412391111596,17.925721766202006,-0.010795806039356934,24.02270725874736
3.6950000000000003,129.05316103991035,0.0503090893809764,9.782390702722118,0.009527041940395515,24.13811548377534
3.6958333333333337,129.13454569549535,0.054506337392675706,0.15986580526461958,0.028429139620601646,20.65290503842251
3.6966666666666668,129.21566549671184,0.050562201007340074,-9.510040197438034,0.043083831073085006,14.070597864254058
3.6975000000000002,129.29629847154456,0.03904763449439125,-17.77781402387047,0.051286642021756666,5.36280831903954
3.6983333333333337,129.37653227551414,0.021672750541966358,-23.393964891542897,0.05179079731532608,-4.172185299886461
3.6991666666666667,129.45671485780198,0.0010378596332657544,-25.499296470035787,0.04450190426770237,-13.101856055719715
3.7,129.53725386512622,-0.019752257820386806,-23.7585643143685,0.03050068348237117,-20.074510789904146
3.7008333333333336,129.61837998505553,-0.03755418395403169,-18.416427229213827,0.011888184485939677,-24.024792537834532
3.701666666666667,129.70001178933268,-0.04966214583211045,-10.26603847356872,-0.008525233187352044,-24.33825028191004
3.7025,129.78180194840172,-0.05422246953389447,-0.5337584064416818,-0.02764180019682534,-20.949311528895272
3.7033333333333336,129.8633394128615,-0.05052227893213808,9.303664351005233,-0.04254619014004886,-14.35671362745525
3.704166666666667,129.94439033788058,-0.039106779313784375,17.74247705960703,-0.05095213397452069,-5.552804361368849
3.705,130.0250364023146,-0.02170504637060598,23.48221389172045,-0.05155710783973356,4.123726320660858
3.7058333333333335,130.1056280476179,-0.0009733496841673561,25.62758791962838,-0.04424950266626071,13.190179502474958
3.706666666666667,130.18657858271524,0.019906736694114486,23.830442618872354,-0.030134567973720595,20.2468780384601
3.7075,130.26811965264974,0.03771522104092622,18.3489370596736,-0.011372889193491432,24.19418234219141
3.7083333333333335,130.3501629237254,0.049691319053996645,10.013565528520894,0.00914593285570587,24.405726875440635
3.709166666666667,130.43235128833433,0.053964790271280774,0.10390179253094756,0.02824583720543833,20.83032566993931
3.7100000000000004,130.51427076122798,0.049853121150559454,-9.846073874297783,0.042955737616740056,14.005622535515498
3.7108333333333334,130.59569780138762,0.03797659089317684,-18.28474913825571,0.05097386404403803,4.980042754113012
3.711666666666667,130.6767341418118,0.02017099772445965,-23.885342496205187,0.0510321428349916,-4.8461086705597
3.7125000000000004,130.75774709814337,-0.0007907856706326107,-25.75611633243401,0.04310232244996685,-13.936686205432526
3.7133333333333334,130.83914953392522,-0.021627077267234333,-23.584813491708132,0.02840953379733251,-20.859767660531876
3.714166666666667,130.9211508434412,-0.039059925885888726,-17.693576436395773,0.00924877439311927,-24.51426736203226
3.7150000000000003,131.00362937956336,-0.050332110646297376,-8.994341033781733,-0.01136916545309259,-24.307097370356566
3.7158333333333338,131.0862048279642,-0.053646893951505764,1.1497110234128132,-0.030188444495509448,-20.252083495318413
3.716666666666667,131.16846832854947,-0.04845985835648438,11.136042061748604,-0.044222391133611684,-12.973767909736985
3.7175000000000002,131.25023152764322,-0.03557462131283343,19.375357821147837,-0.05123001597460817,-3.6140784513208715
3.7183333333333337,131.33164260057208,-0.017024758464598284,24.545219887598872,-0.05007843362762668,6.344689250163919
3.7191666666666667,131.41309700229993,0.004241844302740541,25.804122748373242,-0.040931902762880175,15.313508736003278
3.72,131.49499585629448,0.024828110637816557,22.931122918262854,-0.02523507859535208,21.85026004608036
3.7208333333333337,131.57749922571148,0.04142955713718633,16.367469955946895,-0.005490626727125612,24.89289691420312
3.721666666666667,131.66042638740058,0.05136651458865002,7.152074059851399,0.015135557350401422,23.934269240757573
3.7225,131.743366091162,0.053020824601188545,-3.240344682031041,0.03331997392983272,19.109494624329905
3.7233333333333336,131.8259303862432,0.04610522249451974,-13.133664638918555,0.04611760135341421,11.180430871225521
3.724166666666667,131.90799566467942,0.0317196777284582,-20.92035699374109,0.051441916033852474,1.418239981695065
3.725,131.98978076306025,0.012182909081579213,-25.32366011930475,0.04841015936393605,-8.59836171446625
3.7258333333333336,132.07171191512012,-0.009336253597396649,-25.609049866268197,0.03749594789035304,-17.237509891450593
3.726666666666667,132.15415708337588,-0.029329933071963923,-21.709670216434446,0.02046193007974648,-23.08043483641135
3.7275,132.237195038784,-0.04452279048819015,-14.243882917957478,8.080083045687234e-05,-25.15607025529333
3.7283333333333335,132.32056463477724,-0.052411081504890884,-4.420448278538204,-0.020312154448939593,-23.105002920157908
3.729166666666667,132.4038278661237,-0.05168010339271105,6.15471246922535,-0.03736345440142791,-17.244703200171195
3.7300000000000004,132.4866456744744,-0.04242969128245215,15.739723085092674,-0.04825417293377625,-8.523796248708138
3.7308333333333334,132.56899296658037,-0.026168117762682,22.743692359278008,-0.05116976971907304,1.6287047430955246
3.731666666666667,132.65117590020566,-0.00557255116458079,25.992148682954983,-0.045608113909203045,11.535742410869723
3.7325000000000004,132.73363866048555,0.015947009240148424,24.92648793289373,-0.032472532219302026,19.54869253961506
3.7333333333333334,132.8166809676874,0.0348101193246692,19.70318904298011,-0.013931734167776808,24.32251849474669
3.734166666666667,132.9002659918266,0.0478622607433357,11.174719165336004,0.00693287316384408,25.043578282433423
3.7350000000000003,132.98404251723406,0.05290580144294151,0.753570671544086,0.026636073492472465,21.571198162634875
3.735833333333334,133.0675690604788,0.04907565448301173,-9.819461926615508,0.04187047641507579,14.467943862739979
3.736666666666667,133.15059755095697,0.03699453684303107,-18.765157499529153,0.05006396773511305,4.911836692831962
3.7375000000000003,133.23323415656643,0.018678933394959966,-24.565814358118814,0.049818685242820536,-5.496417165187989
3.7383333333333337,133.31587219459306,-0.0027914120725287543,-26.224645162069535,0.041155861464957956,-15.000114193697005
3.7391666666666667,133.39893853248645,-0.023787390892443236,-23.440002606088377,0.02552265393871744,-21.983003122925638
3.74,133.48261650579815,-0.040742778315809025,-16.663534030337782,0.005556869546065961,-25.245511495568415
3.7408333333333337,133.56672553914987,-0.05076179571980197,-7.030623816566629,-0.015353338038806308,-24.213345681915317
3.7416666666666667,133.6508374524938,-0.05211821797003105,3.826883270699141,-0.03364216490041038,-19.041800808453484
3.7425,133.73455549597324,-0.04455928212488839,14.055333831836492,-0.04617487877734367,-10.596356241704537
3.7433333333333336,133.81777461997393,-0.02935985915366816,21.89540878604716,-0.05078858863677391,-0.3110523526028608
3.744166666666667,133.90075177451948,-0.009114496050500277,25.985930463408568,-0.04667123111166739,10.052777758095399
3.745,133.983938220957,0.012700051426681921,25.602702622976956,-0.03451144740172856,18.707250092632723
3.7458333333333336,134.06768242934163,0.032319022225615564,20.790084478947453,-0.016390627245205187,24.146981694056905
3.746666666666667,134.1519990301033,0.04633958044704682,12.360879102847225,0.004567353904845477,25.41295931525802
3.7475,134.23655770611984,0.052314287426040405,1.7625998937963732,0.024730860017810417,22.26466290001405
3.7483333333333335,134.32090139732097,0.04918409911149871,-9.168553588265937,0.04058886074094934,15.229072645337192
3.749166666666667,134.4047504177755,0.03747334339562983,-18.52467932148624,0.04936442662820986,5.516166193190022
3.7500000000000004,134.48819007564933,0.019209633606587374,-24.659632701630883,0.049505836091172886,-5.186271298508839
3.7508333333333335,134.5716151236081,-0.0024206233292709232,-26.480639497410433,0.04096765334379562,-15.004277401127819
3.751666666666667,134.65546613386792,-0.023623812103370105,-23.646096402055186,0.025229772102480202,-22.20571927768687
3.7525000000000004,134.7399332912716,-0.04066311981703739,-16.633253844191568,0.005047841789304968,-25.507322950080894
3.7533333333333334,134.82482709061725,-0.05051903501615376,-6.661873545611394,-0.016024135107040476,-24.30608828037789
3.754166666666667,134.90970485306838,-0.05142930288043891,4.514736202211352,-0.03425728129243835,-18.79292000888966
3.7550000000000003,134.99416962006663,-0.04321097879851348,14.916120069584483,-0.04640849324812776,-9.926521397548415
3.7558333333333334,135.07813995866542,-0.027304573353200266,22.685340851102573,-0.0503011249359416,0.7298704475601645
3.756666666666667,135.16190675426324,-0.006528990405272908,26.421907427239017,-0.045221108076111315,11.281770009576435
3.7575000000000003,135.2459363305007,0.015412466637502514,25.437065188653982,-0.03205538119748636,19.839429289726553
3.7583333333333337,135.33055227287107,0.03458950404197259,19.884453979339586,-0.013144632957901997,24.857121774072276
3.7591666666666668,135.415713005322,0.04754950000357957,10.740763656234472,0.008126686325166277,25.41469795149786
3.7600000000000002,135.50103883824292,0.05194302142982673,-0.3623481598379614,0.027932438798352804,21.389747165877495
3.7608333333333337,135.58607209224837,0.04695622534476712,-11.426877312331873,0.042692561908077215,13.487598108447706
3.7616666666666667,135.6705927701091,0.0334694651186899,-20.447081703118407,0.04972302821078688,3.121607784802779
3.7625,135.75477181719117,0.013909939532630852,-25.773923249308528,0.04772954637413279,-7.836720029624855
3.7633333333333336,135.83905422597385,-0.0081785650000917,-26.41901353074245,0.03705323562683183,-17.394179766486506
3.764166666666667,135.92385082964105,-0.028773827936778164,-22.241637718196873,0.01962040316070299,-23.798691844231968
3.765,136.00925186469556,-0.04410709620641292,-13.98287046009734,-0.001398031558462071,-25.862456509900863
3.7658333333333336,136.0949626081569,-0.05135570734655439,-3.1382517240804564,-0.02215859995707612,-23.185517039468127
3.766666666666667,136.18050814273332,-0.049168659119156015,8.309939407484404,-0.03884654789013191,-16.237109540720425
3.7675,136.26556592514186,-0.03792624222926795,18.25350141656929,-0.04837869175315061,-6.277680856329175
3.7683333333333335,136.35019334204307,-0.019682513531006918,24.846865212537306,-0.04897807718530619,4.866366218498941
3.769166666666667,136.43478886658744,0.0022026408430631597,26.851758236302015,-0.040512469080003465,15.135621437204943
3.7700000000000005,136.51981189872345,0.0236773815432869,23.8732666144801,-0.02453094444017368,22.61802409834092
3.7708333333333335,136.60545759389603,0.04074654041296164,16.441701375646268,-0.00398806661368391,25.906463523898356
3.771666666666667,136.69151719578102,0.050217020896213785,5.922690841937582,0.017296755796933596,24.36649324428435
3.7725000000000004,136.777524951722,0.05030056419164383,-5.73021419280338,0.03534689610993394,18.262699281215454
3.7733333333333334,136.86308933090274,0.04095914794081038,-16.336322117495975,0.046772542490484736,8.717907008478159
3.774166666666667,136.94817332876715,0.023924953677882128,-23.895765090672647,0.04941178340550369,-2.489576635996312
3.7750000000000004,137.03312249900358,0.0023871405721697,-26.968393832543057,0.04274672573573916,-13.254842124076518
3.7758333333333334,137.11841832988222,-0.019599526996112428,-24.951526522876936,0.028013307089103857,-21.54106007431401
3.776666666666667,137.20433211393592,-0.03787567828906396,-18.20240336434043,0.007980250402642042,-25.76612936303315
3.7775000000000003,137.29072826564246,-0.04896564466715195,-7.979775275501683,-0.013564962484129708,-25.10769997802555
3.7783333333333338,137.37716074379696,-0.050743460865206154,3.7869280850232268,-0.032528921459574395,-19.667256825334054
3.779166666666667,137.46319524020004,-0.0428480566355686,14.859327901532298,-0.04529043784866518,-10.459841861982579
3.7800000000000002,137.5487249335199,-0.0267651886192676,23.115418650127488,-0.04939606630401785,0.7712028217232012
3.7808333333333337,137.63404970658684,-0.0055563159264397435,26.957807004105266,-0.04403870127491864,11.881514163254074
3.7816666666666667,137.7196588765796,0.01671783650226069,25.62608037513133,-0.0302246434030436,20.73415552904537
3.7825,137.80587384175936,0.03577177248767894,19.351645324626286,-0.010593134825991331,25.611668406906816
3.7833333333333337,137.8926115890331,0.0479206968952524,9.322767666743808,0.01108106904700349,25.552124131545174
3.784166666666667,137.97944408632853,0.05079784459593383,-2.536223675086287,0.03060972255206873,20.542923988083444
3.785,138.0659123876294,0.043823176433130245,-13.93142865368161,0.0442003956609508,11.53258950723804
3.7858333333333336,138.1518656149287,0.028329237211509824,-22.642348675431865,0.049196744442176706,0.25554948458382415
3.786666666666667,138.23757399749618,0.0073154271128410015,-26.95599185015408,0.04460457872411167,-11.098640719775139
3.7875,138.3235300620979,-0.015125854534527567,-26.007020890686775,0.03129828374618619,-20.30921581312492
3.7883333333333336,138.41008312912345,-0.03460279665706054,-19.955817426371162,0.011863228041890304,-25.559464433149337
3.789166666666667,138.49717822130262,-0.04728433554216105,-9.96704059632382,-0.0098993631008744,-25.797903327851095
3.79,138.58439551040004,-0.05065835464763672,2.0100485878493886,-0.02971173359613956,-20.953055869395087
3.7908333333333335,138.67126338962814,-0.04403703071696724,13.619016685023976,-0.04366020407981787,-11.95721661821249
3.791666666666667,138.7576124604318,-0.02870623782117501,22.558998416751123,-0.04897199014309438,-0.5716637389493793
3.7925000000000004,138.84370431853907,-0.007685005792286618,27.042104377832114,-0.04457337584857978,10.954906359009833
3.7933333333333334,138.93003599831158,0.014861929622497156,26.15434481209438,-0.03131557864308541,20.32918532158214
3.794166666666667,139.01696508140347,0.03444565736891062,20.046601926148142,-0.011819207141362961,25.67041799320321
3.7950000000000004,139.10443808309702,0.04714743091674548,9.914922761308649,0.010036293150814994,25.89066702098206
3.7958333333333334,139.1920294154044,0.05040757844418849,-2.229034866911204,0.02988030278611127,20.920765471527957
3.796666666666667,139.2792639950543,0.04354928475612711,-13.954354567929041,0.04372481835177629,11.734239667290232
3.7975000000000003,139.36597971055753,0.02792856205735133,-22.89659104819961,0.0487697935670345,0.16138835041292987
3.798333333333334,139.45245277147595,0.006675560240347723,-27.23605385266062,0.04397669146337458,-11.472021946964954
3.799166666666667,139.53918772436154,-0.01592547321003726,-26.071654878489092,0.030291387963297545,-20.810857312407272
3.8000000000000003,139.62653058422393,-0.035296292449311005,-19.6128614163499,0.010466924677547482,-25.948419980323163
3.8008333333333337,139.71440160441688,-0.04749292555627337,-9.147988583483718,-0.011482771053876063,-25.818868968965475
3.8016666666666667,139.80235513641082,-0.05001380267695579,3.20801010911952,-0.031091412351662306,-20.4229181462541
3.8025,139.8899231163811,-0.04232118872003495,14.937927247982056,-0.044349185038910166,-10.838175335823388
3.8033333333333337,139.9769781496152,-0.025965627326267452,23.634385626690214,-0.048527012395911034,0.9911857919393936
3.8041666666666667,140.06383400541927,-0.004282979720315056,27.49565409265618,-0.042746012605849405,12.645451670548399
3.805,140.15100288891767,0.018278841684260687,25.70278185968018,-0.028171839024908805,21.723188876695396
3.8058333333333336,140.23879609929432,0.03706910174943415,18.5983877656531,-0.007789211360385565,26.33736842960629
3.806666666666667,140.32707944624354,0.04819430461184946,7.627144509926361,0.014201886579862988,25.51108921612758
3.8075,140.41537677964152,0.049330689464198635,-4.953213974818861,0.03324781370760696,19.3892653499202
3.8083333333333336,140.5032432327171,0.04021850360970732,-16.533617866956092,0.045384792893923026,9.219501161205674
3.809166666666667,140.5906161823467,0.022731181342162565,-24.694353158169427,0.048068794205057025,-2.8972720592090226
3.81,140.67786634082614,0.0004997681985347358,-27.712815002883858,0.04071707780657698,-14.437655927241924
3.8108333333333335,140.76550586618606,-0.02183423755595329,-24.931389479472603,0.024844489414534137,-22.9805011564884
3.811666666666667,140.8537822705604,-0.03958538209083538,-16.906081669729243,0.0037609355203547957,-26.716596493502873
3.8125000000000004,140.9424803547853,-0.049009451123301066,-5.3013343360418865,-0.018111697692080004,-24.83573066797812
3.8133333333333335,141.03109203264842,-0.048099819038705895,7.45050448864307,-0.03616378907185068,-17.707569542757035
3.814166666666667,141.11922144381285,-0.03702427756868522,18.656452913815837,-0.046570949599133125,-6.815004954910952
3.8150000000000004,141.20690270930274,-0.01810535796812185,25.93171438471004,-0.047110105125396956,5.549541052483924
3.8158333333333334,141.29457430387495,0.004657268871149009,27.709938515476487,-0.03764339154598502,16.763751534138517
3.816666666666667,141.38272767508192,0.02642621025583401,23.58523249938588,-0.02016273243593942,24.43129850480947
3.8175000000000003,141.47151085055478,0.04255280727867967,14.410313614889667,0.0016198029089734226,26.89625678185405
3.8183333333333334,141.5606073145354,0.04957323470070966,2.126160015785497,0.02305375498859928,23.60518418013699
3.819166666666667,141.64949079116562,0.045960160363302645,-10.64421168235393,0.03954097834660691,15.236822810552255
3.8200000000000003,141.73785212048182,0.03246530426512279,-21.153839383778333,0.04752477789377876,3.568050500618122
3.8208333333333337,141.8258519995605,0.011974026831847753,-27.12352953271915,0.045264195475549364,-8.898875942272182
3.8216666666666668,141.91399172032894,-0.011102604271530522,-27.239621335219923,0.033223464098330824,-19.470637400681102
3.8225000000000002,142.0027043467282,-0.031772217659395974,-21.448413630678413,0.013987533521673347,-25.845188636609937
3.8233333333333337,142.09199924060925,-0.0455410122423244,-10.980210333496597,-0.008283791451418408,-26.61616587504609
3.8241666666666667,142.18145267150496,-0.049395639375212415,1.9062555384639757,-0.02874990128868855,-21.588235690253992
3.825,142.27055527591082,-0.04247158163063729,14.407291787444851,-0.042940745418091425,-11.831664735897663
3.8258333333333336,142.3591324487757,-0.02625794574027005,23.78304847278432,-0.04773739612160413,0.539701109680687
3.826666666666667,142.44749027368854,-0.004288072587332558,27.959783817171147,-0.04206586963294608,12.822370990148158
3.8275,142.53616352017897,0.018622305188313648,25.992889093600027,-0.02714813695907282,22.312535757588122
3.8283333333333336,142.6254718242034,0.03742697558864649,18.286413925621233,-0.006249574415146764,26.90270969075026
3.829166666666667,142.71525238567617,0.047962352668007496,6.516919952900232,0.01602750955745722,25.55377899816093
3.83,142.80499408060717,0.04787597020782125,-6.7258166261973065,0.034753344920288996,18.53591132570028
3.8308333333333335,142.89426414782494,0.03716193602592642,-18.505546795115865,0.04576273004395779,7.381343668249082
3.831666666666667,142.98307179834424,0.01817934814508658,-26.190473753622516,0.046587557051806595,-5.444685141145307
3.8325000000000005,143.07186227528857,-0.004856766210025565,-28.044158347571617,0.03701979947203871,-17.085493003839577
3.8333333333333335,143.16114317135873,-0.02680457698990841,-23.623158482607195,0.019174507146109843,-24.92883743713132
3.834166666666667,143.2510556621175,-0.042741443966242305,-13.889259572130833,-0.00296743734480578,-27.195732366063726
3.8350000000000004,143.34125345168948,-0.04907182975800624,-1.0068171490154576,-0.02444038747961852,-23.34896355797674
3.8358333333333334,143.4311949114832,-0.0443470153670858,12.133710691367792,-0.0404054781287251,-14.22645867633923
3.836666666666667,143.52060331283474,-0.029607927164797217,22.562307830918463,-0.04724438297673602,-1.8652792272835148
3.8375000000000004,143.60970398548506,-0.00816760894795012,27.901925527284245,-0.04338739310390111,10.948424229192511
3.8383333333333334,143.6990337013087,0.015124139129196593,26.91449867762099,-0.029684593405281814,21.30523997461864
3.839166666666667,143.78898192994032,0.034972955359287884,19.79416350997254,-0.009230083298730507,26.83409439798174
3.8400000000000003,143.87945571864552,0.04684416618864063,8.136963816897858,0.013327352383255118,26.24902197386024
3.8408333333333338,143.9699578234891,0.04800508186798266,-5.41079454137185,0.032835773737613684,19.654205377895025
3.841666666666667,144.0600142283363,0.0381644268860727,-17.749565067857617,0.04481720120071115,8.533693840658328
3.8425000000000002,144.14958426185444,0.019557038302134313,-26.035197448293985,0.046501354841800666,-4.576490060184202
3.8433333333333337,144.23909761939458,-0.0035524641480535754,-28.33736977017513,0.03747613116716212,-16.662906258441552
3.8441666666666667,144.32908289996848,-0.02583952697609182,-24.0948156690444,0.01979991829084388,-24.926694000413466
3.845,144.419707650334,-0.04214430936381337,-14.258819313261693,-0.002456831956747953,-27.434329899767416
3.8458333333333337,144.51063069316524,-0.04867005153079817,-1.0870310694869305,-0.024141371551995763,-23.57531476504681
3.846666666666667,144.60129865021813,-0.043876068388285845,12.369526869962503,-0.04020923579945992,-14.21732082679531
3.8475,144.6914304206648,-0.028853388960359296,22.97099787163996,-0.04690118100141615,-1.5181036320323256
3.8483333333333336,144.78126537378864,-0.007088902690269224,28.22266978188585,-0.04263117893748313,11.566856763398228
3.849166666666667,144.87135457076528,0.01633419171789534,26.86658801625768,-0.028373838910890247,21.969934557159373
3.85,144.96207543110026,0.035918695390875256,19.1895284269392,-0.007454125349014579,27.23172995617992
3.8508333333333336,145.05329703028545,0.04704472624662885,6.970518054626341,0.015218414282046837,26.086868666780763
3.851666666666667,145.1444942576557,0.04706653105783494,-6.925008803858581,0.03429692245249562,18.774761040657012
3.8525,145.23521318041117,0.03595285292146296,-19.2134566214571,0.04525916362815047,6.997619549394801
3.8533333333333335,145.32547588765618,0.016313360501675693,-26.968839956620123,0.04548614587858529,-6.469496268235712
3.854166666666667,145.41576267636648,-0.007202648231110606,-28.32292276525446,0.034898681126620035,-18.428876315995094
3.8550000000000004,145.5065839066018,-0.028999590697275555,-22.921468874954464,0.015994728828860372,-26.019218423569264
3.8558333333333334,145.5980221854868,-0.04386571589962211,-12.023820449197549,-0.0067287224077861455,-27.403503829658575
3.856666666666667,145.68965641018482,-0.04822423296875007,1.783345049023004,-0.02783825626452095,-22.219620326018045
3.8575000000000004,145.7809394212402,-0.04100402357486359,15.194932701979162,-0.0422618435684566,-11.681865654232798
3.8583333333333334,145.87169190228286,-0.02391567380420575,24.976987093916367,-0.04651230429893456,1.696287587182445
3.859166666666667,145.96226624954915,-0.0010589465161116322,28.748743838746005,-0.03954024722269095,14.696752779670362
3.8600000000000003,146.05322884595768,0.022051509138299695,25.567607223392887,-0.023005615233762405,24.169358477918514
3.860833333333334,146.14484566903045,0.03981303367166408,16.17208562821191,-0.0008948819185630548,27.79736067567134
3.861666666666667,146.2368386056949,0.0478961457337889,2.818499834879006,0.021431027287111867,24.669473761329947
3.8625000000000003,146.32863752627304,0.044308730958567986,-11.254674888289493,0.03853301217518138,15.515967715830934
3.8633333333333337,146.41990141843817,0.029899619279093084,-22.609279027736196,0.04622178974798225,2.5461201126765314
3.8641666666666667,146.51083240456396,0.008171379042919535,-28.448497076673476,0.04259275952513113,-11.078990556521928
3.865,146.6019919127294,-0.015560145335782117,-27.310548252671534,0.028510101612688694,-22.014116861622792
3.8658333333333337,146.6937843037281,-0.035460685040457476,-19.44191301224699,0.007414245986612219,-27.552266318350792
3.8666666666666667,146.78608247381746,-0.046612885049015916,-6.753167880466629,-0.01550804708873292,-26.299548028185463
3.8675,146.87834357801592,-0.04623886811914682,7.637785326925764,-0.034593526213358754,-18.533140440842374
3.8683333333333336,146.97011156436162,-0.03440433342070186,20.16777952685792,-0.0451027614896186,-6.14884210180289
3.869166666666667,147.06144203385244,-0.014022877423319785,27.710579706507897,-0.04440451110157251,7.794789707561461
3.87,147.1528524019682,0.009849078096873114,28.360901413687365,-0.03264644211573662,19.8279306270815
3.8708333333333336,147.24483992960842,0.03125931937678313,21.92273166498764,-0.012738430620377241,26.9330293834318
3.871666666666667,147.33741563965637,0.04484324663527392,9.975174388243346,0.010355764481465477,27.305559077645004
3.8725,147.4300921017742,0.047174249175599786,-4.506951374825597,0.030849124213662482,20.81927911909821
3.8733333333333335,147.52234043569132,0.03763969645748161,-17.888737779075964,0.04358105699323454,9.074442545216097
3.874166666666667,147.61408924727556,0.018615835557890738,-26.786508012429394,0.045323214128270777,-4.989369104465168
3.8750000000000004,147.7057939659744,-0.005111172506642676,-28.926705400387625,0.03560954794724315,-17.824180378663243
3.8758333333333335,147.79800720987254,-0.027540541656374727,-23.73360867768794,0.016874445051647355,-26.16789085342331
3.876666666666667,147.89085414737264,-0.04297232122560298,-12.492362894812251,-0.00614459630363591,-27.876778733839142
3.8775000000000004,147.98391167310672,-0.047460979032219616,1.960505291363157,-0.027596588012426603,-22.483019283571426
3.8783333333333334,148.07661015436963,-0.03983525222886614,15.946926069199872,-0.04200248367069542,-11.330638982942602
3.879166666666667,148.16877782094733,-0.022017972484683263,25.881459064168077,-0.04565986666872906,2.751143706788698
3.8800000000000003,148.26080703042516,0.0014447197999580873,29.193111091312485,-0.03760553539843503,16.16008245671697
3.880833333333334,148.3532794414513,0.0245333328470195,24.99721968632489,-0.019883039325036992,25.440842688645418
3.881666666666667,148.44640653522632,0.04129596114632192,14.34026814047076,0.0029622788516775363,28.178281952269973
3.8825000000000003,148.53982405543297,0.04738672873159178,-0.05201126095123154,0.025039648455023173,23.63250323280114
3.8833333333333337,148.6329422725503,0.041203139704725666,-14.465208383441974,0.040628999704943346,12.94713025058097
3.8841666666666668,148.72551705407508,0.024322071538899048,-25.152346375877986,0.045667492073638266,-1.1296412425850253
3.8850000000000002,148.81788852066953,0.0011123582763502239,-29.310184771181603,0.03881907628227437,-14.945665611741807
3.8858333333333337,148.91065199428414,-0.02238496093072749,-25.820868950432367,0.021842877092037184,-24.890251024859644
3.8866666666666667,149.00407773379695,-0.040024703585524624,-15.561179375334326,-0.0008445204419806003,-28.34027478313475
3.8875,149.09784522925102,-0.04716814183922047,-1.1918042923231456,-0.023307907237247752,-24.358556066319885
3.8883333333333336,149.19135534901673,-0.04191323099348998,13.52553918581936,-0.03964255063290967,-13.956988706582646
3.889166666666667,149.28431830665306,-0.02561561944293691,24.709869208414695,-0.04553030347012985,0.1514107486560361
3.89,149.37704041172495,-0.002554159217563655,29.38626263122389,-0.03939170467265983,14.253463565787857
3.8908333333333336,149.47012389737696,0.021180917106517105,26.283468773435896,-0.022824038083610373,24.610571335453674
3.891666666666667,149.56387199446272,0.03929145157501936,16.18842422889549,-0.00020035919656414148,28.452139566511285
3.8925,149.65798699487604,0.04694570775559389,1.7566757837036695,0.022474015146790094,24.723217037666675
3.8933333333333335,149.75186400858402,0.0420777902740461,-13.178646394301857,0.039151528467722824,14.383008476567499
3.894166666666667,149.84519263924685,0.025960066131874435,-24.62162471743406,0.04535913025294463,0.1677145597491334
3.8950000000000005,149.93826817254134,0.002886280262803626,-29.48445641294828,0.03940864366627947,-14.126512015369688
3.8958333333333335,150.03169832092203,-0.020960298738488845,-26.4270983472392,0.02287053306690122,-24.654588348212965
3.896666666666667,150.12579469343092,-0.03915870127539641,-16.23574641663789,0.00017447434951934834,-28.559084084762095
3.8975000000000004,150.22025833330403,-0.046782288971742525,-1.6310187678936678,-0.02256602929245411,-24.752422474726963
3.8983333333333334,150.31447876018478,-0.041743081433746596,13.450542364217513,-0.03919623141931164,-14.228915835823612
3.899166666666667,150.40814953225484,-0.025378838203131124,24.914141432667034,-0.04518984796653513,0.18507150912227388
3.9000000000000004,150.50157970381477,-0.002113971976285427,29.620435156813425,-0.03889198388907439,14.583033066268705
3.9008333333333334,150.59538258081656,0.021724502543665713,26.251967091224987,-0.02199113400348587,25.03435171531894
3.901666666666667,150.68985312805495,0.03962257410852028,15.691513876399203,0.0009181521991899503,28.659838165506233
3.9025000000000003,150.78466611132217,0.046662712706196555,0.8013462456279674,0.02357315406446195,24.431919107723086
3.9033333333333338,150.87920608151413,0.0408861036581805,-14.344676760423582,0.03975108735590843,13.475308610705884
3.904166666666667,150.9731965377822,0.023853379832375593,-25.572464668783013,0.04498277134067972,-1.2220895879457823
3.9050000000000002,151.06698502081113,0.00023931261914581815,-29.760336137712724,0.03779885601743024,-15.616798758788146
3.9058333333333337,151.16118801881794,-0.02343812324666719,-25.71414555695876,0.020158057741936856,-25.719727062787715
3.9066666666666667,151.2560564382109,-0.040612270338719836,-14.517723122360158,-0.003071336817785265,-28.70458045080748
3.9075,151.35121499708177,-0.04649323323391792,0.7466633845032997,-0.02544402241931055,-23.706057142824967
3.9083333333333337,151.446048564817,-0.03941575717956179,15.839047871304913,-0.040722712325248094,-12.080457355068965
3.909166666666667,151.5403397857712,-0.02132707998155801,26.53669022809879,-0.044622343286034746,2.9521124032036505
3.91,151.63449672918009,0.002732355351541962,29.8185191073451,-0.03602435477339153,17.192658535606697
3.9108333333333336,151.72912980376438,0.02602174525552575,24.72617706036051,-0.017313620468559894,26.634251916293582
3.911666666666667,151.8244146634526,0.04198486229422916,12.654208830594618,0.006267473898074651,28.593145758922432
3.9125,151.91990663537507,0.04610116511057266,-3.0209869406302845,0.02807747985706535,22.47985839929985
3.9133333333333336,152.01500523174968,0.037179042692996794,-17.878049135539158,0.04194417916440004,9.986520382440645
3.914166666666667,152.10958538090892,0.01771769954384933,-27.69566722762711,0.043917920331275485,-5.371281010996706
3.915,152.20413112872816,-0.006776499382942787,-29.65585686720268,0.03341020693764334,-19.237225814480396
3.9158333333333335,152.29922639296686,-0.029337116046882068,-23.161547071078004,0.013385630970889371,-27.64884730333811
3.916666666666667,152.39493686213805,-0.04351672758283261,-10.028961129195398,-0.010459170655859041,-28.17454454330817
3.9175000000000004,152.4907383631195,-0.04523656505766115,6.009546410546241,-0.03130673840206804,-20.625572811142916
3.9183333333333334,152.5860724363674,-0.03397420841715086,20.35941635069189,-0.043167299045542666,-7.132126427641894
3.919166666666667,152.68094179183038,-0.012939551148166997,28.879075202494498,-0.04260798915527565,8.44773965299909
3.9200000000000004,152.77590953997029,0.011824004233409102,29.080349562146445,-0.029761346759814934,21.625414830066983
3.9208333333333334,152.87149810712464,0.03316627952257656,20.86485236431125,-0.008312718707342043,28.574978224402376
3.921666666666667,152.9676282263051,0.04489453299919597,6.575799507474817,0.015542160508501464,27.2498991170614
3.9225000000000003,153.06370204072027,0.04357946747406029,-9.65986224792766,0.03487903103181304,17.99569324887096
3.923333333333334,153.15924599080333,0.029573865230816676,-23.117548667196868,0.04405638250376287,3.4724509728364676
3.924166666666667,153.25442317277114,0.006936873765022361,-29.85031537207581,0.040371672758780786,-12.10023463960593
3.9250000000000003,153.34985905365122,-0.017727175349463296,-27.853014845419757,0.024873419159629193,-24.16457456826517
3.9258333333333337,153.44596412532673,-0.03718788590078522,-17.670202702787066,0.002080648015951222,-29.160138181192643
3.9266666666666667,153.54248645298154,-0.04571059390602886,-2.26059499936974,-0.021321037226013858,-25.58198207333567
3.9275,153.63878404317808,-0.040757710448190175,13.852807507122217,-0.03843473221508072,-14.444884422994395
3.9283333333333337,153.73452519545128,-0.023761663730587145,25.90587354644814,-0.04418885355287512,0.9924174012263018
3.929166666666667,153.83005306852124,0.00027082650041953724,30.304158438692184,-0.036852683235224164,16.17202186164915
3.93,153.92601142703816,0.024219783330388125,25.703086346281445,-0.01857439653214961,26.579512998147933
3.9308333333333336,154.0226373572937,0.04095624519342921,13.430616902859178,0.005230465110467299,29.090013775323065
3.931666666666667,154.1194983245909,0.0454695505435336,-2.883558065691363,0.027471502555632448,22.91541654833129
3.9325,154.2159678816951,0.036381472544929745,-18.37283034309452,0.04149239515915673,9.863169406134002
3.9333333333333336,154.3119190143403,0.016385667567031467,-28.382894516270397,0.04307003515721833,-6.181188561268158
3.934166666666667,154.4078670394512,-0.008532705215790089,-29.874720469511278,0.03170150838296531,-20.403337270090134
3.935,154.50439854305642,-0.030876791751448467,-22.357211196472445,0.01078242805129145,-28.503749666737086
3.9358333333333335,154.60151744611187,-0.04389169635497947,-8.060510536743209,-0.01339069019672745,-28.003136475645057
3.936666666666667,154.698638535803,-0.04361521600474448,8.713720533116728,-0.03350613698301255,-19.01185700533745
3.9375000000000004,154.79524098729237,-0.030100629951746474,22.879604971118482,-0.04344909413097037,-4.221547983818828
3.9383333333333335,154.89145342899513,-0.007429391451853666,30.108983967847074,-0.040170863233762726,11.889871990099714
3.939166666666667,154.98791160251275,0.01750480975464761,28.160690273029616,-0.024640850155422007,24.408492320197976
3.9400000000000004,155.08504323275255,0.037083654316949745,17.58699543397071,-0.001579070909659884,29.48464144151114
3.9408333333333334,155.182583822927,0.04529406631892327,1.5912541303730192,0.02196359048690034,25.524734513702175
3.941666666666667,155.27987383501264,0.03958731827652323,-14.931879297732038,0.03875504118083702,13.703473493201592
3.9425000000000003,155.37660615425426,0.021688973835528275,-26.88957310072798,0.043608196715460755,-2.3715474046572185
3.943333333333334,155.4731768876828,-0.002903144548973121,-30.563392150259624,0.03499723118234682,-17.75153186302265
3.944166666666667,155.57023619969084,-0.026593443064759362,-24.775039031265926,0.015556164161392093,-27.667150421178867
3.9450000000000003,155.6679461081254,-0.04203009201858366,-11.27708383804724,-0.008708459874184782,-29.011961128462065
3.9458333333333337,155.76579315594253,-0.0443933252824781,5.764366313900146,-0.03026146135108831,-21.32598108665523
3.9466666666666668,155.8631755452737,-0.03291632685838469,21.046818692237757,-0.042377315349944704,-6.964984031253852
3.9475000000000002,155.9600953476031,-0.01115402255713114,29.77974106180441,-0.041247928884725976,9.60938327013777
3.9483333333333337,156.05715833370488,0.014099597930867232,29.19234851144714,-0.02719666890461326,23.208798460726825
3.9491666666666667,156.15487602288877,0.03492191106172253,19.424538193915442,-0.004606498881783505,29.542777555323518
3.95,156.2530728352762,0.04474777367576413,3.511043228780972,0.01943070655215577,26.579901450831237
3.9508333333333336,156.35108751847636,0.0404511679036577,-13.549452769101372,0.03733281951857457,15.211676716928764
3.951666666666667,156.44854086486748,0.023358849839878192,-26.35869734824065,0.04342260348698316,-1.0015004919753596
3.9525,156.545778976353,-0.0011384157165982645,-30.8291691798801,0.035741808699599836,-16.93502321358596
3.9533333333333336,156.6434714029257,-0.025270390097574945,-25.49792045843685,0.01670041217968156,-27.516139628903886
3.954166666666667,156.7418280661986,-0.04134644502444982,-12.018855737074501,-0.007660007798050829,-29.343124704733953
3.955,156.84035122224836,-0.044212902814525404,5.336058927513059,-0.029570173751209024,-21.78959337259278
3.9558333333333335,156.93841861249982,-0.03292159910706155,21.021186517542603,-0.042008637638103564,-7.232271915862372
3.956666666666667,157.03601681201,-0.011064441556700246,29.98737726446979,-0.04096107979492548,9.683813560217482
3.9575000000000005,157.13375930648863,0.014349831984197677,29.313662298596043,-0.02673365314480475,23.520002454888385
3.9583333333333335,157.23216215066867,0.0351319427621639,19.171343971116293,-0.00388523670542245,29.79294830316357
3.959166666666667,157.33103108418356,0.04455164728939511,2.7985190448019273,0.020216183543941477,26.43549251501062
3.9600000000000004,157.42969016735952,0.0395297626481014,-14.5211595638301,0.037761632969346696,14.491022148336246
3.9608333333333334,157.5277860509345,0.0216648828427169,-27.157714742764853,0.04303536045390425,-2.1958429044089067
3.961666666666667,157.62571139523052,-0.003253759922834505,-30.967686720433406,0.03429159594685135,-18.20600313943196
3.9625000000000004,157.72413730929006,-0.02710649879193312,-24.663206269533283,0.014353044030612674,-28.302337537756088
3.9633333333333334,157.82320887636808,-0.042084147546649534,-10.261753958208237,-0.01028024398622911,-29.14785660933248
3.964166666666667,157.9223688202631,-0.04325244984092091,7.544611707785168,-0.031537190404736175,-20.420427307323465
3.9650000000000003,158.02102691943594,-0.030195577649036243,22.908575741914436,-0.04241901698373203,-4.948078889840499
3.9658333333333338,158.1192730625992,-0.0071856240231663576,30.746757617309896,-0.03931443942083761,12.19409415905278
3.966666666666667,158.21777084151594,0.01819573222992148,28.429380057249272,-0.02321749055897944,25.3416842423538
3.9675000000000002,158.3169542854467,0.037545365908855065,16.67644082233059,0.0005688010869958357,30.114367355394553
3.9683333333333337,158.41649919911697,0.04442359810723411,-0.6492685451079359,0.024162730877830295,24.885000535367396
3.9691666666666667,158.51571573885678,0.036512159899757306,-17.79939711495345,0.03970941323303257,11.348705461658724
3.97,158.61438992956522,0.016417393782374647,-29.042665625194484,0.04200237476260483,-6.011402491307942
3.9708333333333337,158.71304735423743,-0.009166393265034035,-30.584875840195718,0.030244299881949193,-21.398951733574236
3.971666666666667,158.8123108696489,-0.0316726042618949,-21.861725037117093,0.008345994938747171,-29.63796439140524
3.9725,158.91213502374598,-0.04352875868551501,-5.760028688522437,-0.016354580621370074,-27.921132007501857
3.9733333333333336,159.01185979234177,-0.0407154228352247,12.322948525234574,-0.03554055404606218,-16.780003698144714
3.974166666666667,159.11102375109297,-0.024149429435875423,26.28078380448668,-0.042718600889221324,0.06248390200243659
3.975,159.20993601177577,0.0005912452134698761,31.36151327234165,-0.035430798689474706,16.92343588757113
3.9758333333333336,159.30929545426804,0.025127544481357473,25.79588672391609,-0.016117847881315074,28.072587282131096
3.976666666666667,159.4093231519128,0.04111044041451011,11.429046044072098,0.008676369322749669,29.684235342660692
3.9775,159.50948528062162,0.04306898874907695,-6.874693164668278,0.030507533233650703,21.162313304836758
3.9783333333333335,159.60915723043465,0.03030158568419694,-22.868036411766084,0.04190462868784815,5.375718315921043
3.979166666666667,159.70840510407808,0.00715056945049311,-31.05142773359663,0.03893765410682877,-12.292781630745047
3.9800000000000004,159.80790523218184,-0.01845368136801322,-28.572338416277343,0.022593260400093067,-25.774102861179628
3.9808333333333334,159.90809610290557,-0.03769849865916233,-16.23463344404964,-0.0015299092103639254,-30.399271053784044
3.981666666666667,160.00862514187327,-0.0439252815178094,1.7439666963436897,-0.025121226920740442,-24.527077425033603
3.9825000000000004,160.1087912254557,-0.03494943306587158,19.160519423610637,-0.040014986698737764,-10.142122571308782
3.9833333333333334,160.20843074879906,-0.013850269941805854,29.96250963852672,-0.04102444319434592,7.799552734169215
3.984166666666667,160.30812700192035,0.012062276740506852,30.356998998370738,-0.027766960636884316,23.067599390466164
3.9850000000000003,160.4084714306624,0.03376585130629131,20.15651111395908,-0.004831747731634696,30.31992819292452
3.985833333333334,160.50931033797133,0.04366649416232453,2.879491016165094,0.019788408971076206,26.980638869490058
3.986666666666667,160.60993859587356,0.03826916466680886,-15.448058066274644,0.03747285690981667,14.170324832133531
3.9875000000000003,160.70999993300723,0.019434381091356746,-28.387246293546383,0.041995907724183046,-3.6522290943070983
3.9883333333333337,160.80994497155558,-0.006238464348806389,-31.35189202584636,0.03173552801850879,-20.229420088272803
3.9891666666666667,160.9104549888656,-0.029706027339691625,-23.246889439667587,0.010278600066286874,-29.69848086439063
3.99,161.01156540149157,-0.042662484194591954,-6.889821248863701,-0.014810674612346128,-28.671848055340263
3.9908333333333337,161.11261791391667,-0.04048996833377693,11.951627788617838,-0.03464457114453095,-17.463840396120005
3.991666666666667,161.21310968485025,-0.023926327957169837,26.583969694064884,-0.042161543674286074,-0.014551524667694604
3.9925,161.31334571971792,0.001159545223249252,31.767054177488546,-0.03465538568611298,17.48086129050058
3.9933333333333336,161.41404542544262,0.02582732800016445,25.60220690603424,-0.014772914540594184,28.766047698242946
3.994166666666667,161.51540742985702,0.04124437359168829,10.245194531720617,0.010395501302793165,29.765836889733315
3.995,161.61684870560802,0.041856625106416336,-8.829360110790748,0.031829053482576766,20.0718329900184
3.9958333333333336,161.71776438406047,0.027410261057062575,-24.768168566930715,0.04180824999887731,3.1249458080337114
3.996666666666667,161.81832040679848,0.0030810488789423333,-31.800854395915135,0.03670827195369566,-14.990040563982463
3.9975,161.9192382311749,-0.022358118326243584,-27.339282223093253,0.01833865922593049,-27.721634470014678
3.9983333333333335,162.02084714855917,-0.039690915488241635,-12.947451024628945,-0.006673719976268377,-30.424519352650726
3.999166666666667,162.12264864873515,-0.042602570838608314,6.187345667371055,-0.029257755121078432,-22.06771800292802
4.0,162.22397272389497,-0.030000172694353823,23.11103965001425,-0.041184047220551266,-5.645408022048948
4.0008333333333335,162.32486500562052,-0.006448860449451553,31.62760666650986,-0.038075032219824397,12.878675179470498
4.001666666666667,162.4260286211453,0.019458377827139096,28.576654810297565,-0.021034328909881057,26.727747402635472
4.0025,162.5278908389692,0.03822407224876225,15.023511272997952,0.0037190259257963093,30.793218056875883
4.003333333333334,162.6300324202531,0.04293212197405949,-4.092251865025652,0.027100915648573684,23.531694796335458
4.004166666666667,162.73174514691226,0.03181545479619167,-21.742535857708795,0.04049012676496618,7.569004822675003
4.005,162.8329794567129,0.008945626892841955,-31.390773899890537,0.03891711613524488,-11.231077573309014
4.005833333333333,162.93441320478456,-0.017233641964374442,-29.420878218544672,0.02293067586483634,-25.91029468376082
4.006666666666667,163.03654230180416,-0.03701035197308504,-16.50974278740251,-0.0015665244285402104,-30.992201319304765
4.0075,163.13901162488884,-0.04300983987470939,2.583621716374559,-0.025476691367376278,-24.537343869716167
4.008333333333334,163.24109204365686,-0.032962796819021464,20.75655685102307,-0.03987841046511474,-8.901880247821335
4.009166666666667,163.34266644879952,-0.010590307170693664,31.199929115781103,-0.03936440895300629,10.103333494087801
4.010000000000001,163.44439072407377,0.015748527304886045,29.956980092337027,-0.024093723362485775,25.360731515474058
4.010833333333333,163.54680445507347,0.03616494765158119,17.439705134153915,0.00022845376226006409,31.1117146071574
4.011666666666667,163.64959525341428,0.04295486600745094,-1.6844527675238443,0.024460523713155845,25.141895840584358
4.0125,163.75202266381797,0.0335236555487721,-20.216427100329803,0.0394521189797646,9.65254150436366
4.013333333333334,163.8539302760598,0.011404660914347775,-31.129796241798882,0.0395078022853699,-9.531232190737382
4.014166666666667,163.9559622306089,-0.015037959992124844,-30.242113896756674,0.024572796949608157,-25.138784779144128
4.015000000000001,164.0586804360992,-0.03575637921445767,-17.835256286377504,0.0002939348597745372,-31.209171197844736
4.015833333333334,164.1617902578404,-0.042838295413839836,1.4091985275752181,-0.0240929020448494,-25.379573843500864
4.016666666666667,164.26454455898102,-0.033546322587583444,20.159297475172202,-0.039267366932622776,-9.82423131341265
4.0175,164.3667760021051,-0.011403577872829133,31.220007896805278,-0.03939505170047311,9.535994976625043
4.0183333333333335,164.46913101343628,0.015114940197341612,30.301501826076926,-0.024393069256296383,25.274511594274806
4.019166666666667,164.572174228719,0.03581001138572319,17.7008374291396,-2.8349385682198414e-06,31.307423251443044
4.0200000000000005,164.67560198883717,0.04268210966391864,-1.7686806723373905,0.024384326277344305,25.257450622139427
4.020833333333334,164.77866336882448,0.033041739382458996,-20.598533165693226,0.039334395050962936,9.4104768296999
4.0216666666666665,164.88120902115696,0.010590130305724619,-31.474609988423094,0.03902884199367015,-10.12718569767044
4.0225,164.9839024959052,-0.015974175869233116,-30.12602153777301,0.023552170786972575,-25.76885110472975
4.023333333333333,165.0872908792996,-0.03630944794629052,-17.0207974878129,-0.0010990958623064958,-31.393395285496908
4.024166666666667,165.1910343648826,-0.04245876019200532,2.7715809602023107,-0.025316790365347557,-24.75347431209349
4.025,165.29438282638074,-0.031982549472645214,21.523508716959952,-0.03961765555436169,-8.393902726419121
4.025833333333334,165.39723503017993,-0.00895532295957929,31.860774829118522,-0.03836649033114411,11.302411537027483
4.026666666666667,165.5002841914258,0.017591261383283124,29.671160810745416,-0.022020667497408657,26.59221457860312
4.0275,165.60403633633757,0.03719538476603075,15.759804098799053,0.003007030405133962,31.41678951152748
4.028333333333333,165.70808974721336,0.04209112363707337,-4.4222555310816025,0.02684153145273338,23.81664271080585
4.029166666666667,165.8117049547747,0.030305339638393828,-22.89655234543314,0.04003457640440299,6.748500167335547
4.03,165.91486041580131,0.006482638989703672,-32.30665135647393,0.03732130068605876,-13.043590068327635
4.030833333333334,166.01828570263618,-0.019917346490699955,-28.857511793036643,0.019746549303963523,-27.681051024519057
4.031666666666667,166.1224169073268,-0.03836207810462055,-13.866645235309862,-0.005707488813732136,-31.289052777198073
4.032500000000001,166.2267685700001,-0.041453218727731424,6.714656779106577,-0.028873195538440054,-22.369692733073204
4.033333333333333,166.33063052576315,-0.027916525158700047,24.647122948189338,-0.04045346227799225,-4.445678849539684
4.034166666666667,166.43409300958564,-0.003157613847617451,32.6987982572199,-0.03576619568112765,15.30974192706714
4.035,166.53791862569193,0.022869541956330782,27.57346540684859,-0.016664216866111043,28.932768215135024
4.035833333333334,166.6424382904817,0.0396522076142509,11.281979729117126,0.00916706160846666,30.883323800085957
4.036666666666667,166.747068881136,0.040372764659287574,-9.622248983121487,0.03128104638989761,20.315065218041855
4.0375000000000005,166.85115993218722,0.02470279623325976,-26.663733119939923,0.04069167213156593,1.4645094279608655
4.038333333333334,166.95494311771023,-0.0010173082131486738,-32.88023145145713,0.03354084671980907,-18.026553251253507
4.039166666666667,167.05919611711752,-0.02631775064998871,-25.681252987363692,0.012708691817384458,-30.199930258943432
4.04,167.16410415881094,-0.04085163737736258,-7.950754534561335,-0.013316565345046456,-30.03664442794753
4.0408333333333335,167.26898607308925,-0.03863734274046102,13.084064795484155,-0.03387847482806014,-17.545233600468613
4.041666666666667,167.373294652554,-0.020547358490941737,28.784717310794864,-0.0405159542392376,2.1935143375812265
4.0425,167.47742458456943,0.00600260256785787,32.65077149048364,-0.030464026102803694,21.07342732020344
4.043333333333334,167.58213179000427,0.030069299531094808,23.02789423405152,-0.007835780691566232,31.2853258828967
4.044166666666667,167.6874143988589,0.04168642483618486,3.8399561067998462,0.018031387633003382,28.556277148746855
4.045,167.79251324575213,0.03600652114850371,-16.987577775711955,0.03641291071792725,13.958644018284174
4.045833333333333,167.8970394096478,0.015353228247386753,-30.789731932062235,0.03964758251035305,-6.485220680229583
4.046666666666667,168.00155544893528,-0.011696755944125933,-31.77205537166038,0.026353191932430558,-24.269489076468897
4.0475,168.10673760445238,-0.03385375206351293,-19.46282797366377,0.0020485394293969345,-31.94029989265705
4.048333333333334,168.21236336175892,-0.04182535506998856,1.038041236766758,-0.0231097095494325,-26.23242601508949
4.049166666666667,168.31764274321796,-0.03223267005977995,21.149958641579534,-0.038559305132393085,-9.482356086234656
4.05,168.42240486749265,-0.00907439483200143,32.39485902167056,-0.03777560695455563,11.30280307779462
4.050833333333333,168.52735747650607,0.017908335278927094,29.980164374218706,-0.021053197097660865,27.361061019542344
4.051666666666667,168.6330206075153,0.03731160855399453,14.863842523186548,0.004570562200698085,31.8695850110356
4.0525,168.7389388768328,0.04089214267498203,-6.597187975839323,0.02825169142683212,22.859835259026045
4.053333333333334,168.844369381795,0.027093091769396033,-25.30059469751933,0.039921542390427646,4.101805771934871
4.054166666666667,168.94941023173806,0.0017545149144560454,-33.25527081157771,0.03458188029873357,-16.449236396458357
4.055000000000001,169.05485369772666,-0.024328494803985412,-27.009096009759965,0.014475227429538527,-30.01445680845194
4.055833333333333,169.16097886919593,-0.03999213919344936,-9.17214053476094,-0.01182405150095142,-30.746572971045875
4.056666666666667,169.267123195864,-0.03849195916102992,12.64677574476883,-0.03304453856810353,-18.27037413500364
4.0575,169.3726954814598,-0.020435183308807604,29.069441439856448,-0.04004721795451819,2.1032790647547763
4.058333333333334,169.47808444081363,0.00642925777461205,32.98036208811951,-0.029781195392237773,21.615987621588413
4.059166666666667,169.58406324013941,0.030509707139721245,22.62793555985934,-0.006645319803523998,31.819364610397617
4.0600000000000005,169.69059782610304,0.04136703758242002,2.4356902000502973,0.019365196828584258,28.243187144663608
4.060833333333334,169.79689722742486,0.03425665472356758,-18.862313792642,0.03696041174870486,12.37746309553256
4.0616666666666665,169.90263688153442,0.01223424396267086,-31.987628246037815,0.0384617350137103,-8.920070395966347
4.0625,170.00846401955556,-0.015122797382304681,-31.16664624123243,0.023178388253064473,-26.36924417626503
4.0633333333333335,170.11499357354012,-0.03585914597313003,-16.69311597411616,-0.002241177401617096,-32.30923567113278
4.064166666666667,170.2218493286535,-0.04086737194851306,5.14280657278807,-0.02667301961437466,-24.077770025952823
4.065,170.32824889410193,-0.02791133763256433,24.765739834384295,-0.03937592368441607,-5.230687405421727
4.065833333333334,170.43422763245187,-0.0026598828454743456,33.508280863533884,-0.034726963061145595,15.967420495799796
4.066666666666667,170.5405856506338,0.023761375506095354,27.45290933331282,-0.014741106166439677,30.153267545048063
4.0675,170.647632027423,0.03965749721290016,9.214115280975744,0.01176714785806791,31.005315696651873
4.068333333333333,170.7546964164874,0.0379506006007411,-13.161013608968982,0.033047922306995055,18.08206452177559
4.069166666666667,170.8611847355421,0.01936117591237876,-29.72550326650313,0.0396226232344635,-2.92508330631824
4.07,170.9675194966176,-0.007858356465912581,-33.055944466734836,0.028526922148641592,-22.674589827744754
4.070833333333334,171.07447287909002,-0.03155970699174733,-21.599339354516164,0.0046817061960153965,-32.321200045248986
4.071666666666667,171.18194082039028,-0.041114970021905284,-0.4259803178404482,-0.02125651861999028,-27.48936024741909
4.072500000000001,171.28910623455545,-0.03220113277862422,20.987686146932543,-0.03764196338062983,-10.283850969627004
4.073333333333333,171.3957408171916,-0.008790869312940656,32.989327502337716,-0.0370762078785209,11.597237620037436
4.074166666666667,171.5025718803651,0.018582177934496968,30.111153499481574,-0.019777259101746245,28.28803389893698
4.075,171.61011975992764,0.037542975332828445,13.586829300964904,0.0064655556714022875,32.2035148909901
4.075833333333334,171.71786175751296,0.039474393764955096,-9.144750712344397,0.029770948762549865,21.505623723784716
4.076666666666667,171.8250702813687,0.02346097699669796,-27.76633372958382,0.03953818995999204,0.9947917536800639
4.077500000000001,171.93198553740635,-0.0032397950174078557,-33.76242294486733,0.03128680091522503,-20.01705617265158
4.078333333333334,172.03943024375263,-0.028455256489528017,-24.331283793515617,0.00874617198374335,-31.92252973132444
4.079166666666667,172.14747920402397,-0.0406367569816359,-3.7239976094521436,-0.017794436253110807,-29.22073241588588
4.08,172.25533586085498,-0.03416472814857233,18.64196094852246,-0.036162485664061855,-13.08453901481496
4.0808333333333335,172.36262507794098,-0.011975804792934851,32.47191531143392,-0.03788940621934262,9.116065925914468
4.081666666666667,172.4700056466885,0.015731495609378997,31.33959793651698,-0.022142250762591464,27.158265065561356
4.0825000000000005,172.57809762995808,0.03616062609140959,15.698753806342243,0.003837660038278041,32.67133265595189
4.083333333333334,172.6864677733112,0.039828870269194384,-7.2617990832137,0.028033820577189377,23.038398658537023
4.0841666666666665,172.79433696416794,0.024995547376068246,-26.897653038869908,0.03920302411760635,2.6684761950491804
4.085,172.90185942116366,-0.001473168379433361,-34.03873037395115,0.032116080846436794,-18.992226374588203
4.085833333333333,173.00987148050672,-0.02724875340751237,-25.289066233985153,0.010040749693335687,-31.827077259178942
4.086666666666667,173.11851373881117,-0.04027030369855936,-4.672784677577521,-0.016727618834491635,-29.782092876924114
4.0875,173.2269967210022,-0.03440299704492516,18.184952117906168,-0.03564537159438243,-13.747639127621605
4.088333333333334,173.33490630369175,-0.012363763536452528,32.53546542982912,-0.037801914447399,8.794532216053327
4.089166666666667,173.44289235039676,0.015497072427274328,31.56775924273678,-0.022144329604618325,27.23885433069265
4.09,173.55159061904257,0.03603167703167885,15.667591843861594,0.00397020480547731,32.84257103388096
4.090833333333333,173.66056292687045,0.03950087114863821,-7.696886404668993,0.028199287547896027,22.888676242231544
4.091666666666667,173.76902624882948,0.024220748180406378,-27.457058755362752,0.03903877624106347,2.0345940843805064
4.0925,173.87716261950712,-0.0025797464152049316,-34.182726618586784,0.031302253661043514,-19.836439819288074
4.093333333333334,173.98581651288143,-0.02814417196612248,-24.601089906953433,0.008638826289465436,-32.28536347817225
4.094166666666667,174.09507722016087,-0.04024849369235341,-3.22202355577066,-0.01814960940364001,-29.309117553553175
4.095000000000001,174.2041264391284,-0.03306286681151894,19.751885343664945,-0.0362348615919437,-12.263380990468121
4.095833333333333,174.31261708302713,-0.009996865173450085,33.27853628551236,-0.036910594577713715,10.71948007306284
4.096666666666667,174.421261704607,0.017877700339790012,30.792225231774317,-0.01981347353265071,28.586921953335086
4.0975,174.53062775759943,0.03711734187594207,13.419437023675204,0.006843127710389673,32.68014960150919
4.098333333333334,174.64017350518046,0.03839475983630857,-10.493729129736955,0.030183097388508308,20.951716304537722
4.099166666666667,174.7491670672242,0.021051310228116713,-29.365935903954345,0.03887985369757195,-0.9773229054753263
4.1000000000000005,174.85793413929775,-0.006522215685531429,-33.9874507662395,0.028673676579534835,-22.480733541663813
4.100833333333334,174.96730433570735,-0.03091138834571505,-22.036579633782807,0.00449693661699729,-33.06458612156058
4.101666666666667,175.07719193838935,-0.04019586095832667,0.7192743652959186,-0.02187111032706567,-27.501290148017464
4.1025,175.18674059694612,-0.02979671846455334,23.174431332496646,-0.03752433508659998,-8.442682622951246
4.1033333333333335,175.29579384586597,-0.0047752178976724095,34.29225161462715,-0.03475661532853407,14.808378522377229
4.104166666666667,175.40516665267978,0.022590093554173164,28.542895395404056,-0.014889609613581597,30.817791551554986
4.105,175.51524096494427,0.03880861376541775,8.686387197732216,0.012316057012763879,31.646361072022792
4.105833333333334,175.62530379778147,0.03583853387651109,-15.514862373564611,0.033427234431446705,16.81292053707947
4.106666666666667,175.73478050577788,0.015109973332493826,-32.073544188137866,0.03796942676129821,-6.396088261337829
4.1075,175.8442335340435,-0.013119343416897154,-32.71851857828085,0.023650493528252093,-26.47695399385788
4.108333333333333,175.95438638475378,-0.034810105110415136,-17.053806710236934,-0.002440973112349862,-33.40401426323181
4.109166666666667,176.06486203520717,-0.03912230395219673,7.168756836310692,-0.027308277820762623,-23.65410180815222
4.11,176.1748391427967,-0.023860914811763802,27.855507435352795,-0.03850782828289049,-2.0332106836971713
4.110833333333334,176.28448957990676,0.0033630298093738943,34.60261936293556,-0.030393553150012423,20.657804769399526
4.111666666666667,176.39467945433503,0.028890235620733874,23.948952698003595,-0.007002592820615817,33.00300531520742
4.1125,176.5054477455679,0.039854069511698786,1.1882677278021183,0.019911597015104348,28.72554010524391
4.113333333333333,176.61593552745458,0.030685216811189825,-22.225127245336733,0.036762351903716364,9.911007536551658
4.114166666666667,176.72590051550895,0.005982373416305902,-34.424990310158236,0.0349962793088249,-13.970577612995989
4.115,176.8361474742544,-0.02175095541634501,-29.1595068971822,0.01546944098257584,-30.807294673814933
4.115833333333334,176.94710403653494,-0.038412557685352774,-9.0292079334387,-0.011922667432016051,-31.990101190512455
4.116666666666667,177.05805999796462,-0.03548200519828097,15.75699135791334,-0.03322855025132606,-16.841984591668606
4.117500000000001,177.16842890918355,-0.014414987377059183,32.53500499515714,-0.03754425288093292,6.96033152292434
4.118333333333333,177.27879470562758,0.0140331904447803,32.65978397388492,-0.02262179669606009,27.245862036039462
4.119166666666667,177.3898709121146,0.03526716232923763,15.989454115779939,0.003915990586783696,33.566179913561626
4.12,177.5012229171201,0.038339313157799426,-8.960984720843618,0.02843149620314086,22.598087695172424
4.120833333333334,177.61204522665105,0.02162505174838676,-29.33777692062643,0.038268690095276316,-0.07162660687496025
4.121666666666667,177.7226093464524,-0.006271955221430179,-34.56535648608759,0.0283071530717268,-22.755667397259014
4.1225000000000005,177.833777273867,-0.030910175975992174,-21.858977901058626,0.0036696611573005114,-33.67675171590165
4.123333333333334,177.9454463885345,-0.03947626231658606,2.2521666910971536,-0.022869430608238102,-27.09637466536981
4.1241666666666665,178.05673279768143,-0.02747255429414123,25.243079431924397,-0.03748691600562819,-6.365777412531217
4.125,178.1675721526933,-0.0011238619167614023,35.08614601714385,-0.03252301598145567,17.74054567442666
4.1258333333333335,178.27883869837424,0.025806930806684367,26.56069328102117,-0.010534261498504166,32.602562531632095
4.126666666666667,178.39075606145815,0.039188955365832424,4.060596885557206,0.016977190121893627,30.368425955867746
4.1275,178.50248775022553,0.03195403074575685,-20.62902622877837,0.035551921054136223,12.135178036193208
4.128333333333334,178.61366367513352,0.007872601182253624,-34.48397486946154,0.035376936806104195,-12.545794396297904
4.129166666666667,178.72505926025542,-0.020363907579878878,-30.12191221187481,0.016504470901574655,-30.64358536964102
4.13,178.8371751768435,-0.037805158786562404,-9.771918019779264,-0.011107265208205024,-32.527535619302434
4.130833333333333,178.9493159768013,-0.03516585715829541,15.819946898068158,-0.032813859295592086,-17.120465731843336
4.131666666666667,179.06086879015868,-0.013807890785695517,33.03795493299867,-0.03704791125503885,7.446311678838533
4.1325,179.1724352645535,0.014912577365976587,32.64430357273239,-0.021512753639685696,28.090416110445243
4.133333333333334,179.2847214410805,0.03564997884519419,14.767900959082532,0.005524874841080899,33.73803316054961
4.134166666666667,179.39722912918256,0.03726923157194076,-11.076334517203748,0.029593858480660245,21.28774472492492
4.135000000000001,179.50917853935889,0.018859215521225027,-31.018957775714135,0.03775291977214788,-2.645224573617031
4.135833333333333,179.62095918589534,-0.00970559591496587,-34.2760624790685,0.025572805310569276,-25.205489033547163
4.136666666666667,179.7334062932894,-0.03302261460170519,-19.009137697680618,-0.00041301153933974845,-34.189308473266955
4.1375,179.84624100066213,-0.03845999462075343,6.594037986750793,-0.026168888940811208,-24.66486866671713
4.138333333333334,179.95858997908383,-0.023029473651828662,28.672888241734093,-0.03772042269488168,-1.7202260125269104
4.139166666666667,180.07062280974873,0.00492169788531356,35.188423880784725,-0.02875503412786927,22.21286981498308
4.140000000000001,180.18323571510487,0.03018292237880885,22.51201893534442,-0.00411632787311081,34.0756438379051
4.140833333333334,180.29636494374807,0.0389447333953741,-2.50979333831721,0.022765577855997636,27.321601037590895
4.141666666666667,180.409104921075,0.02637274179410992,-26.211553180445396,0.03717114908220806,5.568469679519574
4.1425,180.52141922405883,-0.0006759367130954545,-35.557381505227745,0.031164479308533374,-19.294829760464694
4.1433333333333335,180.63421174528324,-0.02734583617079897,-25.330688942179346,0.008007862253110018,-33.58188392680825
4.144166666666667,180.74761244202134,-0.03892335427975786,-1.089496361022992,-0.019560579603949867,-29.352057792417757
4.1450000000000005,180.86072831719704,-0.028974270214950488,23.809475550863095,-0.036305545509182045,-8.861426497595279
4.145833333333334,180.973343748181,-0.0029674809066725753,35.550558003978146,-0.032922397064425256,16.59327356227344
4.1466666666666665,181.086334082226,0.024681492308173732,27.54105034358756,-0.011248041009298586,32.87428856251346
4.1475,181.19999261210012,0.03857749435331116,4.1558118085704345,0.016685227547982868,30.860221733587725
4.148333333333333,181.31346675665097,0.03093373504063393,-21.604918494997833,0.035296713706583126,11.592093252116625
4.149166666666667,181.4263940734097,0.005981813085025993,-35.31859663881174,0.03415187378655729,-14.214233966018714
4.15,181.53960142944413,-0.02231903338966195,-29.227477395016646,0.013850927162808405,-32.09555230003795
4.150833333333334,181.65351233646206,-0.0380637007454415,-6.668918888399149,-0.014232525472413271,-31.948678087931693
4.151666666666667,181.76732730704416,-0.032352033716888356,19.703522892281054,-0.03428746169052632,-13.773031444075821
4.1525,181.88056993935197,-0.008365232177501075,34.99015026028226,-0.034967241729542145,12.233931603058872
4.153333333333333,181.9940124552885,0.020352368577153793,30.47235473324261,-0.015845868642397825,31.3628574114018
4.154166666666667,182.10817671292423,0.037510151184611894,8.626128579150755,0.012264954617446765,32.71030376576647
4.155,182.2223167505219,0.03332142321300065,-18.18321572144053,0.033390115433174807,15.426402672860494
4.155833333333334,182.33587260984442,0.010129928262274095,-34.66945671501744,0.035466739059993875,-10.705229874456155
4.156666666666667,182.44956638177618,-0.018846533480106228,-31.348214503142607,0.01726738391140905,-30.76787091103927
4.157500000000001,182.56398960491893,-0.03701572499483978,-10.033510061665634,-0.010821984371939479,-33.222417047281745
4.158333333333333,182.67844114693938,-0.03391853277421632,17.09933471356039,-0.03268789460863181,-16.575838251973796
4.159166666666667,182.7923043337936,-0.011293276389763353,34.43554151899426,-0.035727720398498,9.663629171046555
4.16,182.9062632899741,0.01784364943590962,31.91206901068565,-0.018147357934180645,30.37773338859484
4.160833333333334,183.02095414700486,0.03665038431964488,10.898856173756357,0.009926528908852717,33.542818109778324
4.161666666666667,183.13570563415226,0.03419968774221786,-16.489185874615565,0.03223687636953352,17.240201781297866
4.1625000000000005,183.24986789181304,0.011871207920785843,-34.34222197701909,0.035803731325866214,-9.1322067238887
4.163333333333334,183.36410424107282,-0.01736778857296818,-32.201492361395594,0.018509460826992587,-30.23626758041482
4.164166666666667,183.4790731329968,-0.03645603322246113,-11.226519207786627,-0.009589866437848942,-33.70718301339371
4.165,183.59411436484325,-0.034198011270541666,16.375478237796113,-0.03206780932277362,-17.429190416794718
4.1658333333333335,183.70856628052903,-0.011873782480465066,34.41826197919649,-0.03572286368672505,9.12510543183448
4.166666666666667,183.8230912989961,0.017428293180361862,32.232058165919064,-0.018365636393307138,30.364826781868675
4.1675,183.9383492569206,0.03644725131002649,11.014152326152118,0.009814732046356817,33.72738062888291
4.168333333333334,184.05367050640007,0.033921886618440915,-16.76825815832957,0.03218727133546445,17.14070020283808
4.169166666666667,184.1684025470883,0.011302911927401404,-34.66722010948992,0.035486972162890984,-9.649310874983822
4.17,184.28322752012468,-0.01802127991686818,-31.995862395089834,0.01771453004180617,-30.762393179541935
4.170833333333333,184.3987851984265,-0.03661153072864044,-10.251384935874292,-0.010596423462228402,-33.59043873304091
4.171666666666667,184.51437626019995,-0.03335453303855847,17.665101541100814,-0.03257788222921855,-16.359928223481365
4.1725,184.62937978194265,-0.010152210782968452,35.06673627604238,-0.03507153204728017,10.704545385297823
4.173333333333334,184.7445169296604,0.01912919816602041,31.461028589873365,-0.016541804740783025,31.404723131625623
4.174166666666667,184.8603835579301,0.03690887683511417,8.920503278831099,0.011921844629133434,33.258075654840006
4.175000000000001,184.97623288522894,0.032454649987488295,-19.049434716380407,0.03319749088580449,15.060274223342578
4.175833333333333,185.09150126125851,0.008409007154371224,-35.567215143662715,0.03442613767265495,-12.281174133753845
4.176666666666667,185.20696448664032,-0.02071843218597761,-30.57228964808726,0.01482240026038676,-32.242528970312094
4.1775,185.32314663557491,-0.037270868546744586,-6.999271981862372,-0.013766483270912079,-32.66692653355824
4.178333333333334,185.43924076018283,-0.031158299213651264,20.886968217726366,-0.03397746826480013,-13.206210692953332
4.179166666666667,185.5547707347672,-0.006058611738787619,36.09009571361244,-0.033475869407530424,14.35608861391022
4.180000000000001,185.67057598809203,0.022735067746982442,29.25295065361412,-0.01252489545387055,33.198898888813
4.180833333333333,185.78707608078633,0.03759952294807138,4.466087073118522,0.01608940723820841,31.729819001871018
4.181666666666667,185.90339952480167,0.02938240423284648,-23.120371560956382,0.03482046821877182,10.758384452282662
4.1825,186.01919284128707,0.003090975314957924,-36.52615408974435,0.032123982886448944,-16.886639183436007
4.183333333333334,186.13535785366147,-0.025099116085373147,-27.40874198075486,0.00961820374286089,-34.166402370243155
4.184166666666667,186.25217242564105,-0.03776657655873483,-1.3076602339139818,-0.018826503070710914,-30.338678742715405
4.1850000000000005,186.36870839854663,-0.027030428983784865,25.662521531726405,-0.03559827876889301,-7.681260580268992
4.185833333333334,186.48477359803547,0.0004901708665929585,36.73457467741746,-0.030256579447264162,19.802863638299094
4.1866666666666665,186.60131668837485,0.027697729206409845,24.934244115828296,-0.006080831502966867,35.00461787586025
4.1875,186.7184345955467,0.03761408047610573,-2.470643520895572,0.021882399989858234,28.369848225864242
4.1883333333333335,186.83516675714023,0.02400091919398122,-28.388948676536337,0.03615068048398228,3.953579876402901
4.189166666666667,186.95152086391448,-0.004655743848378247,-36.54383585342037,0.027750072056019946,-22.998534577712782
4.19,187.0684585358693,-0.030378271144292646,-21.722664721029183,0.0019128150290508672,-35.53914965550284
4.190833333333334,187.1858595209664,-0.036957490039796134,6.831903241599316,-0.025121848344889595,-25.69274390264501
4.191666666666667,187.30277506085622,-0.02019960417712694,31.130504263564898,-0.03628654206280847,0.4182749473434946
4.1925,187.4194445930683,0.009337658680845254,35.75576150632256,-0.02448232002441254,26.32194819987473
4.193333333333333,187.53678777345013,0.032942534499140176,17.679716434285098,0.0028498227860663705,35.563548481656895
4.194166666666667,187.65444208399066,0.03559266953600035,-11.692653995389257,0.028361764396208175,22.182799900356883
4.195,187.77153613022628,0.01555560051759327,-33.66777098367012,0.03578867731422424,-5.384274782884328
4.195833333333334,187.88855661375615,-0.014413941130370618,-34.15433284585865,0.02034820284110153,-29.56790703643705
4.196666666666667,188.0063056975335,-0.035143888604372765,-12.74210477002287,-0.008118735146020958,-34.8458632919557
4.197500000000001,188.1241756918349,-0.03330835542721226,16.906902687777865,-0.03136569889350217,-17.739469196734913
4.198333333333333,188.24145663423278,-0.010041856668609857,35.72930997838601,-0.03442419003321321,10.832976013728022
4.199166666666667,188.35886962269385,0.019694145222681564,31.520941931417095,-0.015280055009746375,32.47298271239026
4.2,188.47700905264298,0.03668965282863159,6.900600682444707,0.013736389228002605,33.141733626869005
4.200833333333334,188.5950537862439,0.02990551909645494,-22.251079228664803,0.033843080301618596,12.309577429687856
4.201666666666667,188.7125484177698,0.003699250981833807,-36.99638951246224,0.031962031487287004,-16.573734192265434
4.202500000000001,188.83039512618336,-0.024907507967680886,-27.657565937568258,0.009272698197752186,-34.71680520292634
4.203333333333334,188.94888901171652,-0.03725138849470515,-0.22675573963362705,-0.01946098435845582,-30.215846963432586
4.204166666666667,189.06707246347284,-0.02522460127316963,27.41289251084265,-0.03545611211201011,-5.91544628332255
4.205,189.1848290158815,0.003337353469658224,37.11722554969471,-0.02819913759012636,22.321763176693842
4.2058333333333335,189.3031402963351,0.02969727172456561,22.418682157879473,-0.0024117051163815347,35.93266490821406
4.206666666666667,189.42193138857212,0.03648591222552903,-7.099035764862332,0.024956570257433548,25.873048571947912
4.2075000000000005,189.54023402890542,0.019180597802302704,-31.988176128186744,0.035837482133537456,-1.3141574994778709
4.208333333333334,189.6583204872582,-0.01081428992427549,-35.733753507741866,0.022995621128778385,-27.69016818989942
4.2091666666666665,189.77710420526788,-0.03362553316579989,-15.751450532347503,-0.005098019482295953,-35.730900081057854
4.21,189.8961189778957,-0.034069402503979884,14.762193912924827,-0.02979290056943475,-19.999199825049526
4.210833333333333,190.01455068413028,-0.01180432156692901,35.4907672249884,-0.03462180705586844,9.114046113286978
4.211666666666667,190.13304573411096,0.018340481506825743,32.523243681399364,-0.016317897272228096,32.19427006112084
4.2125,190.25227461014958,0.03619353962266917,7.74162249501595,0.012908182266882092,33.73805521565737
4.213333333333334,190.37143664326504,0.02974570585285536,-22.29742794363148,0.03346037906536465,12.609852820740556
4.214166666666667,190.4900467800874,0.003285788674202624,-37.38088687415698,0.031492664044848184,-17.059632724140368
4.215,190.60902206139292,-0.025381836857826513,-27.255333079973873,0.008286214330435441,-35.27427260291393
4.215833333333333,190.72862721970105,-0.03688212412574156,1.3402334441439656,-0.020514482445596463,-29.65325871259161
4.216666666666667,190.84787887350137,-0.023387567853702815,29.089065045034552,-0.03540554488813629,-3.901866427513442
4.2175,190.9667574562304,0.005987314773603589,37.11686400406237,-0.02624482065807451,24.55924407154771
4.218333333333334,191.08625298020547,0.03127680670302372,19.861978281287698,0.0007800980487959498,36.34206219742362
4.219166666666667,191.2061296681534,0.03521542791961519,-11.001070752753481,0.027264099322082683,23.32032086218505
4.220000000000001,191.32545790321583,0.015065851813593798,-34.397500881277615,0.0350913342695275,-5.700629376143202
4.220833333333333,191.44472167569256,-0.015406357095993107,-34.23276013510267,0.01885762812143586,-30.87171749133294
4.221666666666667,191.56472111755107,-0.03528147816924973,-10.513319331779794,-0.010329933045704207,-34.85600129687168
4.2225,191.6847515993499,-0.030847677963687134,20.508681871116075,-0.03239266896294413,-14.809491393730285
4.223333333333334,191.80420860317466,-0.005116968844132116,37.42068780259421,-0.03208324540435807,15.518512688954885
4.224166666666667,191.92396927058664,0.02414666182975373,28.439946173276024,-0.009570510151652192,35.159500574510496
4.2250000000000005,192.04438680640538,0.03665075084933145,-0.31326479907685956,0.019573811858034883,30.42332154075573
4.225833333333334,192.16447975855337,0.02366721566961849,-28.91100428844444,0.03509884239310352,4.496793479000261
4.226666666666667,192.2841851827007,-0.005806707906260561,-37.39658393340548,0.0261570548806907,-24.624084429939124
4.2275,192.4045049948998,-0.031214596947179075,-19.743673512192515,-0.0010544569513729325,-36.585070111675066
4.2283333333333335,192.52519707333434,-0.034757321874816643,11.78968875492889,-0.0275187212335353,-22.922715640528004
4.229166666666667,192.64533295649434,-0.01390430557904131,35.10662099759459,-0.03466016819668739,6.87787131926745
4.23,192.76544602974437,0.016723528563719472,33.74584363178336,-0.017415842609528834,31.898594880450755
4.230833333333334,192.88629685323906,0.03554868380612463,8.556509054025593,0.012103558167420073,34.45229015413821
4.231666666666667,193.00710667788204,0.029241749989859563,-22.742844422435283,0.033058384312168905,12.630149457556296
4.2325,193.1273678775695,0.0022203629786555984,-37.977649610511776,0.030585794654837822,-18.19847872240693
4.233333333333333,193.24802807917365,-0.02636876031044279,-26.243193752825654,0.0063945173704249465,-36.15478295193787
4.234166666666667,193.36927864812174,-0.036179573473967226,4.219478126098718,-0.022340192697591566,-28.38356871071322
4.235,193.49010590983193,-0.020174864869469723,31.73405484722622,-0.035126735134597124,-0.31998353986143546
4.235833333333334,193.6106662202767,0.010251902158490755,36.58627215798017,-0.022789211854342812,28.033534892201665
4.236666666666667,193.7319204130559,0.033319957341032096,15.191429840248542,0.005879310497428714,36.32911304728479
4.237500000000001,193.85337403225006,0.03244082906295151,-17.177988286317287,0.030314063889642733,18.50861235616866
4.238333333333333,193.97424113848172,0.008199663010553969,-37.23123717620849,0.03290982497092346,-12.69614796866516
4.239166666666667,194.09530019716505,-0.021952117496788017,-30.419371159318125,0.011749166330295711,-34.79241183645171
4.24,194.2170543884961,-0.036210730385698,-1.5560406245644485,-0.017905136788812358,-31.73176768421412
4.240833333333334,194.3385386633907,-0.024203795547308324,28.49956991250486,-0.034564207585062325,-5.62326322893316
4.241666666666667,194.4596095873251,0.005393134852110434,37.87746938650214,-0.026092363358338335,24.634405288030422
4.242500000000001,194.58128772746807,0.03105042089854524,19.643045177097843,0.0013878535871295543,36.98600539137073
4.243333333333333,194.7033269800861,0.03402222719365468,-12.994355415920518,0.027845067208665822,22.318958127998677
4.244166666666667,194.82480067646813,0.012087892451868159,-36.17810915148822,0.0339098952118131,-8.738208638347084
4.245,194.94631733305846,-0.018708194659180187,-32.833513391997194,0.015091729894544112,-33.44282331040702
4.245833333333334,195.06856453321825,-0.03573468546111683,-5.304095854611227,-0.014819142673838933,-33.57442500996583
4.246666666666667,195.19065856631246,-0.026412792587932603,26.19956276074005,-0.0337954399489655,-8.925357411242583
4.2475000000000005,195.312267842642,0.002422013448288615,38.3882907062412,-0.027794019090779793,22.37992499017838
4.248333333333334,195.4344125400414,0.029452985923916056,22.136742217567352,-0.0012100006170586565,37.156976040840256
4.2491666666666665,195.5570040892637,0.034610230515447094,-10.603442873746962,0.02626296385030229,24.348047228141013
4.25,195.6790581286507,0.01401295288268187,-35.51442316306131,0.034184603693758774,-6.627947583272654
4.2508333333333335,195.80107791982914,-0.01702815539411551,-33.95867853057006,0.0166080749872209,-32.7211651321152
4.251666666666667,195.92383498628067,-0.035328839086148735,-6.981853826418016,-0.01337771595765722,-34.379013089967366
4.2525,196.04649401912496,-0.027151175328615777,25.290986147406095,-0.033328997952599713,-10.248032917636571
4.253333333333334,196.16864538049447,0.0014154141392644544,38.61466650278937,-0.02824155301127279,21.641166457972027
4.254166666666667,196.291305066977,0.0289063360958063,22.861514224069214,-0.0018956961004950087,37.287011301296175
4.255,196.41443331955423,0.03457605817703773,-10.197280782642558,0.025871186134055757,24.796164168622763
4.255833333333333,196.53703092232072,0.014093402144930127,-35.60500552321085,0.034061417046381444,-6.498613824502668
4.256666666666667,196.65958907934404,-0.017065804781939763,-34.042126903431694,0.016427541870442403,-32.927887443245645
4.2575,196.78288420359908,-0.03524648376886813,-6.576856850024053,-0.013682368659417563,-34.36247292176216
4.258333333333334,196.9060672199607,-0.026576394595044555,25.962546197483075,-0.03336075621084707,-9.596455562611254
4.259166666666667,197.02875565941997,0.0023786841926214893,38.72733325547056,-0.027564820749209257,22.5575824387706
4.260000000000001,197.15197904928692,0.029503197421926444,21.849517810327246,-0.0006792961522367423,37.49854820323048
4.260833333333333,197.27563281157578,0.033990430323223866,-11.842823481806041,0.026717461334306813,23.676051698557785
4.261666666666667,197.3987364743257,0.012346412937252185,-36.49184529282254,0.03356561882267415,-8.399363095071664
4.2625,197.5218677940724,-0.01880292082295302,-33.040547662110356,0.014548159205463762,-34.06333635394864
4.263333333333334,197.6457271010538,-0.035419039206442,-4.032171500208162,-0.015698145763332103,-33.441533326259815
4.264166666666667,197.76939220003598,-0.02461066317580072,28.16342254423021,-0.03378119502663677,-6.898444517997783
4.265000000000001,197.89261923313646,0.005289544538226377,38.547969942599856,-0.02564623118191273,25.060610484434314
4.265833333333334,198.01645333009304,0.03106494330495582,18.937627331999288,0.002431342303815659,37.57332524518705
4.266666666666667,198.1406115199056,0.032614774457218894,-15.495438885082113,0.0286032367145489,20.786581201655405
4.2675,198.26419180259995,0.008680731049598921,-37.87952579491795,0.03241651733358397,-12.297690120105578
4.2683333333333335,198.38794048601818,-0.022042810816410248,-30.608530147736023,0.010841103306613116,-35.80936810800215
4.269166666666667,198.51237416800916,-0.03545176308939196,0.73505139851059,-0.01923631317736059,-31.2263647469645
4.2700000000000005,198.63647627519782,-0.02096214285213308,31.566290928386792,-0.0341673013119805,-2.0338755872892604
4.270833333333334,198.76026513162535,0.010053455846610805,37.53783286364482,-0.022147290631335633,28.82671136939431
4.2716666666666665,198.8847485917697,0.03311051974558459,13.812686470327789,0.007374830046106916,36.937975865489754
4.2725,199.00936883862207,0.029925460805571895,-20.920360270277918,0.0310427634878929,15.763953349685641
4.273333333333333,199.13341841345866,0.002976624998836811,-39.09275394599459,0.030049489870065605,-17.989484619272396
4.274166666666667,199.25784077075673,-0.02633135350622062,-26.147668963476242,0.0051377143114654,-37.47737885106313
4.275,199.38282639177268,-0.03462025442758821,7.712387556627901,-0.023863632347532616,-27.068656726475655
4.275833333333334,199.5073258158736,-0.0152208077187178,35.46911533666887,-0.03377062712857108,5.035534642855323
4.276666666666667,199.63173371522362,0.01637128516355821,34.819331639916186,-0.01660542000958622,33.166592133467034
4.2775,199.7568786741405,0.034798654265128924,6.159449274738545,0.013893962896553095,34.67802273467884
4.278333333333333,199.8818964453293,0.02519698498240158,-27.527314601048193,0.03319339270411596,8.232905665540834
4.279166666666667,200.00645138834457,-0.004738170255233096,-39.03957970519869,0.02569410173451926,-24.921525626941442
4.28,200.13160165240672,-0.030828609027933426,-18.953749154758928,-0.002588792257549518,-37.95943832762736
4.280833333333334,200.2570696598744,-0.03191084660785679,16.562892896352718,-0.028761567331365576,-20.20612654822809
4.281666666666667,200.38195882356513,-0.0070570270228830076,38.67626102903655,-0.03154814504950283,14.027851747386624
4.282500000000001,200.50707494992696,0.023536041592009532,29.289885909648376,-0.00863337963714572,36.892297971204016
4.283333333333333,200.6328373220296,0.034899461538854565,-4.062096957463469,0.02132181069132197,29.643955983954996
4.284166666666667,200.75818909367672,0.01769622044924026,-34.155863816164064,0.03381521942432519,-1.9110671462390618
4.285,200.8833472619428,-0.014016657005934192,-36.25972581114121,0.018564789313089032,-31.963056072268003
4.285833333333334,201.00923784688618,-0.03419246111253036,-8.517689853648696,-0.011943777549702213,-35.765274482160684
4.286666666666667,201.13507790585442,-0.026181914071808393,26.311138294781387,-0.032597321377722636,-10.064074480210113
4.2875000000000005,201.26042296353984,0.0034522195422769172,39.45268911730863,-0.026316711291391348,24.0147921878428
4.288333333333334,201.38633219202637,0.030216422362231463,19.91701594696414,0.001749801046997854,38.25800968627882
4.289166666666667,201.51258892192706,0.03189505325908068,-16.20848392332119,0.028353105607335304,20.743295277544107
4.29,201.6382697879232,0.007043856099121974,-38.91149980294298,0.03136272378131402,-14.083373478682388
4.2908333333333335,201.7641767118208,-0.02366979392571416,-29.181671889699587,0.008224436745360858,-37.22747026219166
4.291666666666667,201.89072205075212,-0.03459232728859386,4.9837276941915905,-0.021777047746809563,-29.27349986205176
4.2925,202.01683862248103,-0.016537818824070488,35.04158291425733,-0.033527217049639936,3.24573588802882
4.293333333333334,202.14280446700192,0.015392611462124008,35.7090196114454,-0.0171271918481733,33.10511252219503
4.294166666666667,202.2695063061485,0.0343584992531403,6.29398285333984,0.013677387309279962,35.13700049504673
4.295,202.39608439552345,0.0243399928429296,-28.497510633966378,0.032934488258229165,7.502813820833282
4.295833333333333,202.52221957239115,-0.006249326682770166,-39.24254704061054,0.02434387468150835,-26.53945379168133
4.296666666666667,202.64898436512107,-0.03153138060468592,-16.719757713969493,-0.004868913307643958,-38.13903456918042
4.2975,202.77598015984006,-0.03002608067091884,20.066690433979776,-0.029935015002453883,-17.334020066688087
4.298333333333334,202.90240274414091,-0.002963836541035837,39.82844364905133,-0.02951082064100916,18.287342139888473
4.299166666666667,203.0291967009565,0.02661588741677246,25.609709948272197,-0.00390986246433196,38.36200929278352
4.300000000000001,203.15652155369335,0.033423924212352886,-10.565273782148788,0.025023936206425255,25.633872955511464
4.300833333333333,203.28332279395704,0.011582087178065734,-37.749223804188226,0.0324982255125255,-9.118686677281648
4.301666666666667,203.41017071458515,-0.02020041842302729,-32.52059665861326,0.01205153416876112,-36.10055331404001
4.3025,203.5377231294057,-0.03457639880634104,0.7554734910425571,-0.018763528801659032,-32.015885218661296
4.303333333333334,203.66494851254132,-0.019106150180886492,33.44817055465707,-0.03337241554511368,-0.2576718514825673
4.304166666666667,203.79191675778364,0.0128847109622813,37.23978404072374,-0.019107660895095947,31.789940807265292
4.305000000000001,203.91961024207927,0.033691096407397265,8.711839363304762,0.011717576743289564,36.30784215484438
4.305833333333333,204.04725718732766,0.025211131237553523,-27.455609895253428,0.03234730338011999,9.244108052895498
4.306666666666667,204.1744300429197,-0.00522424977372577,-39.75453511000529,0.02479375945865995,-25.937692305665504
4.3075,204.3022103329642,-0.031085999692056582,-17.32960853453569,-0.004401766453192608,-38.52056441567528
4.308333333333334,204.43023835666645,-0.02973602278761542,20.324638364887715,-0.029733340342512512,-17.381274486964724
4.309166666666667,204.55769598362608,-0.002307187976193315,40.209519437138994,-0.028977112728845077,19.06494567788744
4.3100000000000005,204.68554625523345,0.027138135116887483,24.74536384211232,-0.0027488952322854737,38.806902053040396
4.310833333333334,204.81389333057507,0.03266029349906899,-12.580594541715815,0.025890130989310634,24.355449331117065
4.3116666666666665,204.94169636899548,0.009337873266722321,-38.86023189623748,0.03165342583892238,-11.66112467282491
4.3125,205.0696327506473,-0.022239777914448037,-30.75509375807518,0.00939692666690259,-37.417909773815495
4.3133333333333335,205.19823203220275,-0.034073585058515085,4.685727340315705,-0.02118662261634434,-29.9908162135261
4.314166666666667,205.3264144884959,-0.015604028581704876,36.028211699687354,-0.03291784381912007,4.152881507708372
4.315,205.45447590099565,0.016764560331373295,35.285509470665936,-0.015306166845281062,34.66142012700731
4.315833333333334,205.583268868357,0.034143509969744856,2.981611820949257,0.015970760115449494,34.23162915163706
4.316666666666667,205.71183830527247,0.020944772278455086,-32.06200492646105,0.032934814966389704,3.11357714948366
4.3175,205.84007465464921,-0.011044035672213286,-38.369685244987714,0.02033583454811451,-30.866415446246666
4.318333333333333,205.9690189585834,-0.03308524223966714,-10.135298365591218,-0.010548893395647452,-37.118831930144694
4.319166666666667,206.09796161784894,-0.02528971134121382,27.306016329889864,-0.03191004996903874,-9.878840258606244
4.32,206.22642333994398,0.0053539649313981376,40.12026560405384,-0.024428198795067437,26.354961601745522
4.320833333333334,206.35549544980427,0.03113527767975836,16.580026690731607,0.005174104538719563,38.76490737739919
4.321666666666667,206.4847836731424,0.02864245780487542,-22.077926064260016,0.03006661351243769,15.967934632449943
4.322500000000001,206.6135142554881,9.119179545023564e-05,-40.7034101440991,0.02759284503768643,-21.422152378403677
4.323333333333333,206.74270810700204,-0.028530580863970083,-22.20306673936239,-4.196088450653026e-05,-39.32976442848776
4.324166666666667,206.87230786984512,-0.031062748797450464,16.65427490418215,-0.027626135933908395,-21.28195756273788
4.325,207.00133976790852,-0.005137454768430834,40.315602335410645,-0.029889941279465666,16.323573863625764
4.325833333333334,207.1306630061448,0.02549341970373315,26.961873318810934,-0.004708077939128922,38.999505545229766
4.326666666666667,207.2605401612776,0.03264915355258254,-11.26314129806999,0.024795318009587754,25.786156827637505
4.327500000000001,207.38989367895633,0.00968608516281352,-39.16451219885496,0.031414254921634355,-11.269218078115328
4.328333333333334,207.5193629692248,-0.022221541177070286,-30.869801837987026,0.00898736493459585,-37.96906716644899
4.329166666666667,207.649487577702,-0.03352366976201515,6.082491071237221,-0.02175733720255774,-29.49648895316548
4.33,207.77917186619106,-0.013685655825342731,37.454345988880384,-0.03228104611496114,6.4224986455740245
4.3308333333333335,207.90880839122946,0.018882944997952567,33.98165406177613,-0.012750457165256768,36.42904958040051
4.331666666666667,208.03915709302504,0.033818919028427055,-1.24269880610598,0.018667426925621632,32.46618775704812
4.3325000000000005,208.1691723734379,0.01712286006555068,-35.37556263078849,0.032614428052369346,-1.9029752059145637
4.333333333333334,208.29899814577416,-0.01561432336523914,-36.380244372911356,0.015986477863226368,-34.556565796846414
4.3341666666666665,208.42955491781015,-0.03366818246161648,-3.1681623645521766,-0.01565174963310836,-34.773384323234815
4.335,208.55989512873444,-0.020013140541692044,33.09847703433517,-0.03253836704722126,-2.208497438704879
4.335833333333333,208.68993039533413,0.012522202064878436,38.164700358625474,-0.018710410792479763,32.509628936358396
4.336666666666667,208.82068615849184,0.033198180310143384,7.097462039199895,0.012808670762789302,36.510387233971336
4.3375,208.95134149795373,0.02239188342318045,-30.77007538064122,0.03217019924286562,5.863281166736053
4.338333333333334,209.08160319522173,-0.009685889339891177,-39.44082260914316,0.020954980034981852,-30.424435319928914
4.339166666666667,209.21255476982327,-0.03252428339075667,-10.520533902772216,-0.010211616384127854,-37.774883636437806
4.34,209.3435137968737,-0.024306627987531085,28.513299257825594,-0.03161635463037054,-9.037978578189682
4.340833333333333,209.4740148940342,0.007161469156707654,40.31353739545533,-0.02276350201950579,28.414850320152254
4.341666666666667,209.60516368301052,0.03174772839515686,13.43327223437365,0.007912822500429491,38.66306425425792
4.3425,209.73641486006613,0.025810504903049834,-26.428075682988577,0.03096988285361432,11.72758755649078
4.343333333333334,209.86716433613782,-0.004986229549189308,-40.88127786645351,0.024183885374677243,-26.573430860587237
4.344166666666667,209.9985150230543,-0.030954369770045,-15.845269445472214,-0.00594742714917276,-39.264503163624696
4.345000000000001,210.13004770028004,-0.02695694170602239,24.59344434277368,-0.030309346582656296,-13.939197551727393
4.345833333333333,210.261050928709,0.0031830696063075868,41.232011814204874,-0.02526380050385691,24.973391430669697
4.346666666666667,210.39261035617247,0.03021451432588208,17.773771528044787,0.004337495986739527,39.658523510450046
4.3475,210.52441526788638,0.027795557523122197,-23.07023431370544,0.029698665754657096,15.686470255196632
4.348333333333334,210.65567461322723,-0.0017645646287538126,-41.44058058124257,0.026046940287893547,-23.671015219508792
4.349166666666667,210.78745091382254,-0.029583430882218657,-19.23858541706431,-0.0030956945330280965,-39.9117381779579
4.3500000000000005,210.91952029896174,-0.0283691027002484,21.903849989667602,-0.029187541717407475,-16.985021832498404
4.350833333333334,211.05103579343148,0.0007364798010889018,41.567007943772005,-0.02657023812042659,22.70811098167548
4.351666666666667,211.18303777967097,0.029102190436600183,20.25797491950865,0.0022284190164275483,40.07645483471604
4.3525,211.31536523014174,0.02871127281199763,-21.126826895112607,0.028812150502003205,17.848740155217005
4.3533333333333335,211.44713524727038,-0.00010060586107184938,-41.655465357108035,0.02686189040262603,-22.114208452329162
4.354166666666667,211.57937202926624,-0.028798561562901965,-20.845525437536967,-0.0017382711340475738,-40.18966491415113
4.355,211.7119521578978,-0.028845230835233143,20.760905474113198,-0.028595859655801924,-18.287023869810962
4.355833333333334,211.84397404895154,-0.00014315295417474064,41.73362941609903,-0.02694003882834245,21.908264901113732
4.356666666666667,211.97645482245255,0.028687754339052247,21.00793561563398,0.0016258117834780724,40.27238590017382
4.3575,212.10928282534414,0.028782697547615956,-20.81844261471743,0.028549787742108302,18.302914292094485
4.358333333333333,212.24155351330728,-4.525915808241323e-06,-41.812230680623834,0.026811995541792498,-22.09972146469555
4.359166666666667,212.37428745265478,-0.028772871026153685,-20.74369888648399,-0.001890558901763294,-40.329188825383504
4.36,212.5073586208285,-0.028523511496012868,21.303038074443137,-0.02867308744893347,-17.89209896251064
4.360833333333334,212.6398751710117,0.000542886843883541,41.88466514189572,-0.02647393522412954,22.688802223562952
4.361666666666667,212.77287135791315,0.029044982725275236,20.042662228457303,0.0025312102434778203,40.3478138411887
4.362500000000001,212.90618058391306,0.02805561073008949,-22.20930025524869,0.028952892385725612,17.042790065265017
4.363333333333333,213.03894077929377,-0.0014707861909806072,-41.926618017718674,0.02591102729935139,-23.66599595983013
4.364166666666667,213.1722080870845,-0.029482810064066646,-18.886485902330463,-0.0035450793130212175,-40.29885387346538
4.365,213.30574941935916,-0.027355444574972652,23.521718970373534,-0.029363925893424955,-15.736514541724295
4.365833333333334,213.43875236223954,0.0027855591789739953,41.89573336189642,-0.025098034514391594,25.010706175206895
4.366666666666667,213.57229923256958,0.030052045535539668,17.25006902638799,0.004926738293723916,40.13556875168502
4.367500000000001,213.70606552020732,0.026388881204788238,-25.212659203078648,0.029867830239176583,13.949888070958192
4.368333333333333,213.8393122739924,-0.004481058281307876,-41.73145189730453,0.024000457157469204,-26.68910627715667
4.369166666666667,213.97314631903816,-0.030704418714538325,-15.104043526136609,-0.0066658725980690385,-39.793979013368336
4.37,214.10712902503514,-0.02511273162545804,27.23954728260134,-0.030412339199517302,-11.657473860222654
4.370833333333334,214.24062327470278,0.006544872989897081,41.35523276663408,-0.02257635065521785,28.65130125586489
4.371666666666667,214.37475064195522,0.031376676066767965,12.418464093586241,0.008744374767903483,39.19347816001603
4.3725000000000005,214.50893991416308,0.023477057800210737,-29.541397238187237,0.03093048825635467,8.83583988644121
4.373333333333334,214.64268859711194,-0.008954773673565128,-40.67146998866435,0.02077898256175645,-30.82798164313769
4.3741666666666665,214.77711307631384,-0.03198972587292318,-9.167823548840996,-0.01113274806584377,-38.23829059447447
4.375,214.91149817942855,-0.021428465231138474,32.034927207678905,-0.0313401347142564,-5.468913828919598
4.3758333333333335,215.0455119683275,0.011674480399741576,39.56950558017415,-0.01856051548926372,33.12686557503934
4.376666666666667,215.180233848908,0.0324482848384679,5.3374887866402245,0.013785958972043665,36.820182375050805
4.3775,215.31480407139392,0.018914589120692465,-34.610648211128705,0.031544142383876435,1.5546808194499675
4.378333333333334,215.44909755008337,-0.01464894767516674,-37.92721820949025,0.01587689552358948,-35.42936288531895
4.379166666666667,215.58411232662155,-0.03264145141466033,-0.9315681685375647,-0.016638978336071177,-34.822891060172076
4.38,215.7188584498984,-0.015889956461037927,37.129470681815896,-0.031431665368009495,2.8868382233768255
4.380833333333333,215.85344974700308,0.01779948263466253,35.61671261560382,-0.012694078991467916,37.588058847225795
4.381666666666667,215.98874685865044,0.03244471170127729,-4.0179278701146215,0.019602385772590533,32.12876112332031
4.3825,216.1236632056727,0.01232332983953657,-39.420561491639425,0.030881030834019184,-7.804563546355716
4.383333333333334,216.2585728370577,-0.02101917784800135,-32.512627814682205,0.008995630296465017,-39.42579440020878
4.384166666666667,216.39413476520335,-0.03172394060824958,9.440997923317672,-0.022558578815365576,-28.62802826262939
4.385000000000001,216.52922171232652,-0.00820649708207568,41.281379724445706,-0.02976475296177159,13.106774335011092
4.385833333333333,216.66447039256835,0.024169334613877706,28.503491557422784,-0.0047915560256622525,40.73729389292224
4.386666666666667,216.80027256321122,0.030341969926873928,-15.219309025825831,0.02535931760443319,24.23105930666426
4.3875,216.9355392025456,0.0035642499313021866,-42.480994093233534,0.027957184106232262,-18.651780900884535
4.388333333333334,217.07114451872076,-0.027077762583418073,-23.506339761274482,0.00012799453174501324,-41.29442666067281
4.389166666666667,217.2071565361275,-0.028168225046511803,21.176674101943554,-0.027825527070516987,-18.883591164173946
4.390000000000001,217.34262291209646,0.0015350141920100775,42.767893895383715,-0.025345193051158215,24.24006052160527
4.390833333333334,217.47859499499316,0.029540037764525486,17.484456874348947,0.004902948186475845,40.85623585962454
4.391666666666667,217.61478370427562,0.02509174659629052,-27.071870375391658,0.029750437564092836,12.58459125301269
4.3925,217.75048179327266,-0.00696902880872842,-41.88348696765285,0.021842018957040278,-29.60949845561671
4.3933333333333335,217.88681852039255,-0.031324938168747325,-10.467546820588522,-0.01015432690617516,-39.1847623064149
4.394166666666667,218.0231531690856,-0.021037574323051263,32.595787624945025,-0.030907221655945852,-5.405762525812046
4.3950000000000005,218.1591256004169,0.012553156657553705,39.582255206484284,-0.01740404999151731,34.43578595302079
4.395833333333334,218.2958083703579,0.0321852917502886,2.5729024177336144,0.015418005012788385,36.067356339896165
4.396666666666667,218.43226764228623,0.015985946404755064,-37.375292886274316,0.031062213552711958,-2.4890590856367876
4.3975,218.56856323348617,-0.018035554377562414,-35.65902538647471,0.012049695219977176,-38.340322779280704
4.398333333333333,218.7055548418213,-0.031875286408963,5.974775003562371,-0.020422806120957614,-31.345528311637267
4.399166666666667,218.8421347670804,-0.00999304463625397,40.986407795132756,-0.02999450050689261,10.827277294878495
4.4,218.978800431428,0.023098328376290063,29.982930317044577,-0.005878758235954507,40.90802373908882
4.400833333333334,219.1160468447986,0.030174819901330613,-14.828272189912921,0.024839474873347752,24.949374083207413
4.401666666666667,219.25276764083893,0.0032111149995216557,-42.9792583373186,0.027522073060678293,-19.217288691861057
4.4025,219.38983722062486,-0.027367244678922282,-22.536331437340564,-0.0009101778747458936,-41.71707629802035
4.403333333333333,219.52727477011283,-0.02692062823001223,23.511820659053843,-0.028294835242539444,-16.93520182341441
4.404166666666667,219.66418385414943,0.004095212730681916,42.91658992070628,-0.02353374902787693,27.149043303511693
4.405,219.8016659190921,0.03043245329786884,13.455258500890633,0.00800778387934568,40.38176463055139
4.405833333333334,219.93923433912073,0.022042674733918657,-31.429167283965604,0.030397219047971293,7.522230567125732
4.406666666666667,220.07640250938763,-0.011540548986378973,-40.426259673381814,0.01802472324661535,-34.01027299866223
4.407500000000001,220.21427078821387,-0.03188206224944376,-3.0659061650505617,-0.014991673891872006,-36.60780850259588
4.408333333333333,220.35193050020476,-0.015602622984172478,37.890941956759825,-0.030774350950089166,2.8777072651867566
4.409166666666667,220.48943924033392,0.018623152840707324,35.26588677007372,-0.0111318967924946,39.122975497280144
4.41,220.62763045456035,0.0313490697841249,-8.090334373476082,0.021338414979506733,30.25718014724564
4.410833333333334,220.7653798021367,0.007829273392027145,-42.16567672578635,0.02912327079645814,-13.645334906842688
4.411666666666667,220.90330015104612,-0.024747084560857675,-27.39474076050999,0.0031632764677490917,-41.80339800248228
4.4125000000000005,221.0417236166226,-0.028570012135892615,19.252507633358235,-0.026454244940562675,-21.41612010967333
4.413333333333334,221.17960936100116,0.0008561205471754431,43.55665637488891,-0.025269481261241806,23.96304129205187
4.414166666666667,221.31797673267675,0.029266233321261593,17.044159517327763,0.005385971910408556,41.446014428097115
4.415,221.4565373387091,0.023450709123544095,-29.46626967214923,0.029727557806423218,10.456363079542065
4.4158333333333335,221.59465103678343,-0.009833289681536512,-41.50296162332895,0.019229411654633013,-32.856942143754885
4.416666666666667,221.73344460330634,-0.03155221098498067,-4.773785200929073,-0.013839300828722922,-37.627639284718285
4.4175,221.87207543905885,-0.016130900774475376,37.64942291168704,-0.03060352924859,1.923999881495508
4.418333333333334,222.01053103174957,0.018304303694859376,35.69753646167504,-0.011266802822116007,39.278864223615344
4.419166666666667,222.14966869154458,0.0310843951385411,-8.502482339193268,0.02137467818593588,30.221966234894285
4.42,222.2883629419848,0.00703586482405188,-42.70204858372325,0.028677061389886484,-14.69611870060595
4.420833333333333,222.4272577126048,-0.025350800632866016,-26.208213165035897,0.001930357252679444,-42.23054589995026
4.421666666666667,222.56661550678294,-0.02755512622819384,21.5385006392167,-0.027096754638536558,-19.508017946895027
4.4225,222.70544235245512,0.0030998709385677936,43.659808753463835,-0.02379469079425063,26.54875518975816
4.423333333333334,222.84481308744867,0.03003141231198669,13.58029022325751,0.007942102145904314,40.92466259818973
4.424166666666667,222.9842695236013,0.020976634215058024,-32.84189272901197,0.030146792836901984,6.249411906337031
4.425000000000001,223.12335976678943,-0.013252692762945202,-39.879145288803755,0.016149853162409886,-36.00227002698146
4.425833333333333,223.2631543377572,-0.031517181026016076,1.106891232038035,-0.01726746960706321,-34.96683768998863
4.426666666666667,223.40264657019702,-0.011769686022523086,40.83373300017246,-0.029844439311751618,8.283186324364042
4.4275,223.54214385400329,0.0221877602889158,31.23083516767831,-0.006350146906033791,41.59270520161466
4.428333333333334,223.6822291896127,0.02925342834322406,-16.259589740250842,0.024819834840298607,24.530766915407074
4.429166666666667,223.82179508490316,0.0008088535694099751,-44.079605913648145,0.025845666364343208,-22.374165742636997
4.430000000000001,223.96178685817097,-0.028601753592778983,-18.265590899570874,-0.00456820743396743,-42.116661424970225
4.430833333333333,224.1020021313484,-0.02312533313905329,29.892228749851114,-0.029393803651512417,-10.487332660461746
4.431666666666667,224.24177909925376,0.010602090398215476,41.57219304486992,-0.01829045622229184,34.03055186199717
4.4325,224.38224024886856,0.03132593731807658,2.3053630228146353,0.015202438038420866,36.90923884768123
4.433333333333334,224.52247970337115,0.013593462932721987,-39.86742839872674,0.03001764094201184,-5.558317791079067
4.434166666666667,224.66264598644528,-0.020846417534135,-33.024293763705124,0.00790448604729236,-41.26029296921029
4.4350000000000005,224.8034340391096,-0.02956856634421738,14.588927181704868,-0.023937779556403128,-26.10687418073727
4.435833333333334,224.9437178152627,-0.0017579057676198177,44.24594078943057,-0.02618836063047071,21.365928950408655
4.4366666666666665,225.08439427720188,0.02821129008963199,19.110319766074838,0.0039853527582383785,42.44154471062711
4.4375,225.22531628570673,0.02315683788654376,-29.81357137219161,0.029194636946888848,10.829327087875253
4.4383333333333335,225.36579876666752,-0.010690476110212963,-41.70794250482224,0.01808335273786663,-34.32493782529907
4.439166666666667,225.5069641714633,-0.031192704107751528,-1.5802315811813838,-0.015557378984898344,-36.731462002445404
4.44,225.64789255395175,-0.012721658986111578,40.59798721757963,-0.02974496018122814,6.792836470938525
4.440833333333334,225.78878284081657,0.021661789525653258,31.971858877608227,-0.006689819598364991,41.884046325207905
4.441666666666667,225.9302664718447,0.02884781221198864,-16.829438515684146,0.024742720118801395,24.430389104114333
4.4425,226.07123579898757,-0.00024038627507540688,-44.53522919592537,0.025046371199669102,-23.809521531786213
4.443333333333333,226.21266168128452,-0.02900658513695832,-16.106007053160432,-0.006209485303677329,-42.100073911603204
4.444166666666667,226.3542418881314,-0.021124191992721728,32.73977685085056,-0.029603390401832533,-7.193693768919339
4.445,226.4954480475791,0.013487327956649229,40.18890505367476,-0.015516417327057228,36.89252185176822
4.445833333333334,226.63735125066103,0.030969157977430394,-3.385943888158101,0.01824160584288012,34.2083666289731
4.446666666666667,226.7789136308437,0.009073144535343209,-42.73145345753273,0.028789516603107104,-12.018823713306205
4.447500000000001,226.92058827097907,-0.02436686372414352,-27.644107353812718,0.002654489695975266,-43.00054277945496
4.448333333333333,227.06274409771086,-0.02667468673526034,22.80903517940783,-0.02685214353378073,-19.070434927283973
4.449166666666667,227.20438643827183,0.005150038750140247,44.13330768995309,-0.02198095169074854,29.335169527073823
4.45,227.34661688563617,0.030349326742549178,8.832243070353421,0.011073866305536868,40.164859450601085
4.450833333333334,227.48879539480276,0.016528414370664032,-37.898240937851185,0.029874919344062646,-0.6677910510854339
4.451666666666667,227.6307749583384,-0.01857107606892465,-35.84166277970854,0.010185617999660968,-40.71384316906001
4.452500000000001,227.7734123419455,-0.029675639912642188,12.540182048293326,-0.02263773091496514,-28.214660230624386
4.453333333333334,227.91557517935857,-0.0023841156391372666,44.76787077536633,-0.02615451351112815,20.85155440900718
4.454166666666667,228.0581050531004,0.027979673918620024,18.94299938860365,0.004238737812719889,42.940592352362096
4.455,228.20086721627402,0.02196953639787936,-31.5717063600787,0.029103961157458825,9.208553373796546
4.4558333333333335,228.3432262479796,-0.012643292524041637,-41.016858193152025,0.016055524050320853,-36.59032724492612
4.456666666666667,228.4862752161412,-0.030733374986009424,3.1130854718380894,-0.017935747658282077,-34.66374419079464
4.4575000000000005,228.62899388104603,-0.008617579908805498,43.246608252295985,-0.028447056939755886,12.656611770653772
4.458333333333334,228.77184089043521,0.024777715794687693,26.70004020658273,-0.0016664971955465246,43.45331227842362
4.459166666666667,228.91513528599393,0.02560364925764789,-24.991571866641948,0.02728450619074019,17.15718967887202
4.46,229.05793411852437,-0.0072755141010390515,-43.8366601997688,0.020298207012125674,-31.800331554269384
4.460833333333333,229.20136089538548,-0.03053342969171614,-4.811174279805887,-0.013461988158314352,-38.8406198469284
4.461666666666667,229.34463355058264,-0.013405492281663175,40.65369502295181,-0.02939990928416657,5.5235257376266205
4.4625,229.4878346633198,0.021473088197813045,32.26584653961902,-0.006370993617565534,42.639598612591534
4.463333333333334,229.6316160841912,0.027812743562141196,-19.036956158374128,0.025101882937898452,23.12989790720072
4.464166666666667,229.77488949481207,-0.00286547152775306,-45.065751489169884,0.023146820167361137,-27.234791173708803
4.465,229.91869026637707,-0.029700323198699558,-10.961679576176119,-0.009677900569240429,-41.32128128359404
4.465833333333333,230.06249596818571,-0.016818461094259964,37.87333815155729,-0.029543806537855166,-0.13359062949759457
4.466666666666667,230.2060884042584,0.018582864656199776,36.00040910294384,-0.009821172306421641,41.307040512617995
4.4675,230.35032810993195,0.02901276940251415,-14.264348048679537,0.023071654981068918,27.300642568863097
4.468333333333334,230.49408762121078,0.0004029149263618079,-45.40440426575125,0.02490155182516267,-23.505611723686613
4.469166666666667,230.63827677486026,-0.02872968526523532,-15.305954497558648,-0.006843959392747552,-42.67094066044223
4.470000000000001,230.78258933530654,-0.019021736088574402,35.553464980003824,-0.02931909168350613,-4.1412657768239045
4.470833333333333,230.92660186515235,0.01643725480704621,38.29900526259562,-0.012075969544228642,40.07188248320098
4.471666666666667,231.0712875773356,0.029564017450984133,-10.990241044066241,0.021542711333058295,29.915074136074768
4.4725,231.21552879916618,0.002473574238262811,-45.40141667354869,0.025838489385786163,-20.995795443669916
4.473333333333334,231.3601290835176,-0.02796859961700447,-17.915455196840774,-0.005085977503584362,-43.34457151220533
4.474166666666667,231.50492405113266,-0.02018553607900466,34.12103211102462,-0.029040842223040653,-6.453425540017341
4.4750000000000005,231.64937600407427,0.015223565888380582,39.48341016902913,-0.013224564963600761,39.348103179358695
4.475833333333334,231.7945072396469,0.029722229398827956,-9.377894554621179,0.020722285063717576,31.1833256989243
4.476666666666667,231.9392170597604,0.0033474027604585444,-45.41644009873596,0.02615469655278644,-19.92107014376431
4.4775,232.0842538765629,-0.027620043835179457,-18.865544792639174,-0.004452845031934981,-43.63406223012657
4.4783333333333335,232.2295099729125,-0.020427353750872755,33.81391803294865,-0.028889363759444297,-7.064389625432309
4.479166666666667,232.374414426129,0.015026737549537992,39.736968711648714,-0.013331581301629744,39.35736104313146
4.48,232.51999665019906,0.029615996714037765,-9.504132646342637,0.020702352325849823,31.21324838148533
4.480833333333334,232.6651586514911,0.0030353209366412517,-45.60674815791421,0.025939668607707002,-20.37826334908198
4.481666666666667,232.81065769597697,-0.02775296629413449,-18.173993627529626,-0.004954670339086103,-43.642740686962334
4.4825,232.95635511514288,-0.01978147622277325,34.70521817641169,-0.028910286482287554,-5.9566618215664615
4.483333333333333,233.10172374186118,0.01585397829238781,39.071251250741945,-0.012408737071835449,40.13784228329999
4.484166666666667,233.24776261391145,0.02923847917562317,-11.393625495296053,0.021474935948486627,29.977345302521794
4.485,233.39336125914025,0.0015379782606980683,-45.92054667285659,0.025164517717156182,-22.366406021305284
4.485833333333334,233.53934757640894,-0.028306772974687165,-15.777500501681095,-0.006576607114356002,-43.27345216075236
4.486666666666667,233.68546539886293,-0.01819121489169278,36.7061153072755,-0.029014764315812135,-3.086659128817434
4.487500000000001,233.83131352363822,0.01763764967091356,37.31640391413524,-0.01041111213945545,41.5397806384864
4.488333333333333,233.9778092267987,0.028447109113692328,-15.014581684551306,0.022930551073116996,27.309514258042185
4.489166666666667,234.1238342230624,-0.0011471742274219497,-46.088681075975636,0.023684820166943545,-25.77397606818043
4.49,234.2703305001762,-0.029086191919884347,-11.546958200900477,-0.009266764567982482,-42.22527000463945
4.490833333333334,234.41684529847836,-0.01552282179713656,39.54264803396549,-0.0289772844134082,1.5892210038931904
4.491666666666667,234.5631959593919,0.020215297342289443,34.13547644916711,-0.007258196151542779,43.20527002481527
4.492500000000001,234.71013756538773,0.026971898277074812,-20.233455576304245,0.024839765441207484,22.934057779880206
4.493333333333333,234.85658965715368,-0.004990830441262569,-45.61772511901274,0.021259047298891727,-30.331623145434776
4.494166666666667,235.0036116976101,-0.029749674695942235,-5.345729528468519,-0.012898535031580931,-40.00451957394836
4.495,235.15049960223183,-0.01160449141127215,42.711098256721215,-0.02843594730502319,8.045262128148384
4.495833333333334,235.2973846860265,0.023290419694648245,29.072434567658284,-0.0028823383462727933,44.540750434169134
4.496666666666667,235.44474568854298,0.02444018601056245,-26.730607447262486,0.026823955434290604,16.536238350607817
4.4975000000000005,235.5916438441864,-0.009869015049834985,-43.79969371006142,0.017590363831062748,-35.53716498366886
4.498333333333334,235.73919204497204,-0.029802342128822545,2.8628128567385294,-0.017210869578415652,-35.96690021086232
4.4991666666666665,235.88643660211875,-0.006296911433229249,45.428593635185834,-0.026907722409363215,16.07305803071172
4.5,236.03389190806865,0.026384257643291,21.65147173827328,0.0026924518937060924,44.70335781780195
4.5008333333333335,236.18163029177327,0.02043195337702546,-33.887806471522254,0.028329218026051754,7.8873665757171
4.501666666666667,236.32901750155855,-0.015477077865304762,-39.76622928932132,0.01240340884352295,-40.5717777943141
4.5025,236.4770656392124,-0.028613141858245195,12.856425518380869,-0.02173690669346108,-29.41691780533423
4.503333333333334,236.62467234648827,0.00039931461115120994,46.61130467905949,-0.023838283896660185,25.13269008365422
4.504166666666667,236.77272319041413,0.028799043327469572,11.547297062710136,0.00924313548927444,42.63692308887666
4.505,236.9207916021212,0.014582748930315439,-40.675544535865356,0.028627426513826354,-2.9669850461472316
4.505833333333333,237.06873258241825,-0.021235540765946435,-32.62478916176489,0.0055664145843374955,-44.2449887317712
4.506666666666667,237.21722015673095,-0.02548371307305002,23.9574602236246,-0.025743577347738737,-19.79376523083137
4.5075,237.36523372805567,0.008203019805751895,44.9307838094465,-0.01870977993780887,34.19768490534777
4.508333333333334,237.5138711282789,0.029626309410284,-1.1645081672774138,0.016226329015926747,37.205905608170006
4.509166666666667,237.66224187868377,0.006746391580048664,-45.594358915851046,0.026878526208493413,-15.466017016595
4.510000000000001,237.81080341582813,-0.026220717204336347,-21.713470343998477,-0.0027418046057613734,-45.02941120556528
4.510833333333333,237.95964382596094,-0.019798651902081948,34.84396615745088,-0.028221745537842,-6.960666734260896
4.511666666666667,238.1081555334009,0.016402614002647423,39.01223548689822,-0.011224614964492757,41.65628976840713
4.5125,238.2573127774829,0.027845739268999498,-15.69972965081824,0.02268029054084619,27.47619399928654
4.513333333333334,238.40601386193572,-0.002789269015898578,-46.75458058732161,0.02229218137441554,-28.289768077258326
4.514166666666667,238.55522345035865,-0.029175788766988797,-6.98703066839246,-0.011845581526703257,-41.26485885715391
4.515000000000001,238.70434105402734,-0.011274781036070054,43.46063319979746,-0.027982669301689408,8.423681317513143
4.515833333333334,238.85346591223225,0.02375356291518317,27.83117811963163,-0.0015608703382256062,45.371235782417486
4.516666666666667,239.0030193012993,0.022560463322095586,-30.28198923040197,0.027216881112168013,13.164094156178662
4.5175,239.15215923998244,-0.013078592999615514,-42.196839623755444,0.014413598692132625,-39.221424789800494
4.5183333333333335,239.30195686344217,-0.0286757829146617,10.515101799311932,-0.02043321456339194,-31.60548521298406
4.519166666666667,239.4513504530168,-0.0002897001487155732,47.170595937538366,-0.02391914485753207,24.545907813018232
4.5200000000000005,239.60116134221525,0.028517347756806748,11.313709445296613,0.009351979857535095,43.025563155955204
4.520833333333334,239.75098331723436,0.013387372419295596,-42.04540031388925,0.028194037258290387,-4.800062094133833
4.521666666666667,239.9007249824031,-0.022387773908530396,-30.530589275718395,0.003513553159250224,-45.28804515543382
4.5225,240.05095245990253,-0.023512416081151292,28.27370762586478,-0.026578967797443526,-15.722901395008819
4.523333333333333,240.20074551890085,0.01179961741728169,43.30562340487613,-0.015457802435595497,38.285952601732426
4.524166666666667,240.35118911461805,0.028757379421314438,-8.971691200705841,0.019658328053519646,32.854207660664926
4.525,240.5012520758407,0.000948526261176392,-47.35532493644668,0.024151943459733254,-23.777693038342388
4.525833333333334,240.65170931678895,-0.028315349373088293,-11.859897415269979,-0.009022649322404082,-43.37495692865194
4.526666666666667,240.8021906360643,-0.013303548126159304,42.250726485784085,-0.028068058941188776,4.865357466602701
4.5275,240.95259443093582,0.022529239989038424,30.199580323629995,-0.0031406335079474804,45.55517854632305
4.528333333333333,241.10347110923917,0.022974180000345238,-29.324320331132558,0.02669370534532133,14.729343886353481
4.529166666666667,241.25392769657606,-0.012711902202693005,-42.76980973602346,0.0145216141678032,-39.33972124031857
4.53,241.40503383655513,-0.028332887517319064,11.251290458216747,-0.0205254152125178,-31.420445770877635
4.530833333333334,241.555737360609,0.0008057742014115294,47.568441493862885,-0.023125869806884466,26.19565029914404
4.531666666666667,241.70688709332265,0.028643356090151548,8.567736740314269,0.010875234422379336,42.395364069761136
4.532500000000001,241.8579838168842,0.011029591851308845,-44.10068792968556,0.02759864073553719,-8.699295454590048
4.533333333333333,242.00909498836867,-0.024097450931067,-26.67830481376905,0.000445437686035595,-46.03332713133986
4.534166666666667,242.16059250189022,-0.020815279882496582,33.31324496224915,-0.02739287096631939,-10.022634553126963
4.535,242.31173119172956,0.01568409366263789,40.16822512624132,-0.011488536544835282,42.06141942223653
4.535833333333334,242.46350451880676,0.02706706604099643,-17.287121417031987,0.022775078104515286,26.875976233504712
4.536666666666667,242.6148328519159,-0.004939322115643649,-47.094406599181774,0.020507237785728216,-31.46042431749505
4.5375000000000005,242.76671092207366,-0.028984126041999778,-1.2205540006976487,-0.014693393576745336,-39.30094158323223
4.538333333333334,242.91838270367109,-0.006360767943125715,46.693151348342525,-0.02621488004043147,16.17509051112375
4.539166666666667,243.07025274768552,0.02650028065653367,19.28476267654462,0.0045520318323239535,45.620430717523654
4.54,243.22232535539243,0.01650369461161383,-39.37258662803613,0.0279342147125719,1.2922606695284058
4.5408333333333335,243.37419237001782,-0.020211463914890065,-34.2792741206891,0.006055524376338864,-45.20159390285386
4.541666666666667,243.52660281202478,-0.024092002623847808,26.522988870399672,-0.025630487973648603,-18.320279294625678
4.5425,243.67857706393463,0.011211288205588553,44.23364392294008,-0.015605048952900007,38.434582843624796
4.543333333333334,243.83118634684072,0.028211226464178427,-10.204269109884963,0.019842247351343267,32.56482781952865
4.544166666666667,243.98341592897305,-0.0008756191323597636,-48.042704131942195,0.022852828016491113,-26.561444663896804
4.545,244.13608828124052,-0.028502494839115156,-7.221305780243092,-0.011537614886668084,-42.25896771397116
4.545833333333333,244.28868001943766,-0.009362557827817858,45.521105591001046,-0.026975538317865876,11.405746805418408
4.546666666666667,244.44135107478556,0.025145081710439984,23.447226030462893,0.0019301776977522938,46.38786583772983
4.5475,244.5943215288174,0.018213097057637524,-37.32078666786728,0.027630300364829285,4.940665408678865
4.548333333333334,244.74702322278603,-0.018766940676959214,-36.52125048657328,0.007711765904562049,-44.7343040222478
4.549166666666667,244.90029916890222,-0.024679157066002107,24.746446041229046,-0.02494012986510907,-20.42167748224778
4.550000000000001,245.05313601048962,0.010308453542420421,45.0523986708617,-0.016234464033178162,37.810503454448806
4.550833333333333,245.20659653892056,0.02814589453473984,-9.51226042585962,0.01941993998018648,33.27099220111668
4.551666666666667,245.35969182187497,-0.0008664155376329041,-48.313936615181106,0.02272701231373635,-26.705351784968563
4.5525,245.51322637117067,-0.02840639262692637,-6.5169927175211075,-0.011863735399333903,-42.19068774576859
4.553333333333334,245.66666710300186,-0.008457342635986909,46.24696980813524,-0.026598918631915203,12.882299734460236
4.554166666666667,245.82022145138632,0.025632774984482055,21.56363840496585,0.0032148862695831025,46.44421097030518
4.555000000000001,245.97402586884152,0.016683883300950286,-39.38196303447322,0.02760611355746403,2.037080926881268
4.555833333333334,246.12761867949365,-0.0203062741988669,-34.12711519860011,0.005560801462007617,-45.867363106284174
4.556666666666667,246.28173604009052,-0.023049834356863124,28.70296511529046,-0.025831663428488014,-16.47404592884882
4.5575,246.43544417667118,0.013122604913929007,43.1114573141371,-0.013583948024035659,40.81091919010164
4.558333333333334,246.5897814365333,0.027060056268513884,-15.481694733154733,0.021632053461840165,29.05642575749757
4.559166666666667,246.74370514190537,-0.004888751231581389,-47.886495348122764,0.020142646012914982,-32.034487354835456
4.5600000000000005,246.89816565543921,-0.028501640218371177,1.106830125130832,-0.015561997566398686,-38.73267881895491
4.560833333333334,247.05239015934188,-0.00357505700115561,48.288094145764454,-0.024741498251760953,20.573219605572703
4.5616666666666665,247.20690806938399,0.027425078940005714,13.070884251987902,0.008290630120612097,44.83251382720124
4.5625,247.36147608993247,0.011517991881046755,-44.569048262245666,0.027119266905369588,-7.597726438745651
4.5633333333333335,247.5160350487586,-0.024101153528060283,-25.863384358747034,-0.0005202026517530367,-47.0775626532254
4.564166666666667,247.6709376828703,-0.018319753440244904,37.315625349998214,-0.02723935805179864,-5.715998559172128
4.565,247.8255704887169,0.018963070812969503,36.332170812408016,-0.007084313158711274,45.5506862180744
4.565833333333334,247.98075607454308,0.023527875010759765,-27.345474776842316,0.025259591851353257,18.29463273100356
4.566666666666667,248.1355289368073,-0.012542971371637643,-43.83561561671338,0.013949418701455432,-40.63534809510256
4.5675,248.29092363077302,-0.026872113630964988,15.601275904560923,-0.021488619633403844,-29.246656634093604
4.568333333333333,248.44591293363246,0.005410520975312293,48.039754947438986,-0.019628772284962615,32.93730020275452
4.569166666666667,248.60144446531018,0.028259153835511888,-3.0517837236824708,0.016336168752030776,37.91036760819775
4.57,248.75671441977042,0.0018806693386492733,-48.89890578796456,0.023820592706643398,-23.200013727618625
4.570833333333334,248.91233146917898,-0.0277522356667085,-9.391473706248178,-0.010263329531652252,-43.87239890010389
4.571666666666667,249.06791883568175,-0.008835190750402261,46.61420335621788,-0.02636889851251519,12.223373154763518
4.572500000000001,249.2236015419377,0.0255408389794743,20.93709355050612,0.0037376686558032203,46.96107607816961
4.573333333333333,249.37951011110252,0.015044961219808244,-41.57858500517269,0.027251882515466744,-0.7926474145434059
4.574166666666667,249.53527077263792,-0.021905381719470457,-30.95470212352246,0.002803648600432437,-47.22050818687782
4.575,249.69147498280782,-0.02020542032927041,34.316143750590754,-0.026561249372091457,-10.377894101732943
4.575833333333334,249.847350871377,0.01718122510849556,38.99482204110903,-0.008981087655970823,44.871855432752014
4.576666666666667,250.00380567541194,0.02412013692324973,-25.42248230557126,0.024476331460552878,20.6848021730815
4.577500000000001,250.1598474366217,-0.011725330357036495,-44.7904692041891,0.014490010522008816,-40.267948081190326
4.578333333333334,250.31650069426502,-0.026695963996975495,15.51104461923179,-0.021236391972965795,-29.658818117673164
4.579166666666667,250.47276001951414,0.0058878613908766725,48.24431468238152,-0.01910868221727929,33.84659943917085
4.58,250.62956403039223,0.027931247109232428,-5.168664167825352,0.01711387541257515,36.97341137150618
4.5808333333333335,250.78608349786694,9.982247121207626e-06,-49.40565892189801,0.022698407297400757,-26.08680150007404
4.581666666666667,250.94300337609315,-0.02789961922837437,-5.0780449732880655,-0.012390610441522433,-42.44106098662605
4.5825000000000005,251.09981010334647,-0.005691492322513171,48.44135674094477,-0.025197557251643576,17.47072473897583
4.583333333333334,251.25682801016634,0.026731688613925313,14.78518220679317,0.007338216925917925,46.000320301081096
4.584166666666667,251.4139314880916,0.010933613429666506,-45.60435535469097,0.026611354473457485,-8.453225675589405
4.585,251.57104688972697,-0.02459654049664413,-23.60369490141547,-0.0022032949295469565,-47.696759044695085
4.585833333333333,251.72844039223196,-0.015570492258798817,41.20281374384851,-0.02699918065213709,-0.5604930348492463
4.586666666666667,251.8856672778936,0.021684511343922342,31.282596695655858,-0.0028025758627173367,47.6606319272286
4.5875,252.0433316931042,0.019492449903614456,-35.57198935020302,0.02646094332463129,9.229264194971613
4.588333333333334,252.20069402267683,-0.01819222333833815,-37.665088956983375,0.007508403172689491,-46.08368505006523
4.589166666666667,252.35860281242157,-0.022641526208359797,29.050308065726668,-0.025123725235828207,-17.28317263810962
4.59,252.51612943353558,0.014310434458931362,42.67951991203735,-0.01178555549907841,43.19697737225995
4.590833333333333,252.67425359284093,0.025004727343650113,-21.96034557462231,0.02312960790188803,24.52476978229308
4.591666666666667,252.8319736060295,-0.010214896046838718,-46.32703316226984,0.01554651802047762,-39.251041456845286
4.5925,252.99028582583685,-0.026605997693664334,14.594883158803668,-0.02062524145467148,-30.82562001233959
4.593333333333334,253.1482250022785,0.0060601289642790174,48.667540385589994,-0.018741440455897693,34.49919219010551
4.594166666666667,253.30670260327912,0.0274977713280522,-7.207775628999267,0.01775345274676533,36.11952576884656
4.595000000000001,253.46488111406546,-0.0019758330852519407,-49.80535991524037,0.021353243137901733,-29.18434998326548
4.595833333333333,253.62350766771996,-0.027752767808005327,0.009081179159409203,-0.014646956664217663,-40.393677496351785
4.596666666666667,253.78193908173137,-0.0019344740919899524,49.875541412803265,-0.02339195394196331,23.52939418631046
4.5975,253.9407048512807,0.027456505768652294,6.836261749783989,0.011424066192756701,43.67880170014586
4.598333333333334,254.09939618696674,0.005593047613679665,-49.0315830606498,0.02488882748926819,-17.730807077606173
4.599166666666667,254.2582976607345,-0.026700832355235106,-13.206988585251239,-0.008186182809827715,-46.039171014627826
4.6000000000000005,254.41725017859525,-0.008946194871238678,47.434965998562724,-0.025890667620152127,11.95520281828454
4.600833333333334,254.57628902784094,0.025578617292179705,19.02205742713618,0.005016783592168872,47.563122580076666
4.601666666666667,254.73549945453925,0.011961672756357943,-45.24669517213899,0.02645464811922049,-6.338246896841337
4.6025,254.89468120405436,-0.024179641788913145,-24.235888421889666,-0.001981596041978792,-48.35452546763208
4.6033333333333335,255.05414310190793,-0.014625574061617465,42.62085196014106,-0.026643814060537074,0.9854444387901511
4.604166666666667,255.2134757619954,0.02258762513100555,28.832889410908674,-0.0008703436889330824,48.52545738730832
4.605,255.37318085589223,0.01693900770535577,-39.70003130469963,0.026523351983573633,4.025705710827717
4.605833333333334,255.53267367922666,-0.02087827329228095,-32.82174851639077,0.0035050280968549705,-48.19020228757684
4.606666666666667,255.6926129900958,-0.01891480728283566,36.61244971981918,-0.02615764326963911,-8.642645027495087
4.6075,255.85227545509136,0.01911820012478088,36.22985773671393,-0.00590145213469542,47.46056568639687
4.608333333333333,256.0124401924899,0.020574435854484815,-33.47046328758006,0.025608061155570263,12.83416445542312
4.609166666666667,256.17228124454465,-0.017364557746696055,-39.09812282833202,0.008049420756761957,-46.44242222727422
4.61,256.3326634320024,-0.02194519576383081,30.37021830922719,-0.02493143582888213,-16.586601420198594
4.610833333333334,256.49269098332957,0.01566521364417566,41.476319533491626,-0.009947342910173749,45.23335634938335
4.611666666666667,256.65328384197903,0.023057802793084916,-27.392163501453016,0.02417909121429459,19.900063695012935
4.612500000000001,256.8135044938334,-0.014059323105401547,-43.41907749890459,0.011600122976400283,-43.9212272860515
4.613333333333333,256.974302625252,-0.023944344817592837,24.60217406411116,-0.023396348247042245,-22.78485112964191
4.614166666666667,257.1347215685436,0.012578162920226852,44.98251175800209,-0.013017224005129327,42.58347865564134
4.615,257.29572098445936,0.024636616018896794,-22.05306828630878,0.022622389561503455,25.258187318873627
4.615833333333334,257.45634203077094,-0.01124611259420062,-46.22147662850248,0.014210946619412614,-41.287015684822904
4.616666666666667,257.6175400698959,-0.025164797703464078,19.78633158189764,-0.021890386819937,-27.341324978760436
4.617500000000001,257.7783657708839,0.010081690208061695,47.187386590370025,-0.015194943556679295,40.088485158578514
4.618333333333334,257.93976095358425,0.025556444554144034,-17.83389721741989,0.02122780202153335,29.057051466357454
4.619166666666667,258.10079276873023,-0.009098569807664995,-47.92653095485781,0.01598297221881237,-39.03481083483112
4.62,258.262384614488,-0.025835729288213143,16.21986493753638,-0.020656786200430495,-30.42759401626313
4.620833333333334,258.42362310212974,0.008306524759582032,48.478801587671825,-0.01658787575803706,38.163857406687825
4.621666666666667,258.5854119339024,0.02602289783527333,-14.962066659417328,0.020194611580777386,31.4729068477321
4.6225000000000005,258.746856946808,-0.007712256308387769,-48.87675340449517,0.01702077634861241,-37.505117075265616
4.623333333333334,258.9088436977526,-0.02613389004229559,14.073411645316293,-0.019854085576454055,-32.209313025707004
4.6241666666666665,259.0704945728639,0.00732007847385581,49.14492387308566,-0.017290461542947902,37.080333061541936
4.625,259.23268060161865,0.026180086524742973,-13.562961981649007,0.019643906471266674,32.648471450325026
4.6258333333333335,259.3945363391632,-0.0071324395794317725,-49.299348736178636,0.01740294515536576,-36.9039932166376
4.626666666666667,259.5569232560115,-0.026168149792330835,13.436703163968257,-0.01956893097341976,-32.79664226148327
4.6275,259.7189826879841,0.0071502674788017,49.34722536822635,-0.01736118718106339,36.983644095632975
4.628333333333334,259.8815721905664,0.02609993656587834,-13.6979848495486,0.019630333144954187,32.654231014818954
4.629166666666667,260.0438341432819,-0.007373130461614949,-49.28669167636216,0.0171649621432593,-37.31999165761424
4.63,260.20662785738944,-0.025972467823204635,14.347614378584085,-0.019825642689943485,-32.21560206296457
4.630833333333333,260.36909130906355,0.007799209484540298,49.10670659435795,-0.016810871342109308,37.90676966740332
4.631666666666667,260.53209062633675,0.025777953250482467,-15.38359164234545,0.02014865860189154,31.46916359703375
4.6325,260.6947548706138,-0.008425080477128777,-48.78703751757911,0.016292501172584448,-38.73037165976231
4.633333333333334,260.85796078641135,-0.025503877192252746,16.800479600276,-0.020589242168019165,-30.397739733383343
4.634166666666667,261.0208256019806,0.009245308730364573,48.29838007805951,-0.015600736423305511,39.769257854064676
4.635000000000001,261.1842385383793,0.025133163653881806,-18.588411610980494,0.02113300177551146,28.979257786880712
4.635833333333333,261.3473043629422,-0.010251861537135948,-47.602656005724,0.014724243671177521,-40.99316559877248
4.636666666666667,261.5109239977784,-0.024644448153020384,20.731746194321484,-0.02176089132547878,-27.187790289577592
4.6375,261.67419210420576,0.011433351055949257,46.65355486477893,-0.013650144904515016,42.36217164328596
4.638333333333334,261.838017188465,0.02401249383837169,-23.207393352539707,0.022448754714107212,24.99499998731735
4.639166666666667,262.0014898653414,-0.012774127523284157,-45.397404252827,0.012364904574703631,-43.825677453372165
4.640000000000001,262.1655180564558,-0.0232087977480181,25.98285554693546,-0.02316686104542001,-22.372040367071236
4.640833333333334,262.3291987539975,0.014253254079382905,43.77446928622216,-0.010855453521145964,45.32141528934161
4.641666666666667,262.493426489385,0.02220243954470387,-29.014052083993953,0.023879489023347772,19.291962263241068
4.6425,262.65731992652496,-0.015843409080502795,-41.72079398965588,0.009110569623450223,-46.77460273577511
4.6433333333333335,262.8217423498021,-0.020961228477382347,32.24302890328459,-0.02454463407617315,-15.732666552739067
4.644166666666667,262.9858545353161,0.017509780094097187,39.17070202877951,-0.0071225264690842624,48.097405996382996
4.6450000000000005,263.15046553405773,0.019453203276139076,-35.59569692211574,0.025113927521644493,11.68042138341559
4.645833333333334,263.31480366869096,-0.019209035695341516,-36.060068940561784,0.004889006614985654,-49.18890586231305
4.646666666666667,263.4795960498442,-0.017648532501999024,38.979790666724334,-0.025532872302965453,-7.13392723196272
4.6475,263.6441682533449,0.0208884860591003,32.330458785815786,-0.002415254017231379,49.935791933246385
4.648333333333333,263.8091341155102,0.015521847623946533,-42.28329319554232,0.025741512718685473,2.1088619938309523
4.649166666666667,263.9739489498301,-0.022485569836889284,-27.934180766750636,-0.0002835899917166024,-50.2140362191574
4.65,264.13908028197915,-0.01305501573995692,45.373629992940664,-0.025675663633804392,3.3572305318789546
4.650833333333334,264.30414602638473,0.0239278306872182,22.84026139452326,0.003180061647717833,49.891810879169554
4.651666666666667,264.46943555711687,0.010240321478106395,-48.09798824889968,0.025268824661370134,-9.199932611171384
4.6525,264.6347592339777,-0.025133568806692697,-17.041241308086228,-0.0062320022628321635,-48.8339092607059
4.653333333333333,264.80020151528373,-0.007083976729410424,50.28516105782571,-0.024454892834454935,15.323153204541079
4.654166666666667,264.9657877161707,0.026013366400748677,10.560590031013373,0.00938043395197978,46.90789583288895
4.655,265.13138037156125,0.003609811898318613,-51.74933826360468,0.023171758923166617,-21.594982997505863
4.655833333333334,265.29722996930946,-0.026472685551958804,-3.4603862567001475,-0.012547937026081622,-43.99213939434307
4.656666666666667,265.46297497381494,0.0001370757971332831,52.296254096436726,-0.02136582321253297,27.84477265200338
4.657500000000001,265.62908390147925,0.026415715656390896,-4.151261310462925,0.015637838988435515,39.985765363199896
4.658333333333333,265.79498868169884,-0.004087029734930657,-51.732041440139,0.018997392089072345,-33.86211950456067
4.659166666666667,265.96134702418595,-0.02575059810168068,12.113768887477171,-0.018534572796060977,-34.820388609588875
4.66,266.1274250992848,0.008143302273645008,49.87501750449157,-0.01604681426842165,39.39854014980467
4.660833333333334,266.29401680056344,0.024396070843438703,-20.209520094854305,0.02110559098831172,28.473253065019914
4.661666666666667,266.46028764587237,-0.012180776628113503,-46.57042059464819,0.01252108437286053,-44.17265130059634
4.6625000000000005,266.6270911507887,-0.022289448889410205,28.162284573850975,-0.023205219961477428,-20.981108966663466
4.663333333333334,266.7935789842977,0.016046503257713198,41.70782076434721,-0.008460484961923516,47.87965087464739
4.664166666666667,266.9605690730135,0.019395685097862506,-35.63982793747462,0.024680790743978564,12.453812660630403
4.665,267.12730037401514,-0.01956264395647761,-35.24053377202806,0.0039446643427088045,-50.20575384932818
4.6658333333333335,267.29445128591937,-0.015717040592308416,42.261964422622185,-0.02538127412255631,-3.0862591374405244
4.666666666666667,267.4614510712139,0.022532391564533648,27.205885010398347,0.000902628526287662,50.84796119942967
4.6675,267.62874074245826,0.011302644022595672,-47.61520221278825,0.025168465309121386,-6.833109209997542
4.668333333333334,267.7960279494794,-0.02474932739275312,-17.744621876797172,-0.0059110862781502575,-49.53909799412003
4.669166666666667,267.96344282193064,-0.006256951837335472,51.27484239487413,-0.023930497260659024,16.919278606820228
4.67,268.1310255418229,0.026010469653176636,7.117205175644949,0.010864701035603743,46.07743291565504
4.670833333333333,268.29856501140875,0.0007458671068839024,-52.83486969591487,0.021597111130602094,-26.695356451702914
4.671666666666667,268.46643668127916,-0.02613293678004171,4.285805832914168,-0.015506991323937203,-40.35939087596488
4.6725,268.634115926023,0.0050009258147037635,51.94518399697047,-0.01815568855860167,35.60716314137482
4.673333333333334,268.8022538054609,0.024973692158145554,-15.942425489714928,0.019551534028734593,32.41292815349821
4.674166666666667,268.97010369357514,-0.010692945567975554,-48.354660111919586,0.013666582183992563,-43.04954371875892
4.675000000000001,269.138470836481,-0.022451260992247386,27.21021346991739,-0.022698445484548267,-22.42813075001401
4.675833333333333,269.3065339047857,0.01598867325509223,41.957224801830066,-0.008275817539736711,48.40545646460713
4.676666666666667,269.47508528534615,0.01856764935210112,-37.35246906181365,0.02465695477087166,10.780644338809662
4.6775,269.64340760534884,-0.020513229813487237,-32.83669652111604,0.0022228541437379584,-51.09766656511806
4.678333333333334,269.812099987914,-0.013428013614960635,45.581703798217234,-0.0251734860730455,1.9571786562750741
4.679166666666667,269.98072000088786,0.023884509823672153,21.304706169963627,0.004159119288685684,50.65116208841619
4.680000000000001,270.1495237754346,0.0072550235060707315,-51.120926326255315,0.02406373003117054,-15.022805350735668
4.680833333333334,270.3184605945275,-0.02574738324777031,-7.924842186679303,-0.010452811058866883,-46.76227601745001
4.681666666666667,270.487370404657,-0.0003944647714167549,53.281052282617246,-0.02124609437418239,27.492698536103326
4.6825,270.6566152437243,0.025814336052928592,-6.484455076561667,0.016178365298566137,39.368104569318724
4.683333333333334,270.8256555163523,-0.006691405738068327,-51.549891310863615,0.016772794396049895,-38.33777924372704
4.684166666666667,270.995170097884,-0.023909436642791177,20.87543838067057,-0.02082785091289072,-28.707445350067875
4.6850000000000005,271.1643920135865,0.013445745977342268,45.6848680461851,-0.010853846588022922,46.506368333617694
4.685833333333334,271.33411657762423,0.02001093488240221,-34.03069014571647,0.023912246438456734,15.362556356458825
4.6866666666666665,271.5035851357087,-0.019256086661164577,-35.798286312920595,0.003868592465634097,-51.032195725241344
4.6875,271.67345577158227,-0.014286358039151566,44.65944443928824,-0.025018466091169055,-0.27008757201196554
4.6883333333333335,271.8432291065436,0.0235102811433596,22.42111684880569,0.003640629986955488,51.160441132807065
4.689166666666667,272.0132002362383,0.007112978259608997,-51.52850413096819,0.023871603199761938,-15.30985137408172
4.69,272.1833073186911,-0.025666734894354108,-6.529713208125492,-0.010997166398053005,-46.479527361142544
4.690833333333334,272.3533715415817,0.00092364020079476,53.6195204168885,-0.020395105918041192,29.8747996324331
4.691666666666667,272.52379713316657,0.025333031914924774,-10.479638899479825,0.017443589169781153,37.04123737152446
4.6925,272.6939933025253,-0.009059274836247376,-50.297339093813854,0.01475946663367497,-41.81432541079326
4.693333333333333,272.8646785608556,-0.022343741145063222,26.880080386264343,-0.022219440087374868,-23.447686089024852
4.694166666666667,273.0350815318087,0.01641259462123538,41.46710666132393,-0.0074087428306362085,49.59302619167777
4.695,273.205943883848,0.01682526328113833,-40.77244671082759,0.024658270277467326,6.88199354186299
4.695833333333334,273.3766361964694,-0.02207822063602217,-27.692268727415943,-0.0009455645138933418,-51.96769294237647
4.696666666666667,273.54760371827916,-0.009233811666046912,50.30726295777046,-0.024294177453895546,10.938517381386395
4.697500000000001,273.7186386254213,0.025245312273552357,10.243196306634738,0.009371514196684368,48.21345089838451
4.698333333333333,273.88968533092054,0.0003528326347011369,-53.95232635741775,0.0209632065966128,-27.901046331729532
4.699166666666667,274.0610578345852,-0.02532923578350155,8.951279992988168,-0.016808232212795225,-38.32386336803031
4.7,274.23222188679125,0.008760893865611954,50.77358236232586,-0.01488123568805096,41.73041288461638
4.700833333333334,274.4038648360639,0.022097539321565267,-27.468212849329596,0.022198567990683468,23.143498746476403
4.701666666666667,274.5752360978974,-0.01688711982954386,-40.684189511393264,0.00667853548797679,-50.30215745698502
4.702500000000001,274.7470489838017,-0.01576665709736421,42.67360355140261,-0.024650772835693596,-4.391042213746907
4.703333333333334,274.918726243557,0.02280340156388098,24.60852882509129,0.0026267151369560432,52.00140671783772
4.704166666666667,275.09062722470304,0.007044142422404331,-52.10485552084797,0.023607736580695624,-15.460837255931775
4.705,275.262663631156,-0.02548176907818795,-4.508093379902968,-0.011727161851342293,-46.07358701087813
4.7058333333333335,275.43463870623214,0.002905628942431716,53.90744955579546,-0.018994294637733552,33.46448772626094
4.706666666666667,275.60700605506753,0.024292832811357235,-16.7721267642885,0.019197313001326155,32.898163961539545
4.7075000000000005,275.7791244204221,-0.012585350554235188,-47.25576672936593,0.01130875211908193,-46.62290569009601
4.708333333333334,275.95172255497334,-0.01917951187650943,35.853303989936016,-0.023722009314857247,-14.111774827076152
4.709166666666667,276.1241016317236,0.020376413968950013,32.67026307740225,-0.0016264668873628794,52.41512390948249
4.71,276.29681557426375,0.010757937601692205,-49.34798563161016,0.024350881000388652,-7.48262023771343
4.710833333333333,276.4695493565003,-0.024816962043247348,-12.139676088344208,-0.008507069861217312,-49.33893336960058
4.711666666666667,276.64232439915475,-0.00030674108191277227,54.49569643032845,-0.02073258180514508,28.255491912287287
4.7125,276.8154178797282,0.024904217300331273,-11.026221711097895,0.017298192121707807,37.36056633921784
4.713333333333334,276.9883029820369,-0.010380019095475717,-49.799881411702216,0.013273980036952038,-44.328120032683955
4.714166666666667,277.1616608595134,-0.02036149146296068,32.647414936673925,-0.023021650433816505,-18.15053629764511
4.715000000000001,277.3347829190597,0.019276449222325045,35.525652314055364,-0.00317145942753457,52.31778879648746
4.715833333333333,277.5082706388741,0.011801972744293038,-48.400115076449765,0.02438356341480998,-4.998987238707546
4.716666666666667,277.68174699260214,-0.024512680206832473,-13.91151859274018,-0.007722713124587907,-50.12116263744953
4.7175,277.85528958195533,-0.0007276539525188069,54.716344277285174,-0.020858041886699513,27.63186627955744
4.718333333333334,278.02913687189886,0.024800470292070383,-11.022091603087183,0.017205750814856924,37.56082007964277
4.719166666666667,278.20278297633473,-0.01067400714410125,-49.68260391006415,0.012911692194651655,-44.939343633514525
4.720000000000001,278.37689584934463,-0.019802702386707977,34.11474265086266,-0.023166879810873772,-16.706670376514033
4.720833333333333,278.5507882852617,0.019931479398239943,33.71657454469873,-0.002035969889343221,52.807090358709296
4.721666666666667,278.7250172393395,0.010342655758456604,-50.10108128924267,0.024087884573974035,-8.282176359441001
4.7225,278.8992801833359,-0.0248313468830811,-9.80021281325666,-0.009463229681830908,-48.886233783690834
4.723333333333334,279.07355661973793,0.0016355398933647907,54.86144940919381,-0.01948649605320327,31.862229063467094
4.724166666666667,279.2481860906771,0.023991296050426766,-16.890475602521306,0.01891695920415579,33.414323449452844
4.7250000000000005,279.42258950339493,-0.013398516753729972,-46.604582268843394,0.010173581656378869,-48.29145290718608
4.725833333333334,279.597447691763,-0.017317400647256533,39.99191485461547,-0.023916531216759317,-9.5107509162722
4.726666666666667,279.7721438363836,0.022019392576287874,26.645071977861615,0.0017851099408327934,53.07747445455213
4.7275,279.94707820195015,0.00619550656692007,-53.45459550055984,0.02297339671370282,-17.24867262093436
4.7283333333333335,280.12216840206617,-0.02512635946570522,0.5296148899493662,-0.013453641729572858,-44.337665257358424
4.729166666666667,280.2971578203321,0.006692591128790274,53.21722268363705,-0.016036133530268015,40.01004542078235
4.73,280.4725756024757,0.02162023553185831,-28.071867926475544,0.02171754342063989,23.659194311967855
4.730833333333334,280.64776063967446,-0.017950993908356576,-38.59826481052646,0.004684543762511959,-52.38451465413053
4.731666666666667,280.823327805744,-0.012142217932526157,48.40724453769413,-0.024139668824342913,3.90089257098729
4.7325,280.99887759438536,0.024354579752526043,12.926323280269232,0.008122219280159201,50.34616933400069
4.733333333333333,281.174482776936,-0.0009004558268324015,-55.355757970058775,0.01975203578287271,-30.85154326353064
4.734166666666667,281.35041827620176,-0.02382308678444126,16.94118693509907,-0.018753645320227344,-33.72612291168435
4.735,281.52614109579184,0.013845584580744594,46.17053427816858,-0.009522684318480988,49.221608332312705
4.735833333333334,281.7023031789464,0.016191733240025628,-42.27939589734752,0.023935308855809762,6.74411833827264
4.736666666666667,281.878338380239,-0.0227623365052714,-22.816000189044598,-0.0037158277918437907,-52.98004848642482
4.737500000000001,282.05455570207516,-0.0034871119828131193,55.02311322015204,-0.02182046159253882,22.786869192706504
4.738333333333333,282.23099861888073,0.024675514802296978,-8.089663148864915,0.015954766148051233,40.20587567473291
4.739166666666667,282.4072852253063,-0.010477779777947975,-50.472401841483446,0.012753168221088976,-45.57132742044326
4.74,282.5840144633525,-0.018654068964949654,36.90533139534583,-0.023194613684845423,-14.214832162491502
4.740833333333334,282.7605642248565,0.021175439760478375,29.269044466628497,0.0005985840662978096,53.7740590346202
4.741666666666667,282.9373759233408,0.0063565314102352185,-53.89407631738928,0.02280269923673486,-16.952806780930835
4.742500000000001,283.11433599218185,-0.024842835573951835,2.200677227623485,-0.013902350231279299,-43.89896536977049
4.743333333333334,283.29119232228163,0.008262074951864729,52.62719210055416,-0.014584084201392818,42.80401294977181
4.744166666666667,283.4684759263951,0.019899318152423486,-33.41721745264129,0.022514536162299127,18.533108044380214
4.745,283.6455626865781,-0.020122920418116513,-32.683887205373765,0.0011170391202529573,-53.90172802769572
4.745833333333334,283.8229489888359,-0.007759205598804799,53.11266453756207,-0.023141481383761025,13.91075054664102
4.746666666666667,284.00044462795955,0.0247832953301028,0.4844749311363197,0.012904296008165337,45.491172865204284
4.7475000000000005,284.1778649801673,-0.007380842057786519,-53.43502974526251,0.015220035622437185,-41.71425231529723
4.748333333333334,284.35570079752404,-0.02019617570524896,32.40514898118607,-0.022234778953326012,-19.83781709030133
4.7491666666666665,284.53334030411804,0.019871793933734457,33.369845511270974,-0.0014211713949721498,54.033626646742086
4.75,284.7112831954491,0.007761371327217913,-53.25913593711186,0.02307616382432049,-13.895377166114535
4.7508333333333335,284.8893350733839,-0.024706932462305858,0.11236543222394779,-0.01307756007057978,-45.3192600954791
4.751666666666667,285.06730967437966,0.00788541136192154,53.21246786010112,-0.014755553464019798,42.60905794605285
4.7525,285.24569926402836,0.019632308619228427,-34.05847681781683,0.022452142462420364,18.158006654186323
4.753333333333334,285.4239051169339,-0.02046577488539606,-31.356165287543234,0.0003194526919960529,-54.29320702098161
4.754166666666667,285.6023874451666,-0.006368724752707443,54.35826737255191,-0.02261230204651342,16.957271767065315
4.755,285.7810154069958,0.024566962378026053,-4.0399648702667985,0.014392756885066669,43.27043431540184
4.755833333333333,285.95953651127854,-0.009738062986634868,-51.73144952577222,0.013136843735522465,-45.3459169533573
4.756666666666667,286.13847813252033,-0.018092762076778728,38.20546871778604,-0.02302763488955962,-13.341676559425164
4.7575,286.3172670420565,0.021732716638256835,26.349500541139818,0.00218273538172792,54.235435488742006
4.758333333333334,286.496271190857,0.003524902785079262,-55.85940568744944,0.02152003690684753,-22.958677958330693
4.759166666666667,286.67549102482644,-0.02405950397643469,11.284508685892504,-0.016662677755915678,-38.78464132740758
4.760000000000001,286.8545592567537,0.01278458344180276,48.22536316666544,-0.010184434366559808,49.27976895016652
4.760833333333333,287.0340415297653,0.015288494444479364,-44.22312564442918,0.023573899370567412,5.144904921951522
4.761666666666667,287.21343627417133,-0.023254116753602512,-17.842751720660548,-0.006022513074956779,-52.8348413599158
4.7625,287.3929464490476,0.0008146251980414034,56.58540105009069,-0.019361536902042165,31.41203295189243
4.763333333333334,287.572763285113,0.022637661775469876,-21.560206366855734,0.019477262212185913,30.976501827341878
4.764166666666667,287.7523949401971,-0.016661406120626426,-41.4920181687283,0.005683964293993794,-53.13658450830666
4.765000000000001,287.93239343946544,-0.010849105264033267,50.8395730273783,-0.023440190794966963,6.500068518973803
4.765833333333334,288.11241943693943,0.024318605876037964,5.409587069922274,0.010950164151015079,48.53918174968904
4.766666666666667,288.29243104229414,-0.006528926747649396,-54.72133332603976,0.015574900079104219,-41.184420618431666
4.7675,288.47282895738726,-0.01957686613605066,33.935529482428294,-0.02211127988877953,-18.94130403564451
4.7683333333333335,288.65306072354633,0.020662009704228844,30.183803847659227,0.000438080707385982,54.90232182109134
4.769166666666667,288.8335434317299,0.004508974598497048,-55.92205349966399,0.021744142670780092,-21.02645370018812
4.7700000000000005,289.01421425288413,-0.023915633921008934,10.776229088736418,-0.016347134669240246,-39.514273344921044
4.770833333333334,289.19475005884436,0.013107964817385184,47.99447574136664,-0.009661078389666119,50.15965337581108
4.771666666666667,289.37568444413694,0.014153031878714036,-46.37467246003623,0.02346709533128597,2.3239193419747615
4.7725,289.55656550895327,-0.023626339984718202,-13.403287073050453,-0.007849388094895807,-51.907192010649396
4.773333333333333,289.7375146117762,0.0035930965706563707,56.448766606514994,-0.01752931005279997,36.642887152586034
4.774166666666667,289.9188074693411,0.02086301568854576,-29.225852039414455,0.021054120379485695,24.246003771867954
4.775,290.09992930617693,-0.01941637485075745,-34.25750725153581,0.001513413530890827,-55.07328722904567
4.775833333333334,290.2813384524069,-0.005994316732135958,55.41591810844576,-0.022161762364496868,17.841073302952523
4.776666666666667,290.4628984301263,0.023975197805730927,-8.34055527318603,0.015507550848738174,41.368909117614436
4.777500000000001,290.64434571942644,-0.01253792742150141,-48.97769603627665,0.010133139172008174,-49.83850463046288
4.778333333333333,290.8261858042496,-0.01417921224467678,46.44234968329976,-0.02334487354479267,-2.6079434451496493
4.779166666666667,291.00797597653656,0.023589700623391646,12.649165863479817,0.008133316264169363,51.889129501807595
4.78,291.1898280348948,-0.004394852764503925,-56.405943115073605,0.016898338005572004,-38.227144532086534
4.780833333333334,291.37202821683223,-0.0200608994461664,31.994644709967602,-0.02147309881713461,-21.641362482351454
4.781666666666667,291.55407242248316,0.020334254776519237,30.946452036391378,0.000213269845959402,55.4615510410499
4.782500000000001,291.73636495938524,0.0037550504476667012,-56.77547715110893,0.021252543413177012,-22.75706546108767
4.783333333333333,291.9188578973488,-0.02330623888117059,14.76033119781547,-0.017302493696759055,-37.14794270377608
4.784166666666667,292.1012142512252,0.015100595449320782,44.83298768778203,-0.00721081992066081,52.838099402355674
4.785,292.283934928408,0.010971597285038935,-51.265967168657475,0.02312553703029772,-5.86821192668003
4.785833333333334,292.4666855007689,-0.024036703043129624,-2.8647590096491165,-0.011716700650473807,-48.04048566029342
4.786666666666667,292.649412898437,0.008819036306868694,53.630848636388535,-0.013436389458974528,45.42042700348475
4.7875000000000005,292.83251992131125,0.016687824307769727,-41.532528343741056,0.022798044933039777,10.445275161841858
4.788333333333334,293.01553007665416,-0.02267121859266076,-19.06567250188951,-0.005548690435478864,-54.11967044263748
4.789166666666667,293.19866604851774,0.0023026165557260524,57.49305254241635,-0.018105290389047554,34.847726721019896
4.79,293.382112215043,0.020681437811489845,-29.311155020963813,0.020751304541420053,24.801208914128782
4.7908333333333335,293.56540940023126,-0.019771924949967084,-32.70001699987104,0.0005275914979898785,-55.83255631139636
4.791666666666667,293.74896423422996,-0.0038351151534065414,57.126354278922356,-0.02114911357264528,22.6857309493928
4.7925,293.93271413464987,0.02299905563885803,-16.146731338155583,0.017535714001468847,36.4373613621992
4.793333333333334,294.1163348104757,-0.015920588226501796,-43.24882195347989,0.006041726193638553,-54.01005361327365
4.794166666666667,294.3002974780181,-0.009201363513192819,53.52256276091605,-0.02270733357275738,10.236017959514019
4.795,294.4843340812858,0.023864907819030348,-3.246653095436556,0.013675171106188141,45.11942118825049
4.795833333333333,294.6683106302194,-0.01163610827706991,-50.688554035966064,0.01072382250083372,-49.638100131846244
4.796666666666667,294.8526592663745,-0.013603934407238628,47.74233661509853,-0.02304308786730734,-1.546501612342995
4.7975,295.0369821413433,0.0235958082305853,8.562380756856005,0.009610041188505329,51.002880854589
4.798333333333334,295.2213362514903,-0.00733144378906161,-55.3361663285303,0.014472779901639157,-43.68869453954678
4.799166666666667,295.40604762379417,-0.01700900910320259,40.767690912783095,-0.022471687065908602,-12.05540959349998
4.800000000000001,295.5906670994104,0.02253407182355727,18.8067681756493,0.005673303856696349,54.48930331577987
4.800833333333333,295.7754088511322,-0.0033017437368827876,-57.702691523083864,0.01731209336893004,-37.015283608792
4.801666666666667,295.9604642929137,-0.019492154048579548,33.420380405717765,-0.021308382668988393,-20.98460275159332
4.8025,296.1453952013235,0.02100197587574063,27.299136747713522,0.0020907708015167536,56.10165486814849
4.803333333333334,296.3305255127494,0.0002665974774918637,-58.3745949351471,0.019344858616345738,-30.303818963061147
4.804166666666667,296.51591323021324,-0.021192609269334337,26.333062987868384,-0.01983580540132463,-28.25663623819212
4.805000000000001,296.70117021387534,0.019276113576994075,34.05722357996437,-0.0010040415403174494,56.38971219706981
4.805833333333334,296.8866843761024,0.0032754572168250343,-57.9292288367836,0.020714813467075058,-24.064977899912563
4.806666666666667,297.0723992175857,-0.022276048049324277,19.956780372891625,-0.018287963110453956,-33.94679788682293
4.8075,297.257994115048,0.017577333193696077,39.2252186851509,-0.0035482380025005267,55.86677692774687
4.808333333333334,297.44388495812126,0.005690404631479009,-56.882286332669224,0.021576292929579664,-18.65236572500134
4.809166666666667,297.6299269365374,-0.022907342200878388,14.58930552075227,-0.016846255153757435,-38.21456863545536
4.8100000000000005,297.81586789661003,0.016071212776756067,43.006677811103074,-0.005526671018674573,54.97317573444555
4.810833333333334,298.0021279713833,0.007516881709674362,-55.66072823709116,0.022073256629097513,-14.293716274449679
4.8116666666666665,298.18850051887887,-0.02323255729612076,10.412046693896965,-0.015642917075336677,-41.24791639924742
4.8125,298.3747922307728,0.01487443187040425,45.61234631279444,-0.006951292903394897,54.05951581105754
4.8133333333333335,298.5614149416316,0.008779851664768773,-54.593212347451335,0.02232601145899216,-11.125395288068418
4.814166666666667,298.74812343576906,-0.023368252521122,7.526846907818682,-0.014768006140676948,-43.2215820093082
4.815,298.93476789851945,0.014063342273733773,47.22257037119831,-0.007844447582851475,53.38235900763429
4.815833333333334,299.121747829618,0.009508057527748788,-53.91047153746026,0.022423642582986746,-9.223732699296175
4.816666666666667,299.30879856040633,-0.023395853585554755,5.987224847055597,-0.014276995941462856,-44.26809115899143
4.8175,299.49579602816493,0.013682086979815232,47.96215719064476,-0.008226683400655637,53.10592475857654
4.818333333333333,299.6831287335809,0.009723090568196356,-53.749454075483584,0.022420183148730267,-8.629276855571531
4.819166666666667,299.87052828468387,-0.023359094543032737,5.820961058462668,-0.014196978342522837,-44.45931344276721
4.82,300.0578781972541,0.013748542582429999,47.88514013585923,-0.008109072251172626,53.304944767572884
4.820833333333334,300.24555971542685,0.009433050466744688,-54.156755556815995,0.022332943405318943,-9.361806455865377
4.821666666666667,300.433314602082,-0.023263047277411717,7.042403942797357,-0.014530246728555567,-43.796562209134876
4.822500000000001,300.62101646531704,0.014257090759495336,46.96746083864388,-0.007489838707328366,53.96547380641005
4.823333333333333,300.80904275078234,0.008630542298068599,-55.08863419451764,0.022142006482098672,-11.424951979767696
4.824166666666667,300.99715912080404,-0.023073924117124,9.65363813617395,-0.015254645693951005,-42.20810165370449
4.825,301.1852133554156,0.015177787265986117,45.10672595155292,-0.006355190948839789,54.98215866296513
4.825833333333334,301.37357978877196,0.007294945312925329,-56.40663971326878,0.021790577063786263,-14.799818345441125
4.826666666666667,301.5620630116062,-0.022719569462122988,13.634028653517,-0.016320582428368455,-39.55418596896684
4.827500000000001,301.7504717865888,0.01645198169137021,42.12963754745206,-0.004684455777217589,56.15219840619252
4.828333333333334,301.9391729387615,0.00539915431696338,-57.86967733950495,0.021186585871728125,-19.42739882108026
4.829166666666667,302.1280269095181,-0.02209131145675086,18.917998747011318,-0.017645105831903717,-35.64112866854943
4.83,302.31679491024596,0.01798496575162584,37.80917063239934,-0.002459804459737125,57.16809316014404
4.8308333333333335,302.5058247630192,0.0029211829544663077,-59.12530366669457,0.020206667572735818,-25.180207253806408
4.831666666666667,302.6950508485808,-0.021048588708052485,25.361626870673533,-0.019104081256000948,-30.24710076379591
4.8325000000000005,302.88418579281137,0.019636909262199177,31.894774927456616,0.00031914306492583666,57.613361921140765
4.833333333333334,303.0735386472843,-0.00013903750176035706,-59.705295383482586,0.018704279280878006,-31.824828933752798
4.834166666666667,303.2631343326438,-0.01942842563119166,32.70017759725761,-0.020524309766611695,-23.163008584638895
4.835,303.4526468928796,0.021214264955549768,24.159388901556813,0.0036159041063149495,56.967677182201044
4.835833333333333,303.6423191402477,-0.0037378161227513765,-59.03296551584216,0.016524185390402374,-38.97936468682426
4.836666666666667,303.83227671541516,-0.017062250192521018,40.501381985404564,-0.02167848646277805,-14.2513853841009
4.8375,304.0221793404656,0.022464990918944917,14.466279017134486,0.007333870164301404,54.63003215144077
4.838333333333334,304.21217205019127,-0.007762074989291344,-56.45194403749746,0.013525581316498335,-46.0732478170938
4.839166666666667,304.4024780188898,-0.013802466606634561,48.12334769353255,-0.022287070596991355,-3.5240742169653423
4.840000000000001,304.5927821862751,0.02308221620099069,2.855904677107822,0.011291731489730318,49.969962279209504
4.840833333333333,304.7831039936269,-0.012003061616786735,-51.28736881107869,0.009615436242756127,-52.32156255630394
4.841666666666667,304.97374021230047,-0.00956023527647017,54.691207769983066,-0.02203217412753923,8.765145030468922
4.8425,305.1644520139954,0.022722009086492117,-10.35261605950075,0.015202416079606094,42.41634547334422
4.843333333333334,305.35512107687396,-0.016135146514344566,-42.94929762788792,0.004791801134803068,-56.73111614947298
4.844166666666667,305.5460686677283,-0.004353630608115262,59.11210972211966,-0.020588940278366514,22.024452995938976
4.845000000000001,305.73718352569506,0.02104106839815805,-24.459778175150888,0.018663156710598826,31.589303278001786
4.845833333333333,305.9282266577081,-0.01970851038882927,-31.08283518014315,-0.0008065143740766223,-58.159551120665284
4.846666666666667,306.11947303339673,0.0016386215516649594,60.1519688327237,-0.017678788248203663,35.246359567029636
4.8475,306.31097172211696,0.017758534988629414,-38.309849975230215,0.02116694580384689,17.471421270358174
4.848333333333334,306.50241872850023,-0.022167215539806818,-15.758053385157671,-0.006852459072196273,-55.44903814292561
4.849166666666667,306.6939663260848,0.008028305878021478,56.59638548720793,-0.013145376179770015,46.98233876438779
4.8500000000000005,306.8858157557316,0.012741656632695242,-50.27976129186136,0.022146933132746117,0.5985762345107859
4.850833333333334,307.0776884370304,-0.022905025804253736,2.325907244450363,-0.01280012992478182,-47.648819892842994
4.851666666666667,307.2695611751981,0.01419094521919138,47.508039649909904,-0.007047320587906029,55.413150149303036
4.8525,307.46172323898526,0.006106897464094176,-58.38066657583496,0.021063454299152823,-17.771567134282172
4.8533333333333335,307.6540219011239,-0.02136831801034914,21.67316465017722,-0.017891508574382285,-34.32201601361376
4.854166666666667,307.84626336442756,0.01928408120627099,32.56947282330675,0.0002485981651116709,58.55949594956384
4.855,308.0387121051227,-0.001683693328582106,-60.51840219105004,0.017536206232102013,-35.580222022654354
4.855833333333334,308.2314069398235,-0.017206218204863916,39.93682261807031,-0.021223710438263356,-15.899008241227014
4.856666666666667,308.42406542682335,0.022335227496702734,12.46133273088556,0.00800255748608158,54.66216521959127
4.8575,308.6168063023613,-0.009764607442378757,-54.937246282770474,0.011509901996921366,-50.06315372113765
4.858333333333333,308.8098434132698,-0.010451146424322003,54.07225152942442,-0.02189547591025529,6.005878601015818
4.859166666666667,309.002945783396,0.022417022451101505,-10.824666693425133,0.015105123951675568,42.72027804138597
4.86,309.19602379287056,-0.016892064037612207,-40.82115192774137,0.0034206478144550496,-58.106254972807136
4.860833333333334,309.3893510867836,-0.0016890898436464322,60.783753025875605,-0.01923568729444048,28.446030777431886
4.861666666666667,309.58287878605313,0.018906760997224215,-33.88863835262218,0.020192339900034374,23.106996476260747
4.862500000000001,309.77636160050025,-0.02159731937409823,-18.946155748547543,-0.005693946257437052,-56.907421492300294
4.863333333333333,309.9699656731788,0.007846633338024633,57.29767976437132,-0.013086593455699414,47.32449027266762
4.864166666666667,310.1638546767244,0.011791946249245318,-52.215534978941825,0.021902821058743763,-1.9079255064681422
4.865,310.35779015578305,-0.022493991290576186,7.820408851471965,-0.014216231069356966,-44.90055196406251
4.865833333333334,310.55171799164157,0.016340475656215856,42.38468847495886,-0.0040725869795634004,58.0493526411528
4.866666666666667,310.7458967030051,0.0019372305519410977,-60.99510241099498,0.019270058228955604,-27.983148922121252
4.867500000000001,310.94026957024874,-0.01871901139169827,34.459472256274985,-0.020174868351543765,-22.755157254963017
4.868333333333334,311.13460596025124,0.021691239737414728,17.39220165019595,0.006256973366652372,56.70454623682799
4.869166666666667,311.32905508169176,-0.008814206409535074,-56.47324343987674,0.012180154589667664,-49.161150612452296
4.87,311.5237853110776,-0.01041438839886103,54.47102637715721,-0.021710665219844556,5.898844117715492
4.870833333333334,311.71858571027406,0.022060220175973838,-13.122596868011057,0.015543283255977135,41.57715184262313
4.871666666666667,311.9133691767404,-0.017844143196672387,-37.602027655150096,0.0017482918310605115,-59.14714058802223
4.8725000000000005,312.10837467530644,0.0009244426020015361,61.43399234729961,-0.017731048656148454,34.485923289453964
4.873333333333334,312.3036046000419,0.016588557905467687,-41.662208334911824,0.02109427418181139,14.608582605928182
4.8741666666666665,312.49882340700157,-0.0223574621241933,-7.457577875326599,-0.009592682255746528,-53.34717922976037
4.875,312.6941059098794,0.012460054179962547,51.294240594829944,-0.00857932497766974,54.6626358703122
4.8758333333333335,312.88966014964876,0.006066107786805379,-59.36150959312928,0.020717781183656435,-17.914189162905704
4.876666666666667,313.08534943119855,-0.02033110563818822,26.341522530319757,-0.018492613346564706,-31.18599569939078
4.8775,313.28100962245634,0.020579309719613078,24.751974893160387,0.0035748012333561433,58.78004515062213
4.878333333333334,313.47682149131913,-0.006781165795444236,-58.86725560147429,0.013726966877073013,-46.17207509273183
4.879166666666667,313.672897458343,-0.011564047715986946,52.965849720682805,-0.021654051961583376,2.2272389878028784
4.88,313.869030970659,0.02204692400853348,-11.333870694823364,0.01495852494916362,43.16390695508179
4.880833333333333,314.0651631069835,-0.01772723254055258,-37.84253609911684,0.0017279033148820551,-59.55701873524143
4.881666666666667,314.2615108045397,0.001629754272766874,61.7452035698816,-0.017201064109093393,36.25464283859581
4.8825,314.4580831056856,0.015483347805930175,-44.74907306363816,0.021244365253417614,11.01207008540284
4.883333333333334,314.6546653009014,-0.022361671858818655,-1.6500861101414612,-0.011319610966539793,-50.9732771383951
4.884166666666667,314.85129228085276,0.01462257680933361,46.907373641026474,-0.0059526865239025815,57.57839292925405
4.885000000000001,315.0481682133424,0.002565180439361379,-61.656986779900684,0.019299129298496122,-26.80388282115525
4.885833333333333,315.2452222285957,-0.018033888116119043,36.63106237218787,-0.020165383247826553,-21.209511234205237
4.886666666666667,315.4422661709807,0.02190528339148015,11.82173277413264,0.00812809731152437,55.56913082270874
4.8875,315.63939933399763,-0.011841234478306224,-52.68246861478214,0.009026874789889856,-54.52229811714877
4.888333333333334,315.8367919165223,-0.005657478445848029,60.18685570630627,-0.020415802553976715,19.017942245643766
4.889166666666667,316.03432382746934,0.01953926709927896,-29.896023886058423,0.018958708135354736,28.37257764227544
4.890000000000001,316.23184313270366,-0.02119701789371585,-18.9906441989757,-0.005700524384032456,-57.99995077601835
4.890833333333334,316.4294846576402,0.009736696039494706,56.04127668035616,-0.011030391124761339,51.66148364411527
4.891666666666667,316.6273839968276,0.007658900922520832,-58.56350846736764,0.020917327658780318,-13.55582640360376
4.8925,316.82539719212605,-0.020310939101724483,25.306071607571322,-0.018001873749380285,-32.771141432857746
4.8933333333333335,317.02340261319176,0.02060440697973499,23.251241816481553,0.004190513122903489,59.14288138746783
4.894166666666667,317.2215493939661,-0.008498346376921213,-57.721993323266375,0.012085760779749748,-49.839714962118954
4.8950000000000005,317.4199488173334,-0.008635947302398372,57.602189753303435,-0.02107316803688888,10.733189609419982
4.895833333333334,317.61845029529485,0.020575007090392824,-23.2609986592432,0.01751930263210062,34.685426155017424
4.896666666666667,317.8169496087096,-0.020341788775641523,-24.745019947229146,-0.00365804897115323,-59.56643598220583
4.8975,318.0155963162068,0.008209146612990603,58.175421689492104,-0.012285247384502408,49.514271837803754
4.898333333333333,318.2144915087527,0.00864086077664216,-57.71457754171448,0.021025461151080088,-10.682528770264337
4.899166666666667,318.4134894023825,-0.020436385983063035,23.928530858354783,-0.01760314795871377,-34.250277693781655
4.9,318.6124888825417,0.020480663471683976,23.51589392866498,0.004116438508195532,59.469318321463746
4.900833333333334,318.81162993559076,-0.00888300875009832,-57.49233202498266,0.011652584153560866,-50.797555163765445
4.901666666666667,319.0110171473458,-0.0076775211191205915,58.92462399158842,-0.020778444648335198,13.440884410898875
4.902500000000001,319.2105190937292,0.01986589624268513,-27.305300347391583,0.018225444997133418,31.38635714595106
4.903333333333333,319.41002538710546,-0.020954882091878155,-19.457938712543097,-0.005549141607034503,-58.656699475398774
4.904166666666667,319.60965644919685,0.010473118601566767,55.3808309124183,-0.010134766303464833,53.460445395337665
4.905,319.80953073496426,0.005700410098260384,-60.857915502783314,0.02019767851883912,-18.949382006284218
4.905833333333334,320.00954229580265,-0.018703113528557788,33.191580812979424,-0.019233707781836227,-25.8123973419974
4.906666666666667,320.2095638848218,0.021554772112471594,12.35605607805841,0.007894150595841726,56.540144576672205
4.907500000000001,320.4096837047066,-0.012849163467218306,-51.188545727920555,0.0076230174600166725,-56.88760891968154
4.908333333333333,320.6100379700807,-0.002647156947103466,62.70238421247522,-0.019018986094695288,26.95964416227066
4.909166666666667,320.8105604311731,0.016677546689919644,-41.07882956450117,0.02033191930983327,17.146281846829215
4.91,321.0111078128297,-0.02191534011591479,-2.0287295865635464,-0.010996983083202447,-52.17711717018246
4.910833333333334,321.2117207815268,0.015747261884356656,43.99293135567984,-0.0040070088166043235,60.00340295584242
4.911666666666667,321.41254668748803,-0.0014923169894634721,-63.171012878157406,0.01687755617466114,-36.85346078316939
4.9125000000000005,321.6135743031468,-0.013460213277363561,49.969211814642144,-0.02105949129098824,-5.114568518515885
4.913333333333334,321.8146576795521,0.021515601835003912,-11.415410075399148,0.014539009738460756,44.39571865944221
4.914166666666667,322.0157764059074,-0.01870541366313952,-32.80776518734616,-0.0007317048434100594,-61.22157924025696
4.915,322.21706834928665,0.006569282313508763,60.5345355313758,-0.013376510600263194,47.40677794419051
4.9158333333333335,322.4185865726097,0.008763544075817854,-58.18173855080011,0.02079348586682663,-10.11369297495161
4.916666666666667,322.6202101025093,-0.01971861101099526,27.214415888056855,-0.017959810836211315,-32.071407179159245
4.9175,322.8218555078209,0.02101253514482704,16.96175774064942,0.0063874565622395315,58.51325632162019
4.918333333333334,323.02361790408185,-0.012143884059303757,-52.828755006056475,0.008217111882767374,-56.57741544990044
4.919166666666667,323.2256060137798,-0.0025039461506727242,63.25603175165188,-0.018812462488109676,27.489552980630318
4.92,323.42775975873457,0.015890700179348845,-43.546977591902525,0.020412481739098993,14.616566708782138
4.920833333333333,323.6299546950843,-0.021720045952413388,3.32622506559359,-0.012380166873595005,-49.72319787460134
4.921666666666667,323.83220936608615,0.017365242266516548,38.355927660695905,-0.0014016639191868035,61.46803066950456
4.9225,324.03465128052,-0.004980306921476574,-62.13170497405309,0.014466081509822022,-44.64926742698288
4.923333333333334,324.2373066307464,-0.009633270808750384,57.24946375970708,-0.020815448542802404,7.318791746295286
4.924166666666667,324.4400607910877,0.019783198192069716,-26.250157763929092,0.01764480726502875,33.26006155837436
4.925000000000001,324.64284602983196,-0.020941540374526453,-16.550389447636604,-0.006515394538931166,-58.68726269172877
4.925833333333333,324.8457481711521,0.01271084901288984,51.81818260538031,-0.007477592665742446,57.72188003823351
4.926666666666667,325.04886698168895,0.0011244706781983363,-63.95013254438527,0.01807855777379556,-31.08733950510954
4.9275,325.25215953200285,-0.014394537489350054,47.85651593862983,-0.02066521446526922,-9.184331123785022
4.928333333333334,325.45551103092964,0.021314035659669987,-10.890480397186934,0.014218720994029651,45.337292161881194
4.929166666666667,325.6589141184815,-0.01897679677123412,-30.69561845374631,-0.0016537061923936475,-61.755991411477225
4.930000000000001,325.8624772528533,0.008514238818347791,58.992093296543565,-0.011555652448876267,51.61673828028176
4.930833333333334,326.06625676678243,0.0055124879214528775,-62.11051008142462,0.019785549416551466,-19.541304023521743
4.931666666666667,326.27017356017916,-0.01714435387732928,39.02874360579226,-0.019639393300815305,-20.687190718043315
4.9325,326.474135377408,0.021559639309269133,0.2991000692911232,0.011297080514741441,52.15988567982296
4.933333333333334,326.67817415989725,-0.017034974465026453,-39.39350764957224,0.0016734722415584667,-61.94581768969572
4.934166666666667,326.88239554716847,0.0055533772902796735,62.21427166129356,-0.013889396297737736,46.28727280516719
4.9350000000000005,327.08682267231154,0.008121769564397339,-59.677772974414985,0.02040057288638755,-11.855962224559534
4.935833333333334,327.29136522625606,-0.018456309911593576,33.11209377336681,-0.018670186823401956,-27.251405598062526
4.936666666666667,327.4959525835567,0.021379718106334263,6.588553553393938,0.009508611305298897,55.37104619552808
4.9375,327.7006338495232,-0.015846776690918378,-43.56797509793001,0.0033570630991488133,-61.52096048408433
4.9383333333333335,327.90550504791617,0.004147004644795343,63.37838039414255,-0.01483957615733077,43.56422936343189
4.939166666666667,328.1105734203036,0.009094749447456316,-58.54926382114873,0.020510853841338994,-8.766159981060131
4.94,328.3157502115377,-0.018774078484817564,31.244942198913915,-0.01828187251873276,-29.293225466006476
4.940833333333334,328.52097584362394,0.02126626332779638,7.861617281562708,0.009119058745235272,56.091655385892416
4.941666666666667,328.7263003576973,-0.015742594686699918,-43.884704020142856,0.003423675135716431,-61.674864495997745
4.9425,328.9318124344173,0.004384325217327867,63.42265624069593,-0.01462005112647816,44.23186640564966
4.943333333333333,329.1375194652628,0.008527111199638934,-59.47003905557529,0.020358943635302384,-10.505059323945956
4.944166666666667,329.343340434709,-0.018249933325758437,33.7789291881176,-0.018627989798511005,-26.95548564507996
4.945,329.5492154903156,0.021316574910885223,4.060373138308964,0.010169884989440976,54.53328674046769
4.945833333333334,329.75518341749705,-0.016733259517820943,-40.31965597546638,0.001880606767690805,-62.47102933508123
4.946666666666667,329.96132840032993,0.006245784117289271,62.15013619960187,-0.0131944946748985,48.213277519896614
4.947500000000001,330.1676708345163,0.006371568763400969,-62.075918607484915,0.019813117447651792,-17.067712203260385
4.948333333333333,330.3741436734729,-0.016702124954372538,40.41961279471121,-0.019512714425379073,-19.9060301231155
4.949166666666667,330.5806797162831,0.021231390744601307,-4.929423519594152,0.012508084196832338,49.90307664859477
4.95,330.78729538217254,-0.018512595656440724,-32.116069097691586,-0.0012910722777110932,-62.80229699632634
4.950833333333334,330.99406771787545,0.009579464950195262,58.20899093739912,-0.010293147928576945,54.49319062492752
4.951666666666667,331.2010383106147,0.0024899189762351507,-64.80018728442211,0.018379507633135148,-28.043552172344718
4.952500000000001,331.4081643023141,-0.01366549140077159,49.98957734927893,-0.02036061897620208,-7.562891365266784
4.953333333333334,331.6153727681412,0.02031785258545722,-18.91652377206151,0.015692235135370963,40.57155261184467
4.954166666666667,331.8226483750605,-0.02037689094726911,-18.15037867495041,-0.005991985913794073,-60.358873227381565
4.955,332.0300494497114,0.013935205784311556,49.28243690116395,-0.005559599084714097,60.79413437652035
4.9558333333333335,332.23763761856014,-0.0031367015293887355,-64.72819841134617,0.015284842963780043,-42.02153594234788
4.956666666666667,332.44540683704093,-0.00857283501378783,59.89046572976204,-0.020178978648991992,10.190218870836357
4.9575000000000005,332.65329282111884,0.0175624902858247,-36.56470076395107,0.018814369334386502,24.66777616834628
4.958333333333334,332.8612477798138,-0.021134926299342154,2.1563920349544397,-0.011716412758601514,-51.852756401050726
4.959166666666667,333.0692932502375,0.01830647794897204,32.76843061056107,0.0011282508352035009,63.26396462157389
4.96,333.27749381963326,-0.010034220093425333,-57.76558599696706,0.00972819636394647,-55.73072896973025
4.960833333333333,333.4858849889071,-0.001144118439529942,65.60207048186619,-0.01764450545785235,31.768325114367485
4.961666666666667,333.69443595544084,0.011915681812725998,-54.25394148748307,0.02036393962722467,1.3717532386347693
4.9625,333.9030851911985,-0.019181798929567975,27.29551355265959,-0.017195942194328042,-33.97998765833466
4.963333333333334,334.11180685393634,0.020935207000527038,7.3365301193940065,0.009150202449347073,56.760847883979885
4.964166666666667,334.32063655760385,-0.01678276925064224,-39.755189503246754,0.0014179350992703833,-63.445970663858986
4.965000000000001,334.5296321640602,0.007989007752703102,60.96211281362344,-0.011520460406732711,52.42925906336183
4.965833333333333,334.73881371049254,0.0029414032803720836,-65.29847522477473,0.01838744663379129,-27.028889540039778
4.966666666666667,334.9481446897746,-0.01299828405290691,51.858334755357866,-0.020213285990565016,-5.61166477095985
4.9675,335.15757097119933,0.019498165929172858,-24.54484400200423,0.016602691221129926,36.601334744241555
4.968333333333334,335.3670752116407,-0.020784737369350617,-9.161397437814653,-0.008616285115972813,-57.73979989099297
4.969166666666667,335.57669242133693,0.016620593342027666,40.31481593683873,-0.001570286995599936,63.647759808485695
4.970000000000001,335.7864740049864,-0.008187998500554568,-60.88955163602936,0.011279253546753515,-53.05089794858845
4.970833333333333,335.9964379729643,-0.0022757620819770755,65.80235937758655,-0.01803929815987456,28.939324038903745
4.971666666666667,336.20655338438974,0.012091094935382138,-54.08018831072793,0.020202590217411717,2.3661612893164428
4.9725,336.41677140221844,-0.018825796836411186,28.933122065220996,-0.017320819171889358,-32.9348071757487
4.973333333333334,336.62707121818636,0.020884818950624266,3.214241213444363,0.01020284477670326,55.25371184747348
4.974166666666667,336.83747791252006,-0.01786187097612564,-34.42633246120536,-0.0006614091982136078,-64.04364126148892
4.9750000000000005,337.04803794252405,0.010583797686191906,57.232653847381904,-0.008968319533192897,57.435776334229544
4.975833333333334,337.2587769213591,-0.0008582726997440481,-66.38423087108846,0.01640723618169326,-37.26975060001962
4.976666666666667,337.46967809167165,-0.008994874421400088,59.9893559924126,-0.019964187312244978,8.501438940012402
4.9775,337.6806988281068,0.016704074800770904,-39.80521509258347,0.018900281301808017,22.08081596730994
4.9783333333333335,337.8918084104891,-0.020562501923950174,10.675741252440568,-0.013553449279332767,-47.4882020744739
4.979166666666667,338.10301356442204,0.019786222856655832,20.697583464079525,0.005211960913801356,62.116168863382434
4.98,338.31435119720317,-0.014644945298936106,-47.32956658923492,0.004216715016703801,-62.929157543470126
4.980833333333334,338.52585663851966,0.006352815737712289,63.496817587335336,-0.01265355801450897,50.01069008566228
4.981666666666667,338.7375350107437,0.003239393800871032,-65.91893336412072,0.01830581688440046,-26.403260773630066
4.9825,338.9493586024982,-0.012069758458126332,54.34642150872512,-0.02003552957818289,-2.6769407701258316
4.983333333333333,339.1612904491067,0.018309124384645048,-31.472768233128498,0.01756695513756099,31.038549116910712
4.984166666666667,339.3733137544128,-0.020728969178419963,2.2379548887148806,-0.011501406543021927,-52.84535500428596
4.985,339.58544393904026,0.01892279975996163,27.288055629088717,0.0031508905382285827,63.79346902719142
4.985833333333334,339.79771540291284,-0.013347010968818502,-51.18309395907313,0.0057617727307056445,-61.90629579812265
4.986666666666667,340.01015484167607,0.005186775943848586,64.8427109545482,-0.013465820134954221,47.815653503656776
4.987500000000001,340.2227619285055,0.00391295641012583,-65.81819179855226,0.018491581634239595,-24.511671611364644
4.988333333333333,340.4355109708131,-0.012188285606012535,54.183776827006824,-0.01993851154717522,-3.3495690442896855
4.989166666666667,340.64837072692507,0.01809769757614128,-32.39809466496957,0.017616902245927435,30.413553720064368
4.99,340.86132689360056,-0.02059904264861182,4.724925602758898,-0.012046336758868922,-51.66508644549519
4.990833333333334,341.07439129064784,0.019315434577066602,23.644167945676706,0.004322576242125231,63.33655491160145
4.991666666666667,341.28759242064814,-0.014568392807226225,-47.580228244584305,0.004112004080860186,-63.52926391008658
4.992500000000001,341.5009553187923,0.007282956034701698,62.9314154768764,-0.011744907646853694,52.45750481345456
4.993333333333334,341.71448506514423,0.0012077925720456332,-67.20394897115716,0.017263613955736664,-32.301628719862876
4.994166666666667,341.92816456573655,-0.009416038659123138,59.908116909867076,-0.019772186563190443,6.727361938312285
4.995,342.14196687899096,0.01596159695708972,-42.536342297258344,0.01892122342562673,19.818175376673054
4.995833333333334,342.3558729994488,-0.0197976979456355,18.207070120011903,-0.01493619133340435,-42.895142834399465
4.996666666666667,342.5698834082072,0.020365277696823447,8.938055717162637,0.0085479646525679,58.804577392404546
4.9975000000000005,342.7840167427249,-0.017656293433918075,-34.463305399366725,-0.0008454229912257876,-65.14988206054487
4.998333333333334,342.9982974888805,0.01218356097662863,54.364706576480536,-0.006919133796663529,61.149009465853936
4.999166666666667,343.2127410385777,-0.004870073098311743,-65.67632012365252,0.013536405602282352,-47.668289933379
5.0,343.42734519546525,-0.003117654293695936,66.8713306287857,-0.018024683327871077,26.99632039428631
