N_from_seed,z,Omega_H
0.000000000000000000e+00,1.000000000000000082e-05,2.640000000000000706e-10
6.666666666666667095e-03,1.003338962066860247e-05,2.657658799604436060e-10
1.333333333333333419e-02,1.006689073025858747e-05,2.675435722555684184e-10
2.000000000000000042e-02,1.010050370104974358e-05,2.693331558989778550e-10
2.666666666666666838e-02,1.013422890656506238e-05,2.711347104328295611e-10
3.333333333333333287e-02,1.016806672157489141e-05,2.729483159313710044e-10
4.000000000000000083e-02,1.020201752210109819e-05,2.747740530044989370e-10
4.666666666666666879e-02,1.023608168542125625e-05,2.766120028013425864e-10
5.333333333333333676e-02,1.027025959007283287e-05,2.784622470138707319e-10
6.000000000000000472e-02,1.030455161585739885e-05,2.803248678805229759e-10
6.666666666666666574e-02,1.033895814384485345e-05,2.821999481898653132e-10
7.333333333333333370e-02,1.037347955637765963e-05,2.840875712842701542e-10
8.000000000000000167e-02,1.040811623707508593e-05,2.859878210636210087e-10
8.666666666666666963e-02,1.044286857083748743e-05,2.879007819890417776e-10
9.333333333333333759e-02,1.047773694385056967e-05,2.898265390866512224e-10
1.000000000000000056e-01,1.051272174358968988e-05,2.917651779513424570e-10
1.066666666666666735e-01,1.054782335882416165e-05,2.937167847505876682e-10
1.133333333333333415e-01,1.058304217962157644e-05,2.956814462282683237e-10
1.200000000000000094e-01,1.061837859735214042e-05,2.976592497085311266e-10
1.266666666666666774e-01,1.065383300469302652e-05,2.996502830996695082e-10
1.333333333333333315e-01,1.068940579563274001e-05,3.016546348980313330e-10
1.400000000000000133e-01,1.072509736547549433e-05,3.036723941919526077e-10
1.466666666666666674e-01,1.076090811084560882e-05,3.057036506657175567e-10
1.533333333333333492e-01,1.079683842969191842e-05,3.077484946035452707e-10
1.600000000000000033e-01,1.083288872129219516e-05,3.098070168936027736e-10
1.666666666666666852e-01,1.086905938625759002e-05,3.118793090320451789e-10
1.733333333333333393e-01,1.090535082653708490e-05,3.139654631270827826e-10
1.800000000000000211e-01,1.094176344542195821e-05,3.160655719030755028e-10
1.866666666666666752e-01,1.097829764755027414e-05,3.181797287046543080e-10
1.933333333333333570e-01,1.101495383891137361e-05,3.203080275008708197e-10
2.000000000000000111e-01,1.105173242685039915e-05,3.224505628893740060e-10
2.066666666666666929e-01,1.108863382007280956e-05,3.246074301006154648e-10
2.133333333333333470e-01,1.112565842864893017e-05,3.267787250020823647e-10
2.200000000000000011e-01,1.116280666401851499e-05,3.289645441025589253e-10
2.266666666666666829e-01,1.120007893899531556e-05,3.311649845564163820e-10
2.333333333333333370e-01,1.123747566777167022e-05,3.333801441679314896e-10
2.400000000000000189e-01,1.127499726592311363e-05,3.356101213956342867e-10
2.466666666666666730e-01,1.131264415041298973e-05,3.378550153566845016e-10
2.533333333333333548e-01,1.135041673959709347e-05,3.401149258312775300e-10
2.600000000000000089e-01,1.138831545322831596e-05,3.423899532670797257e-10
2.666666666666666630e-01,1.142634071246131835e-05,3.446801987836936245e-10
2.733333333333333726e-01,1.146449293985720920e-05,3.469857641771526894e-10
2.800000000000000266e-01,1.150277255938823701e-05,3.493067519244462979e-10
2.866666666666666807e-01,1.154117999644251669e-05,3.516432651880750779e-10
2.933333333333333348e-01,1.157971567782874580e-05,3.539954078206365900e-10
3.000000000000000444e-01,1.161838003178095812e-05,3.563632843694417189e-10
3.066666666666666985e-01,1.165717348796327893e-05,3.587470000811620332e-10
3.133333333333333526e-01,1.169609647747470559e-05,3.611466609065080596e-10
3.200000000000000067e-01,1.173514943285389841e-05,3.635623735049390433e-10
3.266666666666666607e-01,1.177433278808398841e-05,3.659942452494040882e-10
3.333333333333333703e-01,1.181364697859740536e-05,3.684423842311151446e-10
3.400000000000000244e-01,1.185309244128071611e-05,3.709068992643515839e-10
3.466666666666666785e-01,1.189266961447947970e-05,3.733878998912976031e-10
3.533333333333333326e-01,1.193237893800312463e-05,3.758854963869111642e-10
3.600000000000000422e-01,1.197222085312983793e-05,3.783997997638262810e-10
3.666666666666666963e-01,1.201219580261146776e-05,3.809309217772872025e-10
3.733333333333333504e-01,1.205230423067845146e-05,3.834789749301167185e-10
3.800000000000000044e-01,1.209254658304474531e-05,3.860440724777166727e-10
3.866666666666667140e-01,1.213292330691278808e-05,3.886263284331025984e-10
3.933333333333333681e-01,1.217343485097847149e-05,3.912258575719718015e-10
4.000000000000000222e-01,1.221408166543612579e-05,3.938427754378052558e-10
4.066666666666666763e-01,1.225486420198352238e-05,3.964771983470036711e-10
4.133333333333333859e-01,1.229578291382690685e-05,3.991292433940583537e-10
4.200000000000000400e-01,1.233683825568602358e-05,4.017990284567557240e-10
4.266666666666666941e-01,1.237803068379917763e-05,4.044866722014176603e-10
4.333333333333333481e-01,1.241936065592831354e-05,4.071922940881763783e-10
4.400000000000000022e-01,1.246082863136409243e-05,4.099160143762844649e-10
4.466666666666667118e-01,1.250243507093100471e-05,4.126579541294608435e-10
4.533333333333333659e-01,1.254418043699249294e-05,4.154182352212722040e-10
4.600000000000000200e-01,1.258606519345609328e-05,4.181969803405507258e-10
4.666666666666666741e-01,1.262808980577859060e-05,4.209943129968475244e-10
4.733333333333333837e-01,1.267025474097119547e-05,4.238103575259232694e-10
4.800000000000000377e-01,1.271256046760473484e-05,4.266452390952748887e-10
4.866666666666666918e-01,1.275500745581486126e-05,4.294990837096997534e-10
4.933333333333333459e-01,1.279759617730728247e-05,4.323720182168966736e-10
5.000000000000000000e-01,1.284032710536300283e-05,4.352641703131049431e-10
5.066666666666667096e-01,1.288320071484358680e-05,4.381756685487801944e-10
5.133333333333334192e-01,1.292621748219643764e-05,4.411066423343090797e-10
5.200000000000000178e-01,1.296937788546009644e-05,4.440572219457618463e-10
5.266666666666667274e-01,1.301268240426955136e-05,4.470275385306834285e-10
5.333333333333333259e-01,1.305613151986157895e-05,4.500177241139231059e-10
5.400000000000000355e-01,1.309972571508009069e-05,4.530279116035036088e-10
5.466666666666667451e-01,1.314346547438149299e-05,4.560582347965288419e-10
5.533333333333333437e-01,1.318735128384008784e-05,4.591088283851317781e-10
5.600000000000000533e-01,1.323138363115347018e-05,4.621798279624618504e-10
5.666666666666666519e-01,1.327556300564794373e-05,4.652713700287120486e-10
5.733333333333333615e-01,1.331988989828397598e-05,4.683835919971873224e-10
5.800000000000000711e-01,1.336436480166164624e-05,4.715166322004124320e-10
5.866666666666666696e-01,1.340898821002611749e-05,4.746706298962811568e-10
5.933333333333333792e-01,1.345376061927315057e-05,4.778457252742473285e-10
6.000000000000000888e-01,1.349868252695459805e-05,4.810420594615557764e-10
6.066666666666666874e-01,1.354375443228394547e-05,4.842597745295164917e-10
6.133333333333333970e-01,1.358897683614186285e-05,4.874990134998195317e-10
6.199999999999999956e-01,1.363435024108176799e-05,4.907599203508930395e-10
6.266666666666667052e-01,1.367987515133542193e-05,4.940426400243036582e-10
6.333333333333334147e-01,1.372555207281852449e-05,4.973473184311990264e-10
6.400000000000000133e-01,1.377138151313634704e-05,5.006741024587945289e-10
6.466666666666667229e-01,1.381736398158937880e-05,5.040231399769024401e-10
6.533333333333333215e-01,1.386349998917897994e-05,5.073945798445052179e-10
6.600000000000000311e-01,1.390979004861307028e-05,5.107885719163731556e-10
6.666666666666667407e-01,1.395623467431182977e-05,5.142052670497250469e-10
6.733333333333333393e-01,1.400283438241341094e-05,5.176448171109349665e-10
6.800000000000000488e-01,1.404958969077969023e-05,5.211073749822829941e-10
6.866666666666667584e-01,1.409650111900201253e-05,5.245930945687509171e-10
6.933333333333333570e-01,1.414356918840697310e-05,5.281021308048641512e-10
7.000000000000000666e-01,1.419079442206222477e-05,5.316346396615792604e-10
7.066666666666666652e-01,1.423817734478227334e-05,5.351907781532165570e-10
7.133333333333333748e-01,1.428571848313433064e-05,5.387707043444406796e-10
7.200000000000000844e-01,1.433341836544415896e-05,5.423745773572868710e-10
7.266666666666666829e-01,1.438127752180194786e-05,5.460025573782338904e-10
7.333333333333333925e-01,1.442929648406821455e-05,5.496548056653257278e-10
7.400000000000001021e-01,1.447747578587970430e-05,5.533314845553392274e-10
7.466666666666667007e-01,1.452581596265533668e-05,5.570327574710009283e-10
7.533333333333334103e-01,1.457431755160215168e-05,5.607587889282518817e-10
7.600000000000000089e-01,1.462298109172128638e-05,5.645097445435604445e-10
7.666666666666667185e-01,1.467180712381396348e-05,5.682857910412848071e-10
7.733333333333334281e-01,1.472079619048751034e-05,5.720870962610843248e-10
7.800000000000000266e-01,1.476994883616138979e-05,5.759138291653805836e-10
7.866666666666667362e-01,1.481926560707324803e-05,5.797661598468686139e-10
7.933333333333333348e-01,1.486874705128499624e-05,5.836442595360776313e-10
8.000000000000000444e-01,1.491839371868890423e-05,5.875483006089831662e-10
8.066666666666667540e-01,1.496820616101370575e-05,5.914784565946697548e-10
8.133333333333333526e-01,1.501818493183074294e-05,5.954349021830447088e-10
8.200000000000000622e-01,1.506833058656012086e-05,5.994178132326039966e-10
8.266666666666667718e-01,1.511864368247687217e-05,6.034273667782496178e-10
8.333333333333333703e-01,1.516912477871716760e-05,6.074637410391591919e-10
8.400000000000000799e-01,1.521977443628452977e-05,6.115271154267094189e-10
8.466666666666666785e-01,1.527059321805605889e-05,6.156176705524500997e-10
8.533333333333333881e-01,1.532158168878871096e-05,6.197355882361343024e-10
8.600000000000000977e-01,1.537274041512556074e-05,6.238810515138003304e-10
8.666666666666666963e-01,1.542406996560211554e-05,6.280542446459082846e-10
8.733333333333334059e-01,1.547557091065262559e-05,6.322553531255315295e-10
8.800000000000000044e-01,1.552724382261643342e-05,6.364845636866021330e-10
8.866666666666667140e-01,1.557908927574433677e-05,6.407420643122124508e-10
8.933333333333334236e-01,1.563110784620497522e-05,6.450280442429712021e-10
9.000000000000000222e-01,1.568330011209123035e-05,6.493426939854158958e-10
9.066666666666667318e-01,1.573566665342666321e-05,6.536862053204825400e-10
9.133333333333334414e-01,1.578820805217196195e-05,6.580587713120297379e-10
9.200000000000000400e-01,1.584092489223139956e-05,6.624605863154221347e-10
9.266666666666667496e-01,1.589381775945934928e-05,6.668918459861701118e-10
9.333333333333333481e-01,1.594688724166677961e-05,6.713527472886269707e-10
9.400000000000000577e-01,1.600013392862780363e-05,6.758434885047454673e-10
9.466666666666667673e-01,1.605355841208622482e-05,6.803642692428919377e-10
9.533333333333333659e-01,1.610716128576213037e-05,6.849152904467195686e-10
9.600000000000000755e-01,1.616094314535848451e-05,6.894967544041020509e-10
9.666666666666666741e-01,1.621490458856774891e-05,6.941088647561246198e-10
9.733333333333333837e-01,1.626904621507854032e-05,6.987518265061382700e-10
9.800000000000000933e-01,1.632336862658229510e-05,7.034258460288720807e-10
9.866666666666666918e-01,1.637787242677995054e-05,7.081311310796079932e-10
9.933333333333334014e-01,1.643255822138867375e-05,7.128678908034162819e-10
1.000000000000000000e+00,1.648742661814858366e-05,7.176363357444527547e-10
1.006666666666666821e+00,1.654247822682951378e-05,7.224366778553188183e-10
1.013333333333333419e+00,1.659771365923779182e-05,7.272691305064832721e-10
1.020000000000000018e+00,1.665313352922304647e-05,7.321339084957677954e-10
1.026666666666666838e+00,1.670873845268503445e-05,7.370312280578960234e-10
1.033333333333333437e+00,1.676452904758047780e-05,7.419613068741052831e-10
1.040000000000000036e+00,1.682050593392995193e-05,7.469243640818245024e-10
1.046666666666666634e+00,1.687666973382476692e-05,7.519206202844152960e-10
1.053333333333333455e+00,1.693302107143388946e-05,7.569502975609794329e-10
1.060000000000000053e+00,1.698956057301089195e-05,7.620136194762299952e-10
1.066666666666666652e+00,1.704628886690089812e-05,7.671108110904314016e-10
1.073333333333333472e+00,1.710320658354759309e-05,7.722420989694037431e-10
1.080000000000000071e+00,1.716031435550020973e-05,7.774077111945944303e-10
1.086666666666666670e+00,1.721761281742058608e-05,7.826078773732179809e-10
1.093333333333333490e+00,1.727510260609020596e-05,7.878428286484635311e-10
1.100000000000000089e+00,1.733278436041729026e-05,7.931127977097688330e-10
1.106666666666666687e+00,1.739065872144389172e-05,7.984180188031660088e-10
1.113333333333333508e+00,1.744872633235304050e-05,8.037587277416946180e-10
1.120000000000000107e+00,1.750698783847587283e-05,8.091351619158838961e-10
1.126666666666666705e+00,1.756544388729882735e-05,8.145475603043066493e-10
1.133333333333333304e+00,1.762409512847084154e-05,8.199961634842034586e-10
1.140000000000000124e+00,1.768294221381057184e-05,8.254812136421768844e-10
1.146666666666666723e+00,1.774198579731363064e-05,8.310029545849575323e-10
1.153333333333333321e+00,1.780122653515989116e-05,8.365616317502439450e-10
1.160000000000000142e+00,1.786066508572075497e-05,8.421574922176121839e-10
1.166666666666666741e+00,1.792030210956648050e-05,8.477907847195005806e-10
1.173333333333333339e+00,1.798013826947353867e-05,8.534617596522669709e-10
1.180000000000000160e+00,1.804017423043197875e-05,8.591706690873205809e-10
1.186666666666666758e+00,1.810041065965281102e-05,8.649177667823269120e-10
1.193333333333333357e+00,1.816084822657545054e-05,8.707033081924897613e-10
1.200000000000000178e+00,1.822148760287514054e-05,8.765275504819072733e-10
1.206666666666666776e+00,1.828232946247042664e-05,8.823907525350036800e-10
1.213333333333333375e+00,1.834337448153066494e-05,8.882931749680390017e-10
1.219999999999999973e+00,1.840462333848352674e-05,8.942350801406943321e-10
1.226666666666666794e+00,1.846607671402254730e-05,9.002167321677359121e-10
1.233333333333333393e+00,1.852773529111469491e-05,9.062383969307549937e-10
1.239999999999999991e+00,1.858959975500797050e-05,9.123003420899895957e-10
1.246666666666666812e+00,1.865167079323902752e-05,9.184028370962226692e-10
1.253333333333333410e+00,1.871394909564080879e-05,9.245461532027601901e-10
1.260000000000000009e+00,1.877643535435022742e-05,9.307305634774910386e-10
1.266666666666666829e+00,1.883913026381587140e-05,9.369563428150259783e-10
1.273333333333333428e+00,1.890203452080570484e-05,9.432237679489180088e-10
1.280000000000000027e+00,1.896514882441483352e-05,9.495331174639651266e-10
1.286666666666666847e+00,1.902847387607328413e-05,9.558846718085953900e-10
1.293333333333333446e+00,1.909201037955377995e-05,9.622787133073333581e-10
1.300000000000000044e+00,1.915575904097959457e-05,9.687155261733529703e-10
1.306666666666666643e+00,1.921972056883239542e-05,9.751953965211106623e-10
1.313333333333333464e+00,1.928389567396011778e-05,9.817186123790665765e-10
1.320000000000000062e+00,1.934828506958487609e-05,9.882854637024872500e-10
1.326666666666666661e+00,1.941288947131089213e-05,9.948962423863376382e-10
1.333333333333333481e+00,1.947770959713246056e-05,1.001551242278257097e-09
1.340000000000000080e+00,1.954274616744192458e-05,1.008250759191622425e-09
1.346666666666666679e+00,1.960799990503769562e-05,1.014995090918698796e-09
1.353333333333333499e+00,1.967347153513228998e-05,1.021784537243879199e-09
1.360000000000000098e+00,1.973916178536038924e-05,1.028619399957010106e-09
1.366666666666666696e+00,1.980507138578693784e-05,1.035499982866809589e-09
1.373333333333333517e+00,1.987120106891526787e-05,1.042426591814373520e-09
1.380000000000000115e+00,1.993755156969522377e-05,1.049399534686770082e-09
1.386666666666666714e+00,2.000412362553136841e-05,1.056419121430730224e-09
1.393333333333333313e+00,2.007091797629116203e-05,1.063485664066425389e-09
1.400000000000000133e+00,2.013793536431319540e-05,1.070599476701338924e-09
1.406666666666666732e+00,2.020517653441544331e-05,1.077760875544229296e-09
1.413333333333333330e+00,2.027264223390356211e-05,1.084970178919190098e-09
1.420000000000000151e+00,2.034033321257918046e-05,1.092227707279799593e-09
1.426666666666666750e+00,2.040825022274825448e-05,1.099533783223367867e-09
1.433333333333333348e+00,2.047639401922942624e-05,1.106888731505278069e-09
1.440000000000000169e+00,2.054476535936243653e-05,1.114292879053424855e-09
1.446666666666666767e+00,2.061336500301651044e-05,1.121746554982747118e-09
1.453333333333333366e+00,2.068219371259884807e-05,1.129250090609861025e-09
1.460000000000000187e+00,2.075125225306308804e-05,1.136803819467788790e-09
1.466666666666666785e+00,2.082054139191780496e-05,1.144408077320785477e-09
1.473333333333333384e+00,2.089006189923506103e-05,1.152063202179267333e-09
1.480000000000000204e+00,2.095981454765897468e-05,1.159769534314839386e-09
1.486666666666666803e+00,2.102980011241428911e-05,1.167527416275420442e-09
1.493333333333333401e+00,2.110001937131502560e-05,1.175337192900473963e-09
1.500000000000000000e+00,2.117047310477311307e-05,1.183199211336338202e-09
1.506666666666666821e+00,2.124116209580707867e-05,1.191113821051659329e-09
1.513333333333333419e+00,2.131208713005074845e-05,1.199081373852926914e-09
1.520000000000000018e+00,2.138324899576198878e-05,1.207102223900115708e-09
1.526666666666666838e+00,2.145464848383148499e-05,1.215176727722430197e-09
1.533333333333333437e+00,2.152628638779151662e-05,1.223305244234154211e-09
1.540000000000000036e+00,2.159816350382480385e-05,1.231488134750608270e-09
1.546666666666666856e+00,2.167028063077335051e-05,1.239725763004213021e-09
1.553333333333333455e+00,2.174263857014733454e-05,1.248018495160657928e-09
1.560000000000000053e+00,2.181523812613401540e-05,1.256366699835183289e-09
1.566666666666666874e+00,2.188808010560669567e-05,1.264770748108964822e-09
1.573333333333333472e+00,2.196116531813367586e-05,1.273231013545613027e-09
1.580000000000000071e+00,2.203449457598727367e-05,1.281747872207780073e-09
1.586666666666666670e+00,2.210806869415284993e-05,1.290321702673879808e-09
1.593333333333333490e+00,2.218188849033787862e-05,1.298952886054916956e-09
1.600000000000000089e+00,2.225595478498104067e-05,1.307641806011431497e-09
1.606666666666666687e+00,2.233026840126134475e-05,1.316388848770555341e-09
1.613333333333333508e+00,2.240483016510729899e-05,1.325194403143183352e-09
1.620000000000000107e+00,2.247964090520607246e-05,1.334058860541257704e-09
1.626666666666666705e+00,2.255470145301273461e-05,1.342982614995171555e-09
1.633333333333333526e+00,2.263001264275950149e-05,1.351966063171285627e-09
1.640000000000000124e+00,2.270557531146499890e-05,1.361009604389562045e-09
1.646666666666666723e+00,2.278139029894358990e-05,1.370113640641320180e-09
1.653333333333333544e+00,2.285745844781470916e-05,1.379278576607106649e-09
1.660000000000000142e+00,2.293378060351223107e-05,1.388504819674685663e-09
1.666666666666666741e+00,2.301035761429388543e-05,1.397792779957153663e-09
1.673333333333333339e+00,2.308719033125068658e-05,1.407142870311170175e-09
1.680000000000000160e+00,2.316427960831639985e-05,1.416555506355313566e-09
1.686666666666666758e+00,2.324162630227702834e-05,1.426031106488557573e-09
1.693333333333333357e+00,2.331923127278037421e-05,1.435570091908874592e-09
1.700000000000000178e+00,2.339709538234557290e-05,1.445172886631960982e-09
1.706666666666666776e+00,2.347521949637269167e-05,1.454839917510086028e-09
1.713333333333333375e+00,2.355360448315237229e-05,1.464571614251072635e-09
1.720000000000000195e+00,2.363225121387547360e-05,1.474368409437399617e-09
1.726666666666666794e+00,2.371116056264276160e-05,1.484230738545432816e-09
1.733333333333333393e+00,2.379033340647464692e-05,1.494159039964788784e-09
1.740000000000000213e+00,2.386977062532093252e-05,1.504153755017822743e-09
1.746666666666666812e+00,2.394947310207058838e-05,1.514215327979248686e-09
1.753333333333333410e+00,2.402944172256159746e-05,1.524344206095894523e-09
1.760000000000000009e+00,2.410967737559079483e-05,1.534540839606582950e-09
1.766666666666666829e+00,2.419018095292376101e-05,1.544805681762150254e-09
1.773333333333333428e+00,2.427095334930472886e-05,1.555139188845596848e-09
1.780000000000000027e+00,2.435199546246655486e-05,1.565541820192373874e-09
1.786666666666666847e+00,2.443330819314069714e-05,1.576014038210803811e-09
1.793333333333333446e+00,2.451489244506722406e-05,1.586556308402639431e-09
1.800000000000000044e+00,2.459674912500489725e-05,1.597169099383760059e-09
1.806666666666666865e+00,2.467887914274122422e-05,1.607852882905005571e-09
1.813333333333333464e+00,2.476128341110259905e-05,1.618608133873148522e-09
1.820000000000000062e+00,2.484396284596445656e-05,1.629435330372011649e-09
1.826666666666666883e+00,2.492691836626145373e-05,1.640334953683720218e-09
1.833333333333333481e+00,2.501015089399769164e-05,1.651307488310100143e-09
1.840000000000000080e+00,2.509366135425698151e-05,1.662353421994220051e-09
1.846666666666666679e+00,2.517745067521312771e-05,1.673473245742074783e-09
1.853333333333333499e+00,2.526151978814026154e-05,1.684667453844416763e-09
1.860000000000000098e+00,2.534586962742318519e-05,1.695936543898729010e-09
1.866666666666666696e+00,2.543050113056778011e-05,1.707281016831352022e-09
1.873333333333333517e+00,2.551541523821144241e-05,1.718701376919752916e-09
1.880000000000000115e+00,2.560061289413351836e-05,1.730198131814945132e-09
1.886666666666666714e+00,2.568609504526583805e-05,1.741771792564058879e-09
1.893333333333333535e+00,2.577186264170323217e-05,1.753422873633063789e-09
1.900000000000000133e+00,2.585791663671409621e-05,1.765151892929639216e-09
1.906666666666666732e+00,2.594425798675101223e-05,1.776959371826202537e-09
1.913333333333333552e+00,2.603088765146138083e-05,1.788845835183090056e-09
1.920000000000000151e+00,2.611780659369808362e-05,1.800811811371888669e-09
1.926666666666666750e+00,2.620501577953022017e-05,1.812857832298932137e-09
1.933333333333333348e+00,2.629251617825384166e-05,1.824984433428946871e-09
1.940000000000000169e+00,2.638030876240273864e-05,1.837192153808859221e-09
1.946666666666666767e+00,2.646839450775924244e-05,1.849481536091761797e-09
1.953333333333333366e+00,2.655677439336511119e-05,1.861853126561040466e-09
1.960000000000000187e+00,2.664544940153240916e-05,1.874307475154663268e-09
1.966666666666666785e+00,2.673442051785441653e-05,1.886845135489627533e-09
1.973333333333333384e+00,2.682368873121663061e-05,1.899466664886578431e-09
1.980000000000000204e+00,2.691325503380774008e-05,1.912172624394584477e-09
1.986666666666666803e+00,2.700312042113066005e-05,1.924963578816083027e-09
1.993333333333333401e+00,2.709328589201363504e-05,1.937840096731993479e-09
2.000000000000000000e+00,2.718375244862133167e-05,1.950802750526994258e-09
2.006666666666666821e+00,2.727452109646598565e-05,1.963852116414973510e-09
2.013333333333333641e+00,2.736559284441859952e-05,1.976988774464646471e-09
2.020000000000000018e+00,2.745696870472015742e-05,1.990213308625346132e-09
2.026666666666666838e+00,2.754864969299290073e-05,2.003526306752989266e-09
2.033333333333333659e+00,2.764063682825161736e-05,2.016928360636208305e-09
2.040000000000000036e+00,2.773293113291496490e-05,2.030420066022665193e-09
2.046666666666666856e+00,2.782553363281688519e-05,2.044002022645541847e-09
2.053333333333333677e+00,2.791844535721797833e-05,2.057674834250198535e-09
2.060000000000000053e+00,2.801166733881696469e-05,2.071439108621022090e-09
2.066666666666666874e+00,2.810520061376220458e-05,2.085295457608449898e-09
2.073333333333333250e+00,2.819904622166317045e-05,2.099244497156167600e-09
2.080000000000000071e+00,2.829320520560207498e-05,2.113286847328502006e-09
2.086666666666666892e+00,2.838767861214542458e-05,2.127423132337984400e-09
2.093333333333333268e+00,2.848246749135568476e-05,2.141653980573105356e-09
2.100000000000000089e+00,2.857757289680298610e-05,2.155980024626258542e-09
2.106666666666666909e+00,2.867299588557680652e-05,2.170401901321859907e-09
2.113333333333333286e+00,2.876873751829774170e-05,2.184920251744664549e-09
2.120000000000000107e+00,2.886479885912934655e-05,2.199535721268275084e-09
2.126666666666666927e+00,2.896118097578992252e-05,2.214248959583828269e-09
2.133333333333333304e+00,2.905788493956440661e-05,2.229060620728885525e-09
2.140000000000000124e+00,2.915491182531634157e-05,2.243971363116516195e-09
2.146666666666666945e+00,2.925226271149976491e-05,2.258981849564564433e-09
2.153333333333333321e+00,2.934993868017124688e-05,2.274092747325124133e-09
2.160000000000000142e+00,2.944794081700194212e-05,2.289304728114207828e-09
2.166666666666666963e+00,2.954627021128963441e-05,2.304618468141607912e-09
2.173333333333333339e+00,2.964492795597086958e-05,2.320034648140964652e-09
2.180000000000000160e+00,2.974391514763314944e-05,2.335553953400036865e-09
2.186666666666666980e+00,2.984323288652707818e-05,2.351177073791164911e-09
2.193333333333333357e+00,2.994288227657863419e-05,2.366904703801946689e-09
2.200000000000000178e+00,3.004286442540147242e-05,2.382737542566120007e-09
2.206666666666666998e+00,3.014318044430920967e-05,2.398676293894642239e-09
2.213333333333333375e+00,3.024383144832780150e-05,2.414721666306984643e-09
2.220000000000000195e+00,3.034481855620798339e-05,2.430874373062640902e-09
2.226666666666667016e+00,3.044614289043766798e-05,2.447135132192832547e-09
2.233333333333333393e+00,3.054780557725446415e-05,2.463504666532437306e-09
2.240000000000000213e+00,3.064980774665821995e-05,2.479983703752133333e-09
2.246666666666666590e+00,3.075215053242355524e-05,2.496572976390744461e-09
2.253333333333333410e+00,3.085483507211253334e-05,2.513273221887821600e-09
2.260000000000000231e+00,3.095786250708725809e-05,2.530085182616420596e-09
2.266666666666666607e+00,3.106123398252262001e-05,2.547009605916117495e-09
2.273333333333333428e+00,3.116495064741904922e-05,2.564047244126239278e-09
2.280000000000000249e+00,3.126901365461522771e-05,2.581198854619308017e-09
2.286666666666666625e+00,3.137342416080099135e-05,2.598465199834719122e-09
2.293333333333333446e+00,3.147818332653019803e-05,2.615847047312648294e-09
2.300000000000000266e+00,3.158329231623359574e-05,2.633345169728169013e-09
2.306666666666666643e+00,3.168875229823179916e-05,2.650960344925611959e-09
2.313333333333333464e+00,3.179456444474832041e-05,2.668693355953157292e-09
2.320000000000000284e+00,3.190072993192257265e-05,2.686544991097640350e-09
2.326666666666666661e+00,3.200724993982297545e-05,2.704516043919609625e-09
2.333333333333333481e+00,3.211412565246010746e-05,2.722607313288611395e-09
2.340000000000000302e+00,3.222135825779984562e-05,2.740819603418705552e-09
2.346666666666666679e+00,3.232894894777658560e-05,2.759153723904226686e-09
2.353333333333333499e+00,3.243689891830655046e-05,2.777610489755785055e-09
2.360000000000000320e+00,3.254520936930106528e-05,2.796190721436499988e-09
2.366666666666666696e+00,3.265388150467988610e-05,2.814895244898481864e-09
2.373333333333333517e+00,3.276291653238467790e-05,2.833724891619563473e-09
2.380000000000000338e+00,3.287231566439235709e-05,2.852680498640261350e-09
2.386666666666666714e+00,3.298208011672864399e-05,2.871762908600999309e-09
2.393333333333333535e+00,3.309221110948160863e-05,2.890972969779579312e-09
2.400000000000000355e+00,3.320270986681518258e-05,2.910311536128892225e-09
2.406666666666666732e+00,3.331357761698281313e-05,2.929779467314891605e-09
2.413333333333333552e+00,3.342481559234118524e-05,2.949377628754822269e-09
2.420000000000000373e+00,3.353642502936385539e-05,2.969106891655694535e-09
2.426666666666666750e+00,3.364840716865503446e-05,2.988968133053022737e-09
2.433333333333333570e+00,3.376076325496345199e-05,3.008962235849828867e-09
2.439999999999999947e+00,3.387349453719611878e-05,3.029090088855891876e-09
2.446666666666666767e+00,3.398660226843229276e-05,3.049352586827275741e-09
2.453333333333333588e+00,3.410008770593740419e-05,3.069750630506108997e-09
2.459999999999999964e+00,3.421395211117702836e-05,3.090285126660638888e-09
2.466666666666666785e+00,3.432819674983095986e-05,3.110956988125553528e-09
2.473333333333333606e+00,3.444282289180728687e-05,3.131767133842566275e-09
2.479999999999999982e+00,3.455783181125649260e-05,3.152716488901275973e-09
2.486666666666666803e+00,3.467322478658569897e-05,3.173805984580310917e-09
2.493333333333333623e+00,3.478900310047282899e-05,3.195036558388725931e-09
2.500000000000000000e+00,3.490516803988091149e-05,3.216409154107694755e-09
2.506666666666666821e+00,3.502172089607243999e-05,3.237924721832480360e-09
2.513333333333333641e+00,3.513866296462366386e-05,3.259584218014672034e-09
2.520000000000000018e+00,3.525599554543907595e-05,3.281388605504719003e-09
2.526666666666666838e+00,3.537371994276587316e-05,3.303338853594749445e-09
2.533333333333333659e+00,3.549183746520842374e-05,3.325435938061661213e-09
2.540000000000000036e+00,3.561034942574287017e-05,3.347680841210514495e-09
2.546666666666666856e+00,3.572925714173177264e-05,3.370074551918216050e-09
2.553333333333333677e+00,3.584856193493869155e-05,3.392618065677482613e-09
2.560000000000000053e+00,3.596826513154295982e-05,3.415312384641107882e-09
2.566666666666666874e+00,3.608836806215444832e-05,3.438158517666532249e-09
2.573333333333333695e+00,3.620887206182831782e-05,3.461157480360691705e-09
2.580000000000000071e+00,3.632977847007994032e-05,3.484310295125183143e-09
2.586666666666666892e+00,3.645108863089978649e-05,3.507617991201731584e-09
2.593333333333333712e+00,3.657280389276836735e-05,3.531081604717946493e-09
2.600000000000000089e+00,3.669492560867125043e-05,3.554702178733401949e-09
2.606666666666666909e+00,3.681745513611416412e-05,3.578480763286019141e-09
2.613333333333333286e+00,3.694039383713802060e-05,3.602418415438749549e-09
2.620000000000000107e+00,3.706374307833418280e-05,3.626516199326589816e-09
2.626666666666666927e+00,3.718750423085957540e-05,3.650775186203891936e-09
2.633333333333333304e+00,3.731167867045199251e-05,3.675196454491999344e-09
2.640000000000000124e+00,3.743626777744543904e-05,3.699781089827209325e-09
2.646666666666666945e+00,3.756127293678544510e-05,3.724530185109036939e-09
2.653333333333333321e+00,3.768669553804449555e-05,3.749444840548816844e-09
2.660000000000000142e+00,3.781253697543752730e-05,3.774526163718634335e-09
2.666666666666666963e+00,3.793879864783739953e-05,3.799775269600561209e-09
2.673333333333333339e+00,3.806548195879050621e-05,3.825193280636246889e-09
2.680000000000000160e+00,3.819258831653238182e-05,3.850781326776830507e-09
2.686666666666666980e+00,3.832011913400338161e-05,3.876540545533178892e-09
2.693333333333333357e+00,3.844807582886438225e-05,3.902472082026474451e-09
2.700000000000000178e+00,3.857645982351263825e-05,3.928577089039140545e-09
2.706666666666666998e+00,3.870527254509751642e-05,3.954856727066090292e-09
2.713333333333333375e+00,3.883451542553644051e-05,3.981312164366341811e-09
2.720000000000000195e+00,3.896418990153085598e-05,4.007944577014967642e-09
2.726666666666667016e+00,3.909429741458214072e-05,4.034755148955384973e-09
2.733333333333333393e+00,3.922483941100772580e-05,4.061745072052006508e-09
2.740000000000000213e+00,3.935581734195716194e-05,4.088915546143248689e-09
2.746666666666667034e+00,3.948723266342828094e-05,4.116267779094872431e-09
2.753333333333333410e+00,3.961908683628340448e-05,4.143802986853701062e-09
2.760000000000000231e+00,3.975138132626561394e-05,4.171522393501697257e-09
2.766666666666667052e+00,3.988411760401504053e-05,4.199427231310384898e-09
2.773333333333333428e+00,4.001729714508527063e-05,4.227518740795652281e-09
2.780000000000000249e+00,4.015092142995976468e-05,4.255798170772919263e-09
2.786666666666666625e+00,4.028499194406829639e-05,4.284266778412660112e-09
2.793333333333333446e+00,4.041951017780357489e-05,4.312925829296320916e-09
2.800000000000000266e+00,4.055447762653774499e-05,4.341776597472587715e-09
2.806666666666666643e+00,4.068989579063907706e-05,4.370820365514044238e-09
2.813333333333333464e+00,4.082576617548871122e-05,4.400058424574216759e-09
2.820000000000000284e+00,4.096209029149732692e-05,4.429492074444972162e-09
2.826666666666666661e+00,4.109886965412200228e-05,4.459122623614332901e-09
2.833333333333333481e+00,4.123610578388314124e-05,4.488951389324662535e-09
2.840000000000000302e+00,4.137380020638129895e-05,4.518979697631233433e-09
2.846666666666666679e+00,4.151195445231421738e-05,4.549208883461204743e-09
2.853333333333333499e+00,4.165057005749390144e-05,4.579640290672985013e-09
2.860000000000000320e+00,4.178964856286365454e-05,4.610275272115988545e-09
2.866666666666666696e+00,4.192919151451524962e-05,4.641115189690794586e-09
2.873333333333333517e+00,4.206920046370618831e-05,4.672161414409722592e-09
2.880000000000000338e+00,4.220967696687691941e-05,4.703415326457785512e-09
2.886666666666666714e+00,4.235062258566817258e-05,4.734878315254071556e-09
2.893333333333333535e+00,4.249203888693839365e-05,4.766551779513542025e-09
2.900000000000000355e+00,4.263392744278111219e-05,4.798437127309214618e-09
2.906666666666666732e+00,4.277628983054250559e-05,4.830535776134789278e-09
2.913333333333333552e+00,4.291912763283895637e-05,4.862849152967692585e-09
2.920000000000000373e+00,4.306244243757462978e-05,4.895378694332518374e-09
2.926666666666666750e+00,4.320623583795920052e-05,4.928125846364920822e-09
2.933333333333333570e+00,4.335050943252557266e-05,4.961092064875929396e-09
2.940000000000000391e+00,4.349526482514767415e-05,4.994278815416675730e-09
2.946666666666666767e+00,4.364050362505831221e-05,5.027687573343577118e-09
2.953333333333333588e+00,4.378622744686711015e-05,5.061319823883949304e-09
2.960000000000000409e+00,4.393243791057847120e-05,5.095177062202045275e-09
2.966666666666666785e+00,4.407913664160959666e-05,5.129260793465551480e-09
2.973333333333333606e+00,4.422632527080864621e-05,5.163572532912533218e-09
2.979999999999999982e+00,4.437400543447280349e-05,5.198113805918797737e-09
2.986666666666666803e+00,4.452217877436659909e-05,5.232886148065753657e-09
2.993333333333333623e+00,4.467084693774010481e-05,5.267891105208681491e-09
3.000000000000000000e+00,4.482001157734731767e-05,5.303130233545484763e-09
3.006666666666666821e+00,4.496967435146457105e-05,5.338605099685906000e-09
3.013333333333333641e+00,4.511983692390897284e-05,5.374317280721182782e-09
3.020000000000000018e+00,4.527050096405693181e-05,5.410268364294186044e-09
3.026666666666666838e+00,4.542166814686278550e-05,5.446459948670038138e-09
3.033333333333333659e+00,4.557334015287740789e-05,5.482893642807169300e-09
3.040000000000000036e+00,4.572551866826692540e-05,5.519571066428885320e-09
3.046666666666666856e+00,4.587820538483154139e-05,5.556493850095402562e-09
3.053333333333333677e+00,4.603140200002431314e-05,5.593663635276347040e-09
3.060000000000000053e+00,4.618511021697008478e-05,5.631082074423767164e-09
3.066666666666666874e+00,4.633933174448447433e-05,5.668750831045619645e-09
3.073333333333333695e+00,4.649406829709283373e-05,5.706671579779745077e-09
3.080000000000000071e+00,4.664932159504941208e-05,5.744846006468341496e-09
3.086666666666666892e+00,4.680509336435649862e-05,5.783275808232950779e-09
3.093333333333333712e+00,4.696138533678359273e-05,5.821962693549919025e-09
3.100000000000000089e+00,4.711819924988673667e-05,5.860908382326381366e-09
3.106666666666666909e+00,4.727553684702789563e-05,5.900114605976760456e-09
3.113333333333333730e+00,4.743339987739427692e-05,5.939583107499752172e-09
3.120000000000000107e+00,4.759179009601787944e-05,5.979315641555849807e-09
3.126666666666666927e+00,4.775070926379505678e-05,6.019313974545384426e-09
3.133333333333333748e+00,4.791015914750603962e-05,6.059579884687071454e-09
3.140000000000000124e+00,4.807014151983469535e-05,6.100115162097094935e-09
3.146666666666666945e+00,4.823065815938824694e-05,6.140921608868734418e-09
3.153333333333333321e+00,4.839171085071704612e-05,6.182001039152487323e-09
3.160000000000000142e+00,4.855330138433450236e-05,6.223355279236775305e-09
3.166666666666666963e+00,4.871543155673698476e-05,6.264986167629141952e-09
3.173333333333333339e+00,4.887810317042381878e-05,6.306895555138031170e-09
3.180000000000000160e+00,4.904131803391743210e-05,6.349085304955105718e-09
3.186666666666666980e+00,4.920507796178340558e-05,6.391557292738093483e-09
3.193333333333333357e+00,4.936938477465072751e-05,6.434313406694216083e-09
3.200000000000000178e+00,4.953424029923210204e-05,6.477355547664169215e-09
3.206666666666666998e+00,4.969964636834421705e-05,6.520685629206648926e-09
3.213333333333333375e+00,4.986560482092820839e-05,6.564305577683461056e-09
3.220000000000000195e+00,5.003211750207015815e-05,6.608217332345206397e-09
3.226666666666667016e+00,5.019918626302159281e-05,6.652422845417506826e-09
3.233333333333333393e+00,5.036681296122011696e-05,6.696924082187841898e-09
3.240000000000000213e+00,5.053499946031016226e-05,6.741723021092959504e-09
3.246666666666667034e+00,5.070374763016364145e-05,6.786821653806853147e-09
3.253333333333333410e+00,5.087305934690083958e-05,6.832221985329346366e-09
3.260000000000000231e+00,5.104293649291133237e-05,6.877926034075277697e-09
3.266666666666667052e+00,5.121338095687487737e-05,6.923935831964246463e-09
3.273333333333333428e+00,5.138439463378249497e-05,6.970253424510999620e-09
3.280000000000000249e+00,5.155597942495761710e-05,7.016880870916405915e-09
3.286666666666667069e+00,5.172813723807716138e-05,7.063820244159030566e-09
3.293333333333333446e+00,5.190086998719286963e-05,7.111073631087336950e-09
3.300000000000000266e+00,5.207417959275261241e-05,7.158643132512507849e-09
3.306666666666667087e+00,5.224806798162173424e-05,7.206530863301865574e-09
3.313333333333333464e+00,5.242253708710455470e-05,7.254738952472939768e-09
3.320000000000000284e+00,5.259758884896591696e-05,7.303269543288166358e-09
3.326666666666666661e+00,5.277322521345274305e-05,7.352124793350192818e-09
3.333333333333333481e+00,5.294944813331578569e-05,7.401306874697859244e-09
3.340000000000000302e+00,5.312625956783129875e-05,7.450817973902784103e-09
3.346666666666666679e+00,5.330366148282291106e-05,7.500660292166625779e-09
3.353333333333333499e+00,5.348165585068354760e-05,7.550836045418988502e-09
3.360000000000000320e+00,5.366024465039732363e-05,7.601347464415968505e-09
3.366666666666666696e+00,5.383942986756166238e-05,7.652196794839366897e-09
3.373333333333333517e+00,5.401921349440939928e-05,7.703386297396596538e-09
3.380000000000000338e+00,5.419959752983093349e-05,7.754918247921199371e-09
3.386666666666666714e+00,5.438058397939653541e-05,7.806794937474078441e-09
3.393333333333333535e+00,5.456217485537869481e-05,7.859018672445419779e-09
3.400000000000000355e+00,5.474437217677449600e-05,7.911591774657236332e-09
3.406666666666666732e+00,5.492717796932814216e-05,7.964516581466664620e-09
3.413333333333333552e+00,5.511059426555353386e-05,8.017795445869918179e-09
3.420000000000000373e+00,5.529462310475687466e-05,8.071430736606932528e-09
3.426666666666666750e+00,5.547926653305939194e-05,8.125424838266729778e-09
3.433333333333333570e+00,5.566452660342019996e-05,8.179780151393486349e-09
3.440000000000000391e+00,5.585040537565907497e-05,8.234499092593290555e-09
3.446666666666666767e+00,5.603690491647944698e-05,8.289584094641628106e-09
3.453333333333333588e+00,5.622402729949147301e-05,8.345037606591607109e-09
3.460000000000000409e+00,5.641177460523503568e-05,8.400862093882861364e-09
3.466666666666666785e+00,5.660014892120299261e-05,8.457060038451221272e-09
3.473333333333333606e+00,5.678915234186445962e-05,8.513633938839119291e-09
3.480000000000000426e+00,5.697878696868805335e-05,8.570586310306693524e-09
3.486666666666666803e+00,5.716905491016536421e-05,8.627919684943677131e-09
3.493333333333333623e+00,5.735995828183449038e-05,8.685636611782040481e-09
3.500000000000000444e+00,5.755149920630350395e-05,8.743739656909333087e-09
3.506666666666666821e+00,5.774367981327414758e-05,8.802231403582842809e-09
3.513333333333333641e+00,5.793650223956563948e-05,8.861114452344504471e-09
3.520000000000000018e+00,5.812996862913832934e-05,8.920391421136539713e-09
3.526666666666666838e+00,5.832408113311773375e-05,8.980064945417938910e-09
3.533333333333333659e+00,5.851884190981840219e-05,9.040137678281654467e-09
3.540000000000000036e+00,5.871425312476799991e-05,9.100612290572616332e-09
3.546666666666666856e+00,5.891031695073148557e-05,9.161491471006553180e-09
3.553333333333333677e+00,5.910703556773521446e-05,9.222777926289548139e-09
3.560000000000000053e+00,5.930441116309131272e-05,9.284474381238458084e-09
3.566666666666666874e+00,5.950244593142205830e-05,9.346583578902113802e-09
3.573333333333333695e+00,5.970114207468426199e-05,9.409108280683314236e-09
3.580000000000000071e+00,5.990050180219385169e-05,9.472051266461669430e-09
3.586666666666666892e+00,6.010052733065051093e-05,9.535415334717250788e-09
3.593333333333333712e+00,6.030122088416232408e-05,9.599203302655055294e-09
3.600000000000000089e+00,6.050258469427058431e-05,9.663418006330328334e-09
3.606666666666666909e+00,6.070462099997470313e-05,9.728062300774717011e-09
3.613333333333333730e+00,6.090733204775707245e-05,9.793139060123248986e-09
3.620000000000000107e+00,6.111072009160817069e-05,9.858651177742181518e-09
3.626666666666666927e+00,6.131478739305166884e-05,9.924601566357722343e-09
3.633333333333333748e+00,6.151953622116960421e-05,9.990993158185557885e-09
3.640000000000000124e+00,6.172496885262766277e-05,1.005782890506130296e-08
3.646666666666666945e+00,6.193108757170061036e-05,1.012511177857180739e-08
3.653333333333333766e+00,6.213789467029769023e-05,1.019284477018731637e-08
3.660000000000000142e+00,6.234539244798814237e-05,1.026103089139454722e-08
3.666666666666666963e+00,6.255358321202693979e-05,1.032967317383066124e-08
3.673333333333333783e+00,6.276246927738038926e-05,1.039877466941808586e-08
3.680000000000000160e+00,6.297205296675196238e-05,1.046833845050028647e-08
3.686666666666666980e+00,6.318233661060822161e-05,1.053836760997844468e-08
3.693333333333333357e+00,6.339332254720473269e-05,1.060886526144900864e-08
3.700000000000000178e+00,6.360501312261219390e-05,1.067983453934222420e-08
3.706666666666666998e+00,6.381741069074248402e-05,1.075127859906153308e-08
3.713333333333333375e+00,6.403051761337498135e-05,1.082320061712395038e-08
3.720000000000000195e+00,6.424433626018288270e-05,1.089560379130137019e-08
3.726666666666667016e+00,6.445886900875954953e-05,1.096849134076279929e-08
3.733333333333333393e+00,6.467411824464505731e-05,1.104186650621755039e-08
3.740000000000000213e+00,6.489008636135281272e-05,1.111573255005943295e-08
3.746666666666667034e+00,6.510677576039613015e-05,1.119009275651183236e-08
3.753333333333333410e+00,6.532418885131509279e-05,1.126495043177382153e-08
3.760000000000000231e+00,6.554232805170340020e-05,1.134030890416725337e-08
3.766666666666667052e+00,6.576119578723521586e-05,1.141617152428477824e-08
3.773333333333333428e+00,6.598079449169234000e-05,1.149254166513891503e-08
3.780000000000000249e+00,6.620112660699126043e-05,1.156942272231210512e-08
3.786666666666667069e+00,6.642219458321039311e-05,1.164681811410773236e-08
3.793333333333333446e+00,6.664400087861733634e-05,1.172473128170220185e-08
3.800000000000000266e+00,6.686654795969636873e-05,1.180316568929802798e-08
3.806666666666667087e+00,6.708983830117589320e-05,1.188212482427791661e-08
3.813333333333333464e+00,6.731387438605596204e-05,1.196161219735990614e-08
3.820000000000000284e+00,6.753865870563608678e-05,1.204163134275356565e-08
3.826666666666667105e+00,6.776419375954289886e-05,1.212218581831716917e-08
3.833333333333333481e+00,6.799048205575804074e-05,1.220327920571599817e-08
3.840000000000000302e+00,6.821752611064615186e-05,1.228491511058167810e-08
3.846666666666667123e+00,6.844532844898289529e-05,1.236709716267255045e-08
3.853333333333333499e+00,6.867389160398306564e-05,1.244982901603515498e-08
3.860000000000000320e+00,6.890321811732894096e-05,1.253311434916680382e-08
3.866666666666666696e+00,6.913331053919848557e-05,1.261695686517917789e-08
3.873333333333333517e+00,6.936417142829387809e-05,1.270136029196310961e-08
3.880000000000000338e+00,6.959580335186997177e-05,1.278632838235439121e-08
3.886666666666666714e+00,6.982820888576291745e-05,1.287186491430072459e-08
3.893333333333333535e+00,7.006139061441896262e-05,1.295797369102981771e-08
3.900000000000000355e+00,7.029535113092312863e-05,1.304465854121853798e-08
3.906666666666666732e+00,7.053009303702822660e-05,1.313192331916325365e-08
3.913333333333333552e+00,7.076561894318385987e-05,1.321977190495132150e-08
3.920000000000000373e+00,7.100193146856542637e-05,1.330820820463365335e-08
3.926666666666666750e+00,7.123903324110341924e-05,1.339723615039851325e-08
3.933333333333333570e+00,7.147692689751272731e-05,1.348685970074646123e-08
3.940000000000000391e+00,7.171561508332194930e-05,1.357708284066642866e-08
3.946666666666666767e+00,7.195510045290293827e-05,1.366790958181300288e-08
3.953333333333333588e+00,7.219538566950046813e-05,1.375934396268492614e-08
3.960000000000000409e+00,7.243647340526176460e-05,1.385139004880471956e-08
3.966666666666666785e+00,7.267836634126641562e-05,1.394405193289956600e-08
3.973333333333333606e+00,7.292106716755629534e-05,1.403733373508340891e-08
3.980000000000000426e+00,7.316457858316544743e-05,1.413123960304021091e-08
3.986666666666666803e+00,7.340890329615019883e-05,1.422577371220849113e-08
3.993333333333333623e+00,7.365404402361947671e-05,1.432094026596710836e-08
4.000000000000000000e+00,7.390000349176494932e-05,1.441674349582221706e-08
4.006666666666666821e+00,7.414678443589151915e-05,1.451318766159557011e-08
4.013333333333333641e+00,7.439438960044777549e-05,1.461027705161399276e-08
4.020000000000000462e+00,7.464282173905663668e-05,1.470801598290019007e-08
4.026666666666667282e+00,7.489208361454601946e-05,1.480640880136480167e-08
4.033333333333333215e+00,7.514217799897963035e-05,1.490545988199973541e-08
4.040000000000000036e+00,7.539310767368801445e-05,1.500517362907285423e-08
4.046666666666666856e+00,7.564487542929934681e-05,1.510555447632385252e-08
4.053333333333333677e+00,7.589748406577072521e-05,1.520660688716155855e-08
4.060000000000000497e+00,7.615093639241931386e-05,1.530833535486250251e-08
4.066666666666667318e+00,7.640523522795370393e-05,1.541074440277080962e-08
4.073333333333333250e+00,7.666038340050531480e-05,1.551383858449944992e-08
4.080000000000000071e+00,7.691638374766003919e-05,1.561762248413287431e-08
4.086666666666666892e+00,7.717323911648972566e-05,1.572210071643087491e-08
4.093333333333333712e+00,7.743095236358398642e-05,1.582727792703396736e-08
4.100000000000000533e+00,7.768952635508215418e-05,1.593315879267005692e-08
4.106666666666667354e+00,7.794896396670510346e-05,1.603974802136251084e-08
4.113333333333333286e+00,7.820926808378738369e-05,1.614705035263961367e-08
4.120000000000000107e+00,7.847044160130948770e-05,1.625507055774548843e-08
4.126666666666666927e+00,7.873248742392995774e-05,1.636381343985228828e-08
4.133333333333333748e+00,7.899540846601792502e-05,1.647328383427396644e-08
4.140000000000000568e+00,7.925920765168551385e-05,1.658348660868137296e-08
4.146666666666666501e+00,7.952388791482050323e-05,1.669442666331883372e-08
4.153333333333333321e+00,7.978945219911917814e-05,1.680610893122221185e-08
4.160000000000000142e+00,8.005590345811889632e-05,1.691853837843832229e-08
4.166666666666666963e+00,8.032324465523119701e-05,1.703172000424592139e-08
4.173333333333333783e+00,8.059147876377485567e-05,1.714565884137813576e-08
4.180000000000000604e+00,8.086060876700897917e-05,1.726035995624637677e-08
4.186666666666666536e+00,8.113063765816633146e-05,1.737582844916575059e-08
4.193333333333333357e+00,8.140156844048678127e-05,1.749206945458203651e-08
4.200000000000000178e+00,8.167340412725062769e-05,1.760908814130005167e-08
4.206666666666666998e+00,8.194614774181235958e-05,1.772688971271369332e-08
4.213333333333333819e+00,8.221980231763433358e-05,1.784547940703742693e-08
4.220000000000000639e+00,8.249437089832057409e-05,1.796486249753936920e-08
4.226666666666666572e+00,8.276985653765077660e-05,1.808504429277588963e-08
4.233333333333333393e+00,8.304626229961444646e-05,1.820603013682787655e-08
4.240000000000000213e+00,8.332359125844487511e-05,1.832782540953842578e-08
4.246666666666667034e+00,8.360184649865359059e-05,1.845043552675226638e-08
4.253333333333333854e+00,8.388103111506469963e-05,1.857386594055673163e-08
4.260000000000000675e+00,8.416114821284948725e-05,1.869812213952434465e-08
4.266666666666666607e+00,8.444220090756092152e-05,1.882320964895700866e-08
4.273333333333333428e+00,8.472419232516861906e-05,1.894913403113193117e-08
4.280000000000000249e+00,8.500712560209351242e-05,1.907590088554901050e-08
4.286666666666667069e+00,8.529100388524292399e-05,1.920351584918006198e-08
4.293333333333333890e+00,8.557583033204569419e-05,1.933198459671961251e-08
4.300000000000000711e+00,8.586160811048739090e-05,1.946131284083740572e-08
4.306666666666666643e+00,8.614834039914558671e-05,1.959150633243257470e-08
4.313333333333333464e+00,8.643603038722551561e-05,1.972257086088960149e-08
4.320000000000000284e+00,8.672468127459541799e-05,1.985451225433581837e-08
4.326666666666667105e+00,8.701429627182237351e-05,1.998733637990080840e-08
4.333333333333333925e+00,8.730487860020807978e-05,2.012104914397746366e-08
4.339999999999999858e+00,8.759643149182480722e-05,2.025565649248476061e-08
4.346666666666666679e+00,8.788895818955157072e-05,2.039116441113243148e-08
4.353333333333333499e+00,8.818246194711007100e-05,2.052757892568718735e-08
4.360000000000000320e+00,8.847694602910117796e-05,2.066490610224092320e-08
4.366666666666667140e+00,8.877241371104134635e-05,2.080315204748063026e-08
4.373333333333333961e+00,8.906886827939908562e-05,2.094232290896012153e-08
4.379999999999999893e+00,8.936631303163168724e-05,2.108242487537357708e-08
4.386666666666666714e+00,8.966475127622206053e-05,2.122346417683098530e-08
4.393333333333333535e+00,8.996418633271555478e-05,2.136544708513527486e-08
4.400000000000000355e+00,9.026462153175706619e-05,2.150837991406146501e-08
4.406666666666667176e+00,9.056606021512814456e-05,2.165226901963760918e-08
4.413333333333333997e+00,9.086850573578438483e-05,2.179712080042761468e-08
4.419999999999999929e+00,9.117196145789272356e-05,2.194294169781597481e-08
4.426666666666666750e+00,9.147643075686914208e-05,2.208973819629445307e-08
4.433333333333333570e+00,9.178191701941612569e-05,2.223751682375054758e-08
4.440000000000000391e+00,9.208842364356063781e-05,2.238628415175803988e-08
4.446666666666667211e+00,9.239595403869194513e-05,2.253604679586941319e-08
4.453333333333334032e+00,9.270451162559968661e-05,2.268681141591024273e-08
4.459999999999999964e+00,9.301409983651202386e-05,2.283858471627554141e-08
4.466666666666666785e+00,9.332472211513414390e-05,2.299137344622817350e-08
4.473333333333333606e+00,9.363638191668634172e-05,2.314518440019909477e-08
4.480000000000000426e+00,9.394908270794286183e-05,2.330002441808977960e-08
4.486666666666667247e+00,9.426282796727045523e-05,2.345590038557657714e-08
4.493333333333333179e+00,9.457762118466726158e-05,2.361281923441711886e-08
4.500000000000000000e+00,9.489346586180184048e-05,2.377078794275886685e-08
4.506666666666666821e+00,9.521036551205202658e-05,2.392981353544952824e-08
4.513333333333333641e+00,9.552832366054432676e-05,2.408990308434974929e-08
4.520000000000000462e+00,9.584734384419324959e-05,2.425106370864780474e-08
4.526666666666667282e+00,9.616742961174072960e-05,2.441330257517642113e-08
4.533333333333333215e+00,9.648858452379571423e-05,2.457662689873168148e-08
4.540000000000000036e+00,9.681081215287410313e-05,2.474104394239420622e-08
4.546666666666666856e+00,9.713411608343834863e-05,2.490656101785222684e-08
4.553333333333333677e+00,9.745849991193763899e-05,2.507318548572706817e-08
4.560000000000000497e+00,9.778396724684801388e-05,2.524092475590070200e-08
4.566666666666667318e+00,9.811052170871262896e-05,2.540978628784549437e-08
4.573333333333333250e+00,9.843816693018215592e-05,2.557977759095617298e-08
4.580000000000000071e+00,9.876690655605546720e-05,2.575090622488409420e-08
4.586666666666666892e+00,9.909674424332009027e-05,2.592317979987354492e-08
4.593333333333333712e+00,9.942768366119323113e-05,2.609660597710051935e-08
4.600000000000000533e+00,9.975972849116263518e-05,2.627119246901364314e-08
4.606666666666667354e+00,1.000928824270277463e-04,2.644694703967741032e-08
4.613333333333333286e+00,1.004271491749408657e-04,2.662387750511770329e-08
4.620000000000000107e+00,1.007625324534486906e-04,2.680199173366973143e-08
4.626666666666666927e+00,1.010990359935336089e-04,2.698129764632805753e-08
4.633333333333333748e+00,1.014366635386555353e-04,2.716180321709922824e-08
4.640000000000000568e+00,1.017754188447935723e-04,2.734351647335663119e-08
4.646666666666667389e+00,1.021153056804880908e-04,2.752644549619775432e-08
4.653333333333333321e+00,1.024563278268826204e-04,2.771059842080381423e-08
4.660000000000000142e+00,1.027984890777663372e-04,2.789598343680191905e-08
4.666666666666666963e+00,1.031417932396161169e-04,2.808260878862941163e-08
4.673333333333333783e+00,1.034862441316392392e-04,2.827048277590088636e-08
4.680000000000000604e+00,1.038318455858159829e-04,2.845961375377756829e-08
4.686666666666666536e+00,1.041786014469423167e-04,2.865001013333912088e-08
4.693333333333333357e+00,1.045265155726731181e-04,2.884168038195811731e-08
4.700000000000000178e+00,1.048755918335648909e-04,2.903463302367674180e-08
4.706666666666666998e+00,1.052258341131191878e-04,2.922887663958627363e-08
4.713333333333333819e+00,1.055772463078259510e-04,2.942441986820897329e-08
4.720000000000000639e+00,1.059298323272070159e-04,2.962127140588257914e-08
4.726666666666666572e+00,1.062835960938597098e-04,2.981944000714732208e-08
4.733333333333333393e+00,1.066385415435008432e-04,3.001893448513568314e-08
4.740000000000000213e+00,1.069946726250104574e-04,3.021976371196450026e-08
4.746666666666667034e+00,1.073519933004759652e-04,3.042193661912993704e-08
4.753333333333333854e+00,1.077105075452364946e-04,3.062546219790501922e-08
4.760000000000000675e+00,1.080702193479272054e-04,3.083034949973979150e-08
4.766666666666666607e+00,1.084311327105238099e-04,3.103660763666418102e-08
4.773333333333333428e+00,1.087932516483874716e-04,3.124424578169366652e-08
4.780000000000000249e+00,1.091565801903093531e-04,3.145327316923742256e-08
4.786666666666667069e+00,1.095211223785558133e-04,3.166369909550941500e-08
4.793333333333333890e+00,1.098868822689134830e-04,3.187553291894218326e-08
4.800000000000000711e+00,1.102538639307345988e-04,3.208878406060337531e-08
4.806666666666666643e+00,1.106220714469824168e-04,3.230346200461503570e-08
4.813333333333333464e+00,1.109915089142769393e-04,3.251957629857588446e-08
4.820000000000000284e+00,1.113621804429404784e-04,3.273713655398610424e-08
4.826666666666667105e+00,1.117340901570436937e-04,3.295615244667529036e-08
4.833333333333333925e+00,1.121072421944516439e-04,3.317663371723308773e-08
4.840000000000000746e+00,1.124816407068699874e-04,3.339859017144277906e-08
4.846666666666666679e+00,1.128572898598913590e-04,3.362203168071769209e-08
4.853333333333333499e+00,1.132341938330420314e-04,3.384696818254077001e-08
4.860000000000000320e+00,1.136123568198283595e-04,3.407340968090666308e-08
4.866666666666667140e+00,1.139917830277837940e-04,3.430136624676722168e-08
4.873333333333333961e+00,1.143724766785158821e-04,3.453084801847968918e-08
4.879999999999999893e+00,1.147544420077533349e-04,3.476186520225800511e-08
4.886666666666666714e+00,1.151376832653935428e-04,3.499442807262719860e-08
4.893333333333333535e+00,1.155222047155498195e-04,3.522854697288060091e-08
4.900000000000000355e+00,1.159080106365991748e-04,3.546423231554032693e-08
4.906666666666667176e+00,1.162951053212300871e-04,3.570149458282082058e-08
4.913333333333333997e+00,1.166834930764904931e-04,3.594034432709539131e-08
4.919999999999999929e+00,1.170731782238358041e-04,3.618079217136594679e-08
4.926666666666666750e+00,1.174641650991774516e-04,3.642284880973599464e-08
4.933333333333333570e+00,1.178564580529309846e-04,3.666652500788648968e-08
4.940000000000000391e+00,1.182500614500649270e-04,3.691183160355521483e-08
4.946666666666667211e+00,1.186449796701494311e-04,3.715877950701915319e-08
4.953333333333334032e+00,1.190412171074052967e-04,3.740737970158019521e-08
4.959999999999999964e+00,1.194387781707529505e-04,3.765764324405403555e-08
4.966666666666666785e+00,1.198376672838619936e-04,3.790958126526249114e-08
4.973333333333333606e+00,1.202378888852002621e-04,3.816320497052882351e-08
4.980000000000000426e+00,1.206394474280836322e-04,3.841852564017666769e-08
4.986666666666667247e+00,1.210423473807257854e-04,3.867555463003219040e-08
4.993333333333334068e+00,1.214465932262881226e-04,3.893430337192957681e-08
5.000000000000000000e+00,1.218521894629297724e-04,3.919478337421994512e-08
5.006666666666666821e+00,1.222591406038581153e-04,3.945700622228380154e-08
5.013333333333333641e+00,1.226674511773789280e-04,3.972098357904655905e-08
5.020000000000000462e+00,1.230771257269470834e-04,3.998672718549790098e-08
5.026666666666667282e+00,1.234881688112174944e-04,4.025424886121444003e-08
5.033333333333333215e+00,1.239005850040957599e-04,4.052356050488585144e-08
5.040000000000000036e+00,1.243143788947897186e-04,4.079467409484474508e-08
5.046666666666666856e+00,1.247295550878602436e-04,4.106760168959971386e-08
5.053333333333333677e+00,1.251461182032730405e-04,4.134235542837227981e-08
5.060000000000000497e+00,1.255640728764502011e-04,4.161894753163733417e-08
5.066666666666667318e+00,1.259834237583220282e-04,4.189739030166713776e-08
5.073333333333333250e+00,1.264041755153789417e-04,4.217769612307902694e-08
5.080000000000000071e+00,1.268263328297238187e-04,4.245987746338689831e-08
5.086666666666666892e+00,1.272499003991241163e-04,4.274394687355602851e-08
5.093333333333333712e+00,1.276748829370645641e-04,4.302991698856203652e-08
5.100000000000000533e+00,1.281012851727997206e-04,4.331780052795335328e-08
5.106666666666667354e+00,1.285291118514069364e-04,4.360761029641746982e-08
5.113333333333333286e+00,1.289583677338393181e-04,4.389935918435104337e-08
5.120000000000000107e+00,1.293890575969791244e-04,4.419306016843391439e-08
5.126666666666666927e+00,1.298211862336909469e-04,4.448872631220663082e-08
5.133333333333333748e+00,1.302547584528754049e-04,4.478637076665220755e-08
5.140000000000000568e+00,1.306897790795229491e-04,4.508600677078161143e-08
5.146666666666667389e+00,1.311262529547676647e-04,4.538764765222320360e-08
5.153333333333333321e+00,1.315641849359415363e-04,4.569130682781605957e-08
5.160000000000000142e+00,1.320035798966288205e-04,4.599699780420751788e-08
5.166666666666666963e+00,1.324444427267203097e-04,4.630473417845427573e-08
5.173333333333333783e+00,1.328867783324681664e-04,4.661452963862795135e-08
5.180000000000000604e+00,1.333305916365407019e-04,4.692639796442449770e-08
5.186666666666667425e+00,1.337758875780775084e-04,4.724035302777771248e-08
5.193333333333333357e+00,1.342226711127446175e-04,4.755640879347686404e-08
5.200000000000000178e+00,1.346709472127900385e-04,4.787457931978860551e-08
5.206666666666666998e+00,1.351207208670991613e-04,4.819487875908269393e-08
5.213333333333333819e+00,1.355719970812506198e-04,4.851732135846228197e-08
5.220000000000000639e+00,1.360247808775724265e-04,4.884192146039823319e-08
5.226666666666666572e+00,1.364790772951978359e-04,4.916869350336769877e-08
5.233333333333333393e+00,1.369348913901221297e-04,4.949765202249717440e-08
5.240000000000000213e+00,1.373922282352586972e-04,4.982881165020944153e-08
5.246666666666667034e+00,1.378510929204960101e-04,5.016218711687524669e-08
5.253333333333333854e+00,1.383114905527545429e-04,5.049779325146918962e-08
5.260000000000000675e+00,1.387734262560439379e-04,5.083564498223000520e-08
5.266666666666666607e+00,1.392369051715200607e-04,5.117575733732522632e-08
5.273333333333333428e+00,1.397019324575429517e-04,5.151814544552053180e-08
5.280000000000000249e+00,1.401685132897340438e-04,5.186282453685314414e-08
5.286666666666667069e+00,1.406366528610343851e-04,5.220980994331016402e-08
5.293333333333333890e+00,1.411063563817625344e-04,5.255911709951124572e-08
5.300000000000000711e+00,1.415776290796729462e-04,5.291076154339586513e-08
5.306666666666666643e+00,1.420504762000144086e-04,5.326475891691518021e-08
5.313333333333333464e+00,1.425249030055888348e-04,5.362112496672874865e-08
5.320000000000000284e+00,1.430009147768099178e-04,5.397987554490542123e-08
5.326666666666667105e+00,1.434785168117623554e-04,5.434102660962942976e-08
5.333333333333333925e+00,1.439577144262610745e-04,5.470459422591097494e-08
5.340000000000000746e+00,1.444385129539107267e-04,5.507059456630157877e-08
5.346666666666666679e+00,1.449209177461652925e-04,5.543904391161424123e-08
5.353333333333333499e+00,1.454049341723881732e-04,5.580995865164862624e-08
5.360000000000000320e+00,1.458905676199119029e-04,5.618335528592064151e-08
5.366666666666667140e+00,1.463778234940986747e-04,5.655925042439735882e-08
5.373333333333333961e+00,1.468667072184008388e-04,5.693766078823665899e-08
5.380000000000000782e+00,1.473572242344214011e-04,5.731860321053186657e-08
5.386666666666666714e+00,1.478493800019750094e-04,5.770209463706128787e-08
5.393333333333333535e+00,1.483431799991492383e-04,5.808815212704310271e-08
5.400000000000000355e+00,1.488386297223655210e-04,5.847679285389473601e-08
5.406666666666667176e+00,1.493357346864408947e-04,5.886803410599784765e-08
5.413333333333333997e+00,1.498345004246496648e-04,5.926189328746820605e-08
5.419999999999999929e+00,1.503349324887852585e-04,5.965838791893072330e-08
5.426666666666666750e+00,1.508370364492225932e-04,6.005753563829989012e-08
5.433333333333333570e+00,1.513408178949800665e-04,6.045935420156501515e-08
5.440000000000000391e+00,1.518462824337822765e-04,6.086386148358116177e-08
5.446666666666667211e+00,1.523534356921228249e-04,6.127107547886514073e-08
5.453333333333334032e+00,1.528622833153272273e-04,6.168101430239698858e-08
5.459999999999999964e+00,1.533728309676160952e-04,6.209369619042654159e-08
5.466666666666666785e+00,1.538850843321686978e-04,6.250913950128597855e-08
5.473333333333333606e+00,1.543990491111861974e-04,6.292736271620695611e-08
5.480000000000000426e+00,1.549147310259558076e-04,6.334838444014408361e-08
5.486666666666667247e+00,1.554321358169147066e-04,6.377222340260332132e-08
5.493333333333334068e+00,1.559512692437143579e-04,6.419889845847625496e-08
5.500000000000000000e+00,1.564721370852848034e-04,6.462842858887973032e-08
5.506666666666666821e+00,1.569947451398996880e-04,6.506083290200148332e-08
5.513333333333333641e+00,1.575190992252408515e-04,6.549613063395086550e-08
5.520000000000000462e+00,1.580452051784635159e-04,6.593434114961576341e-08
5.526666666666667282e+00,1.585730688562617715e-04,6.637548394352510316e-08
5.533333333333334103e+00,1.591026961349340354e-04,6.681957864071705919e-08
5.540000000000000036e+00,1.596340929104487810e-04,6.726664499761313932e-08
5.546666666666666856e+00,1.601672650985108378e-04,6.771670290289830495e-08
5.553333333333333677e+00,1.607022186346272015e-04,6.816977237840655719e-08
5.560000000000000497e+00,1.612389594741737671e-04,6.862587358001283614e-08
5.566666666666667318e+00,1.617774935924620077e-04,6.908502679853083607e-08
5.573333333333333250e+00,1.623178269848056792e-04,6.954725246061664402e-08
5.580000000000000071e+00,1.628599656665882854e-04,7.001257112967882373e-08
5.586666666666666892e+00,1.634039156733300816e-04,7.048100350679404505e-08
5.593333333333333712e+00,1.639496830607558371e-04,7.095257043162931752e-08
5.600000000000000533e+00,1.644972739048626792e-04,7.142729288337021936e-08
5.606666666666667354e+00,1.650466943019880184e-04,7.190519198165534687e-08
5.613333333333333286e+00,1.655979503688778534e-04,7.238628898751702394e-08
5.620000000000000107e+00,1.661510482427555092e-04,7.287060530432857601e-08
5.626666666666666927e+00,1.667059940813899149e-04,7.335816247875729515e-08
5.633333333333333748e+00,1.672627940631649112e-04,7.384898220172451211e-08
5.640000000000000568e+00,1.678214543871483415e-04,7.434308630937178306e-08
5.646666666666667389e+00,1.683819812731614945e-04,7.484049678403345543e-08
5.653333333333333321e+00,1.689443809618486564e-04,7.534123575521594385e-08
5.660000000000000142e+00,1.695086597147473938e-04,7.584532550058366334e-08
5.666666666666666963e+00,1.700748238143581326e-04,7.635278844695105039e-08
5.673333333333333783e+00,1.706428795642149021e-04,7.686364717128182368e-08
5.680000000000000604e+00,1.712128332889559170e-04,7.737792440169470331e-08
5.686666666666667425e+00,1.717846913343942393e-04,7.789564301847581371e-08
5.693333333333333357e+00,1.723584600675889843e-04,7.841682605509788928e-08
5.700000000000000178e+00,1.729341458769169046e-04,7.894149669924661360e-08
5.706666666666666998e+00,1.735117551721433780e-04,7.946967829385321881e-08
5.713333333333333819e+00,1.740912943844947244e-04,8.000139433813458907e-08
5.720000000000000639e+00,1.746727699667300065e-04,8.053666848864006098e-08
5.726666666666667460e+00,1.752561883932133734e-04,8.107552456030530460e-08
5.733333333333333393e+00,1.758415561599866209e-04,8.161798652751317928e-08
5.740000000000000213e+00,1.764288797848421856e-04,8.216407852516210693e-08
5.746666666666667034e+00,1.770181658073956504e-04,8.271382484974075824e-08
5.753333333333333854e+00,1.776094207891594978e-04,8.326724996041085204e-08
5.760000000000000675e+00,1.782026513136164287e-04,8.382437848009670429e-08
5.766666666666666607e+00,1.787978639862930887e-04,8.438523519658210934e-08
5.773333333333333428e+00,1.793950654348344437e-04,8.494984506361502966e-08
5.780000000000000249e+00,1.799942623090775332e-04,8.551823320201881047e-08
5.786666666666667069e+00,1.805954612811262803e-04,8.609042490081169256e-08
5.793333333333333890e+00,1.811986690454262742e-04,8.666644561833343230e-08
5.800000000000000711e+00,1.818038923188397158e-04,8.724632098337955816e-08
5.806666666666666643e+00,1.824111378407206616e-04,8.783007679634305203e-08
5.813333333333333464e+00,1.830204123729908632e-04,8.841773903036423613e-08
5.820000000000000284e+00,1.836317227002150383e-04,8.900933383248748913e-08
5.826666666666667105e+00,1.842450756296773614e-04,8.960488752482651206e-08
5.833333333333333925e+00,1.848604779914574656e-04,9.020442660573700570e-08
5.840000000000000746e+00,1.854779366385072865e-04,9.080797775099732863e-08
5.846666666666666679e+00,1.860974584467274973e-04,9.141556781499695061e-08
5.853333333333333499e+00,1.867190503150451659e-04,9.202722383193327048e-08
5.860000000000000320e+00,1.873427191654904341e-04,9.264297301701573962e-08
5.866666666666667140e+00,1.879684719432745267e-04,9.326284276767869404e-08
5.873333333333333961e+00,1.885963156168675426e-04,9.388686066480208767e-08
5.880000000000000782e+00,1.892262571780764903e-04,9.451505447394039160e-08
5.886666666666666714e+00,1.898583036421236760e-04,9.514745214655965918e-08
5.893333333333333535e+00,1.904924620477256331e-04,9.578408182128336597e-08
5.900000000000000355e+00,1.911287394571716458e-04,9.642497182514568758e-08
5.906666666666667176e+00,1.917671429564030854e-04,9.707015067485404198e-08
5.913333333333333997e+00,1.924076796550929641e-04,9.771964707805966543e-08
5.920000000000000817e+00,1.930503566867255690e-04,9.837348993463687044e-08
5.926666666666666750e+00,1.936951812086763682e-04,9.903170833797065495e-08
5.933333333333333570e+00,1.943421604022926212e-04,9.969433157625352301e-08
5.940000000000000391e+00,1.949913014729733930e-04,1.003613891337900479e-07
5.946666666666667211e+00,1.956426116502507065e-04,1.010329106923110172e-07
5.953333333333334032e+00,1.962960981878705867e-04,1.017089261322960352e-07
5.959999999999999964e+00,1.969517683638742135e-04,1.023894655343049922e-07
5.966666666666666785e+00,1.976096294806799951e-04,1.030745591803188519e-07
5.973333333333333606e+00,1.982696888651648841e-04,1.037642375550885379e-07
5.980000000000000426e+00,1.989319538687469929e-04,1.044585313474937730e-07
5.986666666666667247e+00,1.995964318674678308e-04,1.051574714519106272e-07
5.993333333333334068e+00,2.002631302620751642e-04,1.058610889695882773e-07
6.000000000000000000e+00,2.009320564781059038e-04,1.065694152100348849e-07
6.006666666666666821e+00,2.016032179659697234e-04,1.072824816924132951e-07
6.013333333333333641e+00,2.022766222010321103e-04,1.080003201469450859e-07
6.020000000000000462e+00,2.029522766836986617e-04,1.087229625163250478e-07
6.026666666666667282e+00,2.036301889394990291e-04,1.094504409571446086e-07
6.033333333333334103e+00,2.043103665191714317e-04,1.101827878413249606e-07
6.040000000000000036e+00,2.049928169987472518e-04,1.109200357575596373e-07
6.046666666666666856e+00,2.056775479796363337e-04,1.116622175127672539e-07
6.053333333333333677e+00,2.063645670887118502e-04,1.124093661335531292e-07
6.060000000000000497e+00,2.070538819783961982e-04,1.131615148676815078e-07
6.066666666666667318e+00,2.077455003267466779e-04,1.139186971855572994e-07
6.073333333333334139e+00,2.084394298375418224e-04,1.146809467817177824e-07
6.080000000000000071e+00,2.091356782403676459e-04,1.154482975763342748e-07
6.086666666666666892e+00,2.098342532907047052e-04,1.162207837167242729e-07
6.093333333333333712e+00,2.105351627700147274e-04,1.169984395788728420e-07
6.100000000000000533e+00,2.112384144858281594e-04,1.177812997689651501e-07
6.106666666666667354e+00,2.119440162718318253e-04,1.185693991249287563e-07
6.113333333333333286e+00,2.126519759879566388e-04,1.193627727179863147e-07
6.120000000000000107e+00,2.133623015204663448e-04,1.201614558542191442e-07
6.126666666666666927e+00,2.140750007820452856e-04,1.209654840761402486e-07
6.133333333333333748e+00,2.147900817118877394e-04,1.217748931642789953e-07
6.140000000000000568e+00,2.155075522757868788e-04,1.225897191387758144e-07
6.146666666666667389e+00,2.162274204662242448e-04,1.234099982609876699e-07
6.153333333333333321e+00,2.169496943024592746e-04,1.242357670351044104e-07
6.160000000000000142e+00,2.176743818306198057e-04,1.250670622097761838e-07
6.166666666666666963e+00,2.184014911237917931e-04,1.259039207797508848e-07
6.173333333333333783e+00,2.191310302821103016e-04,1.267463799875236456e-07
6.180000000000000604e+00,2.198630074328504426e-04,1.275944773249969142e-07
6.186666666666667425e+00,2.205974307305184749e-04,1.284482505351514656e-07
6.193333333333333357e+00,2.213343083569434191e-04,1.293077376137288999e-07
6.200000000000000178e+00,2.220736485213691881e-04,1.301729768109257618e-07
6.206666666666666998e+00,2.228154594605463105e-04,1.310440066330980084e-07
6.213333333333333819e+00,2.235597494388247113e-04,1.319208658444778398e-07
6.220000000000000639e+00,2.243065267482464921e-04,1.328035934689017515e-07
6.226666666666667460e+00,2.250557997086389292e-04,1.336922287915501023e-07
6.233333333333333393e+00,2.258075766677079582e-04,1.345868113606983020e-07
6.240000000000000213e+00,2.265618660011322564e-04,1.354873809894802543e-07
6.246666666666667034e+00,2.273186761126567274e-04,1.363939777576625998e-07
6.253333333333333854e+00,2.280780154341872066e-04,1.373066420134319291e-07
6.260000000000000675e+00,2.288398924258852206e-04,1.382254143751933514e-07
6.266666666666667496e+00,2.296043155762628814e-04,1.391503357333814243e-07
6.273333333333333428e+00,2.303712934022782155e-04,1.400814472522828629e-07
6.280000000000000249e+00,2.311408344494311968e-04,1.410187903718722722e-07
6.286666666666667069e+00,2.319129472918591292e-04,1.419624068096589697e-07
6.293333333333333890e+00,2.326876405324334663e-04,1.429123385625473082e-07
6.300000000000000711e+00,2.334649228028561963e-04,1.438686279087088833e-07
6.306666666666666643e+00,2.342448027637568516e-04,1.448313174094673669e-07
6.313333333333333464e+00,2.350272891047902222e-04,1.458004499111966288e-07
6.320000000000000284e+00,2.358123905447332563e-04,1.467760685472302136e-07
6.326666666666667105e+00,2.366001158315835331e-04,1.477582167397849786e-07
6.333333333333333925e+00,2.373904737426574913e-04,1.487469382018969885e-07
6.340000000000000746e+00,2.381834730846889021e-04,1.497422769393704842e-07
6.346666666666666679e+00,2.389791226939278835e-04,1.507442772527398766e-07
6.353333333333333499e+00,2.397774314362406201e-04,1.517529837392454506e-07
6.360000000000000320e+00,2.405784082072081882e-04,1.527684412948211134e-07
6.366666666666667140e+00,2.413820619322271696e-04,1.537906951160966742e-07
6.373333333333333961e+00,2.421884015666097504e-04,1.548197907024130947e-07
6.380000000000000782e+00,2.429974360956843626e-04,1.558557738578511328e-07
6.386666666666666714e+00,2.438091745348966227e-04,1.568986906932735922e-07
6.393333333333333535e+00,2.446236259299110574e-04,1.579485876283821298e-07
6.400000000000000355e+00,2.454407993567121510e-04,1.590055113937861077e-07
6.406666666666667176e+00,2.462607039217068298e-04,1.600695090330869555e-07
6.413333333333333997e+00,2.470833487618266482e-04,1.611406279049759006e-07
6.420000000000000817e+00,2.479087430446306789e-04,1.622189156853456215e-07
6.426666666666666750e+00,2.487368959684081336e-04,1.633044203694162205e-07
6.433333333333333570e+00,2.495678167622826624e-04,1.643971902738759148e-07
6.440000000000000391e+00,2.504015146863150282e-04,1.654972740390349882e-07
6.446666666666667211e+00,2.512379990316080574e-04,1.666047206309952274e-07
6.453333333333334032e+00,2.520772791204106147e-04,1.677195793438334676e-07
6.460000000000000853e+00,2.529193643062228251e-04,1.688418998017998542e-07
6.466666666666666785e+00,2.537642639739008080e-04,1.699717319615307965e-07
6.473333333333333606e+00,2.546119875397628201e-04,1.711091261142773253e-07
6.480000000000000426e+00,2.554625444516944776e-04,1.722541328881470307e-07
6.486666666666667247e+00,2.563159441892554958e-04,1.734068032503625168e-07
6.493333333333334068e+00,2.571721962637859953e-04,1.745671885095343613e-07
6.500000000000000000e+00,2.580313102185136749e-04,1.757353403179490311e-07
6.506666666666666821e+00,2.588932956286612566e-04,1.769113106738733414e-07
6.513333333333333641e+00,2.597581621015538755e-04,1.780951519238724140e-07
6.520000000000000462e+00,2.606259192767272832e-04,1.792869167651450004e-07
6.526666666666667282e+00,2.614965768260363766e-04,1.804866582478736805e-07
6.533333333333334103e+00,2.623701444537639973e-04,1.816944297775908106e-07
6.540000000000000036e+00,2.632466318967297859e-04,1.829102851175604865e-07
6.546666666666666856e+00,2.641260489244004451e-04,1.841342783911769167e-07
6.553333333333333677e+00,2.650084053389987560e-04,1.853664640843776198e-07
6.560000000000000497e+00,2.658937109756146010e-04,1.866068970480741440e-07
6.566666666666667318e+00,2.667819757023150639e-04,1.878556325005986423e-07
6.573333333333334139e+00,2.676732094202560492e-04,1.891127260301666742e-07
6.580000000000000071e+00,2.685674220637930868e-04,1.903782335973564970e-07
6.586666666666666892e+00,2.694646236005937643e-04,1.916522115376059343e-07
6.593333333333333712e+00,2.703648240317493455e-04,1.929347165637241456e-07
6.600000000000000533e+00,2.712680333918875814e-04,1.942258057684220584e-07
6.606666666666667354e+00,2.721742617492856845e-04,1.955255366268589726e-07
6.613333333333334174e+00,2.730835192059835191e-04,1.968339669992062113e-07
6.620000000000000107e+00,2.739958158978972802e-04,1.981511551332280042e-07
6.626666666666666927e+00,2.749111619949340390e-04,1.994771596668806078e-07
6.633333333333333748e+00,2.758295677011055307e-04,2.008120396309268847e-07
6.640000000000000568e+00,2.767510432546434586e-04,2.021558544515702580e-07
6.646666666666667389e+00,2.776755989281146910e-04,2.035086639531057661e-07
6.653333333333333321e+00,2.786032450285366746e-04,2.048705283605883747e-07
6.660000000000000142e+00,2.795339918974940941e-04,2.062415083025206131e-07
6.666666666666666963e+00,2.804678499112545033e-04,2.076216648135560909e-07
6.673333333333333783e+00,2.814048294808856889e-04,2.090110593372231064e-07
6.680000000000000604e+00,2.823449410523728195e-04,2.104097537286656450e-07
6.686666666666667425e+00,2.832881951067359183e-04,2.118178102574028275e-07
6.693333333333333357e+00,2.842346021601479329e-04,2.132352916101069397e-07
6.700000000000000178e+00,2.851841727640535640e-04,2.146622608934008115e-07
6.706666666666666998e+00,2.861369175052873889e-04,2.160987816366721374e-07
6.713333333333333819e+00,2.870928470061936120e-04,2.175449177949087071e-07
6.720000000000000639e+00,2.880519719247455436e-04,2.190007337515515563e-07
6.726666666666667460e+00,2.890143029546656211e-04,2.204662943213675210e-07
6.733333333333333393e+00,2.899798508255459185e-04,2.219416647533409010e-07
6.740000000000000213e+00,2.909486263029692509e-04,2.234269107335855073e-07
6.746666666666667034e+00,2.919206401886299015e-04,2.249220983882742307e-07
6.753333333333333854e+00,2.928959033204557019e-04,2.264272942865903693e-07
6.760000000000000675e+00,2.938744265727300051e-04,2.279425654436976709e-07
6.766666666666667496e+00,2.948562208562144175e-04,2.294679793237304375e-07
6.773333333333333428e+00,2.958412971182712049e-04,2.310036038428038550e-07
6.780000000000000249e+00,2.968296663429875965e-04,2.325495073720449412e-07
6.786666666666667069e+00,2.978213395512984080e-04,2.341057587406424998e-07
6.793333333333333890e+00,2.988163278011110504e-04,2.356724272389190445e-07
6.800000000000000711e+00,2.998146421874298335e-04,2.372495826214226274e-07
6.806666666666667531e+00,3.008162938424810287e-04,2.388372951100393947e-07
6.813333333333333464e+00,3.018212939358383656e-04,2.404356353971271581e-07
6.820000000000000284e+00,3.028296536745491243e-04,2.420446746486706720e-07
6.826666666666667105e+00,3.038413843032600659e-04,2.436644845074562337e-07
6.833333333333333925e+00,3.048564971043443380e-04,2.452951370962696830e-07
6.840000000000000746e+00,3.058750033980287605e-04,2.469367050211147561e-07
6.846666666666666679e+00,3.068969145425213272e-04,2.485892613744529874e-07
6.853333333333333499e+00,3.079222419341394673e-04,2.502528797384666388e-07
6.860000000000000320e+00,3.089509970074382525e-04,2.519276341883411641e-07
6.866666666666667140e+00,3.099831912353393621e-04,2.536135992955719732e-07
6.873333333333333961e+00,3.110188361292605375e-04,2.553108501312924237e-07
6.880000000000000782e+00,3.120579432392453609e-04,2.570194622696239429e-07
6.886666666666666714e+00,3.131005241540934679e-04,2.587395117910491243e-07
6.893333333333333535e+00,3.141465905014915734e-04,2.604710752858079590e-07
6.900000000000000355e+00,3.151961539481438470e-04,2.622142298573148203e-07
6.906666666666667176e+00,3.162492261999041857e-04,2.639690531256009106e-07
6.913333333333333997e+00,3.173058190019078357e-04,2.657356232307783619e-07
6.920000000000000817e+00,3.183659441387041533e-04,2.675140188365276822e-07
6.926666666666666750e+00,3.194296134343892570e-04,2.693043191336091306e-07
6.933333333333333570e+00,3.204968387527398722e-04,2.711066038433979147e-07
6.940000000000000391e+00,3.215676319973464711e-04,2.729209532214415182e-07
6.946666666666667211e+00,3.226420051117480934e-04,2.747474480610425434e-07
6.953333333333334032e+00,3.237199700795669499e-04,2.765861696968653250e-07
6.960000000000000853e+00,3.248015389246435144e-04,2.784372000085662606e-07
6.966666666666666785e+00,3.258867237111722111e-04,2.803006214244485454e-07
6.973333333333333606e+00,3.269755365438381327e-04,2.821765169251427959e-07
6.980000000000000426e+00,3.280679895679526202e-04,2.840649700473094833e-07
6.986666666666667247e+00,3.291640949695908477e-04,2.859660648873694785e-07
6.993333333333334068e+00,3.302638649757295162e-04,2.878798861052576256e-07
7.000000000000000888e+00,3.313673118543844932e-04,2.898065189282021500e-07
7.006666666666666821e+00,3.324744479147494821e-04,2.917460491545291073e-07
7.013333333333333641e+00,3.335852855073351254e-04,2.936985631574939360e-07
7.020000000000000462e+00,3.346998370241079991e-04,2.956641478891355110e-07
7.026666666666667282e+00,3.358181148986306378e-04,2.976428908841595248e-07
7.033333333333334103e+00,3.369401316062021557e-04,2.996348802638457446e-07
7.040000000000000036e+00,3.380658996639985419e-04,3.016402047399823743e-07
7.046666666666666856e+00,3.391954316312149626e-04,3.036589536188276280e-07
7.053333333333333677e+00,3.403287401092063816e-04,3.056912168050952312e-07
7.060000000000000497e+00,3.414658377416306210e-04,3.077370848059696751e-07
7.066666666666667318e+00,3.426067372145907711e-04,3.097966487351468812e-07
7.073333333333334139e+00,3.437514512567788473e-04,3.118700003169024477e-07
7.080000000000000071e+00,3.448999926396188504e-04,3.139572318901865770e-07
7.086666666666666892e+00,3.460523741774120497e-04,3.160584364127483856e-07
7.093333333333333712e+00,3.472086087274806401e-04,3.181737074652847767e-07
7.100000000000000533e+00,3.483687091903135127e-04,3.203031392556200190e-07
7.106666666666667354e+00,3.495326885097118632e-04,3.224468266229123237e-07
7.113333333333334174e+00,3.507005596729355595e-04,3.246048650418883739e-07
7.120000000000000107e+00,3.518723357108494544e-04,3.267773506271066006e-07
7.126666666666666927e+00,3.530480296980713253e-04,3.289643801372501041e-07
7.133333333333333748e+00,3.542276547531188376e-04,3.311660509794458343e-07
7.140000000000000568e+00,3.554112240385580261e-04,3.333824612136154807e-07
7.146666666666667389e+00,3.565987507611521022e-04,3.356137095568541039e-07
7.153333333333334210e+00,3.577902481720108565e-04,3.378598953878387830e-07
7.160000000000000142e+00,3.589857295667397367e-04,3.401211187512661680e-07
7.166666666666666963e+00,3.601852082855912566e-04,3.423974803623216912e-07
7.173333333333333783e+00,3.613886977136145074e-04,3.446890816111755110e-07
7.180000000000000604e+00,3.625962112808072714e-04,3.469960245675119160e-07
7.186666666666667425e+00,3.638077624622674307e-04,3.493184119850875256e-07
7.193333333333333357e+00,3.650233647783454063e-04,3.516563473063199864e-07
7.200000000000000178e+00,3.662430317947973010e-04,3.540099346669094359e-07
7.206666666666666998e+00,3.674667771229377187e-04,3.563792789004873904e-07
7.213333333333333819e+00,3.686946144197938285e-04,3.587644855433005194e-07
7.220000000000000639e+00,3.699265573882600812e-04,3.611656608389238016e-07
7.226666666666667460e+00,3.711626197772528160e-04,3.635829117430059743e-07
7.233333333333333393e+00,3.724028153818655725e-04,3.660163459280466400e-07
7.240000000000000213e+00,3.736471580435259750e-04,3.684660717882068316e-07
7.246666666666667034e+00,3.748956616501510444e-04,3.709321984441486405e-07
7.253333333333333854e+00,3.761483401363051662e-04,3.734148357479108978e-07
7.260000000000000675e+00,3.774052074833571919e-04,3.759140942878158238e-07
7.266666666666667496e+00,3.786662777196389486e-04,3.784300853934087654e-07
7.273333333333333428e+00,3.799315649206035333e-04,3.809629211404312328e-07
7.280000000000000249e+00,3.812010832089851782e-04,3.835127143558287168e-07
7.286666666666667069e+00,3.824748467549580859e-04,3.860795786227888406e-07
7.293333333333333890e+00,3.837528697762976511e-04,3.886636282858166758e-07
7.300000000000000711e+00,3.850351665385406508e-04,3.912649784558428272e-07
7.306666666666667531e+00,3.863217513551471158e-04,3.938837450153656110e-07
7.313333333333333464e+00,3.876126385876618231e-04,3.965200446236280145e-07
7.320000000000000284e+00,3.889078426458777928e-04,3.991739947218307603e-07
7.326666666666667105e+00,3.902073779879979432e-04,4.018457135383771870e-07
7.333333333333333925e+00,3.915112591207998895e-04,4.045353200941566176e-07
7.340000000000000746e+00,3.928195005997994955e-04,4.072429342078618733e-07
7.346666666666667567e+00,3.941321170294160518e-04,4.099686765013423629e-07
7.353333333333333499e+00,3.954491230631370204e-04,4.127126684049932242e-07
7.360000000000000320e+00,3.967705334036848936e-04,4.154750321631822108e-07
7.366666666666667140e+00,3.980963628031825344e-04,4.182558908397097730e-07
7.373333333333333961e+00,3.994266260633209031e-04,4.210553683233089478e-07
7.380000000000000782e+00,4.007613380355264034e-04,4.238735893331809316e-07
7.386666666666666714e+00,4.021005136211288798e-04,4.267106794245674451e-07
7.393333333333333535e+00,4.034441677715312410e-04,4.295667649943625910e-07
7.400000000000000355e+00,4.047923154883774572e-04,4.324419732867587526e-07
7.406666666666667176e+00,4.061449718237234298e-04,4.353364323989341019e-07
7.413333333333333997e+00,4.075021518802069949e-04,4.382502712867765309e-07
7.420000000000000817e+00,4.088638708112193355e-04,4.411836197706461226e-07
7.426666666666666750e+00,4.102301438210761769e-04,4.441366085411764796e-07
7.433333333333333570e+00,4.116009861651907711e-04,4.471093691651168163e-07
7.440000000000000391e+00,4.129764131502459599e-04,4.501020340912089911e-07
7.446666666666667211e+00,4.143564401343678098e-04,4.531147366561085311e-07
7.453333333333334032e+00,4.157410825272998432e-04,4.561476110903434037e-07
7.460000000000000853e+00,4.171303557905775951e-04,4.592007925243128618e-07
7.466666666666666785e+00,4.185242754377033864e-04,4.622744169943265779e-07
7.473333333333333606e+00,4.199228570343231030e-04,4.653686214486861284e-07
7.480000000000000426e+00,4.213261161984015657e-04,4.684835437538039595e-07
7.486666666666667247e+00,4.227340686003999595e-04,4.716193227003663464e-07
7.493333333333334068e+00,4.241467299634536434e-04,4.747760980095370622e-07
7.500000000000000888e+00,4.255641160635501214e-04,4.779540103392022344e-07
7.506666666666666821e+00,4.269862427297078282e-04,4.811532012902571295e-07
7.513333333333333641e+00,4.284131258441563231e-04,4.843738134129375119e-07
7.520000000000000462e+00,4.298447813425151291e-04,4.876159902131888560e-07
7.526666666666667282e+00,4.312812252139752831e-04,4.908798761590828319e-07
7.533333333333334103e+00,4.327224735014804512e-04,4.941656166872750849e-07
7.540000000000000924e+00,4.341685423019088583e-04,4.974733582095067426e-07
7.546666666666666856e+00,4.356194477662555966e-04,5.008032481191483800e-07
7.553333333333333677e+00,4.370752060998165061e-04,5.041554347977920531e-07
7.560000000000000497e+00,4.385358335623710255e-04,5.075300676218807081e-07
7.566666666666667318e+00,4.400013464683673737e-04,5.109272969693891542e-07
7.573333333333334139e+00,4.414717611871072441e-04,5.143472742265459047e-07
7.580000000000000071e+00,4.429470941429313109e-04,5.177901517946011825e-07
7.586666666666666892e+00,4.444273618154067425e-04,5.212560830966420412e-07
7.593333333333333712e+00,4.459125807395125998e-04,5.247452225844497320e-07
7.600000000000000533e+00,4.474027675058282706e-04,5.282577257454063044e-07
7.606666666666667354e+00,4.488979387607218495e-04,5.317937491094469469e-07
7.613333333333334174e+00,4.503981112065387352e-04,5.353534502560582790e-07
7.620000000000000107e+00,4.519033016017910947e-04,5.389369878213240774e-07
7.626666666666666927e+00,4.534135267613490622e-04,5.425445215050201294e-07
7.633333333333333748e+00,4.549288035566300954e-04,5.461762120777526032e-07
7.640000000000000568e+00,4.564491489157914209e-04,5.498322213881488286e-07
7.646666666666667389e+00,4.579745798239221550e-04,5.535127123700942402e-07
7.653333333333334210e+00,4.595051133232359126e-04,5.572178490500182371e-07
7.660000000000000142e+00,4.610407665132643367e-04,5.609477965542287477e-07
7.666666666666666963e+00,4.625815565510518756e-04,5.647027211162987798e-07
7.673333333333333783e+00,4.641275006513494758e-04,5.684827900844969115e-07
7.680000000000000604e+00,4.656786160868109305e-04,5.722881719292743215e-07
7.686666666666667425e+00,4.672349201881889039e-04,5.761190362507975588e-07
7.693333333333334245e+00,4.687964303445316052e-04,5.799755537865342522e-07
7.700000000000000178e+00,4.703631640033802759e-04,5.838578964188883710e-07
7.706666666666666998e+00,4.719351386709680330e-04,5.877662371828899079e-07
7.713333333333333819e+00,4.735123719124177894e-04,5.917007502739309369e-07
7.720000000000000639e+00,4.750948813519423981e-04,5.956616110555587395e-07
7.726666666666667460e+00,4.766826846730448501e-04,5.996489960673191185e-07
7.733333333333333393e+00,4.782757996187189057e-04,6.036630830326520154e-07
7.740000000000000213e+00,4.798742439916516239e-04,6.077040508668433499e-07
7.746666666666667034e+00,4.814780356544245358e-04,6.117720796850247166e-07
7.753333333333333854e+00,4.830871925297172578e-04,6.158673508102324800e-07
7.760000000000000675e+00,4.847017326005112676e-04,6.199900467815180091e-07
7.766666666666667496e+00,4.863216739102940592e-04,6.241403513621137104e-07
7.773333333333333428e+00,4.879470345632643826e-04,6.283184495476528473e-07
7.780000000000000249e+00,4.895778327245386757e-04,6.325245275744471693e-07
7.786666666666667069e+00,4.912140866203563039e-04,6.367587729278161052e-07
7.793333333333333890e+00,4.928558145382878897e-04,6.410213743504755652e-07
7.800000000000000711e+00,4.945030348274428826e-04,6.453125218509820124e-07
7.806666666666667531e+00,4.961557658986784315e-04,6.496324067122333914e-07
7.813333333333333464e+00,4.978140262248082013e-04,6.539812215000261729e-07
7.820000000000000284e+00,4.994778343408135760e-04,6.583591600716737019e-07
7.826666666666667105e+00,5.011472088440535599e-04,6.627664175846762156e-07
7.833333333333333925e+00,5.028221683944765225e-04,6.672031905054549171e-07
7.840000000000000746e+00,5.045027317148327020e-04,6.716696766181430136e-07
7.846666666666667567e+00,5.061889175908871425e-04,6.761660750334341394e-07
7.853333333333333499e+00,5.078807448716333908e-04,6.806925861974927194e-07
7.860000000000000320e+00,5.095782324695086012e-04,6.852494119009250008e-07
7.866666666666667140e+00,5.112813993606075578e-04,6.898367552878051423e-07
7.873333333333333961e+00,5.129902645848997316e-04,6.944548208647689595e-07
7.880000000000000782e+00,5.147048472464452532e-04,6.991038145101639983e-07
7.886666666666667602e+00,5.164251665136131630e-04,7.037839434832638773e-07
7.893333333333333535e+00,5.181512416192986855e-04,7.084954164335422395e-07
7.900000000000000355e+00,5.198830918611435387e-04,7.132384434100136198e-07
7.906666666666667176e+00,5.216207366017541844e-04,7.180132358706298996e-07
7.913333333333333997e+00,5.233641952689230053e-04,7.228200066917469581e-07
7.920000000000000817e+00,5.251134873558498074e-04,7.276589701776515699e-07
7.926666666666666750e+00,5.268686324213629974e-04,7.325303420701523593e-07
7.933333333333333570e+00,5.286296500901437956e-04,7.374343395582390457e-07
7.940000000000000391e+00,5.303965600529481723e-04,7.423711812877996061e-07
7.946666666666667211e+00,5.321693820668319279e-04,7.473410873714096466e-07
7.953333333333334032e+00,5.339481359553758816e-04,7.523442793981843484e-07
7.960000000000000853e+00,5.357328416089113862e-04,7.573809804436973292e-07
7.966666666666666785e+00,5.375235189847471420e-04,7.624514150799663151e-07
7.973333333333333606e+00,5.393201881073972056e-04,7.675558093855078451e-07
7.980000000000000426e+00,5.411228690688076959e-04,7.726943909554544440e-07
7.986666666666667247e+00,5.429315820285872960e-04,7.778673889117463350e-07
7.993333333333334068e+00,5.447463472142362361e-04,7.830750339133873144e-07
8.000000000000000000e+00,5.465671849213769038e-04,7.883175581667713541e-07
8.006666666666667709e+00,5.483941155139864052e-04,7.935951954360813068e-07
8.013333333333333641e+00,5.502271594246259823e-04,7.989081810537477519e-07
8.020000000000001350e+00,5.520663371546776941e-04,8.042567519309958259e-07
8.026666666666667282e+00,5.539116692745741592e-04,8.096411465684407575e-07
8.033333333333333215e+00,5.557631764240369716e-04,8.150616050667775293e-07
8.040000000000000924e+00,5.576208793123101299e-04,8.205183691375264440e-07
8.046666666666666856e+00,5.594847987183950919e-04,8.260116821138523815e-07
8.053333333333334565e+00,5.613549554912910340e-04,8.315417889614707720e-07
8.060000000000000497e+00,5.632313705502291473e-04,8.371089362896056614e-07
8.066666666666666430e+00,5.651140648849141976e-04,8.427133723620421142e-07
8.073333333333334139e+00,5.670030595557630504e-04,8.483553471082408747e-07
8.080000000000000071e+00,5.688983756941428695e-04,8.540351121345249190e-07
8.086666666666667780e+00,5.708000345026166891e-04,8.597529207353590749e-07
8.093333333333333712e+00,5.727080572551805290e-04,8.655090279046806763e-07
8.099999999999999645e+00,5.746224652975101587e-04,8.713036903473308017e-07
8.106666666666667354e+00,5.765432800472031997e-04,8.771371664905467117e-07
8.113333333333333286e+00,5.784705229940219871e-04,8.830097164955317897e-07
8.120000000000000995e+00,5.804042157001426108e-04,8.889216022691185498e-07
8.126666666666666927e+00,5.823443798003970174e-04,8.948730874754871265e-07
8.133333333333334636e+00,5.842910370025240037e-04,9.008644375479879483e-07
8.140000000000000568e+00,5.862442090874131614e-04,9.068959197010188342e-07
8.146666666666666501e+00,5.882039179093572802e-04,9.129678029420050038e-07
8.153333333333334210e+00,5.901701853963004125e-04,9.190803580834451564e-07
8.160000000000000142e+00,5.921430335500865900e-04,9.252338577550375947e-07
8.166666666666667851e+00,5.941224844467150445e-04,9.314285764159048164e-07
8.173333333333333783e+00,5.961085602365881649e-04,9.376647903668762324e-07
8.179999999999999716e+00,5.981012831447683449e-04,9.439427777628771890e-07
8.186666666666667425e+00,6.001006754712303855e-04,9.502628186253860693e-07
8.193333333333333357e+00,6.021067595911143303e-04,9.566251948549749337e-07
8.200000000000001066e+00,6.041195579549858913e-04,9.630301902439511691e-07
8.206666666666666998e+00,6.061390930890876586e-04,9.694780904890589597e-07
8.213333333333334707e+00,6.081653875956016938e-04,9.759691832042943657e-07
8.220000000000000639e+00,6.101984641529034506e-04,9.825037579337778955e-07
8.226666666666666572e+00,6.122383455158245851e-04,9.890821061647416378e-07
8.233333333333334281e+00,6.142850545159118632e-04,9.957045213405839451e-07
8.240000000000000213e+00,6.163386140616865022e-04,1.002371298874015174e-06
8.246666666666667922e+00,6.183990471389097998e-04,1.009082736160306973e-06
8.253333333333333854e+00,6.204663768108419335e-04,1.015839132590605102e-06
8.259999999999999787e+00,6.225406262185097586e-04,1.022640789565360195e-06
8.266666666666667496e+00,6.246218185809694016e-04,1.029488010507827986e-06
8.273333333333333428e+00,6.267099771955708058e-04,1.036381100877664186e-06
8.280000000000001137e+00,6.288051254382275891e-04,1.043320368184625667e-06
8.286666666666667069e+00,6.309072867636807223e-04,1.050306122002339400e-06
8.293333333333333002e+00,6.330164847057705548e-04,1.057338673982190204e-06
8.300000000000000711e+00,6.351327428777043963e-04,1.064418337867283441e-06
8.306666666666666643e+00,6.372560849723253986e-04,1.071545429506502805e-06
8.313333333333334352e+00,6.393865347623874009e-04,1.078720266868681600e-06
8.320000000000000284e+00,6.415241161008230532e-04,1.085943170056839676e-06
8.326666666666667993e+00,6.436688529210209380e-04,1.093214461322548680e-06
8.333333333333333925e+00,6.458207692370956455e-04,1.100534465080362323e-06
8.339999999999999858e+00,6.479798891441661962e-04,1.107903507922373276e-06
8.346666666666667567e+00,6.501462368186307784e-04,1.115321918632848629e-06
8.353333333333333499e+00,6.523198365184418096e-04,1.122790028202964241e-06
8.360000000000001208e+00,6.545007125833877211e-04,1.130308169845657250e-06
8.366666666666667140e+00,6.566888894353674778e-04,1.137876679010550582e-06
8.373333333333333073e+00,6.588843915786742056e-04,1.145495893399006845e-06
8.380000000000000782e+00,6.610872436002744818e-04,1.153166152979263115e-06
8.386666666666666714e+00,6.632974701700879508e-04,1.160887800001669477e-06
8.393333333333334423e+00,6.655150960412749631e-04,1.168661179014049338e-06
8.400000000000000355e+00,6.677401460505146729e-04,1.176486636877132364e-06
8.406666666666668064e+00,6.699726451182952793e-04,1.184364522780126124e-06
8.413333333333333997e+00,6.722126182491945092e-04,1.192295188256357821e-06
8.419999999999999929e+00,6.744600905321705090e-04,1.200278987199053037e-06
8.426666666666667638e+00,6.767150871408482904e-04,1.208316275877201081e-06
8.433333333333333570e+00,6.789776333338058516e-04,1.216407412951526009e-06
8.440000000000001279e+00,6.812477544548689720e-04,1.224552759490587659e-06
8.446666666666667211e+00,6.835254759333962487e-04,1.232752678986957229e-06
8.453333333333333144e+00,6.858108232845756260e-04,1.241007537373537274e-06
8.460000000000000853e+00,6.881038221097152867e-04,1.249317703039968095e-06
8.466666666666666785e+00,6.904044980965353025e-04,1.257683546849143616e-06
8.473333333333334494e+00,6.927128770194669822e-04,1.266105442153864682e-06
8.480000000000000426e+00,6.950289847399437632e-04,1.274583764813566269e-06
8.486666666666666359e+00,6.973528472067021863e-04,1.283118893211195674e-06
8.493333333333334068e+00,6.996844904560778821e-04,1.291711208270179428e-06
8.500000000000000000e+00,7.020239406123029687e-04,1.300361093471504357e-06
8.506666666666667709e+00,7.043712238878103863e-04,1.309068934870938817e-06
8.513333333333333641e+00,7.067263665835291260e-04,1.317835121116333977e-06
8.520000000000001350e+00,7.090893950891925769e-04,1.326660043465078415e-06
8.526666666666667282e+00,7.114603358836353803e-04,1.335544095801635725e-06
8.533333333333333215e+00,7.138392155351026445e-04,1.344487674655232048e-06
8.540000000000000924e+00,7.162260607015533045e-04,1.353491179217642066e-06
8.546666666666666856e+00,7.186208981309643489e-04,1.362555011361094646e-06
8.553333333333334565e+00,7.210237546616423115e-04,1.371679575656321419e-06
8.560000000000000497e+00,7.234346572225274982e-04,1.380865279390693447e-06
8.566666666666666430e+00,7.258536328335067796e-04,1.390112532586513748e-06
8.573333333333334139e+00,7.282807086057234555e-04,1.399421748019412733e-06
8.580000000000000071e+00,7.307159117418860362e-04,1.408793341236864135e-06
8.586666666666667780e+00,7.331592695365859134e-04,1.418227730576851710e-06
8.593333333333333712e+00,7.356108093766062497e-04,1.427725337186626147e-06
8.600000000000001421e+00,7.380705587412417093e-04,1.437286585041625874e-06
8.606666666666667354e+00,7.405385452026092994e-04,1.446911900964488082e-06
8.613333333333333286e+00,7.430147964259705947e-04,1.456601714644223432e-06
8.620000000000000995e+00,7.454993401700472401e-04,1.466356458655497488e-06
8.626666666666666927e+00,7.479922042873391646e-04,1.476176568478038362e-06
8.633333333333334636e+00,7.504934167244491907e-04,1.486062482516206135e-06
8.640000000000000568e+00,7.530030055223991886e-04,1.496014642118650381e-06
8.646666666666666501e+00,7.555209988169578296e-04,1.506033491598143861e-06
8.653333333333334210e+00,7.580474248389625948e-04,1.516119478251520622e-06
8.660000000000000142e+00,7.605823119146419998e-04,1.526273052379750468e-06
8.666666666666667851e+00,7.631256884659471437e-04,1.536494667308174573e-06
8.673333333333333783e+00,7.656775830108731749e-04,1.546784779406838510e-06
8.679999999999999716e+00,7.682380241637925752e-04,1.557143848111002094e-06
8.686666666666667425e+00,7.708070406357828055e-04,1.567572335941760824e-06
8.693333333333333357e+00,7.733846612349547104e-04,1.578070708526806447e-06
8.700000000000001066e+00,7.759709148667890549e-04,1.588639434621355869e-06
8.706666666666666998e+00,7.785658305344646040e-04,1.599278986129178545e-06
8.713333333333334707e+00,7.811694373391973693e-04,1.609989838123811680e-06
8.720000000000000639e+00,7.837817644805704234e-04,1.620772468869872641e-06
8.726666666666666572e+00,7.864028412568754237e-04,1.631627359844558772e-06
8.733333333333334281e+00,7.890326970654482812e-04,1.642554995759263673e-06
8.740000000000000213e+00,7.916713614030061307e-04,1.653555864581338111e-06
8.746666666666667922e+00,7.943188638659916733e-04,1.664630457556028598e-06
8.753333333333333854e+00,7.969752341509092793e-04,1.675779269228519520e-06
8.759999999999999787e+00,7.996405020546724744e-04,1.687002797466168169e-06
8.766666666666667496e+00,8.023146974749452475e-04,1.698301543480860491e-06
8.773333333333333428e+00,8.049978504104849828e-04,1.709676011851517169e-06
8.780000000000001137e+00,8.076899909614933086e-04,1.721126710546783945e-06
8.786666666666667069e+00,8.103911493299576201e-04,1.732654150947825911e-06
8.793333333333334778e+00,8.131013558200057226e-04,1.744258847871328687e-06
8.800000000000000711e+00,8.158206408382494149e-04,1.755941319592603367e-06
8.806666666666666643e+00,8.185490348941405411e-04,1.767702087868893471e-06
8.813333333333334352e+00,8.212865686003210800e-04,1.779541677962811082e-06
8.820000000000000284e+00,8.240332726729747512e-04,1.791460618665927768e-06
8.826666666666667993e+00,8.267891779321858868e-04,1.803459442322558423e-06
8.833333333333333925e+00,8.295543153022902783e-04,1.815538684853658393e-06
8.839999999999999858e+00,8.323287158122373011e-04,1.827698885780928769e-06
8.846666666666667567e+00,8.351124105959457488e-04,1.839940588251052955e-06
8.853333333333333499e+00,8.379054308926616205e-04,1.852264339060097366e-06
8.860000000000001208e+00,8.407078080473242556e-04,1.864670688678108837e-06
8.866666666666667140e+00,8.435195735109222775e-04,1.877160191273828719e-06
8.873333333333333073e+00,8.463407588408625474e-04,1.889733404739625498e-06
8.880000000000000782e+00,8.491713957013327218e-04,1.902390890716560415e-06
8.886666666666666714e+00,8.520115158636646768e-04,1.915133214619622901e-06
8.893333333333334423e+00,8.548611512067073653e-04,1.927960945663171000e-06
8.900000000000000355e+00,8.577203337171893744e-04,1.940874656886494402e-06
8.906666666666668064e+00,8.605890954900947097e-04,1.953874925179598127e-06
8.913333333333333997e+00,8.634674687290279545e-04,1.966962331309115162e-06
8.919999999999999929e+00,8.663554857465923312e-04,1.980137459944437861e-06
8.926666666666667638e+00,8.692531789647609322e-04,1.993400899683996709e-06
8.933333333333333570e+00,8.721605809152496855e-04,2.006753243081713167e-06
8.940000000000001279e+00,8.750777242398992102e-04,2.020195086673668080e-06
8.946666666666667211e+00,8.780046416910460482e-04,2.033727031004896291e-06
8.953333333333333144e+00,8.809413661319078805e-04,2.047349680656418006e-06
8.960000000000000853e+00,8.838879305369611548e-04,2.061063644272413728e-06
8.966666666666666785e+00,8.868443679923203402e-04,2.074869534587585962e-06
8.973333333333334494e+00,8.898107116961269381e-04,2.088767968454740725e-06
8.980000000000000426e+00,8.927869949589276521e-04,2.102759566872499077e-06
8.986666666666666359e+00,8.957732512040652434e-04,2.116844955013255982e-06
8.993333333333334068e+00,8.987695139680637471e-04,2.131024762251285290e-06
9.000000000000000000e+00,9.017758169010147741e-04,2.145299622191039525e-06
9.006666666666667709e+00,9.047921937669724853e-04,2.159670172695674146e-06
9.013333333333333641e+00,9.078186784443389177e-04,2.174137055915714107e-06
9.020000000000001350e+00,9.108553049262626449e-04,2.188700918317968174e-06
9.026666666666667282e+00,9.139021073210269221e-04,2.203362410714582152e-06
9.033333333333333215e+00,9.169591198524502983e-04,2.218122188292344960e-06
9.040000000000000924e+00,9.200263768602812663e-04,2.232980910642153088e-06
9.046666666666666856e+00,9.231039128005941044e-04,2.247939241788677509e-06
9.053333333333334565e+00,9.261917622461938266e-04,2.262997850220265635e-06
9.060000000000000497e+00,9.292899598870111568e-04,2.278157408918991500e-06
9.066666666666666430e+00,9.323985405305104061e-04,2.293418595390963876e-06
9.073333333333334139e+00,9.355175391020911693e-04,2.308782091696804209e-06
9.080000000000000071e+00,9.386469906454908895e-04,2.324248584482325729e-06
9.086666666666667780e+00,9.417869303231972888e-04,2.339818765009464975e-06
9.093333333333333712e+00,9.449373934168503898e-04,2.355493329187359013e-06
9.100000000000001421e+00,9.480984153276584159e-04,2.371272977603698358e-06
9.106666666666667354e+00,9.512700315768020908e-04,2.387158415556227283e-06
9.113333333333333286e+00,9.544522778058532478e-04,2.403150353084519415e-06
9.120000000000000995e+00,9.576451897771863942e-04,2.419249505001924424e-06
9.126666666666666927e+00,9.608488033743910325e-04,2.435456590927733684e-06
9.133333333333334636e+00,9.640631546026950417e-04,2.451772335319604685e-06
9.140000000000000568e+00,9.672882795893763489e-04,2.468197467506139200e-06
9.146666666666666501e+00,9.705242145841880448e-04,2.484732721719750272e-06
9.153333333333334210e+00,9.737709959597778617e-04,2.501378837129703706e-06
9.160000000000000142e+00,9.770286602121080848e-04,2.518136557875387824e-06
9.166666666666667851e+00,9.802972439608857638e-04,2.535006633099847081e-06
9.173333333333333783e+00,9.835767839499825159e-04,2.551989816983481264e-06
9.179999999999999716e+00,9.868673170478662552e-04,2.569086868778036931e-06
9.186666666666667425e+00,9.901688802480292356e-04,2.586298552840783068e-06
9.193333333333333357e+00,9.934815106694147926e-04,2.603625638668922228e-06
9.200000000000001066e+00,9.968052455568555785e-04,2.621068900934274837e-06
9.206666666666666998e+00,1.000140122281499219e-03,2.638629119518132057e-06
9.213333333333334707e+00,1.003486178341252187e-03,2.656307079546420358e-06
9.220000000000000639e+00,1.006843451361207412e-03,2.674103571425025761e-06
9.226666666666666572e+00,1.010211979094089232e-03,2.692019390875431472e-06
9.233333333333334281e+00,1.013591799420690337e-03,2.710055338970544842e-06
9.240000000000000213e+00,1.016982950350310208e-03,2.728212222170772069e-06
9.246666666666667922e+00,1.020385470021203771e-03,2.746490852360381753e-06
9.253333333333333854e+00,1.023799396701019189e-03,2.764892046884042505e-06
9.259999999999999787e+00,1.027224768787249548e-03,2.783416628583681585e-06
9.266666666666667496e+00,1.030661624807677592e-03,2.802065425835545564e-06
9.273333333333333428e+00,1.034110003420822196e-03,2.820839272587508304e-06
9.280000000000001137e+00,1.037569943416395040e-03,2.839739008396684737e-06
9.286666666666667069e+00,1.041041483715745989e-03,2.858765478467221656e-06
9.293333333333334778e+00,1.044524663372324103e-03,2.877919533688428600e-06
9.300000000000000711e+00,1.048019521572125627e-03,2.897202030673079413e-06
9.306666666666666643e+00,1.051526097634157162e-03,2.916613831796058547e-06
9.313333333333334352e+00,1.055044431010892332e-03,2.936155805233210648e-06
9.320000000000000284e+00,1.058574561288729097e-03,2.955828825000456119e-06
9.326666666666667993e+00,1.062116528188457700e-03,2.975633770993222617e-06
9.333333333333333925e+00,1.065670371565717112e-03,2.995571529026067562e-06
9.339999999999999858e+00,1.069236131411466879e-03,3.015642990872643693e-06
9.346666666666667567e+00,1.072813847852451376e-03,3.035849054305887393e-06
9.353333333333333499e+00,1.076403561151665364e-03,3.056190623138476370e-06
9.360000000000001208e+00,1.080005311708830389e-03,3.076668607263613869e-06
9.366666666666667140e+00,1.083619140060859904e-03,3.097283922696012787e-06
9.373333333333333073e+00,1.087245086882338702e-03,3.118037491613232575e-06
9.380000000000000782e+00,1.090883192985996064e-03,3.138930242397248223e-06
9.386666666666666714e+00,1.094533499323179122e-03,3.159963109676296658e-06
9.393333333333334423e+00,1.098196046984339013e-03,3.181137034367063213e-06
9.400000000000000355e+00,1.101870877199502509e-03,3.202452963717070129e-06
9.406666666666668064e+00,1.105558031338762940e-03,3.223911851347442392e-06
9.413333333333333997e+00,1.109257550912755080e-03,3.245514657295873487e-06
9.419999999999999929e+00,1.112969477573148890e-03,3.267262348059967222e-06
9.426666666666667638e+00,1.116693853113132203e-03,3.289155896640815036e-06
9.433333333333333570e+00,1.120430719467897752e-03,3.311196282586871453e-06
9.440000000000001279e+00,1.124180118715140814e-03,3.333384492038181066e-06
9.446666666666667211e+00,1.127942093075543417e-03,3.355721517770821084e-06
9.453333333333333144e+00,1.131716684913275242e-03,3.378208359241732241e-06
9.460000000000000853e+00,1.135503936736487370e-03,3.400846022633793235e-06
9.466666666666666785e+00,1.139303891197806671e-03,3.423635520901202635e-06
9.473333333333334494e+00,1.143116591094842354e-03,3.446577873815228398e-06
9.480000000000000426e+00,1.146942079370678619e-03,3.469674108010174234e-06
9.486666666666668135e+00,1.150780399114387492e-03,3.492925257029758892e-06
9.493333333333334068e+00,1.154631593561523430e-03,3.516332361373708901e-06
9.500000000000000000e+00,1.158495706094639409e-03,3.539896468544760432e-06
9.506666666666667709e+00,1.162372780243790642e-03,3.563618633095919918e-06
9.513333333333333641e+00,1.166262859687042415e-03,3.587499916678042327e-06
9.520000000000001350e+00,1.170165988250989643e-03,3.611541388087795664e-06
9.526666666666667282e+00,1.174082209911262538e-03,3.635744123315859272e-06
9.533333333333333215e+00,1.178011568793049411e-03,3.660109205595537163e-06
9.540000000000000924e+00,1.181954109171611455e-03,3.684637725451646224e-06
9.546666666666666856e+00,1.185909875472799472e-03,3.709330780749727979e-06
9.553333333333334565e+00,1.189878912273581663e-03,3.734189476745663552e-06
9.560000000000000497e+00,1.193861264302559276e-03,3.759214926135526627e-06
9.566666666666666430e+00,1.197856976440498733e-03,3.784408249105872652e-06
9.573333333333334139e+00,1.201866093720855948e-03,3.809770573384302886e-06
9.580000000000000071e+00,1.205888661330301297e-03,3.835303034290372357e-06
9.586666666666667780e+00,1.209924724609258472e-03,3.861006774786908192e-06
9.593333333333333712e+00,1.213974329052428143e-03,3.886882945531577837e-06
9.600000000000001421e+00,1.218037520309331583e-03,3.912932704928917629e-06
9.606666666666667354e+00,1.222114344184838238e-03,3.939157219182592610e-06
9.613333333333333286e+00,1.226204846639712166e-03,3.965557662348134496e-06
9.620000000000000995e+00,1.230309073791148065e-03,3.992135216385951538e-06
9.626666666666666927e+00,1.234427071913312074e-03,4.018891071214702607e-06
9.633333333333334636e+00,1.238558887437891682e-03,4.045826424765111742e-06
9.640000000000000568e+00,1.242704566954635007e-03,4.072942483034028333e-06
9.646666666666666501e+00,1.246864157211905258e-03,4.100240460138971804e-06
9.653333333333334210e+00,1.251037705117228477e-03,4.127721578372969378e-06
9.660000000000000142e+00,1.255225257737841490e-03,4.155387068259772458e-06
9.666666666666667851e+00,1.259426862301254828e-03,4.183238168609509233e-06
9.673333333333333783e+00,1.263642566195798730e-03,4.211276126574615958e-06
9.680000000000001492e+00,1.267872416971191265e-03,4.239502197706262054e-06
9.686666666666667425e+00,1.272116462339088240e-03,4.267917646011038634e-06
9.693333333333333357e+00,1.276374750173654574e-03,4.296523744008146780e-06
9.700000000000001066e+00,1.280647328512123746e-03,4.325321772786894989e-06
9.706666666666666998e+00,1.284934245555361581e-03,4.354313022064590480e-06
9.713333333333334707e+00,1.289235549668441743e-03,4.383498790244898079e-06
9.720000000000000639e+00,1.293551289381206486e-03,4.412880384476483690e-06
9.726666666666666572e+00,1.297881513388848222e-03,4.442459120712164306e-06
9.733333333333334281e+00,1.302226270552479370e-03,4.472236323768391741e-06
9.740000000000000213e+00,1.306585609899705474e-03,4.502213327385133624e-06
9.746666666666667922e+00,1.310959580625211751e-03,4.532391474286241440e-06
9.753333333333333854e+00,1.315348232091335338e-03,4.562772116240110792e-06
9.759999999999999787e+00,1.319751613828654439e-03,4.593356614120874451e-06
9.766666666666667496e+00,1.324169775536570767e-03,4.624146337969927441e-06
9.773333333333333428e+00,1.328602767083892841e-03,4.655142667057873096e-06
9.780000000000001137e+00,1.333050638509432079e-03,4.686346989946970569e-06
9.786666666666667069e+00,1.337513440022586320e-03,4.717760704553882183e-06
9.793333333333334778e+00,1.341991222003940899e-03,4.749385218212983216e-06
9.800000000000000711e+00,1.346484035005855425e-03,4.781221947739963909e-06
9.806666666666666643e+00,1.350991929753069193e-03,4.813272319495993908e-06
9.813333333333334352e+00,1.355514957143297717e-03,4.845537769452233138e-06
9.820000000000000284e+00,1.360053168247830338e-03,4.878019743254789914e-06
9.826666666666667993e+00,1.364606614312143451e-03,4.910719696290194896e-06
9.833333333333333925e+00,1.369175346756496599e-03,4.943639093751198602e-06
9.839999999999999858e+00,1.373759417176549169e-03,4.976779410703146611e-06
9.846666666666667567e+00,1.378358877343967758e-03,5.010142132150713896e-06
9.853333333333333499e+00,1.382973779207035498e-03,5.043728753105095716e-06
9.860000000000001208e+00,1.387604174891274604e-03,5.077540778651743142e-06
9.866666666666667140e+00,1.392250116700055043e-03,5.111579724018428089e-06
9.873333333333334849e+00,1.396911657115223158e-03,5.145847114643908885e-06
9.880000000000000782e+00,1.401588848797713375e-03,5.180344486246927036e-06
9.886666666666666714e+00,1.406281744588181587e-03,5.215073384895798604e-06
9.893333333333334423e+00,1.410990397507626845e-03,5.250035367078396071e-06
9.900000000000000355e+00,1.415714860758016287e-03,5.285231999772605384e-06
9.906666666666668064e+00,1.420455187722925467e-03,5.320664860517347131e-06
9.913333333333333997e+00,1.425211431968160039e-03,5.356335537483954308e-06
9.919999999999999929e+00,1.429983647242401073e-03,5.392245629548160806e-06
9.926666666666667638e+00,1.434771887477838230e-03,5.428396746362497317e-06
9.933333333333333570e+00,1.439576206790806187e-03,5.464790508429176821e-06
9.940000000000001279e+00,1.444396659482435593e-03,5.501428547173566229e-06
9.946666666666667211e+00,1.449233300039288195e-03,5.538312505018021394e-06
9.953333333333333144e+00,1.454086183134011695e-03,5.575444035456361640e-06
9.960000000000000853e+00,1.458955363625986153e-03,5.612824803128763562e-06
9.966666666666666785e+00,1.463840896561970605e-03,5.650456483897154588e-06
9.973333333333334494e+00,1.468742837176767891e-03,5.688340764921224019e-06
9.980000000000000426e+00,1.473661240893868896e-03,5.726479344734800836e-06
9.986666666666668135e+00,1.478596163326122799e-03,5.764873933322911675e-06
9.993333333333334068e+00,1.483547660276387809e-03,5.803526252199202182e-06
1.000000000000000000e+01,1.488515787738202943e-03,5.842438034484038532e-06
1.000666666666666771e+01,1.493500601896451336e-03,5.881611024983032463e-06
1.001333333333333364e+01,1.498502159128024206e-03,5.921046980266112653e-06
1.002000000000000135e+01,1.503520516002500220e-03,5.960747668747225434e-06
1.002666666666666728e+01,1.508555729282809238e-03,6.000714870764429383e-06
1.003333333333333321e+01,1.513607855925917312e-03,6.040950378660692099e-06
1.004000000000000092e+01,1.518676953083499979e-03,6.081455996865129135e-06
1.004666666666666686e+01,1.523763078102619451e-03,6.122233541974793498e-06
1.005333333333333456e+01,1.528866288526417854e-03,6.163284842837140236e-06
1.006000000000000050e+01,1.533986642094790302e-03,6.204611740632876425e-06
1.006666666666666643e+01,1.539124196745084855e-03,6.246216088959549767e-06
1.007333333333333414e+01,1.544279010612786655e-03,6.288099753915590354e-06
1.008000000000000007e+01,1.549451142032208777e-03,6.330264614184929258e-06
1.008666666666666778e+01,1.554640649537196960e-03,6.372712561122301525e-06
1.009333333333333371e+01,1.559847591861816558e-03,6.415445498838965063e-06
1.010000000000000142e+01,1.565072027941064644e-03,6.458465344289178471e-06
1.010666666666666735e+01,1.570314016911561949e-03,6.501774027357094759e-06
1.011333333333333329e+01,1.575573618112269085e-03,6.545373490944414015e-06
1.012000000000000099e+01,1.580850891085190191e-03,6.589265691058515486e-06
1.012666666666666693e+01,1.586145895576080052e-03,6.633452596901196136e-06
1.013333333333333464e+01,1.591458691535167910e-03,6.677936190958125802e-06
1.014000000000000057e+01,1.596789339117861981e-03,6.722718469088738560e-06
1.014666666666666650e+01,1.602137898685478254e-03,6.767801440616913533e-06
1.015333333333333421e+01,1.607504430805958232e-03,6.813187128422155446e-06
1.016000000000000014e+01,1.612888996254588413e-03,6.858877569031393517e-06
1.016666666666666785e+01,1.618291656014737108e-03,6.904874812711531665e-06
1.017333333333333378e+01,1.623712471278572402e-03,6.951180923562442560e-06
1.018000000000000149e+01,1.629151503447806354e-03,6.997797979610796010e-06
1.018666666666666742e+01,1.634608814134417285e-03,7.044728072904326943e-06
1.019333333333333336e+01,1.640084465161398535e-03,7.091973309606931806e-06
1.020000000000000107e+01,1.645578518563493332e-03,7.139535810094293494e-06
1.020666666666666700e+01,1.651091036587933785e-03,7.187417709050150037e-06
1.021333333333333471e+01,1.656622081695197221e-03,7.235621155563354410e-06
1.022000000000000064e+01,1.662171716559741929e-03,7.284148313225401908e-06
1.022666666666666657e+01,1.667740004070768700e-03,7.333001360228813022e-06
1.023333333333333428e+01,1.673327007332971314e-03,7.382182489466061802e-06
1.024000000000000021e+01,1.678932789667287673e-03,7.431693908629180162e-06
1.024666666666666792e+01,1.684557414611669805e-03,7.481537840310164311e-06
1.025333333333333385e+01,1.690200945921834560e-03,7.531716522101880100e-06
1.025999999999999979e+01,1.695863447572038820e-03,7.582232206699847581e-06
1.026666666666666750e+01,1.701544983755842776e-03,7.633087162004587996e-06
1.027333333333333343e+01,1.707245618886876455e-03,7.684283671224674656e-06
1.028000000000000114e+01,1.712965417599623171e-03,7.735824032980615598e-06
1.028666666666666707e+01,1.718704444750183882e-03,7.787710561409238544e-06
1.029333333333333478e+01,1.724462765417068876e-03,7.839945586269021983e-06
1.030000000000000071e+01,1.730240444901967557e-03,7.892531453045908223e-06
1.030666666666666664e+01,1.736037548730543596e-03,7.945470523060054954e-06
1.031333333333333435e+01,1.741854142653218376e-03,7.998765173573178040e-06
1.032000000000000028e+01,1.747690292645957908e-03,8.052417797896619368e-06
1.032666666666666799e+01,1.753546064911075354e-03,8.106430805500297308e-06
1.033333333333333393e+01,1.759421525878017726e-03,8.160806622122197584e-06
1.033999999999999986e+01,1.765316742204173835e-03,8.215547689878809426e-06
1.034666666666666757e+01,1.771231780775673562e-03,8.270656467376181752e-06
1.035333333333333350e+01,1.777166708708188218e-03,8.326135429821736604e-06
1.036000000000000121e+01,1.783121593347749331e-03,8.381987069136995680e-06
1.036666666666666714e+01,1.789096502271548357e-03,8.438213894070843881e-06
1.037333333333333485e+01,1.795091503288762623e-03,8.494818430313821165e-06
1.038000000000000078e+01,1.801106664441361107e-03,8.551803220612939557e-06
1.038666666666666671e+01,1.807142054004935152e-03,8.609170824887525067e-06
1.039333333333333442e+01,1.813197740489517042e-03,8.666923820345686416e-06
1.040000000000000036e+01,1.819273792640401823e-03,8.725064801601586744e-06
1.040666666666666806e+01,1.825370279438988646e-03,8.783596380793674168e-06
1.041333333333333400e+01,1.831487270103599341e-03,8.842521187703471374e-06
1.041999999999999993e+01,1.837624834090326262e-03,8.901841869875439249e-06
1.042666666666666764e+01,1.843783041093865604e-03,8.961561092737469012e-06
1.043333333333333357e+01,1.849961961048354839e-03,9.021681539722224767e-06
1.044000000000000128e+01,1.856161664128228375e-03,9.082205912389463529e-06
1.044666666666666721e+01,1.862382220749053468e-03,9.143136930548948177e-06
1.045333333333333314e+01,1.868623701568392385e-03,9.204477332384453076e-06
1.046000000000000085e+01,1.874886177486651982e-03,9.266229874578445634e-06
1.046666666666666679e+01,1.881169719647935671e-03,9.328397332437618277e-06
1.047333333333333449e+01,1.887474399440917288e-03,9.390982500019458891e-06
1.048000000000000043e+01,1.893800288499689803e-03,9.453988190259420959e-06
1.048666666666666814e+01,1.900147458704647433e-03,9.517417235099237191e-06
1.049333333333333407e+01,1.906515982183341505e-03,9.581272485615849804e-06
1.050000000000000000e+01,1.912905931311366251e-03,9.645556812151457178e-06
1.050666666666666771e+01,1.919317378713230726e-03,9.710273104444299135e-06
1.051333333333333364e+01,1.925750397263233321e-03,9.775424271760329903e-06
1.052000000000000135e+01,1.932205060086357321e-03,9.841013243025958343e-06
1.052666666666666728e+01,1.938681440559143678e-03,9.907042966961443782e-06
1.053333333333333321e+01,1.945179612310593727e-03,9.973516412215467522e-06
1.054000000000000092e+01,1.951699649223055406e-03,1.004043656750043789e-05
1.054666666666666686e+01,1.958241625433116643e-03,1.010780644172873886e-05
1.055333333333333456e+01,1.964805615332517168e-03,1.017562906415007138e-05
1.056000000000000050e+01,1.971391693569035392e-03,1.024390748448948077e-05
1.056666666666666821e+01,1.977999935047413012e-03,1.031264477308660557e-05
1.057333333333333414e+01,1.984630414930247094e-03,1.038184402103559887e-05
1.058000000000000007e+01,1.991283208638918150e-03,1.045150834032627284e-05
1.058666666666666778e+01,1.997958391854501303e-03,1.052164086398603432e-05
1.059333333333333371e+01,2.004656040518680050e-03,1.059224474622278946e-05
1.060000000000000142e+01,2.011376230834683448e-03,1.066332316256900030e-05
1.060666666666666735e+01,2.018119039268198578e-03,1.073487931002647320e-05
1.061333333333333329e+01,2.024884542548313800e-03,1.080691640721239578e-05
1.062000000000000099e+01,2.031672817668446832e-03,1.087943769450620395e-05
1.062666666666666693e+01,2.038483941887277162e-03,1.095244643419743326e-05
1.063333333333333464e+01,2.045317992729700583e-03,1.102594591063480679e-05
1.064000000000000057e+01,2.052175047987757264e-03,1.109993943037601265e-05
1.064666666666666650e+01,2.059055185721594527e-03,1.117443032233884176e-05
1.065333333333333421e+01,2.065958484260410968e-03,1.124942193795314043e-05
1.066000000000000014e+01,2.072885022203408388e-03,1.132491765131380491e-05
1.066666666666666785e+01,2.079834878420761934e-03,1.140092085933503281e-05
1.067333333333333378e+01,2.086808132054567694e-03,1.147743498190532168e-05
1.068000000000000149e+01,2.093804862519823683e-03,1.155446346204386688e-05
1.068666666666666742e+01,2.100825149505384810e-03,1.163200976605768446e-05
1.069333333333333336e+01,2.107869072974949062e-03,1.171007738370013851e-05
1.070000000000000107e+01,2.114936713168027657e-03,1.178866982833034086e-05
1.070666666666666700e+01,2.122028150600921252e-03,1.186779063707363843e-05
1.071333333333333471e+01,2.129143466067716980e-03,1.194744337098342361e-05
1.072000000000000064e+01,2.136282740641260759e-03,1.202763161520372568e-05
1.072666666666666657e+01,2.143446055674162135e-03,1.210835897913323525e-05
1.073333333333333428e+01,2.150633492799784805e-03,1.218962909659025557e-05
1.074000000000000021e+01,2.157845133933238447e-03,1.227144562597876495e-05
1.074666666666666792e+01,2.165081061272395701e-03,1.235381225045584810e-05
1.075333333333333385e+01,2.172341357298883564e-03,1.243673267809994399e-05
1.076000000000000156e+01,2.179626104779109046e-03,1.252021064208060308e-05
1.076666666666666750e+01,2.186935386765257068e-03,1.260424990082904591e-05
1.077333333333333343e+01,2.194269286596323490e-03,1.268885423821023780e-05
1.078000000000000114e+01,2.201627887899129058e-03,1.277402746369591909e-05
1.078666666666666707e+01,2.209011274589341590e-03,1.285977341253880931e-05
1.079333333333333478e+01,2.216419530872516374e-03,1.294609594594824960e-05
1.080000000000000071e+01,2.223852741245116622e-03,1.303299895126669731e-05
1.080666666666666664e+01,2.231310990495562110e-03,1.312048634214778925e-05
1.081333333333333435e+01,2.238794363705266539e-03,1.320856205873538242e-05
1.082000000000000028e+01,2.246302946249674904e-03,1.329723006784382803e-05
1.082666666666666799e+01,2.253836823799327312e-03,1.338649436313972789e-05
1.083333333333333393e+01,2.261396082320896346e-03,1.347635896532456308e-05
1.083999999999999986e+01,2.268980808078257388e-03,1.356682792231896267e-05
1.084666666666666757e+01,2.276591087633544203e-03,1.365790530944797012e-05
1.085333333333333350e+01,2.284227007848206679e-03,1.374959522962760058e-05
1.086000000000000121e+01,2.291888655884095471e-03,1.384190181355290933e-05
1.086666666666666714e+01,2.299576119204518009e-03,1.393482921988700547e-05
1.087333333333333485e+01,2.307289485575332241e-03,1.402838163545173262e-05
1.088000000000000078e+01,2.315028843066010457e-03,1.412256327541928298e-05
1.088666666666666671e+01,2.322794280050740831e-03,1.421737838350548858e-05
1.089333333333333442e+01,2.330585885209508594e-03,1.431283123216420687e-05
1.090000000000000036e+01,2.338403747529185003e-03,1.440892612278301580e-05
1.090666666666666806e+01,2.346247956304638432e-03,1.450566738588054204e-05
1.091333333333333400e+01,2.354118601139819442e-03,1.460305938130472765e-05
1.091999999999999993e+01,2.362015771948883149e-03,1.470110649843286710e-05
1.092666666666666764e+01,2.369939558957289902e-03,1.479981315637276398e-05
1.093333333333333357e+01,2.377890052702917242e-03,1.489918380416524821e-05
1.094000000000000128e+01,2.385867344037190078e-03,1.499922292098837186e-05
1.094666666666666721e+01,2.393871524126187436e-03,1.509993501636259449e-05
1.095333333333333492e+01,2.401902684451789113e-03,1.520132463035782677e-05
1.096000000000000085e+01,2.409960916812785899e-03,1.530339633380143973e-05
1.096666666666666679e+01,2.418046313326033172e-03,1.540615472848814432e-05
1.097333333333333449e+01,2.426158966427583667e-03,1.550960444739100762e-05
1.098000000000000043e+01,2.434298968873825457e-03,1.561375015487395307e-05
1.098666666666666814e+01,2.442466413742645521e-03,1.571859654690597005e-05
1.099333333333333407e+01,2.450661394434566417e-03,1.582414835127640929e-05
1.100000000000000000e+01,2.458884004673917659e-03,1.593041032781215537e-05
1.100666666666666771e+01,2.467134338509991906e-03,1.603738726859601553e-05
1.101333333333333364e+01,2.475412490318204626e-03,1.614508399818663311e-05
1.102000000000000135e+01,2.483718554801280648e-03,1.625350537384017644e-05
1.102666666666666728e+01,2.492052626990411222e-03,1.636265628573312881e-05
1.103333333333333321e+01,2.500414802246448374e-03,1.647254165718705374e-05
1.104000000000000092e+01,2.508805176261085391e-03,1.658316644489461051e-05
1.104666666666666686e+01,2.517223845058035123e-03,1.669453563914711459e-05
1.105333333333333456e+01,2.525670904994242565e-03,1.680665426406400230e-05
1.106000000000000050e+01,2.534146452761061857e-03,1.691952737782336606e-05
1.106666666666666821e+01,2.542650585385477970e-03,1.703316007289461739e-05
1.107333333333333414e+01,2.551183400231296292e-03,1.714755747627223073e-05
1.108000000000000007e+01,2.559744995000369071e-03,1.726272474971156761e-05
1.108666666666666778e+01,2.568335467733805395e-03,1.737866708996602550e-05
1.109333333333333371e+01,2.576954916813184622e-03,1.749538972902580289e-05
1.110000000000000142e+01,2.585603440961800181e-03,1.761289793435864633e-05
1.110666666666666735e+01,2.594281139245868239e-03,1.773119700915175295e-05
1.111333333333333329e+01,2.602988111075781909e-03,1.785029229255584801e-05
1.112000000000000099e+01,2.611724456207342032e-03,1.797018915993060426e-05
1.112666666666666693e+01,2.620490274742995340e-03,1.809089302309176551e-05
1.113333333333333464e+01,2.629285667133101669e-03,1.821240933056029288e-05
1.114000000000000057e+01,2.638110734177166045e-03,1.833474356781273081e-05
1.114666666666666650e+01,2.646965577025117179e-03,1.845790125753380581e-05
1.115333333333333421e+01,2.655850297178562972e-03,1.858188795987043813e-05
1.116000000000000014e+01,2.664764996492050789e-03,1.870670927268749487e-05
1.116666666666666785e+01,2.673709777174359831e-03,1.883237083182564035e-05
1.117333333333333378e+01,2.682684741789759676e-03,1.895887831136047738e-05
1.118000000000000149e+01,2.691689993259311752e-03,1.908623742386398908e-05
1.118666666666666742e+01,2.700725634862139162e-03,1.921445392066728508e-05
1.119333333333333336e+01,2.709791770236736393e-03,1.934353359212562457e-05
1.120000000000000107e+01,2.718888503382261689e-03,1.947348226788495729e-05
1.120666666666666700e+01,2.728015938659830719e-03,1.960430581715028386e-05
1.121333333333333471e+01,2.737174180793844076e-03,1.973601014895624215e-05
1.122000000000000064e+01,2.746363334873279209e-03,1.986860121243901164e-05
1.122666666666666657e+01,2.755583506353026166e-03,2.000208499711063012e-05
1.123333333333333428e+01,2.764834801055205109e-03,2.013646753313485198e-05
1.124000000000000021e+01,2.774117325170486446e-03,2.027175489160492423e-05
1.124666666666666792e+01,2.783431185259440874e-03,2.040795318482361556e-05
1.125333333333333385e+01,2.792776488253860805e-03,2.054506856658465489e-05
1.126000000000000156e+01,2.802153341458121262e-03,2.068310723245668734e-05
1.126666666666666750e+01,2.811561852550512140e-03,2.082207542006861249e-05
1.127333333333333343e+01,2.821002129584607339e-03,2.096197940939744687e-05
1.128000000000000114e+01,2.830474280990619585e-03,2.110282552305779575e-05
1.128666666666666707e+01,2.839978415576756114e-03,2.124462012659333410e-05
1.129333333333333478e+01,2.849514642530606018e-03,2.138736962877067963e-05
1.130000000000000071e+01,2.859083071420497665e-03,2.153108048187471591e-05
1.130666666666666664e+01,2.868683812196896020e-03,2.167575918200654122e-05
1.131333333333333435e+01,2.878316975193781317e-03,2.182141226938309132e-05
1.132000000000000028e+01,2.887982671130032500e-03,2.196804632863884571e-05
1.132666666666666799e+01,2.897681011110843190e-03,2.211566798912996333e-05
1.133333333333333393e+01,2.907412106629103394e-03,2.226428392523999709e-05
1.133999999999999986e+01,2.917176069566825014e-03,2.241390085668827140e-05
1.134666666666666757e+01,2.926973012196547406e-03,2.256452554884001151e-05
1.135333333333333350e+01,2.936803047182749444e-03,2.271616481301861061e-05
1.136000000000000121e+01,2.946666287583290644e-03,2.286882550682046861e-05
1.136666666666666714e+01,2.956562846850821057e-03,2.302251453443139961e-05
1.137333333333333485e+01,2.966492838834238008e-03,2.317723884694587521e-05
1.138000000000000078e+01,2.976456377780104662e-03,2.333300544268782304e-05
1.138666666666666671e+01,2.986453578334118467e-03,2.348982136753427458e-05
1.139333333333333442e+01,2.996484555542550977e-03,2.364769371524082242e-05
1.140000000000000036e+01,3.006549424853701986e-03,2.380662962776934060e-05
1.140666666666666806e+01,3.016648302119379673e-03,2.396663629561839192e-05
1.141333333333333400e+01,3.026781303596349105e-03,2.412772095815529527e-05
1.141999999999999993e+01,3.036948545947826261e-03,2.428989090395111707e-05
1.142666666666666764e+01,3.047150146244951251e-03,2.445315347111756332e-05
1.143333333333333357e+01,3.057386221968266295e-03,2.461751604764621294e-05
1.144000000000000128e+01,3.067656891009227105e-03,2.478298607175051578e-05
1.144666666666666721e+01,3.077962271671680437e-03,2.494957103220951859e-05
1.145333333333333492e+01,3.088302482673389773e-03,2.511727846871468435e-05
1.146000000000000085e+01,3.098677643147522420e-03,2.528611597221837521e-05
1.146666666666666679e+01,3.109087872644186474e-03,2.545609118528546259e-05
1.147333333333333449e+01,3.119533291131944362e-03,2.562721180244688894e-05
1.148000000000000043e+01,3.130014018999330294e-03,2.579948557055569938e-05
1.148666666666666814e+01,3.140530177056406313e-03,2.597292028914599055e-05
1.149333333333333407e+01,3.151081886536278871e-03,2.614752381079366196e-05
1.150000000000000000e+01,3.161669269096664420e-03,2.632330404148036909e-05
1.150666666666666771e+01,3.172292446821433319e-03,2.650026894095951614e-05
1.151333333333333364e+01,3.182951542222158935e-03,2.667842652312481369e-05
1.152000000000000135e+01,3.193646678239702753e-03,2.685778485638184825e-05
1.152666666666666728e+01,3.204377978245760445e-03,2.703835206402150525e-05
1.153333333333333321e+01,3.215145566044461285e-03,2.722013632459673610e-05
1.154000000000000092e+01,3.225949565873939377e-03,2.740314587230143257e-05
1.154666666666666686e+01,3.236790102407915721e-03,2.758738899735192369e-05
1.155333333333333456e+01,3.247667300757313674e-03,2.777287404637163715e-05
1.156000000000000050e+01,3.258581286471837982e-03,2.795960942277766139e-05
1.156666666666666821e+01,3.269532185541603689e-03,2.814760358717082120e-05
1.157333333333333414e+01,3.280520124398729476e-03,2.833686505772761347e-05
1.158000000000000007e+01,3.291545229918978709e-03,2.852740241059567664e-05
1.158666666666666778e+01,3.302607629423375338e-03,2.871922428029145580e-05
1.159333333333333371e+01,3.313707450679831933e-03,2.891233936010064592e-05
1.160000000000000142e+01,3.324844821904807644e-03,2.910675640248194202e-05
1.160666666666666735e+01,3.336019871764931907e-03,2.930248421947278145e-05
1.161333333333333329e+01,3.347232729378678013e-03,2.949953168309874207e-05
1.162000000000000099e+01,3.358483524318015001e-03,2.969790772578521717e-05
1.162666666666666693e+01,3.369772386610062152e-03,2.989762134077195678e-05
1.163333333333333464e+01,3.381099446738785111e-03,3.009868158253104796e-05
1.164000000000000057e+01,3.392464835646649950e-03,3.030109756718697537e-05
1.164666666666666828e+01,3.403868684736332303e-03,3.050487847294046977e-05
1.165333333333333421e+01,3.415311125872389202e-03,3.071003354049442669e-05
1.166000000000000014e+01,3.426792291382975159e-03,3.091657207348363673e-05
1.166666666666666785e+01,3.438312314061542623e-03,3.112450343890691806e-05
1.167333333333333378e+01,3.449871327168543746e-03,3.133383706756227789e-05
1.168000000000000149e+01,3.461469464433174215e-03,3.154458245448564507e-05
1.168666666666666742e+01,3.473106860055070241e-03,3.175674915939183542e-05
1.169333333333333336e+01,3.484783648706069742e-03,3.197034680711939987e-05
1.170000000000000107e+01,3.496499965531937523e-03,3.218538508807804763e-05
1.170666666666666700e+01,3.508255946154107806e-03,3.240187375869911182e-05
1.171333333333333471e+01,3.520051726671457985e-03,3.261982264188980989e-05
1.172000000000000064e+01,3.531887443662044216e-03,3.283924162748974015e-05
1.172666666666666657e+01,3.543763234184893387e-03,3.306014067273143053e-05
1.173333333333333428e+01,3.555679235781768633e-03,3.328252980270357748e-05
1.174000000000000021e+01,3.567635586478940489e-03,3.350641911081740203e-05
1.174666666666666792e+01,3.579632424789000109e-03,3.373181875927694281e-05
1.175333333333333385e+01,3.591669889712631285e-03,3.395873897955168003e-05
1.176000000000000156e+01,3.603748120740437114e-03,3.418719007285343547e-05
1.176666666666666750e+01,3.615867257854727627e-03,3.441718241061561686e-05
1.177333333333333343e+01,3.628027441531359466e-03,3.464872643497669754e-05
1.178000000000000114e+01,3.640228812741553004e-03,3.488183265926651501e-05
1.178666666666666707e+01,3.652471512953713376e-03,3.511651166849588310e-05
1.179333333333333478e+01,3.664755684135296166e-03,3.535277411985029695e-05
1.180000000000000071e+01,3.677081468754626273e-03,3.559063074318610461e-05
1.180666666666666664e+01,3.689449009782777046e-03,3.583009234153111027e-05
1.181333333333333435e+01,3.701858450695422968e-03,3.607116979158801675e-05
1.182000000000000028e+01,3.714309935474699714e-03,3.631387404424139169e-05
1.182666666666666799e+01,3.726803608611104542e-03,3.655821612506880789e-05
1.183333333333333393e+01,3.739339615105354616e-03,3.680420713485457892e-05
1.184000000000000163e+01,3.751918100470305606e-03,3.705185825010814330e-05
1.184666666666666757e+01,3.764539210732826494e-03,3.730118072358494914e-05
1.185333333333333350e+01,3.777203092435730322e-03,3.755218588481206853e-05
1.186000000000000121e+01,3.789909892639678913e-03,3.780488514061673932e-05
1.186666666666666714e+01,3.802659758925096278e-03,3.805928997565861358e-05
1.187333333333333485e+01,3.815452839394124079e-03,3.831541195296641727e-05
1.188000000000000078e+01,3.828289282672532427e-03,3.857326271447731377e-05
1.188666666666666671e+01,3.841169237911689661e-03,3.883285398158108526e-05
1.189333333333333442e+01,3.854092854790507842e-03,3.909419755566741764e-05
1.190000000000000036e+01,3.867060283517395180e-03,3.935730531867698696e-05
1.190666666666666806e+01,3.880071674832247935e-03,3.962218923365714012e-05
1.191333333333333400e+01,3.893127180008403715e-03,3.988886134532036064e-05
1.191999999999999993e+01,3.906226950854649847e-03,4.015733378060772177e-05
1.192666666666666764e+01,3.919371139717208775e-03,4.042761874925558538e-05
1.193333333333333357e+01,3.932559899481728218e-03,4.069972854436619726e-05
1.194000000000000128e+01,3.945793383575318600e-03,4.097367554298310031e-05
1.194666666666666721e+01,3.959071745968541049e-03,4.124947220666935310e-05
1.195333333333333492e+01,3.972395141177463909e-03,4.152713108209108816e-05
1.196000000000000085e+01,3.985763724265668946e-03,4.180666480160386206e-05
1.196666666666666679e+01,3.999177650846318273e-03,4.208808608384432485e-05
1.197333333333333449e+01,4.012637077084198721e-03,4.237140773432520311e-05
1.198000000000000043e+01,4.026142159697767078e-03,4.265664264603451141e-05
1.198666666666666814e+01,4.039693055961243902e-03,4.294380380003962229e-05
1.199333333333333407e+01,4.053289923706664827e-03,4.323290426609453470e-05
1.200000000000000000e+01,4.066932921325987389e-03,4.352395720325246857e-05
1.200666666666666771e+01,4.080622207773175296e-03,4.381697586048201006e-05
1.201333333333333364e+01,4.094357942566289633e-03,4.411197357728755312e-05
1.202000000000000135e+01,4.108140285789625180e-03,4.440896378433487729e-05
1.202666666666666728e+01,4.121969398095799014e-03,4.470796000407993760e-05
1.203333333333333499e+01,4.135845440707910242e-03,4.500897585140331927e-05
1.204000000000000092e+01,4.149768575421645955e-03,4.531202503424784352e-05
1.204666666666666686e+01,4.163738964607450500e-03,4.561712135426188567e-05
1.205333333333333456e+01,4.177756771212673935e-03,4.592427870744637960e-05
1.206000000000000050e+01,4.191822158763716145e-03,4.623351108480632833e-05
1.206666666666666821e+01,4.205935291368232548e-03,4.654483257300773573e-05
1.207333333333333414e+01,4.220096333717279075e-03,4.685825735503791948e-05
1.208000000000000007e+01,4.234305451087531751e-03,4.717379971087164490e-05
1.208666666666666778e+01,4.248562809343471580e-03,4.749147401814115513e-05
1.209333333333333371e+01,4.262868574939581573e-03,4.781129475281088368e-05
1.210000000000000142e+01,4.277222914922589742e-03,4.813327648985773707e-05
1.210666666666666735e+01,4.291625996933666129e-03,4.845743390395486052e-05
1.211333333333333329e+01,4.306077989210682286e-03,4.878378177016154285e-05
1.212000000000000099e+01,4.320579060590443859e-03,4.911233496461704493e-05
1.212666666666666693e+01,4.335129380510934459e-03,4.944310846523933408e-05
1.213333333333333464e+01,4.349729119013602888e-03,4.977611735242957152e-05
1.214000000000000057e+01,4.364378446745605274e-03,5.011137680978027258e-05
1.214666666666666828e+01,4.379077534962116589e-03,5.044890212478980273e-05
1.215333333333333421e+01,4.393826555528590992e-03,5.078870868958051921e-05
1.216000000000000014e+01,4.408625680923088097e-03,5.113081200162326200e-05
1.216666666666666785e+01,4.423475084238573211e-03,5.147522766446605290e-05
1.217333333333333378e+01,4.438374939185221919e-03,5.182197138846793776e-05
1.218000000000000149e+01,4.453325420092775835e-03,5.217105899153884606e-05
1.218666666666666742e+01,4.468326701912853256e-03,5.252250639988334004e-05
1.219333333333333336e+01,4.483378960221319660e-03,5.287632964875091645e-05
1.220000000000000107e+01,4.498482371220637391e-03,5.323254488319072652e-05
1.220666666666666700e+01,4.513637111742219675e-03,5.359116835881152033e-05
1.221333333333333471e+01,4.528843359248834952e-03,5.395221644254795412e-05
1.222000000000000064e+01,4.544101291836962625e-03,5.431570561343082788e-05
1.222666666666666657e+01,4.559411088239219943e-03,5.468165246336418721e-05
1.223333333333333428e+01,4.574772927826751580e-03,5.505007369790693151e-05
1.224000000000000021e+01,4.590186990611640032e-03,5.542098613705993110e-05
1.224666666666666792e+01,4.605653457249358519e-03,5.579440671605963623e-05
1.225333333333333385e+01,4.621172509041172709e-03,5.617035248617584649e-05
1.226000000000000156e+01,4.636744327936627441e-03,5.654884061551666320e-05
1.226666666666666750e+01,4.652369096535961465e-03,5.692988838983746689e-05
1.227333333333333343e+01,4.668046998092614114e-03,5.731351321335717916e-05
1.228000000000000114e+01,4.683778216515680805e-03,5.769973260957921387e-05
1.228666666666666707e+01,4.699562936372397165e-03,5.808856422211826256e-05
1.229333333333333478e+01,4.715401342890660451e-03,5.848002581553386975e-05
1.230000000000000071e+01,4.731293621961506733e-03,5.887413527616837215e-05
1.230666666666666664e+01,4.747239960141662676e-03,5.927091061299230530e-05
1.231333333333333435e+01,4.763240544656056549e-03,5.967036995845473654e-05
1.232000000000000028e+01,4.779295563400352657e-03,6.007253156933957470e-05
1.232666666666666799e+01,4.795405204943526539e-03,6.047741382762896769e-05
1.233333333333333393e+01,4.811569658530395928e-03,6.088503524137123344e-05
1.234000000000000163e+01,4.827789114084224571e-03,6.129541444555662425e-05
1.234666666666666757e+01,4.844063762209274010e-03,6.170857020299750240e-05
1.235333333333333350e+01,4.860393794193423878e-03,6.212452140521641016e-05
1.236000000000000121e+01,4.876779402010769648e-03,6.254328707333926265e-05
1.236666666666666714e+01,4.893220778324218652e-03,6.296488635899493748e-05
1.237333333333333485e+01,4.909718116488151138e-03,6.338933854522223698e-05
1.238000000000000078e+01,4.926271610551021495e-03,6.381666304738162091e-05
1.238666666666666671e+01,4.942881455258040131e-03,6.424687941407504358e-05
1.239333333333333442e+01,4.959547846053816329e-03,6.468000732807121199e-05
1.240000000000000036e+01,4.976270979085018441e-03,6.511606660723734917e-05
1.240666666666666806e+01,4.993051051203089598e-03,6.555507720547864182e-05
1.241333333333333400e+01,5.009888259966898370e-03,6.599705921368270234e-05
1.241999999999999993e+01,5.026782803645484833e-03,6.644203286067239288e-05
1.242666666666666764e+01,5.043734881220753724e-03,6.689001851416419221e-05
1.243333333333333357e+01,5.060744692390196225e-03,6.734103668173337966e-05
1.244000000000000128e+01,5.077812437569657715e-03,6.779510801178728271e-05
1.244666666666666721e+01,5.094938317896051741e-03,6.825225329454347135e-05
1.245333333333333492e+01,5.112122535230160733e-03,6.871249346301697830e-05
1.246000000000000085e+01,5.129365292159371661e-03,6.917584959401243893e-05
1.246666666666666679e+01,5.146666792000495830e-03,6.964234290912514863e-05
1.247333333333333449e+01,5.164027238802552239e-03,7.011199477574794783e-05
1.248000000000000043e+01,5.181446837349563093e-03,7.058482670808528987e-05
1.248666666666666814e+01,5.198925793163406556e-03,7.106086036817563006e-05
1.249333333333333407e+01,5.216464312506615721e-03,7.154011756691933067e-05
1.250000000000000000e+01,5.234062602385253053e-03,7.202262026511560544e-05
1.250666666666666771e+01,5.251720870551756203e-03,7.250839057450560339e-05
1.251333333333333364e+01,5.269439325507794224e-03,7.299745075882293295e-05
1.252000000000000135e+01,5.287218176507181046e-03,7.348982323485280552e-05
1.252666666666666728e+01,5.305057633558729092e-03,7.398553057349683041e-05
1.253333333333333499e+01,5.322957907429199179e-03,7.448459550084743212e-05
1.254000000000000092e+01,5.340919209646177550e-03,7.498704089926783764e-05
1.254666666666666686e+01,5.358941752501040524e-03,7.549288980848153701e-05
1.255333333333333456e+01,5.377025749051883574e-03,7.600216542666839820e-05
1.256000000000000050e+01,5.395171413126465150e-03,7.651489111156833066e-05
1.256666666666666821e+01,5.413378959325208621e-03,7.703109038159425953e-05
1.257333333333333414e+01,5.431648603024141764e-03,7.755078691695096809e-05
1.258000000000000007e+01,5.449980560377930792e-03,7.807400456076384705e-05
1.258666666666666778e+01,5.468375048322865820e-03,7.860076732021440663e-05
1.259333333333333371e+01,5.486832284579872335e-03,7.913109936768371680e-05
1.260000000000000142e+01,5.505352487657573859e-03,7.966502504190551052e-05
1.260666666666666735e+01,5.523935876855301692e-03,8.020256884912525005e-05
1.261333333333333329e+01,5.542582672266185319e-03,8.074375546426964232e-05
1.262000000000000099e+01,5.561293094780211596e-03,8.128860973212299825e-05
1.262666666666666693e+01,5.580067366087293479e-03,8.183715666851198111e-05
1.263333333333333464e+01,5.598905708680403798e-03,8.238942146150019408e-05
1.264000000000000057e+01,5.617808345858647454e-03,8.294542947258912386e-05
1.264666666666666828e+01,5.636775501730425554e-03,8.350520623792992631e-05
1.265333333333333421e+01,5.655807401216532762e-03,8.406877746954155475e-05
1.266000000000000014e+01,5.674904270053348319e-03,8.463616905653964886e-05
1.266666666666666785e+01,5.694066334795982835e-03,8.520740706637282334e-05
1.267333333333333378e+01,5.713293822821441555e-03,8.578251774606768438e-05
1.268000000000000149e+01,5.732586962331856148e-03,8.636152752348422732e-05
1.268666666666666742e+01,5.751945982357647112e-03,8.694446300857791576e-05
1.269333333333333336e+01,5.771371112760783316e-03,8.753135099467299572e-05
1.270000000000000107e+01,5.790862584237998177e-03,8.812221845974345337e-05
1.270666666666666700e+01,5.810420628324024055e-03,8.871709256770294455e-05
1.271333333333333471e+01,5.830045477394889090e-03,8.931600066970566125e-05
1.272000000000000064e+01,5.849737364671154204e-03,8.991897030545396071e-05
1.272666666666666835e+01,5.869496524221244627e-03,9.052602920451790721e-05
1.273333333333333428e+01,5.889323190964712053e-03,9.113720528766171215e-05
1.274000000000000021e+01,5.909217600675592194e-03,9.175252666818199188e-05
1.274666666666666792e+01,5.929179989985719837e-03,9.237202165325400797e-05
1.275333333333333385e+01,5.949210596388064716e-03,9.299571874528743496e-05
1.276000000000000156e+01,5.969309658240128970e-03,9.362364664329355280e-05
1.276666666666666750e+01,5.989477414767282147e-03,9.425583424425963577e-05
1.277333333333333343e+01,6.009714106066189020e-03,9.489231064453564708e-05
1.278000000000000114e+01,6.030019973108203570e-03,9.553310514122930884e-05
1.278666666666666707e+01,6.050395257742770781e-03,9.617824723361088934e-05
1.279333333333333478e+01,6.070840202700903895e-03,9.682776662452999771e-05
1.280000000000000071e+01,6.091355051598590538e-03,9.748169322183967002e-05
1.280666666666666664e+01,6.111940048940294259e-03,9.814005713983345205e-05
1.281333333333333435e+01,6.132595440122427452e-03,9.880288870069092548e-05
1.282000000000000028e+01,6.153321471436823398e-03,9.947021843593347964e-05
1.282666666666666799e+01,6.174118390074292452e-03,1.001420770878924432e-04
1.283333333333333393e+01,6.194986444128102766e-03,1.008184956111848868e-04
1.284000000000000163e+01,6.215925882597565962e-03,1.014995051742029777e-04
1.284666666666666757e+01,6.236936955391553412e-03,1.021851371606110058e-04
1.285333333333333350e+01,6.258019913332109677e-03,1.028754231708559346e-04
1.286000000000000121e+01,6.279175008158023423e-03,1.035703950236868562e-04
1.286666666666666714e+01,6.300402492528413972e-03,1.042700847576853972e-04
1.287333333333333485e+01,6.321702620026396768e-03,1.049745246328089449e-04
1.288000000000000078e+01,6.343075645162671652e-03,1.056837471319420319e-04
1.288666666666666671e+01,6.364521823379215223e-03,1.063977849624617346e-04
1.289333333333333442e+01,6.386041411052935032e-03,1.071166710578124630e-04
1.290000000000000036e+01,6.407634665499335920e-03,1.078404385790918780e-04
1.290666666666666806e+01,6.429301844976261816e-03,1.085691209166502244e-04
1.291333333333333400e+01,6.451043208687569017e-03,1.093027516916981898e-04
1.292000000000000171e+01,6.472859016786901808e-03,1.100413647579293855e-04
1.292666666666666764e+01,6.494749530381402174e-03,1.107849942031514343e-04
1.293333333333333357e+01,6.516715011535514912e-03,1.115336743509316264e-04
1.294000000000000128e+01,6.538755723274752851e-03,1.122874397622523608e-04
1.294666666666666721e+01,6.560871929589482884e-03,1.130463252371786482e-04
1.295333333333333492e+01,6.583063895438781392e-03,1.138103658165393831e-04
1.296000000000000085e+01,6.605331886754220276e-03,1.145795967836178594e-04
1.296666666666666679e+01,6.627676170443764884e-03,1.153540536658573013e-04
1.297333333333333449e+01,6.650097014395619024e-03,1.161337722365767623e-04
1.298000000000000043e+01,6.672594687482093397e-03,1.169187885166992491e-04
1.298666666666666814e+01,6.695169459563552090e-03,1.177091387764943184e-04
1.299333333333333407e+01,6.717821601492284488e-03,1.185048595373302567e-04
1.300000000000000000e+01,6.740551385116479513e-03,1.193059875734417630e-04
1.300666666666666771e+01,6.763359083284170396e-03,1.201125599137084065e-04
1.301333333333333364e+01,6.786244969847181167e-03,1.209246138434458371e-04
1.302000000000000135e+01,6.809209319665165093e-03,1.217421869062119846e-04
1.302666666666666728e+01,6.832252408609560713e-03,1.225653169056230708e-04
1.303333333333333499e+01,6.855374513567666708e-03,1.233940419071861950e-04
1.304000000000000092e+01,6.878575912446636964e-03,1.242284002401415296e-04
1.304666666666666686e+01,6.901856884177584930e-03,1.250684304993211033e-04
1.305333333333333456e+01,6.925217708719647210e-03,1.259141715470189684e-04
1.306000000000000050e+01,6.948658667064057555e-03,1.267656625148744329e-04
1.306666666666666821e+01,6.972180041238312809e-03,1.276229428057715015e-04
1.307333333333333414e+01,6.995782114310253839e-03,1.284860520957484264e-04
1.308000000000000007e+01,7.019465170392265307e-03,1.293550303359245249e-04
1.308666666666666778e+01,7.043229494645425991e-03,1.302299177544384340e-04
1.309333333333333371e+01,7.067075373283682529e-03,1.311107548584006233e-04
1.310000000000000142e+01,7.091003093578102101e-03,1.319975824358620895e-04
1.310666666666666735e+01,7.115012943861052236e-03,1.328904415577937840e-04
1.311333333333333506e+01,7.139105213530493391e-03,1.337893735800842557e-04
1.312000000000000099e+01,7.163280193054202133e-03,1.346944201455478097e-04
1.312666666666666693e+01,7.187538173974094939e-03,1.356056231859506110e-04
1.313333333333333464e+01,7.211879448910516431e-03,1.365230249240492820e-04
1.314000000000000057e+01,7.236304311566544960e-03,1.374466678756441646e-04
1.314666666666666828e+01,7.260813056732379721e-03,1.383765948516496049e-04
1.315333333333333421e+01,7.285405980289654145e-03,1.393128489601759730e-04
1.316000000000000014e+01,7.310083379215862910e-03,1.402554736086299527e-04
1.316666666666666785e+01,7.334845551588747327e-03,1.412045125058280040e-04
1.317333333333333378e+01,7.359692796590694593e-03,1.421600096641247328e-04
1.318000000000000149e+01,7.384625414513231595e-03,1.431220094015593679e-04
1.318666666666666742e+01,7.409643706761430242e-03,1.440905563440139734e-04
1.319333333333333336e+01,7.434747975858439425e-03,1.450656954273909875e-04
1.320000000000000107e+01,7.459938525449967550e-03,1.460474718998042056e-04
1.320666666666666700e+01,7.485215660308787607e-03,1.470359313237852670e-04
1.321333333333333471e+01,7.510579686339327252e-03,1.480311195785091152e-04
1.322000000000000064e+01,7.536030910582179089e-03,1.490330828620313583e-04
1.322666666666666835e+01,7.561569641218741054e-03,1.500418676935462816e-04
1.323333333333333428e+01,7.587196187575770932e-03,1.510575209156567070e-04
1.324000000000000021e+01,7.612910860130057966e-03,1.520800896966647219e-04
1.324666666666666792e+01,7.638713970513051968e-03,1.531096215328759346e-04
1.325333333333333385e+01,7.664605831515515846e-03,1.541461642509206150e-04
1.326000000000000156e+01,7.690586757092257933e-03,1.551897660100944878e-04
1.326666666666666750e+01,7.716657062366796653e-03,1.562404753047123450e-04
1.327333333333333343e+01,7.742817063636137954e-03,1.572983409664826659e-04
1.328000000000000114e+01,7.769067078375511103e-03,1.583634121668971444e-04
1.328666666666666707e+01,7.795407425243125292e-03,1.594357384196370758e-04
1.329333333333333478e+01,7.821838424085019933e-03,1.605153695830005057e-04
1.330000000000000071e+01,7.848360395939828205e-03,1.616023558623424171e-04
1.330666666666666664e+01,7.874973663043665500e-03,1.626967478125370889e-04
1.331333333333333435e+01,7.901678548834979721e-03,1.637985963404554976e-04
1.332000000000000028e+01,7.928475377959414566e-03,1.649079527074606092e-04
1.332666666666666799e+01,7.955364476274770849e-03,1.660248685319239202e-04
1.333333333333333393e+01,7.982346170855881065e-03,1.671493957917558233e-04
1.334000000000000163e+01,8.009420789999622745e-03,1.682815868269589847e-04
1.334666666666666757e+01,8.036588663229841598e-03,1.694214943421957348e-04
1.335333333333333350e+01,8.063850121302394355e-03,1.705691714093786609e-04
1.336000000000000121e+01,8.091205496210162121e-03,1.717246714702768393e-04
1.336666666666666714e+01,8.118655121188072393e-03,1.728880483391412315e-04
1.337333333333333485e+01,8.146199330718214768e-03,1.740593562053522508e-04
1.338000000000000078e+01,8.173838460534883776e-03,1.752386496360819400e-04
1.338666666666666671e+01,8.201572847629746629e-03,1.764259835789802990e-04
1.339333333333333442e+01,8.229402830256957180e-03,1.776214133648779841e-04
1.340000000000000036e+01,8.257328747938308053e-03,1.788249947105087121e-04
1.340666666666666806e+01,8.285350941468460836e-03,1.800367837212548945e-04
1.341333333333333400e+01,8.313469752920105149e-03,1.812568368939082868e-04
1.342000000000000171e+01,8.341685525649259955e-03,1.824852111194560358e-04
1.342666666666666764e+01,8.369998604300465592e-03,1.837219636858817976e-04
1.343333333333333357e+01,8.398409334812124982e-03,1.849671522809924148e-04
1.344000000000000128e+01,8.426918064421796278e-03,1.862208349952617790e-04
1.344666666666666721e+01,8.455525141671502848e-03,1.874830703246955100e-04
1.345333333333333492e+01,8.484230916413143878e-03,1.887539171737199475e-04
1.346000000000000085e+01,8.513035739813818240e-03,1.900334348580871087e-04
1.346666666666666679e+01,8.541939964361294074e-03,1.913216831078062082e-04
1.347333333333333449e+01,8.570943943869408985e-03,1.926187220700929586e-04
1.348000000000000043e+01,8.600048033483525742e-03,1.939246123123406103e-04
1.348666666666666814e+01,8.629252589686050440e-03,1.952394148251160625e-04
1.349333333333333407e+01,8.658557970301900344e-03,1.965631910251728069e-04
1.350000000000000000e+01,8.687964534504086234e-03,1.978960027584912205e-04
1.350666666666666771e+01,8.717472642819254838e-03,1.992379123033373976e-04
1.351333333333333364e+01,8.747082657133253836e-03,2.005889823733445344e-04
1.352000000000000135e+01,8.776794940696806130e-03,2.019492761206205772e-04
1.352666666666666728e+01,8.806609858131080049e-03,2.033188571388730014e-04
1.353333333333333499e+01,8.836527775433433013e-03,2.046977894665624850e-04
1.354000000000000092e+01,8.866549059983032041e-03,2.060861375900738474e-04
1.354666666666666686e+01,8.896674080546635582e-03,2.074839664469156110e-04
1.355333333333333456e+01,8.926903207284323308e-03,2.088913414289396485e-04
1.356000000000000050e+01,8.957236811755234576e-03,2.103083283855841396e-04
1.356666666666666821e+01,8.987675266923443942e-03,2.117349936271442840e-04
1.357333333333333414e+01,9.018218947163715235e-03,2.131714039280613370e-04
1.358000000000000007e+01,9.048868228267415229e-03,2.146176265302414334e-04
1.358666666666666778e+01,9.079623487448383948e-03,2.160737291463950662e-04
1.359333333333333371e+01,9.110485103348818850e-03,2.175397799634010945e-04
1.360000000000000142e+01,9.141453456045268294e-03,2.190158476456993209e-04
1.360666666666666735e+01,9.172528927054541745e-03,2.205020013387021499e-04
1.361333333333333506e+01,9.203711899339769159e-03,2.219983106722377706e-04
1.362000000000000099e+01,9.235002757316361499e-03,2.235048457640120953e-04
1.362666666666666693e+01,9.266401886858125631e-03,2.250216772231024385e-04
1.363333333333333464e+01,9.297909675303321977e-03,2.265488761534726898e-04
1.364000000000000057e+01,9.329526511460744728e-03,2.280865141575144541e-04
1.364666666666666828e+01,9.361252785615928676e-03,2.296346633396184134e-04
1.365333333333333421e+01,9.393088889537255445e-03,2.311933963097657463e-04
1.366000000000000014e+01,9.425035216482198497e-03,2.327627861871522095e-04
1.366666666666666785e+01,9.457092161203542111e-03,2.343429066038349060e-04
1.367333333333333378e+01,9.489260119955605574e-03,2.359338317084058603e-04
1.368000000000000149e+01,9.521539490500588801e-03,2.375356361696968454e-04
1.368666666666666742e+01,9.553930672114834682e-03,2.391483951805053250e-04
1.369333333333333336e+01,9.586434065595226747e-03,2.407721844613542228e-04
1.370000000000000107e+01,9.619050073265543455e-03,2.424070802642751645e-04
1.370666666666666700e+01,9.651779098982848915e-03,2.440531593766195840e-04
1.371333333333333471e+01,9.684621548143985958e-03,2.457104991249025997e-04
1.372000000000000064e+01,9.717577827691984207e-03,2.473791773786682222e-04
1.372666666666666835e+01,9.750648346122626001e-03,2.490592725543909372e-04
1.373333333333333428e+01,9.783833513490911710e-03,2.507508636193981049e-04
1.374000000000000021e+01,9.817133741417686382e-03,2.524540300958289245e-04
1.374666666666666792e+01,9.850549443096212610e-03,2.541688520646177927e-04
1.375333333333333385e+01,9.884081033298764210e-03,2.558954101695069903e-04
1.376000000000000156e+01,9.917728928383355222e-03,2.576337856210939546e-04
1.376666666666666750e+01,9.951493546300354404e-03,2.593840602009014288e-04
1.377333333333333343e+01,9.985375306599278411e-03,2.611463162654850158e-04
1.378000000000000114e+01,1.001937463043551559e-02,2.629206367505657234e-04
1.378666666666666707e+01,1.005349194057708964e-02,2.647071051751942222e-04
1.379333333333333478e+01,1.008772766141154652e-02,2.665058056459497981e-04
1.380000000000000071e+01,1.012208221895273194e-02,2.683168228611638073e-04
1.380666666666666842e+01,1.015655604084775808e-02,2.701402421151818381e-04
1.381333333333333435e+01,1.019114955638384702e-02,2.719761493026500495e-04
1.382000000000000028e+01,1.022586319649535294e-02,2.738246309228403253e-04
1.382666666666666799e+01,1.026069739377071487e-02,2.756857740840028574e-04
1.383333333333333393e+01,1.029565258245946323e-02,2.775596665077510392e-04
1.384000000000000163e+01,1.033072919847933396e-02,2.794463965334837634e-04
1.384666666666666757e+01,1.036592767942328547e-02,2.813460531228330905e-04
1.385333333333333350e+01,1.040124846456668729e-02,2.832587258641528459e-04
1.386000000000000121e+01,1.043669199487445333e-02,2.851845049770349179e-04
1.386666666666666714e+01,1.047225871300821141e-02,2.871234813168598173e-04
1.387333333333333485e+01,1.050794906333359091e-02,2.890757463793856711e-04
1.388000000000000078e+01,1.054376349192742181e-02,2.910413923053641050e-04
1.388666666666666671e+01,1.057970244658509168e-02,2.930205118851978135e-04
1.389333333333333442e+01,1.061576637682785929e-02,2.950131985636278366e-04
1.390000000000000036e+01,1.065195573391019244e-02,2.970195464444559110e-04
1.390666666666666806e+01,1.068827097082725337e-02,2.990396502953068824e-04
1.391333333333333400e+01,1.072471254232224697e-02,3.010736055524189814e-04
1.392000000000000171e+01,1.076128090489399981e-02,3.031215083254782815e-04
1.392666666666666764e+01,1.079797651680438307e-02,3.051834554024804237e-04
1.393333333333333357e+01,1.083479983808594178e-02,3.072595442546370115e-04
1.394000000000000128e+01,1.087175133054945654e-02,3.093498730413130125e-04
1.394666666666666721e+01,1.090883145779153983e-02,3.114545406150010247e-04
1.395333333333333492e+01,1.094604068520237290e-02,3.135736465263383671e-04
1.396000000000000085e+01,1.098337947997332642e-02,3.157072910291529029e-04
1.396666666666666679e+01,1.102084831110477711e-02,3.178555750855554282e-04
1.397333333333333449e+01,1.105844764941385158e-02,3.200186003710642625e-04
1.398000000000000043e+01,1.109617796754221695e-02,3.221964692797681649e-04
1.398666666666666814e+01,1.113403973996400682e-02,3.243892849295336488e-04
1.399333333333333407e+01,1.117203344299363445e-02,3.265971511672423290e-04
1.400000000000000178e+01,1.121015955479380891e-02,3.288201725740772744e-04
1.400666666666666771e+01,1.124841855538342983e-02,3.310584544708390685e-04
1.401333333333333364e+01,1.128681092664566600e-02,3.333121029233109293e-04
1.402000000000000135e+01,1.132533715233598019e-02,3.355812247476577651e-04
1.402666666666666728e+01,1.136399771809019216e-02,3.378659275158656171e-04
1.403333333333333499e+01,1.140279311143267693e-02,3.401663195612285350e-04
1.404000000000000092e+01,1.144172382178446599e-02,3.424825099838666245e-04
1.404666666666666686e+01,1.148079034047151843e-02,3.448146086562953226e-04
1.405333333333333456e+01,1.151999316073295913e-02,3.471627262290298012e-04
1.406000000000000050e+01,1.155933277772933088e-02,3.495269741362320884e-04
1.406666666666666821e+01,1.159880968855101120e-02,3.519074646014058402e-04
1.407333333333333414e+01,1.163842439222650439e-02,3.543043106431256447e-04
1.408000000000000007e+01,1.167817738973092948e-02,3.567176260808177166e-04
1.408666666666666778e+01,1.171806918399446139e-02,3.591475255405786478e-04
1.409333333333333371e+01,1.175810027991079469e-02,3.615941244610369840e-04
1.410000000000000142e+01,1.179827118434576688e-02,3.640575390992661377e-04
1.410666666666666735e+01,1.183858240614586374e-02,3.665378865367316169e-04
1.411333333333333506e+01,1.187903445614693458e-02,3.690352846852934391e-04
1.412000000000000099e+01,1.191962784718278608e-02,3.715498522932434030e-04
1.412666666666666693e+01,1.196036309409396689e-02,3.740817089513975998e-04
1.413333333333333464e+01,1.200124071373651242e-02,3.766309750992281728e-04
1.414000000000000057e+01,1.204226122499070864e-02,3.791977720310413724e-04
1.414666666666666828e+01,1.208342514877002068e-02,3.817822219022088456e-04
1.415333333333333421e+01,1.212473300802990005e-02,3.843844477354355711e-04
1.416000000000000014e+01,1.216618532777680867e-02,3.870045734270858542e-04
1.416666666666666785e+01,1.220778263507716309e-02,3.896427237535493278e-04
1.417333333333333378e+01,1.224952545906633078e-02,3.922990243776557973e-04
1.418000000000000149e+01,1.229141433095779119e-02,3.949736018551451631e-04
1.418666666666666742e+01,1.233344978405216501e-02,3.976665836411753981e-04
1.419333333333333336e+01,1.237563235374645673e-02,4.003780980968908070e-04
1.420000000000000107e+01,1.241796257754323833e-02,4.031082744960325158e-04
1.420666666666666700e+01,1.246044099505987796e-02,4.058572430315990505e-04
1.421333333333333471e+01,1.250306814803792306e-02,4.086251348225642169e-04
1.422000000000000064e+01,1.254584458035236556e-02,4.114120819206353659e-04
1.422666666666666835e+01,1.258877083802113599e-02,4.142182173170741639e-04
1.423333333333333428e+01,1.263184746921446056e-02,4.170436749495573699e-04
1.424000000000000021e+01,1.267507502426444208e-02,4.198885897091004962e-04
1.424666666666666792e+01,1.271845405567456448e-02,4.227530974470268435e-04
1.425333333333333385e+01,1.276198511812926158e-02,4.256373349819887937e-04
1.426000000000000156e+01,1.280566876850363842e-02,4.285414401070507403e-04
1.426666666666666750e+01,1.284950556587306780e-02,4.314655515968130015e-04
1.427333333333333343e+01,1.289349607152301576e-02,4.344098092146025740e-04
1.428000000000000114e+01,1.293764084895880281e-02,4.373743537197101287e-04
1.428666666666666707e+01,1.298194046391539999e-02,4.403593268746818661e-04
1.429333333333333478e+01,1.302639548436741214e-02,4.433648714526749069e-04
1.430000000000000071e+01,1.307100648053892422e-02,4.463911312448563752e-04
1.430666666666666842e+01,1.311577402491358700e-02,4.494382510678717087e-04
1.431333333333333435e+01,1.316069869224456741e-02,4.525063767713567698e-04
1.432000000000000028e+01,1.320578105956472792e-02,4.555956552455191840e-04
1.432666666666666799e+01,1.325102170619673995e-02,4.587062344287693339e-04
1.433333333333333393e+01,1.329642121376324419e-02,4.618382633154093043e-04
1.434000000000000163e+01,1.334198016619719124e-02,4.649918919633887768e-04
1.434666666666666757e+01,1.338769914975204700e-02,4.681672715021071110e-04
1.435333333333333350e+01,1.343357875301223574e-02,4.713645541402879048e-04
1.436000000000000121e+01,1.347961956690351716e-02,4.745838931739051092e-04
1.436666666666666714e+01,1.352582218470341040e-02,4.778254429941689897e-04
1.437333333333333485e+01,1.357218720205180355e-02,4.810893590955822368e-04
1.438000000000000078e+01,1.361871521696142277e-02,4.843757980840442687e-04
1.438666666666666671e+01,1.366540682982855109e-02,4.876849176850302356e-04
1.439333333333333442e+01,1.371226264344367098e-02,4.910168767518241799e-04
1.440000000000000036e+01,1.375928326300217101e-02,4.943718352738149177e-04
1.440666666666666806e+01,1.380646929611521398e-02,4.977499543848634776e-04
1.441333333333333400e+01,1.385382135282049731e-02,5.011513963717224721e-04
1.442000000000000171e+01,1.390134004559325821e-02,5.045763246825327739e-04
1.442666666666666764e+01,1.394902598935712605e-02,5.080249039353719074e-04
1.443333333333333357e+01,1.399687980149524370e-02,5.114972999268805037e-04
1.444000000000000128e+01,1.404490210186128997e-02,5.149936796409460005e-04
1.444666666666666721e+01,1.409309351279059049e-02,5.185142112574536721e-04
1.445333333333333492e+01,1.414145465911138995e-02,5.220590641611120349e-04
1.446000000000000085e+01,1.418998616815599773e-02,5.256284089503339809e-04
1.446666666666666679e+01,1.423868866977219538e-02,5.292224174461986844e-04
1.447333333333333449e+01,1.428756279633456097e-02,5.328412627014728151e-04
1.448000000000000043e+01,1.433660918275585575e-02,5.364851190097021149e-04
1.448666666666666814e+01,1.438582846649860171e-02,5.401541619143810377e-04
1.449333333333333407e+01,1.443522128758653079e-02,5.438485682181786601e-04
1.450000000000000178e+01,1.448478828861628556e-02,5.475685159922515435e-04
1.450666666666666771e+01,1.453453011476899502e-02,5.513141845856114583e-04
1.451333333333333364e+01,1.458444741382208289e-02,5.550857546345812528e-04
1.452000000000000135e+01,1.463454083616102901e-02,5.588834080723119801e-04
1.452666666666666728e+01,1.468481103479118109e-02,5.627073281383739673e-04
1.453333333333333499e+01,1.473525866534975207e-02,5.665576993884323441e-04
1.454000000000000092e+01,1.478588438611770813e-02,5.704347077039805761e-04
1.454666666666666686e+01,1.483668885803188231e-02,5.743385403021648546e-04
1.455333333333333456e+01,1.488767274469706033e-02,5.782693857456742970e-04
1.456000000000000050e+01,1.493883671239808718e-02,5.822274339527063912e-04
1.456666666666666821e+01,1.499018143011220973e-02,5.862128762070208023e-04
1.457333333333333414e+01,1.504170756952125446e-02,5.902259051680535697e-04
1.458000000000000007e+01,1.509341580502408797e-02,5.942667148811270382e-04
1.458666666666666778e+01,1.514530681374899948e-02,5.983355007877254935e-04
1.459333333333333371e+01,1.519738127556615956e-02,6.024324597358527615e-04
1.460000000000000142e+01,1.524963987310026629e-02,6.065577899904783885e-04
1.460666666666666735e+01,1.530208329174306305e-02,6.107116912440497397e-04
1.461333333333333506e+01,1.535471221966614244e-02,6.148943646271017851e-04
1.462000000000000099e+01,1.540752734783359425e-02,6.191060127189320457e-04
1.462666666666666693e+01,1.546052937001492732e-02,6.233468395583739849e-04
1.463333333333333464e+01,1.551371898279792737e-02,6.276170506546436927e-04
1.464000000000000057e+01,1.556709688560157200e-02,6.319168529982691854e-04
1.464666666666666828e+01,1.562066378068916947e-02,6.362464550721167421e-04
1.465333333333333421e+01,1.567442037318134487e-02,6.406060668624851111e-04
1.466000000000000014e+01,1.572836737106930727e-02,6.449958998703025003e-04
1.466666666666666785e+01,1.578250548522805788e-02,6.494161671223998939e-04
1.467333333333333378e+01,1.583683542942964859e-02,6.538670831828704557e-04
1.468000000000000149e+01,1.589135792035668154e-02,6.583488641645299797e-04
1.468666666666666742e+01,1.594607367761563185e-02,6.628617277404478137e-04
1.469333333333333513e+01,1.600098342375051025e-02,6.674058931555865290e-04
1.470000000000000107e+01,1.605608788425632802e-02,6.719815812385130380e-04
1.470666666666666700e+01,1.611138778759289153e-02,6.765890144132185669e-04
1.471333333333333471e+01,1.616688386519848225e-02,6.812284167110182077e-04
1.472000000000000064e+01,1.622257685150365128e-02,6.859000137825438208e-04
1.472666666666666835e+01,1.627846748394521509e-02,6.906040329098414544e-04
1.473333333333333428e+01,1.633455650298009862e-02,6.953407030185448749e-04
1.474000000000000021e+01,1.639084465209948369e-02,7.001102546901626133e-04
1.474666666666666792e+01,1.644733267784288799e-02,7.049129201744483864e-04
1.475333333333333385e+01,1.650402132981232395e-02,7.097489334018670373e-04
1.476000000000000156e+01,1.656091136068665523e-02,7.146185299961714966e-04
1.476666666666666750e+01,1.661800352623584928e-02,7.195219472870574822e-04
1.477333333333333343e+01,1.667529858533549347e-02,7.244594243229370272e-04
1.478000000000000114e+01,1.673279729998126616e-02,7.294312018837991775e-04
1.478666666666666707e+01,1.679050043530346675e-02,7.344375224941692435e-04
1.479333333333333478e+01,1.684840875958178164e-02,7.394786304361842784e-04
1.480000000000000071e+01,1.690652304425992181e-02,7.445547717627501970e-04
1.480666666666666842e+01,1.696484406396054842e-02,7.496661943108230350e-04
1.481333333333333435e+01,1.702337259650005957e-02,7.548131477147723917e-04
1.482000000000000028e+01,1.708210942290368239e-02,7.599958834198699891e-04
1.482666666666666799e+01,1.714105532742049229e-02,7.652146546958702800e-04
1.483333333333333393e+01,1.720021109753850502e-02,7.704697166506970906e-04
1.484000000000000163e+01,1.725957752400002557e-02,7.757613262442514777e-04
1.484666666666666757e+01,1.731915540081683386e-02,7.810897423023067552e-04
1.485333333333333350e+01,1.737894552528567935e-02,7.864552255305332995e-04
1.486000000000000121e+01,1.743894869800373046e-02,7.918580385286197411e-04
1.486666666666666714e+01,1.749916572288406566e-02,7.972984458045048522e-04
1.487333333333333485e+01,1.755959740717146986e-02,8.027767137887350949e-04
1.488000000000000078e+01,1.762024456145800527e-02,8.082931108489129152e-04
1.488666666666666849e+01,1.768110799969898478e-02,8.138479073042831661e-04
1.489333333333333442e+01,1.774218853922874747e-02,8.194413754404093015e-04
1.490000000000000036e+01,1.780348700077674651e-02,8.250737895239879148e-04
1.490666666666666806e+01,1.786500420848361609e-02,8.307454258177642166e-04
1.491333333333333400e+01,1.792674098991726625e-02,8.364565625955660156e-04
1.492000000000000171e+01,1.798869817608926558e-02,8.422074801574699725e-04
1.492666666666666764e+01,1.805087660147106088e-02,8.479984608450644558e-04
1.493333333333333357e+01,1.811327710401053337e-02,8.538297890568569224e-04
1.494000000000000128e+01,1.817590052514847163e-02,8.597017512637863566e-04
1.494666666666666721e+01,1.823874770983515206e-02,8.656146360248571404e-04
1.495333333333333492e+01,1.830181950654715881e-02,8.715687340029139784e-04
1.496000000000000085e+01,1.836511676730405787e-02,8.775643379805161352e-04
1.496666666666666679e+01,1.842864034768541132e-02,8.836017428759608593e-04
1.497333333333333449e+01,1.849239110684772203e-02,8.896812457594181550e-04
1.498000000000000043e+01,1.855636990754146523e-02,8.958031458691925134e-04
1.498666666666666814e+01,1.862057761612838022e-02,9.019677446281290601e-04
1.499333333333333407e+01,1.868501510259861983e-02,9.081753456601258457e-04
1.500000000000000178e+01,1.874968324058825381e-02,9.144262548068023697e-04
1.500666666666666771e+01,1.881458290739658826e-02,9.207207801442738150e-04
1.501333333333333364e+01,1.887971498400387027e-02,9.270592320000828161e-04
1.502000000000000135e+01,1.894508035508887800e-02,9.334419229702489718e-04
1.502666666666666728e+01,1.901067990904663912e-02,9.398691679364530160e-04
1.503333333333333499e+01,1.907651453800640953e-02,9.463412840833749454e-04
1.504000000000000092e+01,1.914258513784949586e-02,9.528585909161430608e-04
1.504666666666666686e+01,1.920889260822742153e-02,9.594214102779475900e-04
1.505333333333333456e+01,1.927543785258004766e-02,9.660300663677778019e-04
1.506000000000000050e+01,1.934222177815378071e-02,9.726848857582983321e-04
1.506666666666666821e+01,1.940924529602004733e-02,9.793861974138858614e-04
1.507333333333333414e+01,1.947650932109363034e-02,9.861343327087831057e-04
1.508000000000000185e+01,1.954401477215137253e-02,9.929296254454250854e-04
1.508666666666666778e+01,1.961176257185069660e-02,9.997724118728822714e-04
1.509333333333333371e+01,1.967975364674854136e-02,1.006663030705477963e-03
1.510000000000000142e+01,1.974798892732014532e-02,1.013601823141536311e-03
1.510666666666666735e+01,1.981646934797801768e-02,1.020589132882278446e-03
1.511333333333333506e+01,1.988519584709114510e-02,1.027625306150887737e-03
1.512000000000000099e+01,1.995416936700404251e-02,1.034710691711701038e-03
1.512666666666666693e+01,2.002339085405620625e-02,1.041845640889578397e-03
1.513333333333333464e+01,2.009286125860146668e-02,1.049030507589410015e-03
1.514000000000000057e+01,2.016258153502747258e-02,1.056265648315779342e-03
1.514666666666666828e+01,2.023255264177544963e-02,1.063551422192800721e-03
1.515333333333333421e+01,2.030277554135980281e-02,1.070888190984088445e-03
1.516000000000000014e+01,2.037325120038812123e-02,1.078276319112912935e-03
1.516666666666666785e+01,2.044398058958107195e-02,1.085716173682498963e-03
1.517333333333333378e+01,2.051496468379246027e-02,1.093208124496488449e-03
1.518000000000000149e+01,2.058620446202952953e-02,1.100752544079582149e-03
1.518666666666666742e+01,2.065770090747315324e-02,1.108349807698322080e-03
1.519333333333333513e+01,2.072945500749839506e-02,1.116000293382068661e-03
1.520000000000000107e+01,2.080146775369492301e-02,1.123704381944114249e-03
1.520666666666666700e+01,2.087374014188778451e-02,1.131462457002999642e-03
1.521333333333333471e+01,2.094627317215815021e-02,1.139274905003975855e-03
1.522000000000000064e+01,2.101906784886413415e-02,1.147142115240642850e-03
1.522666666666666835e+01,2.109212518066195738e-02,1.155064479876780157e-03
1.523333333333333428e+01,2.116544618052693116e-02,1.163042393968321490e-03
1.524000000000000021e+01,2.123903186577484961e-02,1.171076255485539470e-03
1.524666666666666792e+01,2.131288325808330247e-02,1.179166465335384530e-03
1.525333333333333385e+01,2.138700138351312327e-02,1.187313427384006611e-03
1.526000000000000156e+01,2.146138727253014966e-02,1.195517548479477872e-03
1.526666666666666750e+01,2.153604196002681381e-02,1.203779238474664585e-03
1.527333333333333343e+01,2.161096648534415604e-02,1.212098910250319558e-03
1.528000000000000114e+01,2.168616189229374477e-02,1.220476979738334584e-03
1.528666666666666707e+01,2.176162922917976653e-02,1.228913865945184146e-03
1.529333333333333478e+01,2.183736954882138995e-02,1.237409990975576416e-03
1.530000000000000071e+01,2.191338390857500151e-02,1.245965780056265378e-03
1.530666666666666842e+01,2.198967337035685754e-02,1.254581661560088233e-03
1.531333333333333435e+01,2.206623900066556968e-02,1.263258067030162629e-03
1.532000000000000028e+01,2.214308187060501365e-02,1.271995431204312431e-03
1.532666666666666799e+01,2.222020305590715131e-02,1.280794192039667835e-03
1.533333333333333393e+01,2.229760363695500527e-02,1.289654790737466278e-03
1.534000000000000163e+01,2.237528469880596671e-02,1.298577671768073654e-03
1.534666666666666757e+01,2.245324733121492264e-02,1.307563282896177705e-03
1.535333333333333350e+01,2.253149262865783084e-02,1.316612075206216028e-03
1.536000000000000121e+01,2.261002169035521842e-02,1.325724503127989487e-03
1.536666666666666714e+01,2.268883562029582260e-02,1.334901024462481619e-03
1.537333333333333485e+01,2.276793552726057851e-02,1.344142100407913097e-03
1.538000000000000078e+01,2.284732252484641957e-02,1.353448195585969013e-03
1.538666666666666849e+01,2.292699773149056708e-02,1.362819778068279650e-03
1.539333333333333442e+01,2.300696227049461862e-02,1.372257319403076244e-03
1.540000000000000036e+01,2.308721727004908394e-02,1.381761294642100879e-03
1.540666666666666806e+01,2.316776386325785850e-02,1.391332182367709808e-03
1.541333333333333400e+01,2.324860318816284951e-02,1.400970464720197083e-03
1.542000000000000171e+01,2.332973638776893871e-02,1.410676627425366033e-03
1.542666666666666764e+01,2.341116461006878188e-02,1.420451159822286357e-03
1.543333333333333357e+01,2.349288900806807689e-02,1.430294554891316412e-03
1.544000000000000128e+01,2.357491073981074492e-02,1.440207309282327602e-03
1.544666666666666721e+01,2.365723096840429557e-02,1.450189923343158825e-03
1.545333333333333492e+01,2.373985086204550773e-02,1.460242901148328101e-03
1.546000000000000085e+01,2.382277159404598207e-02,1.470366750527941089e-03
1.546666666666666679e+01,2.390599434285813410e-02,1.480561983096872819e-03
1.547333333333333449e+01,2.398952029210114217e-02,1.490829114284163018e-03
1.548000000000000043e+01,2.407335063058703428e-02,1.501168663362649957e-03
1.548666666666666814e+01,2.415748655234716338e-02,1.511581153478874914e-03
1.549333333333333407e+01,2.424192925665848153e-02,1.522067111683188733e-03
1.550000000000000178e+01,2.432667994807035522e-02,1.532627068960149821e-03
1.550666666666666771e+01,2.441173983643115178e-02,1.543261560259126183e-03
1.551333333333333364e+01,2.449711013691532879e-02,1.553971124525189550e-03
1.552000000000000135e+01,2.458279207005047845e-02,1.564756304730235232e-03
1.552666666666666728e+01,2.466878686174448984e-02,1.575617647904355894e-03
1.553333333333333499e+01,2.475509574331313800e-02,1.586555705167501992e-03
1.554000000000000092e+01,2.484171995150745785e-02,1.597571031761358621e-03
1.554666666666666686e+01,2.492866072854166282e-02,1.608664187081525936e-03
1.555333333333333456e+01,2.501591932212095942e-02,1.619835734709938095e-03
1.556000000000000050e+01,2.510349698546954916e-02,1.631086242447544587e-03
1.556666666666666821e+01,2.519139497735902941e-02,1.642416282347291005e-03
1.557333333333333414e+01,2.527961456213659308e-02,1.653826430747328815e-03
1.558000000000000185e+01,2.536815700975378687e-02,1.665317268304541487e-03
1.558666666666666778e+01,2.545702359579506135e-02,1.676889380028303081e-03
1.559333333333333371e+01,2.554621560150684145e-02,1.688543355314556672e-03
1.560000000000000142e+01,2.563573431382652756e-02,1.700279787980144746e-03
1.560666666666666735e+01,2.572558102541168054e-02,1.712099276297422137e-03
1.561333333333333506e+01,2.581575703466960567e-02,1.724002423029185552e-03
1.562000000000000099e+01,2.590626364578676663e-02,1.735989835463843138e-03
1.562666666666666693e+01,2.599710216875871643e-02,1.748062125450923618e-03
1.563333333333333464e+01,2.608827391941999016e-02,1.760219909436845209e-03
1.564000000000000057e+01,2.617978021947415732e-02,1.772463808500980304e-03
1.564666666666666828e+01,2.627162239652429052e-02,1.784794448392050623e-03
1.565333333333333421e+01,2.636380178410328498e-02,1.797212459564775195e-03
1.566000000000000014e+01,2.645631972170466722e-02,1.809718477216868977e-03
1.566666666666666785e+01,2.654917755481341415e-02,1.822313141326316419e-03
1.567333333333333378e+01,2.664237663493689012e-02,1.834997096688952738e-03
1.568000000000000149e+01,2.673591831963625237e-02,1.847770992956389736e-03
1.568666666666666742e+01,2.682980397255768298e-02,1.860635484674205524e-03
1.569333333333333513e+01,2.692403496346415515e-02,1.873591231320506775e-03
1.570000000000000107e+01,2.701861266826705368e-02,1.886638897344753351e-03
1.570666666666666700e+01,2.711353846905831602e-02,1.899779152206958937e-03
1.571333333333333471e+01,2.720881375414252110e-02,1.913012670417181798e-03
1.572000000000000064e+01,2.730443991806920379e-02,1.926340131575343629e-03
1.572666666666666835e+01,2.740041836166555791e-02,1.939762220411414204e-03
1.573333333333333428e+01,2.749675049206902477e-02,1.953279626825877267e-03
1.574000000000000021e+01,2.759343772276039164e-02,1.966893045930587832e-03
1.574666666666666792e+01,2.769048147359689030e-02,1.980603178089930007e-03
1.575333333333333385e+01,2.778788317084545864e-02,1.994410728962323510e-03
1.576000000000000156e+01,2.788564424721647755e-02,2.008316409542105097e-03
1.576666666666666750e+01,2.798376614189730660e-02,2.022320936201710533e-03
1.577333333333333520e+01,2.808225030058647195e-02,2.036425030734262918e-03
1.578000000000000114e+01,2.818109817552760105e-02,2.050629420396460258e-03
1.578666666666666707e+01,2.828031122554397828e-02,2.064934837951873728e-03
1.579333333333333478e+01,2.837989091607305905e-02,2.079342021714572931e-03
1.580000000000000071e+01,2.847983871920115734e-02,2.093851715593113717e-03
1.580666666666666842e+01,2.858015611369863970e-02,2.108464669134933224e-03
1.581333333333333435e+01,2.868084458505492512e-02,2.123181637571055873e-03
1.582000000000000028e+01,2.878190562551408496e-02,2.138003381861235640e-03
1.582666666666666799e+01,2.888334073411040828e-02,2.152930668739434436e-03
1.583333333333333393e+01,2.898515141670417877e-02,2.167964270759679523e-03
1.584000000000000163e+01,2.908733918601792354e-02,2.183104966342351138e-03
1.584666666666666757e+01,2.918990556167249881e-02,2.198353539820791045e-03
1.585333333333333350e+01,2.929285207022379323e-02,2.213710781488366884e-03
1.586000000000000121e+01,2.939618024519937908e-02,2.229177487645888668e-03
1.586666666666666714e+01,2.949989162713538560e-02,2.244754460649425569e-03
1.587333333333333485e+01,2.960398776361387874e-02,2.260442508958562455e-03
1.588000000000000078e+01,2.970847020930005716e-02,2.276242447185003372e-03
1.588666666666666849e+01,2.981334052598009696e-02,2.292155096141646007e-03
1.589333333333333442e+01,2.991860028259882634e-02,2.308181282892006990e-03
1.590000000000000036e+01,3.002425105529799021e-02,2.324321840800120352e-03
1.590666666666666806e+01,3.013029442745452161e-02,2.340577609580820218e-03
1.591333333333333400e+01,3.023673198971902135e-02,2.356949435350440703e-03
1.592000000000000171e+01,3.034356534005475461e-02,2.373438170677991555e-03
1.592666666666666764e+01,3.045079608377647754e-02,2.390044674636695489e-03
1.593333333333333357e+01,3.055842583358990561e-02,2.406769812856030324e-03
1.594000000000000128e+01,3.066645620963116131e-02,2.423614457574162304e-03
1.594666666666666721e+01,3.077488883950645071e-02,2.440579487690824369e-03
1.595333333333333492e+01,3.088372535833227087e-02,2.457665788820686224e-03
1.596000000000000085e+01,3.099296740877544726e-02,2.474874253347104751e-03
1.596666666666666856e+01,3.110261664109384427e-02,2.492205780476405667e-03
1.597333333333333449e+01,3.121267471317692305e-02,2.509661276292549006e-03
1.598000000000000043e+01,3.132314329058690644e-02,2.527241653812325409e-03
1.598666666666666814e+01,3.143402404659999261e-02,2.544947833040976139e-03
1.599333333333333407e+01,3.154531866224773162e-02,2.562780741028281885e-03
1.600000000000000000e+01,3.165702882635900578e-02,2.580741311925169833e-03
1.600666666666666771e+01,3.176915623560195440e-02,2.598830487040758742e-03
1.601333333333333542e+01,3.188170259452619004e-02,2.617049214899893218e-03
1.601999999999999957e+01,3.199466961560538947e-02,2.635398451301179321e-03
1.602666666666666728e+01,3.210805901928029393e-02,2.653879159375541891e-03
1.603333333333333499e+01,3.222187253400143891e-02,2.672492309645189534e-03
1.604000000000000270e+01,3.233611189627273730e-02,2.691238880083174616e-03
1.604666666666666686e+01,3.245077885069494461e-02,2.710119856173403858e-03
1.605333333333333456e+01,3.256587515000979732e-02,2.729136230971219209e-03
1.606000000000000227e+01,3.268140255514382503e-02,2.748289005164392465e-03
1.606666666666666643e+01,3.279736283525290508e-02,2.767579187134728766e-03
1.607333333333333414e+01,3.291375776776717804e-02,2.787007793020200488e-03
1.608000000000000185e+01,3.303058913843567174e-02,2.806575846777513948e-03
1.608666666666666600e+01,3.314785874137172322e-02,2.826284380245302347e-03
1.609333333333333371e+01,3.326556837909870612e-02,2.846134433207859939e-03
1.610000000000000142e+01,3.338371986259549423e-02,2.866127053459327674e-03
1.610666666666666913e+01,3.350231501134280643e-02,2.886263296868527613e-03
1.611333333333333329e+01,3.362135565336948906e-02,2.906544227444290019e-03
1.612000000000000099e+01,3.374084362529945758e-02,2.926970917401406237e-03
1.612666666666666870e+01,3.386078077239827039e-02,2.947544447227031742e-03
1.613333333333333286e+01,3.398116894862062559e-02,2.968265905747760093e-03
1.614000000000000057e+01,3.410201001665807974e-02,2.989136390197268036e-03
1.614666666666666828e+01,3.422330584798656539e-02,3.010157006284444603e-03
1.615333333333333599e+01,3.434505832291476907e-02,3.031328868262209326e-03
1.616000000000000014e+01,3.446726933063250231e-02,3.052653098996856943e-03
1.616666666666666785e+01,3.458994076925970412e-02,3.074130830038067363e-03
1.617333333333333556e+01,3.471307454589513813e-02,3.095763201689394860e-03
1.617999999999999972e+01,3.483667257666596406e-02,3.117551363079473694e-03
1.618666666666666742e+01,3.496073678677760060e-02,3.139496472233828297e-03
1.619333333333333513e+01,3.508526911056337322e-02,3.161599696147202997e-03
1.619999999999999929e+01,3.521027149153499458e-02,3.183862210856612529e-03
1.620666666666666700e+01,3.533574588243339892e-02,3.206285201515023976e-03
1.621333333333333471e+01,3.546169424527931269e-02,3.228869862465567377e-03
1.622000000000000242e+01,3.558811855142476194e-02,3.251617397316500496e-03
1.622666666666666657e+01,3.571502078160455201e-02,3.274529019016750395e-03
1.623333333333333428e+01,3.584240292598843414e-02,3.297605949932178818e-03
1.624000000000000199e+01,3.597026698423294588e-02,3.320849421922380997e-03
1.624666666666666615e+01,3.609861496553421617e-02,3.344260676418257718e-03
1.625333333333333385e+01,3.622744888868101309e-02,3.367840964500259590e-03
1.626000000000000156e+01,3.635677078210763913e-02,3.391591546977191195e-03
1.626666666666666927e+01,3.648658268394772836e-02,3.415513694465823619e-03
1.627333333333333343e+01,3.661688664208801597e-02,3.439608687471117608e-03
1.628000000000000114e+01,3.674768471422292654e-02,3.463877816467217374e-03
1.628666666666666885e+01,3.687897896790866270e-02,3.488322381979018158e-03
1.629333333333333300e+01,3.701077148061843874e-02,3.512943694664553453e-03
1.630000000000000071e+01,3.714306433979790156e-02,3.537743075398096064e-03
1.630666666666666842e+01,3.727585964292039894e-02,3.562721855353861555e-03
1.631333333333333613e+01,3.740915949754322622e-02,3.587881376090571242e-03
1.632000000000000028e+01,3.754296602136383137e-02,3.613222989636662684e-03
1.632666666666666799e+01,3.767728134227677633e-02,3.638748058576325023e-03
1.633333333333333570e+01,3.781210759843042085e-02,3.664457956136144088e-03
1.633999999999999986e+01,3.794744693828449450e-02,3.690354066272621796e-03
1.634666666666666757e+01,3.808330152066814051e-02,3.716437783760455360e-03
1.635333333333333528e+01,3.821967351483761960e-02,3.742710514281460087e-03
1.635999999999999943e+01,3.835656510053504081e-02,3.769173674514390317e-03
1.636666666666666714e+01,3.849397846804747392e-02,3.795828692225541867e-03
1.637333333333333485e+01,3.863191581826578430e-02,3.822677006360014531e-03
1.638000000000000256e+01,3.877037936274457808e-02,3.849720067133911329e-03
1.638666666666666671e+01,3.890937132376205004e-02,3.876959336127256371e-03
1.639333333333333442e+01,3.904889393438070594e-02,3.904396286377807834e-03
1.640000000000000213e+01,3.918894943850767532e-02,3.932032402475542712e-03
1.640666666666666629e+01,3.932954009095616932e-02,3.959869180658099133e-03
1.641333333333333400e+01,3.947066815750720215e-02,3.987908128907048308e-03
1.642000000000000171e+01,3.961233591497115292e-02,4.016150767044876849e-03
1.642666666666666941e+01,3.975454565125037532e-02,4.044598626832962215e-03
1.643333333333333357e+01,3.989729966540182804e-02,4.073253252070314911e-03
1.644000000000000128e+01,4.004060026770052405e-02,4.102116198693278246e-03
1.644666666666666899e+01,4.018444977970260512e-02,4.131189034875938464e-03
1.645333333333333314e+01,4.032885053430956823e-02,4.160473341131562704e-03
1.646000000000000085e+01,4.047380487583282505e-02,4.189970710414912987e-03
1.646666666666666856e+01,4.061931516005804627e-02,4.219682748225326956e-03
1.647333333333333272e+01,4.076538375431057459e-02,4.249611072710834242e-03
1.648000000000000043e+01,4.091201303752126789e-02,4.279757314773191372e-03
1.648666666666666814e+01,4.105920540029206478e-02,4.310123118173686887e-03
1.649333333333333584e+01,4.120696324496275764e-02,4.340710139640044547e-03
1.650000000000000000e+01,4.135528898567770312e-02,4.371520048974157462e-03
1.650666666666666771e+01,4.150418504845342776e-02,4.402554529160874336e-03
1.651333333333333542e+01,4.165365387124594226e-02,4.433815276477571544e-03
1.651999999999999957e+01,4.180369790401908953e-02,4.465304000604837162e-03
1.652666666666666728e+01,4.195431960881344097e-02,4.497022424738130776e-03
1.653333333333333499e+01,4.210552145981481809e-02,4.528972285700272500e-03
1.654000000000000270e+01,4.225730594342416019e-02,4.561155334055087308e-03
1.654666666666666686e+01,4.240967555832725333e-02,4.593573334221956635e-03
1.655333333333333456e+01,4.256263281556545847e-02,4.626228064591466314e-03
1.656000000000000227e+01,4.271618023860607183e-02,4.659121317641918419e-03
1.656666666666666643e+01,4.287032036341383717e-02,4.692254900057011430e-03
1.657333333333333414e+01,4.302505573852295762e-02,4.725630632844566442e-03
1.658000000000000185e+01,4.318038892510882298e-02,4.759250351456137222e-03
1.658666666666666600e+01,4.333632249706091677e-02,4.793115905907837163e-03
1.659333333333333371e+01,4.349285904105620187e-02,4.827229160902235701e-03
1.660000000000000142e+01,4.365000115663227043e-02,4.861591995951161128e-03
1.660666666666666913e+01,4.380775145626171485e-02,4.896206305499778422e-03
1.661333333333333329e+01,4.396611256542655444e-02,4.931073999051645458e-03
1.662000000000000099e+01,4.412508712269362643e-02,4.966197001294996548e-03
1.662666666666666870e+01,4.428467777978958159e-02,5.001577252229944502e-03
1.663333333333333286e+01,4.444488720167713569e-02,5.037216707296983745e-03
1.664000000000000057e+01,4.460571806663187616e-02,5.073117337506632268e-03
1.664666666666666828e+01,4.476717306631871479e-02,5.109281129570045037e-03
1.665333333333333599e+01,4.492925490586971438e-02,5.145710086030979603e-03
1.666000000000000014e+01,4.509196630396192229e-02,5.182406225398815576e-03
1.666666666666666785e+01,4.525530999289620326e-02,5.219371582282868183e-03
1.667333333333333556e+01,4.541928871867571826e-02,5.256608207527697571e-03
1.667999999999999972e+01,4.558390524108570097e-02,5.294118168349798946e-03
1.668666666666666742e+01,4.574916233377371994e-02,5.331903548475500076e-03
1.669333333333333513e+01,4.591506278432971877e-02,5.369966448279912645e-03
1.670000000000000284e+01,4.608160939436740239e-02,5.408308984927306939e-03
1.670666666666666700e+01,4.624880497960564413e-02,5.446933292512621053e-03
1.671333333333333471e+01,4.641665236995096144e-02,5.485841522204350923e-03
1.672000000000000242e+01,4.658515440957960302e-02,5.525035842388500290e-03
1.672666666666666657e+01,4.675431395702098897e-02,5.564518438813998227e-03
1.673333333333333428e+01,4.692413388524169227e-02,5.604291514739416849e-03
1.674000000000000199e+01,4.709461708172912181e-02,5.644357291080800976e-03
1.674666666666666615e+01,4.726576644857662796e-02,5.684718006561000937e-03
1.675333333333333385e+01,4.743758490256907989e-02,5.725375917860348052e-03
1.676000000000000156e+01,4.761007537526822098e-02,5.766333299768467216e-03
1.676666666666666927e+01,4.778324081309946736e-02,5.807592445337664624e-03
1.677333333333333343e+01,4.795708417743873436e-02,5.849155666037556683e-03
1.678000000000000114e+01,4.813160844470040084e-02,5.891025291911200328e-03
1.678666666666666885e+01,4.830681660642480862e-02,5.933203671732407286e-03
1.679333333333333300e+01,4.848271166936732324e-02,5.975693173164651692e-03
1.680000000000000071e+01,4.865929665558783868e-02,6.018496182921408838e-03
1.680666666666666842e+01,4.883657460254007404e-02,6.061615106927712576e-03
1.681333333333333613e+01,4.901454856316238978e-02,6.105052370483390195e-03
1.682000000000000028e+01,4.919322160596861782e-02,6.148810418427620023e-03
1.682666666666666799e+01,4.937259681514001575e-02,6.192891715305091048e-03
1.683333333333333570e+01,4.955267729061692272e-02,6.237298745533430624e-03
1.683999999999999986e+01,4.973346614819181694e-02,6.282034013572326131e-03
1.684666666666666757e+01,4.991496651960300457e-02,6.327100044094172322e-03
1.685333333333333528e+01,5.009718155262803813e-02,6.372499382156027528e-03
1.685999999999999943e+01,5.028011441117857805e-02,6.418234593373324526e-03
1.686666666666666714e+01,5.046376827539594129e-02,6.464308264095145265e-03
1.687333333333333485e+01,5.064814634174631680e-02,6.510723001580835667e-03
1.688000000000000256e+01,5.083325182311761170e-02,6.557481434178465303e-03
1.688666666666666671e+01,5.101908794891630433e-02,6.604586211504721686e-03
1.689333333333333442e+01,5.120565796516558105e-02,6.652040004626585262e-03
1.690000000000000213e+01,5.139296513460301502e-02,6.699845506244370488e-03
1.690666666666666629e+01,5.158101273677986875e-02,6.748005430876644756e-03
1.691333333333333400e+01,5.176980406816097252e-02,6.796522515046808308e-03
1.692000000000000171e+01,5.195934244222438769e-02,6.845399517471114845e-03
1.692666666666666941e+01,5.214963118956267990e-02,6.894639219248641961e-03
1.693333333333333357e+01,5.234067365798426158e-02,6.944244424052817624e-03
1.694000000000000128e+01,5.253247321261601127e-02,6.994217958324818428e-03
1.694666666666666899e+01,5.272503323600553210e-02,7.044562671468446689e-03
1.695333333333333314e+01,5.291835712822492294e-02,7.095281436047001615e-03
1.696000000000000085e+01,5.311244830697534752e-02,7.146377147981919017e-03
1.696666666666666856e+01,5.330731020769122197e-02,7.197852726752960138e-03
1.697333333333333272e+01,5.350294628364609534e-02,7.249711115600437905e-03
1.698000000000000043e+01,5.369936000605916859e-02,7.301955281729280260e-03
1.698666666666666814e+01,5.389655486420155683e-02,7.354588216514666016e-03
1.699333333333333584e+01,5.409453436550433481e-02,7.407612935709804829e-03
1.700000000000000000e+01,5.429330203566656160e-02,7.461032479655416334e-03
1.700666666666666771e+01,5.449286141876472089e-02,7.514849913491262329e-03
1.701333333333333542e+01,5.469321607736176566e-02,7.569068327369313925e-03
1.701999999999999957e+01,5.489436959261781435e-02,7.623690836669087985e-03
1.702666666666666728e+01,5.509632556440155482e-02,7.678720582214929036e-03
1.703333333333333499e+01,5.529908761140145401e-02,7.734160730494996430e-03
1.704000000000000270e+01,5.550265937123869536e-02,7.790014473882510108e-03
1.704666666666666686e+01,5.570704450058020646e-02,7.846285030858823895e-03
1.705333333333333456e+01,5.591224667525310221e-02,7.902975646238692350e-03
1.706000000000000227e+01,5.611826959035873252e-02,7.960089591397266282e-03
1.706666666666666643e+01,5.632511696038845772e-02,8.017630164499413639e-03
1.707333333333333414e+01,5.653279251934019423e-02,8.075600690731116887e-03
1.708000000000000185e+01,5.674130002083464797e-02,8.134004522532677084e-03
1.708666666666666600e+01,5.695064323823335883e-02,8.192845039834304940e-03
1.709333333333333371e+01,5.716082596475750149e-02,8.252125650293854267e-03
1.710000000000000142e+01,5.737185201360635312e-02,8.311849789536401162e-03
1.710666666666666913e+01,5.758372521807775257e-02,8.372020921396328141e-03
1.711333333333333329e+01,5.779644943168858739e-02,8.432642538161387591e-03
1.712000000000000099e+01,5.801002852829675871e-02,8.493718160819179949e-03
1.712666666666666870e+01,5.822446640222276454e-02,8.555251339305529681e-03
1.713333333333333286e+01,5.843976696837311496e-02,8.617245652755407825e-03
1.714000000000000057e+01,5.865593416236451058e-02,8.679704709756123557e-03
1.714666666666666828e+01,5.887297194064778499e-02,8.742632148602507217e-03
1.715333333333333599e+01,5.909088428063382498e-02,8.806031637554742261e-03
1.716000000000000014e+01,5.930967518081953910e-02,8.869906875098323984e-03
1.716666666666666785e+01,5.952934866091535993e-02,8.934261590206582157e-03
1.717333333333333556e+01,5.974990876197239925e-02,8.999099542605235036e-03
1.717999999999999972e+01,5.997135954651144213e-02,9.064424523039654735e-03
1.718666666666666742e+01,6.019370509865278052e-02,9.130240353544543871e-03
1.719333333333333513e+01,6.041694952424579712e-02,9.196550887715751119e-03
1.720000000000000284e+01,6.064109695100056846e-02,9.263360010984903956e-03
1.720666666666666700e+01,6.086615152861954425e-02,9.330671640896298288e-03
1.721333333333333471e+01,6.109211742893087826e-02,9.398489727386532405e-03
1.722000000000000242e+01,6.131899884602128037e-02,9.466818253066312805e-03
1.722666666666666657e+01,6.154679999637088783e-02,9.535661233505129258e-03
1.723333333333333428e+01,6.177552511898894150e-02,9.605022717518516343e-03
1.724000000000000199e+01,6.200517847554921913e-02,9.674906787457590931e-03
1.724666666666666615e+01,6.223576435052748101e-02,9.745317559501550861e-03
1.725333333333333385e+01,6.246728705133969967e-02,9.816259183952812106e-03
1.726000000000000156e+01,6.269975090848012300e-02,9.887735845534498247e-03
1.726666666666666927e+01,6.293316027566138449e-02,9.959751763690996920e-03
1.727333333333333343e+01,6.316751952995480757e-02,1.003231119289101428e-02
1.728000000000000114e+01,6.340283307193227136e-02,1.010541842293361491e-02
1.728666666666666885e+01,6.363910532580781265e-02,1.017907777925664004e-02
1.729333333333333300e+01,6.387634073958109449e-02,1.025329362324827603e-02
1.730000000000000071e+01,6.411454378518195718e-02,1.032807035256145742e-02
1.730666666666666842e+01,6.435371895861456693e-02,1.040341240143074705e-02
1.731333333333333613e+01,6.459387078010385419e-02,1.047932424099250540e-02
1.732000000000000028e+01,6.483500379424202154e-02,1.055581037960771386e-02
1.732666666666666799e+01,6.507712257013680002e-02,1.063287536318796578e-02
1.733333333333333570e+01,6.532023170155927538e-02,1.071052377552401437e-02
1.733999999999999986e+01,6.556433580709383757e-02,1.078876023861765482e-02
1.734666666666666757e+01,6.580943953028906002e-02,1.086758941301663520e-02
1.735333333333333528e+01,6.605554753980834304e-02,1.094701599815221457e-02
1.735999999999999943e+01,6.630266452958258339e-02,1.102704473268015066e-02
1.736666666666666714e+01,6.655079521896398176e-02,1.110768039482480131e-02
1.737333333333333485e+01,6.679994435287939236e-02,1.118892780272594777e-02
1.738000000000000256e+01,6.705011670198608720e-02,1.127079181478918800e-02
1.738666666666666671e+01,6.730131706282761750e-02,1.135327733003924436e-02
1.739333333333333442e+01,6.755355025799145152e-02,1.143638928847675457e-02
1.740000000000000213e+01,6.780682113626629315e-02,1.152013267143782611e-02
1.740666666666666629e+01,6.806113457280142665e-02,1.160451250195726133e-02
1.741333333333333400e+01,6.831649546926722716e-02,1.168953384513507845e-02
1.742000000000000171e+01,6.857290875401526875e-02,1.177520180850593311e-02
1.742666666666666941e+01,6.883037938224090269e-02,1.186152154241234755e-02
1.743333333333333357e+01,6.908891233614587735e-02,1.194849824038103289e-02
1.744000000000000128e+01,6.934851262510285941e-02,1.203613713950291673e-02
1.744666666666666899e+01,6.960918528581958031e-02,1.212444352081611283e-02
1.745333333333333314e+01,6.987093538250513380e-02,1.221342270969281128e-02
1.746000000000000085e+01,7.013376800703738367e-02,1.230308007622963988e-02
1.746666666666666856e+01,7.039768827913008009e-02,1.239342103564114277e-02
1.747333333333333272e+01,7.066270134650218249e-02,1.248445104865724721e-02
1.748000000000000043e+01,7.092881238504833430e-02,1.257617562192431780e-02
1.748666666666666814e+01,7.119602659900897690e-02,1.266860030840939733e-02
1.749333333333333584e+01,7.146434922114291988e-02,1.276173070780860230e-02
1.750000000000000000e+01,7.173378551290014726e-02,1.285557246695888389e-02
1.750666666666666771e+01,7.200434076459645560e-02,1.295013128025383764e-02
1.751333333333333542e+01,7.227602029558768959e-02,1.304541289006274155e-02
1.751999999999999957e+01,7.254882945444635078e-02,1.314142308715384073e-02
1.752666666666666728e+01,7.282277361913919167e-02,1.323816771112144332e-02
1.753333333333333499e+01,7.309785819720467093e-02,1.333565265081642151e-02
1.754000000000000270e+01,7.337408862593272629e-02,1.343388384478108599e-02
1.754666666666666686e+01,7.365147037254492213e-02,1.353286728168768237e-02
1.755333333333333456e+01,7.393000893437638721e-02,1.363260900078115678e-02
1.756000000000000227e+01,7.420970983905743334e-02,1.373311509232537191e-02
1.756666666666666643e+01,7.449057864469747769e-02,1.383439169805381064e-02
1.757333333333333414e+01,7.477262094007017246e-02,1.393644501162434775e-02
1.758000000000000185e+01,7.505584234479810435e-02,1.403928127907762627e-02
1.758666666666666956e+01,7.534024850954018637e-02,1.414290679930008295e-02
1.759333333333333371e+01,7.562584511617916061e-02,1.424732792449081957e-02
1.760000000000000142e+01,7.591263787801111329e-02,1.435255106063299327e-02
1.760666666666666913e+01,7.620063253993455965e-02,1.445858266796888614e-02
1.761333333333333329e+01,7.648983487864195741e-02,1.456542926147972629e-02
1.762000000000000099e+01,7.678025070281237208e-02,1.467309741136983182e-02
1.762666666666666870e+01,7.707188585330375374e-02,1.478159374355457467e-02
1.763333333333333286e+01,7.736474620334780894e-02,1.489092494015321552e-02
1.764000000000000057e+01,7.765883765874589950e-02,1.500109773998617967e-02
1.764666666666666828e+01,7.795416615806462224e-02,1.511211893907623421e-02
1.765333333333333599e+01,7.825073767283415027e-02,1.522399539115474286e-02
1.766000000000000014e+01,7.854855820774664377e-02,1.533673400817208571e-02
1.766666666666666785e+01,7.884763380085675621e-02,1.545034176081300573e-02
1.767333333333333556e+01,7.914797052378165498e-02,1.556482567901593984e-02
1.767999999999999972e+01,7.944957448190358151e-02,1.568019285249753689e-02
1.768666666666666742e+01,7.975245181457356336e-02,1.579645043128184018e-02
1.769333333333333513e+01,8.005660869531472379e-02,1.591360562623363867e-02
1.770000000000000284e+01,8.036205133202840856e-02,1.603166570959719400e-02
1.770666666666666700e+01,8.066878596720035433e-02,1.615063801553934600e-02
1.771333333333333471e+01,8.097681887810907753e-02,1.627052994069787262e-02
1.772000000000000242e+01,8.128615637703363872e-02,1.639134894473404450e-02
1.772666666666666657e+01,8.159680481146407149e-02,1.651310255089068202e-02
1.773333333333333428e+01,8.190877056431290770e-02,1.663579834655514594e-02
1.774000000000000199e+01,8.222206005412635577e-02,1.675944398382674116e-02
1.774666666666666615e+01,8.253667973529807411e-02,1.688404718008971669e-02
1.775333333333333385e+01,8.285263609828412423e-02,1.700961571859134838e-02
1.776000000000000156e+01,8.316993566981743802e-02,1.713615744902451457e-02
1.776666666666666927e+01,8.348858501312522717e-02,1.726368028811610042e-02
1.777333333333333343e+01,8.380859072814639266e-02,1.739219222022017966e-02
1.778000000000000114e+01,8.412995945175114065e-02,1.752170129791681338e-02
1.778666666666666885e+01,8.445269785796000184e-02,1.765221564261545625e-02
1.779333333333333300e+01,8.477681265816551515e-02,1.778374344516429548e-02
1.780000000000000071e+01,8.510231060135503567e-02,1.791629296646489108e-02
1.780666666666666842e+01,8.542919847433315395e-02,1.804987253809164915e-02
1.781333333333333613e+01,8.575748310194689084e-02,1.818449056291737004e-02
1.782000000000000028e+01,8.608717134731101728e-02,1.832015551574387932e-02
1.782666666666666799e+01,8.641827011203559450e-02,1.845687594393859154e-02
1.783333333333333570e+01,8.675078633645276482e-02,1.859466046807591380e-02
1.783999999999999986e+01,8.708472699984635967e-02,1.873351778258489433e-02
1.784666666666666757e+01,8.742009912068252064e-02,1.887345665640251940e-02
1.785333333333333528e+01,8.775690975683995976e-02,1.901448593363204084e-02
1.785999999999999943e+01,8.809516600584277324e-02,1.915661453420765964e-02
1.786666666666666714e+01,8.843487500509455979e-02,1.929985145456501738e-02
1.787333333333333485e+01,8.877604393211180334e-02,1.944420576831680167e-02
1.788000000000000256e+01,8.911868000476039220e-02,1.958968662693495733e-02
1.788666666666666671e+01,8.946279048149197166e-02,1.973630326043834468e-02
1.789333333333333442e+01,8.980838266158257255e-02,1.988406497808679549e-02
1.790000000000000213e+01,9.015546388537049038e-02,2.003298116908034873e-02
1.790666666666666629e+01,9.050404153449687072e-02,2.018306130326525533e-02
1.791333333333333400e+01,9.085412303214747409e-02,2.033431493184600578e-02
1.792000000000000171e+01,9.120571584329367765e-02,2.048675168810279099e-02
1.792666666666666941e+01,9.155882747493661322e-02,2.064038128811585340e-02
1.793333333333333357e+01,9.191346547635106945e-02,2.079521353149561824e-02
1.794000000000000128e+01,9.226963743933178086e-02,2.095125830211948259e-02
1.794666666666666899e+01,9.262735099843863451e-02,2.110852556887412440e-02
1.795333333333333314e+01,9.298661383124487423e-02,2.126702538640481630e-02
1.796000000000000085e+01,9.334743365858622077e-02,2.142676789587113356e-02
1.796666666666666856e+01,9.370981824480933975e-02,2.158776332570831735e-02
1.797333333333333272e+01,9.407377539802300181e-02,2.175002199239581616e-02
1.798000000000000043e+01,9.443931297035042249e-02,2.191355430123236372e-02
1.798666666666666814e+01,9.480643885818067218e-02,2.207837074711675382e-02
1.799333333333333584e+01,9.517516100242325028e-02,2.224448191533611591e-02
1.800000000000000000e+01,9.554548738876225689e-02,2.241189848236024504e-02
1.800666666666666771e+01,9.591742604791289595e-02,2.258063121664312042e-02
1.801333333333333542e+01,9.629098505587693757e-02,2.275069097943025961e-02
1.801999999999999957e+01,9.666617253420095590e-02,2.292208872557359445e-02
1.802666666666666728e+01,9.704299665023541355e-02,2.309483550435312976e-02
1.803333333333333499e+01,9.742146561739302435e-02,2.326894246030463201e-02
1.804000000000000270e+01,9.780158769541001662e-02,2.344442083405506860e-02
1.804666666666666686e+01,9.818337119060706331e-02,2.362128196316440332e-02
1.805333333333333456e+01,9.856682445615244648e-02,2.379953728297492035e-02
1.806000000000000227e+01,9.895195589232391731e-02,2.397919832746656793e-02
1.806666666666666643e+01,9.933877394677347039e-02,2.416027673012018789e-02
1.807333333333333414e+01,9.972728711479288133e-02,2.434278422478781609e-02
1.808000000000000185e+01,1.001175039395782174e-01,2.452673264656921384e-02
1.808666666666666956e+01,1.005094330124974011e-01,2.471213393269651101e-02
1.809333333333333371e+01,1.009030829733571499e-01,2.489900012342545488e-02
1.810000000000000142e+01,1.012984625106721909e-01,2.508734336293445832e-02
1.810666666666666913e+01,1.016955803619330606e-01,2.527717590022992428e-02
1.811333333333333329e+01,1.020944453138765556e-01,2.546851009005975108e-02
1.812000000000000099e+01,1.024950662027570569e-01,2.566135839383418965e-02
1.812666666666666870e+01,1.028974519146165362e-01,2.585573338055313641e-02
1.813333333333333286e+01,1.033016113855573653e-01,2.605164772774175991e-02
1.814000000000000057e+01,1.037075536020157229e-01,2.624911422239356931e-02
1.814666666666666828e+01,1.041152876010337930e-01,2.644814576192001943e-02
1.815333333333333599e+01,1.045248224705347534e-01,2.664875535510867477e-02
1.816000000000000014e+01,1.049361673495971814e-01,2.685095612308827789e-02
1.816666666666666785e+01,1.053493314287313048e-01,2.705476130030203333e-02
1.817333333333333556e+01,1.057643239501537685e-01,2.726018423548743838e-02
1.817999999999999972e+01,1.061811542080647874e-01,2.746723839266471123e-02
1.818666666666666742e+01,1.065998315489260495e-01,2.767593735213289344e-02
1.819333333333333513e+01,1.070203653717370362e-01,2.788629481147267969e-02
1.820000000000000284e+01,1.074427651283141050e-01,2.809832458655806345e-02
1.820666666666666700e+01,1.078670403235686415e-01,2.831204061257508453e-02
1.821333333333333471e+01,1.082932005157871552e-01,2.852745694504904561e-02
1.822000000000000242e+01,1.087212553169094181e-01,2.874458776087839701e-02
1.822666666666666657e+01,1.091512143928090456e-01,2.896344735937748591e-02
1.823333333333333428e+01,1.095830874635744939e-01,2.918405016332719856e-02
1.824000000000000199e+01,1.100168843037883648e-01,2.940641072003240611e-02
1.824666666666666615e+01,1.104526147428089022e-01,2.963054370238841009e-02
1.825333333333333385e+01,1.108902886650520031e-01,2.985646390995530877e-02
1.826000000000000156e+01,1.113299160102711877e-01,3.008418627003925372e-02
1.826666666666666927e+01,1.117715067738402207e-01,3.031372583878285884e-02
1.827333333333333343e+01,1.122150710070344282e-01,3.054509780226291604e-02
1.828000000000000114e+01,1.126606188173135681e-01,3.077831747759681227e-02
1.828666666666666885e+01,1.131081603686024950e-01,3.101340031405578485e-02
1.829333333333333300e+01,1.135577058815739476e-01,3.125036189418729793e-02
1.830000000000000071e+01,1.140092656339314059e-01,3.148921793494547511e-02
1.830666666666666842e+01,1.144628499606897276e-01,3.172998428882852634e-02
1.831333333333333613e+01,1.149184692544581721e-01,3.197267694502541058e-02
1.832000000000000028e+01,1.153761339657218138e-01,3.221731203056991261e-02
1.832666666666666799e+01,1.158358546031243996e-01,3.246390581150356697e-02
1.833333333333333570e+01,1.162976417337483886e-01,3.271247469404534036e-02
1.833999999999999986e+01,1.167615059833970875e-01,3.296303522577062606e-02
1.834666666666666757e+01,1.172274580368765223e-01,3.321560409679834985e-02
1.835333333333333528e+01,1.176955086382746318e-01,3.347019814098498025e-02
1.835999999999999943e+01,1.181656685912424315e-01,3.372683433712780898e-02
1.836666666666666714e+01,1.186379487592746917e-01,3.398552981017641944e-02
1.837333333333333485e+01,1.191123600659879239e-01,3.424630183245093440e-02
1.838000000000000256e+01,1.195889134954002536e-01,3.450916782486976309e-02
1.838666666666666671e+01,1.200676200922093512e-01,3.477414535818462021e-02
1.839333333333333442e+01,1.205484909620710421e-01,3.504125215422441292e-02
1.840000000000000213e+01,1.210315372718748367e-01,3.531050608714576128e-02
1.840666666666666629e+01,1.215167702500209029e-01,3.558192518469292104e-02
1.841333333333333400e+01,1.220042011866962622e-01,3.585552762946558891e-02
1.842000000000000171e+01,1.224938414341477516e-01,3.613133176019354964e-02
1.842666666666666941e+01,1.229857024069566651e-01,3.640935607302061422e-02
1.843333333333333357e+01,1.234797955823107862e-01,3.668961922279576071e-02
1.844000000000000128e+01,1.239761325002769476e-01,3.697214002437296254e-02
1.844666666666666899e+01,1.244747247640698162e-01,3.725693745391751160e-02
1.845333333333333314e+01,1.249755840403218021e-01,3.754403065022145214e-02
1.846000000000000085e+01,1.254787220593517327e-01,3.783343891602694575e-02
1.846666666666666856e+01,1.259841506154296964e-01,3.812518171935591615e-02
1.847333333333333627e+01,1.264918815670432739e-01,3.841927869484905445e-02
1.848000000000000043e+01,1.270019268371605226e-01,3.871574964511153433e-02
1.848666666666666814e+01,1.275142984134929602e-01,3.901461454206731766e-02
1.849333333333333584e+01,1.280290083487543029e-01,3.931589352831946216e-02
1.850000000000000000e+01,1.285460687609198682e-01,3.961960691851941496e-02
1.850666666666666771e+01,1.290654918334840362e-01,3.992577520074368225e-02
1.851333333333333542e+01,1.295872898157134356e-01,4.023441903787655649e-02
1.851999999999999957e+01,1.301114750229006856e-01,4.054555926900157981e-02
1.852666666666666728e+01,1.306380598366156387e-01,4.085921691080029311e-02
1.853333333333333499e+01,1.311670567049526004e-01,4.117541315895665438e-02
1.854000000000000270e+01,1.316984781427773810e-01,4.149416938957025541e-02
1.854666666666666686e+01,1.322323367319706844e-01,4.181550716057556155e-02
1.855333333333333456e+01,1.327686451216706642e-01,4.213944821316908257e-02
1.856000000000000227e+01,1.333074160285099286e-01,4.246601447324167833e-02
1.856666666666666643e+01,1.338486622368526280e-01,4.279522805281915643e-02
1.857333333333333414e+01,1.343923965990284908e-01,4.312711125150955199e-02
1.858000000000000185e+01,1.349386320355617230e-01,4.346168655795532715e-02
1.858666666666666956e+01,1.354873815353993816e-01,4.379897665129373063e-02
1.859333333333333371e+01,1.360386581561352781e-01,4.413900440262250036e-02
1.860000000000000142e+01,1.365924750242322183e-01,4.448179287647271302e-02
1.860666666666666913e+01,1.371488453352378845e-01,4.482736533228597053e-02
1.861333333333333329e+01,1.377077823540000800e-01,4.517574522589910130e-02
1.862000000000000099e+01,1.382692994148782273e-01,4.552695621103466928e-02
1.862666666666666870e+01,1.388334099219486195e-01,4.588102214079547297e-02
1.863333333333333286e+01,1.394001273492083970e-01,4.623796706916617760e-02
1.864000000000000057e+01,1.399694652407754980e-01,4.659781525252031792e-02
1.864666666666666828e+01,1.405414372110820875e-01,4.696059115113078442e-02
1.865333333333333599e+01,1.411160569450662927e-01,4.732631943068717206e-02
1.866000000000000014e+01,1.416933381983581930e-01,4.769502496381684831e-02
1.866666666666666785e+01,1.422732947974627848e-01,4.806673283161182891e-02
1.867333333333333556e+01,1.428559406399353970e-01,4.844146832515816570e-02
1.867999999999999972e+01,1.434412896945549409e-01,4.881925694707134333e-02
1.868666666666666742e+01,1.440293560014922480e-01,4.920012441303576317e-02
1.869333333333333513e+01,1.446201536724704417e-01,4.958409665334627403e-02
1.870000000000000284e+01,1.452136968909231163e-01,4.997119981445535125e-02
1.870666666666666700e+01,1.458099999121452994e-01,5.036146026052245456e-02
1.871333333333333471e+01,1.464090770634405292e-01,5.075490457496782681e-02
1.872000000000000242e+01,1.470109427442591321e-01,5.115155956202712545e-02
1.872666666666666657e+01,1.476156114263332542e-01,5.155145224831057804e-02
1.873333333333333428e+01,1.482230976538058409e-01,5.195460988436467753e-02
1.874000000000000199e+01,1.488334160433505138e-01,5.236105994623400928e-02
1.874666666666666615e+01,1.494465812842875052e-01,5.277083013702691533e-02
1.875333333333333385e+01,1.500626081386934041e-01,5.318394838848280320e-02
1.876000000000000156e+01,1.506815114415007151e-01,5.360044286253873996e-02
1.876666666666666927e+01,1.513033061005936986e-01,5.402034195289927981e-02
1.877333333333333343e+01,1.519280070968950513e-01,5.444367428660557007e-02
1.878000000000000114e+01,1.525556294844471195e-01,5.487046872560628202e-02
1.878666666666666885e+01,1.531861883904819255e-01,5.530075436832619651e-02
1.879333333333333300e+01,1.538196990154865329e-01,5.573456055123655190e-02
1.880000000000000071e+01,1.544561766332601671e-01,5.617191685042472599e-02
1.880666666666666842e+01,1.550956365909599843e-01,5.661285308316081621e-02
1.881333333333333613e+01,1.557380943091418168e-01,5.705739930946505944e-02
1.882000000000000028e+01,1.563835652817898159e-01,5.750558583367206683e-02
1.882666666666666799e+01,1.570320650763395165e-01,5.795744320599432314e-02
1.883333333333333570e+01,1.576836093336878575e-01,5.841300222408055132e-02
1.883999999999999986e+01,1.583382137681970947e-01,5.887229393457332760e-02
1.884666666666666757e+01,1.589958941676887783e-01,5.933534963466306766e-02
1.885333333333333528e+01,1.596566663934247676e-01,5.980220087363603831e-02
1.886000000000000298e+01,1.603205463800813357e-01,6.027287945442021122e-02
1.886666666666666714e+01,1.609875501357108663e-01,6.074741743512499653e-02
1.887333333333333485e+01,1.616576937416946969e-01,6.122584713057687561e-02
1.888000000000000256e+01,1.623309933526814464e-01,6.170820111384682505e-02
1.888666666666666671e+01,1.630074651965173482e-01,6.219451221777345246e-02
1.889333333333333442e+01,1.636871255741647879e-01,6.268481353647935295e-02
1.890000000000000213e+01,1.643699908596057691e-01,6.317913842687755688e-02
1.890666666666666629e+01,1.650560774997365809e-01,6.367752051017239179e-02
1.891333333333333400e+01,1.657454020142498652e-01,6.417999367335153194e-02
1.892000000000000171e+01,1.664379809955005285e-01,6.468659207066668193e-02
1.892666666666666941e+01,1.671338311083625239e-01,6.519735012510689820e-02
1.893333333333333357e+01,1.678329690900696447e-01,6.571230252985990616e-02
1.894000000000000128e+01,1.685354117500450777e-01,6.623148424976406379e-02
1.894666666666666899e+01,1.692411759697131368e-01,6.675493052274555916e-02
1.895333333333333314e+01,1.699502787022998396e-01,6.728267686124590752e-02
1.896000000000000085e+01,1.706627369726188559e-01,6.781475905363616719e-02
1.896666666666666856e+01,1.713785678768390830e-01,6.835121316561477978e-02
1.897333333333333627e+01,1.720977885822402853e-01,6.889207554159366975e-02
1.898000000000000043e+01,1.728204163269510818e-01,6.943738280606728819e-02
1.898666666666666814e+01,1.735464684196726115e-01,6.998717186496725140e-02
1.899333333333333584e+01,1.742759622393823815e-01,7.054147990699717596e-02
1.900000000000000000e+01,1.750089152350240707e-01,7.110034440495235919e-02
1.900666666666666771e+01,1.757453449251807076e-01,7.166380311702102990e-02
1.901333333333333542e+01,1.764852688977260609e-01,7.223189408806339473e-02
1.901999999999999957e+01,1.772287048094619843e-01,7.280465565087310131e-02
1.902666666666666728e+01,1.779756703857370004e-01,7.338212642741762104e-02
1.903333333333333499e+01,1.787261834200425115e-01,7.396434533005362411e-02
1.904000000000000270e+01,1.794802617735936912e-01,7.455135156272252317e-02
1.904666666666666686e+01,1.802379233748883369e-01,7.514318462212005167e-02
1.905333333333333456e+01,1.809991862192477652e-01,7.573988429884276341e-02
1.906000000000000227e+01,1.817640683683334202e-01,7.634149067850540260e-02
1.906666666666666643e+01,1.825325879496455805e-01,7.694804414283394622e-02
1.907333333333333414e+01,1.833047631560011104e-01,7.755958537073072423e-02
1.908000000000000185e+01,1.840806122449851756e-01,7.817615533930731553e-02
1.908666666666666956e+01,1.848601535383848082e-01,7.879779532489041005e-02
1.909333333333333371e+01,1.856434054215970186e-01,7.942454690399432249e-02
1.910000000000000142e+01,1.864303863430161190e-01,8.005645195426278060e-02
1.910666666666666913e+01,1.872211148133927638e-01,8.069355265537370148e-02
1.911333333333333329e+01,1.880156094051725901e-01,8.133589148991186846e-02
1.912000000000000099e+01,1.888138887518098774e-01,8.198351124420547031e-02
1.912666666666666870e+01,1.896159715470518703e-01,8.263645500912190911e-02
1.913333333333333286e+01,1.904218765442012573e-01,8.329476618082792827e-02
1.914000000000000057e+01,1.912316225553518101e-01,8.395848846150963385e-02
1.914666666666666828e+01,1.920452284505934637e-01,8.462766586004774605e-02
1.915333333333333599e+01,1.928627131571939990e-01,8.530234269265349334e-02
1.916000000000000014e+01,1.936840956587499440e-01,8.598256358345805761e-02
1.916666666666666785e+01,1.945093949943114409e-01,8.666837346505838757e-02
1.917333333333333556e+01,1.953386302574735833e-01,8.735981757901208067e-02
1.917999999999999972e+01,1.961718205954416094e-01,8.805694147628678747e-02
1.918666666666666742e+01,1.970089852080658677e-01,8.875979101765926749e-02
1.919333333333333513e+01,1.978501433468416448e-01,8.946841237405919744e-02
1.920000000000000284e+01,1.986953143138816824e-01,9.018285202686326940e-02
1.920666666666666700e+01,1.995445174608540262e-01,9.090315676813161272e-02
1.921333333333333471e+01,2.003977721878892337e-01,9.162937370078992616e-02
1.922000000000000242e+01,2.012550979424500008e-01,9.236155023874904890e-02
1.922666666666666657e+01,2.021165142181702012e-01,9.309973410696768814e-02
1.923333333333333428e+01,2.029820405536594541e-01,9.384397334145304359e-02
1.924000000000000199e+01,2.038516965312678064e-01,9.459431628919402757e-02
1.924666666666666615e+01,2.047255017758185247e-01,9.535081160803209055e-02
1.925333333333333385e+01,2.056034759533039713e-01,9.611350826646461454e-02
1.926000000000000156e+01,2.064856387695396533e-01,9.688245554337478194e-02
1.926666666666666927e+01,2.073720099687847984e-01,9.765770302769406774e-02
1.927333333333333343e+01,2.082626093323211025e-01,9.843930061798866760e-02
1.928000000000000114e+01,2.091574566769946186e-01,9.922729852197267886e-02
1.928666666666666885e+01,2.100565718537124316e-01,1.000217472559394721e-01
1.929333333333333300e+01,2.109599747459026120e-01,1.008226976441168599e-01
1.930000000000000071e+01,2.118676852679320655e-01,1.016302008179403027e-01
1.930666666666666842e+01,2.127797233634775853e-01,1.024443082152381029e-01
1.931333333333333613e+01,2.136961090038582700e-01,1.032650715793342194e-01
1.932000000000000028e+01,2.146168621863207282e-01,1.040925429580599193e-01
1.932666666666666799e+01,2.155420029322824005e-01,1.049267747026767922e-01
1.933333333333333570e+01,2.164715512855241719e-01,1.057678194667019816e-01
1.933999999999999986e+01,2.174055273103406849e-01,1.066157302046415040e-01
1.934666666666666757e+01,2.183439510896435787e-01,1.074705601706251595e-01
1.935333333333333528e+01,2.192868427230119377e-01,1.083323629169366531e-01
1.936000000000000298e+01,2.202342223246984698e-01,1.092011922924448347e-01
1.936666666666666714e+01,2.211861100215833931e-01,1.100771024409261112e-01
1.937333333333333485e+01,2.221425259510800554e-01,1.109601477992812751e-01
1.938000000000000256e+01,2.231034902589843771e-01,1.118503830956362743e-01
1.938666666666666671e+01,2.240690230972763874e-01,1.127478633473331382e-01
1.939333333333333442e+01,2.250391446218682479e-01,1.136526438588044141e-01
1.940000000000000213e+01,2.260138749902939059e-01,1.145647802193235920e-01
1.940666666666666629e+01,2.269932343593480673e-01,1.154843283006375398e-01
1.941333333333333400e+01,2.279772428826694342e-01,1.164113442544735949e-01
1.942000000000000171e+01,2.289659207082624104e-01,1.173458845099142472e-01
1.942666666666666941e+01,2.299592879759662367e-01,1.182880057706453270e-01
1.943333333333333357e+01,2.309573648148625646e-01,1.192377650120671206e-01
1.944000000000000128e+01,2.319601713406263255e-01,1.201952194782712896e-01
1.944666666666666899e+01,2.329677276528112073e-01,1.211604266788721962e-01
1.945333333333333314e+01,2.339800538320783718e-01,1.221334443856993413e-01
1.946000000000000085e+01,2.349971699373626099e-01,1.231143306293431133e-01
1.946666666666666856e+01,2.360190960029708573e-01,1.241031436955458006e-01
1.947333333333333627e+01,2.370458520356214516e-01,1.250999421214445961e-01
1.948000000000000043e+01,2.380774580114152772e-01,1.261047846916547310e-01
1.948666666666666814e+01,2.391139338727436836e-01,1.271177304341960801e-01
1.949333333333333584e+01,2.401552995251243772e-01,1.281388386162506388e-01
1.950000000000000000e+01,2.412015748339735588e-01,1.291681687397583378e-01
1.950666666666666771e+01,2.422527796213095330e-01,1.302057805368422028e-01
1.951333333333333542e+01,2.433089336623810162e-01,1.312517339650549342e-01
1.951999999999999957e+01,2.443700566822296083e-01,1.323060892024527924e-01
1.952666666666666728e+01,2.454361683521802118e-01,1.333689066424883218e-01
1.953333333333333499e+01,2.465072882862536230e-01,1.344402468887135327e-01
1.954000000000000270e+01,2.475834360375104570e-01,1.355201707492998120e-01
1.954666666666666686e+01,2.486646310943172178e-01,1.366087392313625748e-01
1.955333333333333456e+01,2.497508928765394542e-01,1.377060135350931802e-01
1.956000000000000227e+01,2.508422407316526770e-01,1.388120550476851789e-01
1.956666666666666643e+01,2.519386939307801110e-01,1.399269253370621913e-01
1.957333333333333414e+01,2.530402716646522054e-01,1.410506861453983130e-01
1.958000000000000185e+01,2.541469930394803511e-01,1.421833993824215825e-01
1.958666666666666956e+01,2.552588770727562961e-01,1.433251271185078668e-01
1.959333333333333371e+01,2.563759426889656301e-01,1.444759315775520636e-01
1.960000000000000142e+01,2.574982087152224430e-01,1.456358751296191190e-01
1.960666666666666913e+01,2.586256938768141667e-01,1.468050202833617868e-01
1.961333333333333329e+01,2.597584167926668686e-01,1.479834296782120695e-01
1.962000000000000099e+01,2.608963959707253921e-01,1.491711660763373470e-01
1.962666666666666870e+01,2.620396498032407928e-01,1.503682923543508687e-01
1.963333333333333286e+01,2.631881965619760066e-01,1.515748714947840747e-01
1.964000000000000057e+01,2.643420543933230893e-01,1.527909665773110881e-01
1.964666666666666828e+01,2.655012413133251981e-01,1.540166407697148854e-01
1.965333333333333599e+01,2.666657752026146966e-01,1.552519573186037505e-01
1.966000000000000014e+01,2.678356738012558913e-01,1.564969795398631902e-01
1.966666666666666785e+01,2.690109547034997828e-01,1.577517708088467530e-01
1.967333333333333556e+01,2.701916353524390635e-01,1.590163945502915399e-01
1.967999999999999972e+01,2.713777330345753525e-01,1.602909142279662080e-01
1.968666666666666742e+01,2.725692648742910618e-01,1.615753933340413062e-01
1.969333333333333513e+01,2.737662478282204548e-01,1.628698953781723135e-01
1.970000000000000284e+01,2.749686986795304988e-01,1.641744838763029013e-01
1.970666666666666700e+01,2.761766340321004098e-01,1.654892223391743744e-01
1.971333333333333471e+01,2.773900703046074390e-01,1.668141742605446232e-01
1.972000000000000242e+01,2.786090237245071322e-01,1.681494031051015969e-01
1.972666666666666657e+01,2.798335103219201092e-01,1.694949722960801819e-01
1.973333333333333428e+01,2.810635459234182565e-01,1.708509452025723518e-01
1.974000000000000199e+01,2.822991461457047824e-01,1.722173851265195454e-01
1.974666666666666970e+01,2.835403263891984049e-01,1.735943552893972619e-01
1.975333333333333385e+01,2.847871018315122349e-01,1.749819188185758878e-01
1.976000000000000156e+01,2.860394874208331273e-01,1.763801387333625570e-01
1.976666666666666927e+01,2.872974978691912873e-01,1.777890779307083058e-01
1.977333333333333343e+01,2.885611476456321212e-01,1.792087991705906547e-01
1.978000000000000114e+01,2.898304509692830044e-01,1.806393650610608748e-01
1.978666666666666885e+01,2.911054218023099160e-01,1.820808380429454476e-01
1.979333333333333300e+01,2.923860738427740968e-01,1.835332803742114050e-01
1.980000000000000071e+01,2.936724205173832924e-01,1.849967541139850846e-01
1.980666666666666842e+01,2.949644749741306970e-01,1.864713211062135056e-01
1.981333333333333613e+01,2.962622500748341436e-01,1.879570429629797701e-01
1.982000000000000028e+01,2.975657583875648271e-01,1.894539810474563379e-01
1.982666666666666799e+01,2.988750121789728875e-01,1.909621964565020591e-01
1.983333333333333570e+01,3.001900234064992512e-01,1.924817500028872530e-01
1.983999999999999986e+01,3.015108037104860528e-01,1.940127021971582988e-01
1.984666666666666757e+01,3.028373644061805869e-01,1.955551132291321326e-01
1.985333333333333528e+01,3.041697164756246297e-01,1.971090429490093554e-01
1.986000000000000298e+01,3.055078705594444499e-01,1.986745508481194133e-01
1.986666666666666714e+01,3.068518369485287445e-01,2.002516960392814460e-01
1.987333333333333485e+01,3.082016255756042655e-01,2.018405372367882700e-01
1.988000000000000256e+01,3.095572460066970399e-01,2.034411327359975652e-01
1.988666666666666671e+01,3.109187074324942235e-01,2.050535403925440037e-01
1.989333333333333442e+01,3.122860186595989851e-01,2.066778176011622725e-01
1.990000000000000213e+01,3.136591881016739802e-01,2.083140212741117214e-01
1.990666666666666629e+01,3.150382237704853483e-01,2.099622078192155405e-01
1.991333333333333400e+01,3.164231332668425711e-01,2.116224331175056705e-01
1.992000000000000171e+01,3.178139237714277532e-01,2.132947525004639522e-01
1.992666666666666941e+01,3.192106020355284790e-01,2.149792207268743927e-01
1.993333333333333357e+01,3.206131743716642557e-01,2.166758919592720045e-01
1.994000000000000128e+01,3.220216466441156999e-01,2.183848197399975710e-01
1.994666666666666899e+01,3.234360242593454782e-01,2.201060569668438216e-01
1.995333333333333314e+01,3.248563121563267098e-01,2.218396558683088382e-01
1.996000000000000085e+01,3.262825147967727268e-01,2.235856679784493373e-01
1.996666666666666856e+01,3.277146361552634724e-01,2.253441441113253341e-01
1.997333333333333627e+01,3.291526797092829693e-01,2.271151343350535090e-01
1.998000000000000043e+01,3.305966484291584795e-01,2.288986879454559809e-01
1.998666666666666814e+01,3.320465447679113447e-01,2.306948534393157002e-01
1.999333333333333584e+01,3.335023706510091279e-01,2.325036784872254181e-01
2.000000000000000000e+01,3.349641274660353774e-01,2.343252099060488536e-01
2.000666666666666771e+01,3.364318160522718482e-01,2.361594936309880932e-01
2.001333333333333542e+01,3.379054366901885764e-01,2.380065746872502830e-01
2.001999999999999957e+01,3.393849890908575140e-01,2.398664971613332642e-01
2.002666666666666728e+01,3.408704723852850060e-01,2.417393041719251567e-01
2.003333333333333499e+01,3.423618851136588370e-01,2.436250378404108685e-01
2.004000000000000270e+01,3.438592252145265538e-01,2.455237392610090386e-01
2.004666666666666686e+01,3.453624900138956288e-01,2.474354484705267310e-01
2.005333333333333456e+01,3.468716762142675103e-01,2.493602044177485877e-01
2.006000000000000227e+01,3.483867798835957874e-01,2.512980449324487275e-01
2.006666666666666643e+01,3.499077964441861810e-01,2.532490066940499829e-01
2.007333333333333414e+01,3.514347206615353048e-01,2.552131251999268935e-01
2.008000000000000185e+01,3.529675466331029243e-01,2.571904347333490715e-01
2.008666666666666956e+01,3.545062677770379200e-01,2.591809683310910550e-01
2.009333333333333371e+01,3.560508768208469621e-01,2.611847577506988816e-01
2.010000000000000142e+01,3.576013657900212195e-01,2.632018334374335855e-01
2.010666666666666913e+01,3.591577259966100555e-01,2.652322244908822957e-01
2.011333333333333329e+01,3.607199480277629711e-01,2.672759586312654645e-01
2.012000000000000099e+01,3.622880217342350218e-01,2.693330621654396184e-01
2.012666666666666870e+01,3.638619362188540429e-01,2.714035599525954634e-01
2.013333333333333286e+01,3.654416798249683351e-01,2.734874753696802663e-01
2.014000000000000057e+01,3.670272401248716454e-01,2.755848302765456781e-01
2.014666666666666828e+01,3.686186039082040011e-01,2.776956449808216099e-01
2.015333333333333599e+01,3.702157571703478811e-01,2.798199382025491899e-01
2.016000000000000014e+01,3.718186851008123961e-01,2.819577270385666967e-01
2.016666666666666785e+01,3.734273720716206335e-01,2.841090269266749457e-01
2.017333333333333556e+01,3.750418016256920062e-01,2.862738516095769681e-01
2.017999999999999972e+01,3.766619564652416985e-01,2.884522130986280075e-01
2.018666666666666742e+01,3.782878184401948785e-01,2.906441216373992220e-01
2.019333333333333513e+01,3.799193685366149542e-01,2.928495856650609186e-01
2.020000000000000284e+01,3.815565868651670245e-01,2.950686117796217922e-01
2.020666666666666700e+01,3.831994526496104725e-01,2.973012047010227810e-01
2.021333333333333471e+01,3.848479442153367458e-01,2.995473672341166238e-01
2.022000000000000242e+01,3.865020389779456056e-01,3.018071002315311779e-01
2.022666666666666657e+01,3.881617134318827156e-01,3.040804025564575741e-01
2.023333333333333428e+01,3.898269431391390705e-01,3.063672710453724246e-01
2.024000000000000199e+01,3.914977027180097102e-01,3.086677004707009120e-01
2.024666666666666970e+01,3.931739658319380326e-01,3.109816835034658888e-01
2.025333333333333385e+01,3.948557051784372662e-01,3.133092106759232109e-01
2.026000000000000156e+01,3.965428924781090325e-01,3.156502703442204405e-01
2.026666666666666927e+01,3.982354984637515583e-01,3.180048486510808070e-01
2.027333333333333343e+01,3.999334928695839619e-01,3.203729294885593326e-01
2.028000000000000114e+01,4.016368444205851707e-01,3.227544944608835564e-01
2.028666666666666885e+01,4.033455208219496879e-01,3.251495228473914034e-01
2.029333333333333300e+01,4.050594887486837492e-01,3.275579915656148811e-01
2.030000000000000071e+01,4.067787138353433640e-01,3.299798751345225933e-01
2.030666666666666842e+01,4.085031606659144110e-01,3.324151456379371705e-01
2.031333333333333613e+01,4.102327927638619309e-01,3.348637726881776300e-01
2.032000000000000028e+01,4.119675725823430668e-01,3.373257233899354390e-01
2.032666666666666799e+01,4.137074614946036899e-01,3.398009623044261907e-01
2.033333333333333570e+01,4.154524197845545497e-01,3.422894514138268840e-01
2.033999999999999986e+01,4.172024066375532025e-01,3.447911500860517675e-01
2.034666666666666757e+01,4.189573801313942192e-01,3.473060150398860624e-01
2.035333333333333528e+01,4.207172972275088352e-01,3.498340003104965512e-01
2.036000000000000298e+01,4.224821137624022449e-01,3.523750572153751537e-01
2.036666666666666714e+01,4.242517844393233761e-01,3.549291343207263694e-01
2.037333333333333485e+01,4.260262628201900159e-01,3.574961774083482702e-01
2.038000000000000256e+01,4.278055013177632926e-01,3.600761294430172010e-01
2.038666666666666671e+01,4.295894511881011568e-01,3.626689305404367514e-01
2.039333333333333442e+01,4.313780625232931376e-01,3.652745179357727023e-01
2.040000000000000213e+01,4.331712842444778722e-01,3.678928259527967093e-01
2.040666666666666629e+01,4.349690640951725529e-01,3.705237859736982831e-01
2.041333333333333400e+01,4.367713486349160679e-01,3.731673264095886622e-01
2.042000000000000171e+01,4.385780832332283330e-01,3.758233726717206680e-01
2.042666666666666941e+01,4.403892120639159580e-01,3.784918471434868814e-01
2.043333333333333357e+01,4.422046780997190840e-01,3.811726691532116851e-01
2.044000000000000128e+01,4.440244231073229297e-01,3.838657549477904052e-01
2.044666666666666899e+01,4.458483876427299375e-01,3.865710176671915965e-01
2.045333333333333314e+01,4.476765110470216080e-01,3.892883673198865857e-01
2.046000000000000085e+01,4.495087314425135760e-01,3.920177107592327514e-01
2.046666666666666856e+01,4.513449857293055922e-01,3.947589516608348559e-01
2.047333333333333627e+01,4.531852095822571647e-01,3.975119905009515398e-01
2.048000000000000043e+01,4.550293374483838083e-01,4.002767245359621362e-01
2.048666666666666814e+01,4.568773025446974945e-01,4.030530477829500358e-01
2.049333333333333584e+01,4.587290368564864718e-01,4.058408510014192561e-01
2.050000000000000000e+01,4.605844711360645993e-01,4.086400216762092197e-01
2.050666666666666771e+01,4.624435349019923591e-01,4.114504440016357179e-01
2.051333333333333542e+01,4.643061564387713780e-01,4.142719988668820408e-01
2.051999999999999957e+01,4.661722627970419364e-01,4.171045638427066105e-01
2.052666666666666728e+01,4.680417797942846847e-01,4.199480131694919849e-01
2.053333333333333499e+01,4.699146320160281776e-01,4.228022177466607689e-01
2.054000000000000270e+01,4.717907428175927564e-01,4.256670451235243791e-01
2.054666666666666686e+01,4.736700343263635093e-01,4.285423594915792056e-01
2.055333333333333456e+01,4.755524274446165101e-01,4.314280216783053512e-01
2.056000000000000227e+01,4.774378418528902324e-01,4.343238891424807124e-01
2.056666666666666643e+01,4.793261960139326150e-01,4.372298159710760745e-01
2.057333333333333414e+01,4.812174071772233885e-01,4.401456528777536459e-01
2.058000000000000185e+01,4.831113913840726082e-01,4.430712472029901261e-01
2.058666666666666956e+01,4.850080634733225371e-01,4.460064429158888677e-01
2.059333333333333371e+01,4.869073370876467743e-01,4.489510806176900681e-01
2.060000000000000142e+01,4.888091246804663892e-01,4.519049975470311731e-01
2.060666666666666913e+01,4.907133375234752903e-01,4.548680275869645406e-01
2.061333333333333329e+01,4.926198857148022525e-01,4.578400012737939284e-01
2.062000000000000099e+01,4.945286781878069360e-01,4.608207458077456242e-01
2.062666666666666870e+01,4.964396227205095102e-01,4.638100850654903184e-01
2.063333333333333641e+01,4.983526259456783625e-01,4.668078396145732278e-01
2.064000000000000057e+01,5.002675933615667869e-01,4.698138267297548576e-01
2.064666666666666828e+01,5.021844293433169737e-01,4.728278604113067551e-01
2.065333333333333599e+01,5.041030371550194733e-01,4.758497514052623667e-01
2.066000000000000014e+01,5.060233189624543382e-01,4.788793072256750660e-01
2.066666666666666785e+01,5.079451758465067801e-01,4.819163321788925147e-01
2.067333333333333556e+01,5.098685078172551233e-01,4.849606273898516284e-01
2.067999999999999972e+01,5.117932138287504262e-01,4.880119908304429432e-01
2.068666666666666742e+01,5.137191917944837760e-01,4.910702173499461587e-01
2.069333333333333513e+01,5.156463386035327057e-01,4.941350987075384116e-01
2.070000000000000284e+01,5.175745501374094948e-01,4.972064236069189680e-01
2.070666666666666700e+01,5.195037212875960320e-01,5.002839777330373439e-01
2.071333333333333471e+01,5.214337459737777847e-01,5.033675437909527206e-01
2.072000000000000242e+01,5.233645171627615555e-01,5.064569015468082247e-01
2.072666666666666657e+01,5.252959268880954546e-01,5.095518278709564308e-01
2.073333333333333428e+01,5.272278662703810959e-01,5.126520967832247644e-01
2.074000000000000199e+01,5.291602255382671371e-01,5.157574795003101453e-01
2.074666666666666970e+01,5.310928940501412621e-01,5.188677444853303511e-01
2.075333333333333385e+01,5.330257603165018399e-01,5.219826574995075630e-01
2.076000000000000156e+01,5.349587120230163695e-01,5.251019816559956421e-01
2.076666666666666927e+01,5.368916360542475008e-01,5.282254774758203819e-01
2.077333333333333343e+01,5.388244185180611767e-01,5.313529029459530539e-01
2.078000000000000114e+01,5.407569447706999100e-01,5.344840135794928226e-01
2.078666666666666885e+01,5.426890994425084269e-01,5.376185624779267203e-01
2.079333333333333300e+01,5.446207664643208934e-01,5.407563003954833913e-01
2.080000000000000071e+01,5.465518290944925139e-01,5.438969758055444137e-01
2.080666666666666842e+01,5.484821699465599609e-01,5.470403349690793338e-01
2.081333333333333613e+01,5.504116710175379623e-01,5.501861220051098567e-01
2.082000000000000028e+01,5.523402137168272885e-01,5.533340789631521206e-01
2.082666666666666799e+01,5.542676788957355827e-01,5.564839458976286179e-01
2.083333333333333570e+01,5.561939468775815021e-01,5.596354609441891448e-01
2.083999999999999986e+01,5.581188974883919407e-01,5.627883603979421112e-01
2.084666666666666757e+01,5.600424100881679079e-01,5.659423787935424777e-01
2.085333333333333528e+01,5.619643636026973033e-01,5.690972489870840256e-01
2.086000000000000298e+01,5.638846365559183615e-01,5.722527022397840835e-01
2.086666666666666714e+01,5.658031071028037928e-01,5.754084683033935388e-01
2.087333333333333485e+01,5.677196530627610649e-01,5.785642755073026056e-01
2.088000000000000256e+01,5.696341519535152997e-01,5.817198508472686269e-01
2.088666666666666671e+01,5.715464810254778927e-01,5.848749200757457078e-01
2.089333333333333442e+01,5.734565172965735425e-01,5.880292077937486761e-01
2.090000000000000213e+01,5.753641375874961605e-01,5.911824375441778745e-01
2.090666666666666629e+01,5.772692185573955470e-01,5.943343319065796937e-01
2.091333333333333400e+01,5.791716367399626364e-01,5.974846125932645746e-01
2.092000000000000171e+01,5.810712685798855581e-01,6.006330005467059863e-01
2.092666666666666941e+01,5.829679904696735138e-01,6.037792160381869611e-01
2.093333333333333357e+01,5.848616787868101685e-01,6.069229787676001520e-01
2.094000000000000128e+01,5.867522099312275641e-01,6.100640079643518954e-01
2.094666666666666899e+01,5.886394603630590305e-01,6.132020224892734683e-01
2.095333333333333314e+01,5.905233066406689879e-01,6.163367409374969075e-01
2.096000000000000085e+01,5.924036254589252204e-01,6.194678817422073491e-01
2.096666666666666856e+01,5.942802936876789843e-01,6.225951632791771884e-01
2.097333333333333627e+01,5.961531884104496193e-01,6.257183039720392026e-01
2.098000000000000043e+01,5.980221869632692533e-01,6.288370223981895046e-01
2.098666666666666814e+01,5.998871669736751677e-01,6.319510373952592630e-01
2.099333333333333584e+01,6.017480063998068562e-01,6.350600681680474979e-01
2.100000000000000000e+01,6.036045835696003392e-01,6.381638343958602189e-01
2.100666666666666771e+01,6.054567772200430964e-01,6.412620563401584262e-01
2.101333333333333542e+01,6.073044665364539796e-01,6.443544549524106158e-01
2.101999999999999957e+01,6.091475311917777802e-01,6.474407519820963852e-01
2.102666666666666728e+01,6.109858513858575924e-01,6.505206700847544488e-01
2.103333333333333499e+01,6.128193078846480013e-01,6.535939329299749190e-01
2.104000000000000270e+01,6.146477820593598818e-01,6.566602653092745712e-01
2.104666666666666686e+01,6.164711559254922868e-01,6.597193932437420694e-01
2.105333333333333456e+01,6.182893121817343296e-01,6.627710440913812118e-01
2.106000000000000227e+01,6.201021342486927601e-01,6.658149466540351780e-01
2.106666666666666643e+01,6.219095063074369101e-01,6.688508312838340464e-01
2.107333333333333414e+01,6.237113133378201502e-01,6.718784299890590006e-01
2.108000000000000185e+01,6.255074411565435533e-01,6.748974765393200848e-01
2.108666666666666956e+01,6.272977764549506619e-01,6.779077065699857796e-01
2.109333333333333371e+01,6.290822068365082842e-01,6.809088576857525998e-01
2.110000000000000142e+01,6.308606208539584426e-01,6.839006695632817712e-01
2.110666666666666913e+01,6.326329080460966203e-01,6.868828840527915203e-01
2.111333333333333329e+01,6.343989589741674262e-01,6.898552452785465805e-01
2.112000000000000099e+01,6.361586652578405943e-01,6.928174997381448819e-01
2.112666666666666870e+01,6.379119196107330136e-01,6.957693964005013942e-01
2.113333333333333641e+01,6.396586158754655749e-01,6.987106868024752782e-01
2.114000000000000057e+01,6.413986490582151978e-01,7.016411251440318742e-01
2.114666666666666828e+01,6.431319153627456098e-01,7.045604683818779135e-01
2.115333333333333599e+01,6.448583122238769061e-01,7.074684763214641459e-01
2.116000000000000014e+01,6.465777383403866763e-01,7.103649117073069785e-01
2.116666666666666785e+01,6.482900937073079461e-01,7.132495403115405308e-01
2.117333333333333556e+01,6.499952796475934047e-01,7.161221310206077328e-01
2.117999999999999972e+01,6.516931988431371447e-01,7.189824559200497234e-01
2.118666666666666742e+01,6.533837553651238306e-01,7.218302903773055057e-01
2.119333333333333513e+01,6.550668547036740952e-01,7.246654131224437023e-01
2.120000000000000284e+01,6.567424037967811712e-01,7.274876063267877724e-01
2.120666666666666700e+01,6.584103110585044494e-01,7.302966556793476505e-01
2.121333333333333471e+01,6.600704864064098620e-01,7.330923504610153962e-01
2.122000000000000242e+01,6.617228412882222299e-01,7.358744836164435865e-01
2.122666666666666657e+01,6.633672887076896840e-01,7.386428518235773621e-01
2.123333333333333428e+01,6.650037432496325174e-01,7.413972555607772907e-01
2.124000000000000199e+01,6.666321211041518202e-01,7.441374991714666542e-01
2.124666666666666970e+01,6.682523400899991195e-01,7.468633909262877291e-01
2.125333333333333385e+01,6.698643196770757147e-01,7.495747430826966706e-01
2.126000000000000156e+01,6.714679810080601552e-01,7.522713719419754641e-01
2.126666666666666927e+01,6.730632469191329958e-01,7.549530979035999900e-01
2.127333333333333343e+01,6.746500419598063791e-01,7.576197455169559891e-01
2.128000000000000114e+01,6.762282924118353522e-01,7.602711435303589615e-01
2.128666666666666885e+01,6.777979263071941540e-01,7.629071249373372554e-01
2.129333333333333300e+01,6.793588734451230238e-01,7.655275270201776783e-01
2.130000000000000071e+01,6.809110654082278780e-01,7.681321913907007692e-01
2.130666666666666842e+01,6.824544355776179794e-01,7.707209640282313146e-01
2.131333333333333613e+01,6.839889191470903684e-01,7.732936953147796499e-01
2.132000000000000028e+01,6.855144531363416283e-01,7.758502400673941146e-01
2.132666666666666799e+01,6.870309764032116462e-01,7.783904575676970916e-01
2.133333333333333570e+01,6.885384296549424965e-01,7.809142115885732149e-01
2.133999999999999986e+01,6.900367554584651009e-01,7.834213704180350568e-01
2.134666666666666757e+01,6.915258982497023421e-01,7.859118068802545265e-01
2.135333333333333528e+01,6.930058043418840796e-01,7.883853983537504329e-01
2.136000000000000298e+01,6.944764219328842803e-01,7.908420267867666276e-01
2.136666666666666714e+01,6.959377011115724931e-01,7.932815787098271842e-01
2.137333333333333485e+01,6.973895938631885505e-01,7.957039452454992556e-01
2.138000000000000256e+01,6.988320540737308351e-01,7.981090221153570585e-01
2.138666666666666671e+01,7.002650375333779875e-01,8.004967096441931718e-01
2.139333333333333442e+01,7.016885019389398348e-01,8.028669127614838086e-01
2.140000000000000213e+01,7.031024068953368733e-01,8.052195410001249387e-01
2.140666666666666629e+01,7.045067139161288461e-01,8.075545084924866668e-01
2.141333333333333400e+01,7.059013864230917479e-01,8.098717339638064061e-01
2.142000000000000171e+01,7.072863897448460335e-01,8.121711407229416091e-01
2.142666666666666941e+01,7.086616911145573461e-01,8.144526566505406739e-01
2.143333333333333357e+01,7.100272596667092095e-01,8.167162141846509016e-01
2.144000000000000128e+01,7.113830664329663378e-01,8.189617503038173485e-01
2.144666666666666899e+01,7.127290843371281159e-01,8.211892065076962233e-01
2.145333333333333314e+01,7.140652881891985659e-01,8.233985287952492182e-01
2.146000000000000085e+01,7.153916546785783481e-01,8.255896676405564127e-01
2.146666666666666856e+01,7.167081623663872358e-01,8.277625779662841632e-01
2.147333333333333627e+01,7.180147916769431538e-01,8.299172191148806998e-01
2.148000000000000043e+01,7.193115248884022206e-01,8.320535548175351792e-01
2.148666666666666814e+01,7.205983461225836662e-01,8.341715531609656953e-01
2.149333333333333584e+01,7.218752413339842855e-01,8.362711865520747745e-01
2.150000000000000000e+01,7.231421982980121843e-01,8.383524316805512910e-01
2.150666666666666771e+01,7.243992065984513617e-01,8.404152694794660983e-01
2.151333333333333542e+01,7.256462576141675669e-01,8.424596850839123352e-01
2.152000000000000313e+01,7.268833445050876252e-01,8.444856677877720097e-01
2.152666666666666728e+01,7.281104621974596736e-01,8.464932109986528230e-01
2.153333333333333499e+01,7.293276073684206162e-01,8.484823121910720634e-01
2.154000000000000270e+01,7.305347784298814595e-01,8.504529728579339753e-01
2.154666666666666686e+01,7.317319755117600577e-01,8.524051984603856491e-01
2.155333333333333456e+01,7.329192004445785891e-01,8.543389983761072726e-01
2.156000000000000227e+01,7.340964567414384190e-01,8.562543858460920365e-01
2.156666666666666643e+01,7.352637495794044353e-01,8.581513779200035108e-01
2.157333333333333414e+01,7.364210857803156207e-01,8.600299954001650038e-01
2.158000000000000185e+01,7.375684737910364053e-01,8.618902627842398578e-01
2.158666666666666956e+01,7.387059236631807746e-01,8.637322082066897222e-01
2.159333333333333371e+01,7.398334470323241208e-01,8.655558633790609857e-01
2.160000000000000142e+01,7.409510570967274834e-01,8.673612635291783057e-01
2.160666666666666913e+01,7.420587685955899460e-01,8.691484473392974142e-01
2.161333333333333329e+01,7.431565977868603845e-01,8.709174568833020214e-01
2.162000000000000099e+01,7.442445624246250002e-01,8.726683375630028827e-01
2.162666666666666870e+01,7.453226817360881773e-01,8.744011380435956493e-01
2.163333333333333641e+01,7.463909763981789736e-01,8.761159101883632117e-01
2.164000000000000057e+01,7.474494685137959005e-01,8.778127089926707205e-01
2.164666666666666828e+01,7.484981815877180811e-01,8.794915925173296678e-01
2.165333333333333599e+01,7.495371405021963307e-01,8.811526218213809880e-01
2.166000000000000014e+01,7.505663714922558016e-01,8.827958608943762275e-01
2.166666666666666785e+01,7.515859021207262902e-01,8.844213765882118494e-01
2.167333333333333556e+01,7.525957612530169705e-01,8.860292385485704081e-01
2.167999999999999972e+01,7.535959790316664186e-01,8.876195191460436451e-01
2.168666666666666742e+01,7.545865868506831386e-01,8.891922934069903528e-01
2.169333333333333513e+01,7.555676173296940190e-01,8.907476389441792985e-01
2.170000000000000284e+01,7.565391042879291428e-01,8.922856358872909288e-01
2.170666666666666700e+01,7.575010827180563844e-01,8.938063668133197082e-01
2.171333333333333471e+01,7.584535887598909953e-01,8.953099166769429296e-01
2.172000000000000242e+01,7.593966596739915031e-01,8.967963727408969632e-01
2.172666666666666657e+01,7.603303338151718993e-01,8.982658245064270019e-01
2.173333333333333428e+01,7.612546506059422180e-01,8.997183636438567111e-01
2.174000000000000199e+01,7.621696505098948249e-01,9.011540839233180833e-01
2.174666666666666970e+01,7.630753750050612849e-01,9.025730811457071123e-01
2.175333333333333385e+01,7.639718665572506895e-01,9.039754530738973726e-01
2.176000000000000156e+01,7.648591685933940898e-01,9.053612993642694562e-01
2.176666666666666927e+01,7.657373254749021418e-01,9.067307214985845798e-01
2.177333333333333343e+01,7.666063824710636077e-01,9.080838227162633114e-01
2.178000000000000114e+01,7.674663857324961480e-01,9.094207079471007260e-01
2.178666666666666885e+01,7.683173822646608420e-01,9.107414837444530731e-01
2.179333333333333300e+01,7.691594199014646360e-01,9.120462582189465817e-01
2.180000000000000071e+01,7.699925472789616032e-01,9.133351409727390458e-01
2.180666666666666842e+01,7.708168138091631150e-01,9.146082430343627223e-01
2.181333333333333613e+01,7.716322696539809067e-01,9.158656767941962817e-01
2.182000000000000028e+01,7.724389656993075892e-01,9.171075559405861277e-01
2.182666666666666799e+01,7.732369535292555884e-01,9.183339953966571656e-01
2.183333333333333570e+01,7.740262854005582893e-01,9.195451112578306718e-01
2.183999999999999986e+01,7.748070142171553654e-01,9.207410207300900096e-01
2.184666666666666757e+01,7.755791935049701769e-01,9.219218420690150628e-01
2.185333333333333528e+01,7.763428773868858990e-01,9.230876945196040406e-01
2.186000000000000298e+01,7.770981205579411411e-01,9.242386982569179565e-01
2.186666666666666714e+01,7.778449782607476104e-01,9.253749743275608841e-01
2.187333333333333485e+01,7.785835062611452528e-01,9.264966445920224114e-01
2.188000000000000256e+01,7.793137608240985337e-01,9.276038316678931750e-01
2.188666666666666671e+01,7.800357986898501794e-01,9.286966588739823392e-01
2.189333333333333442e+01,7.807496770503379313e-01,9.297752501753476784e-01
2.190000000000000213e+01,7.814554535258786405e-01,9.308397301292492543e-01
2.190666666666666984e+01,7.821531861421364695e-01,9.318902238320497800e-01
2.191333333333333400e+01,7.828429333073740892e-01,9.329268568670674444e-01
2.192000000000000171e+01,7.835247537900009718e-01,9.339497552533972957e-01
2.192666666666666941e+01,7.841987066964181130e-01,9.349590453957031810e-01
2.193333333333333357e+01,7.848648514491725070e-01,9.359548540350006718e-01
2.194000000000000128e+01,7.855232477654238155e-01,9.369373082004309738e-01
2.194666666666666899e+01,7.861739556357267844e-01,9.379065351620312629e-01
2.195333333333333314e+01,7.868170353031384012e-01,9.388626623845133246e-01
2.196000000000000085e+01,7.874525472426534556e-01,9.398058174820523858e-01
2.196666666666666856e+01,7.880805521409683934e-01,9.407361281740832526e-01
2.197333333333333627e+01,7.887011108765838996e-01,9.416537222421175191e-01
2.198000000000000043e+01,7.893142845002456554e-01,9.425587274875730781e-01
2.198666666666666814e+01,7.899201342157275985e-01,9.434512716906244822e-01
2.199333333333333584e+01,7.905187213609586871e-01,9.443314825700642734e-01
2.200000000000000000e+01,7.911101073894984959e-01,9.451994877441837195e-01
2.200666666666666771e+01,7.916943538523634194e-01,9.460554146926657415e-01
2.201333333333333542e+01,7.922715223802005990e-01,9.468993907194845905e-01
2.202000000000000313e+01,7.928416746658182301e-01,9.477315429168144956e-01
2.202666666666666728e+01,7.934048724470672553e-01,9.485519981299377346e-01
2.203333333333333499e+01,7.939611774900803276e-01,9.493608829231507951e-01
2.204000000000000270e+01,7.945106515728620478e-01,9.501583235466555255e-01
2.204666666666666686e+01,7.950533564692383592e-01,9.509444459044387177e-01
2.205333333333333456e+01,7.955893539331602149e-01,9.517193755231251329e-01
2.206000000000000227e+01,7.961187056833612941e-01,9.524832375217969771e-01
2.206666666666666643e+01,7.966414733883708799e-01,9.532361565827742744e-01
2.207333333333333414e+01,7.971577186518826741e-01,9.539782569233465903e-01
2.208000000000000185e+01,7.976675029984718890e-01,9.547096622684415612e-01
2.208666666666666956e+01,7.981708878596680545e-01,9.554304958242277879e-01
2.209333333333333371e+01,7.986679345603754365e-01,9.561408802526352169e-01
2.210000000000000142e+01,7.991587043056435080e-01,9.568409376467872374e-01
2.210666666666666913e+01,7.996432581677807017e-01,9.575307895073266184e-01
2.211333333333333329e+01,8.001216570738155509e-01,9.582105567196306239e-01
2.212000000000000099e+01,8.005939617932993357e-01,9.588803595319005391e-01
2.212666666666666870e+01,8.010602329264456811e-01,9.595403175341085111e-01
2.213333333333333641e+01,8.015205308926099947e-01,9.601905496377981519e-01
2.214000000000000057e+01,8.019749159191009724e-01,9.608311740567174741e-01
2.214666666666666828e+01,8.024234480303249484e-01,9.614623082882777227e-01
2.215333333333333599e+01,8.028661870372557630e-01,9.620840690958176733e-01
2.216000000000000014e+01,8.033031925272309248e-01,9.626965724916660694e-01
2.216666666666666785e+01,8.037345238540700709e-01,9.632999337209865454e-01
2.217333333333333556e+01,8.041602401285082857e-01,9.638942672463871597e-01
2.217999999999999972e+01,8.045804002089459450e-01,9.644796867332862123e-01
2.218666666666666742e+01,8.049950626925095332e-01,9.650563050360180251e-01
2.219333333333333513e+01,8.054042859064158844e-01,9.656242341846607014e-01
2.220000000000000284e+01,8.058081278996428454e-01,9.661835853725774248e-01
2.220666666666666700e+01,8.062066464348962569e-01,9.667344689446529804e-01
2.221333333333333471e+01,8.065998989808734754e-01,9.672769943862125075e-01
2.222000000000000242e+01,8.069879427048144427e-01,9.678112703126053873e-01
2.222666666666666657e+01,8.073708344653419688e-01,9.683374044594443841e-01
2.223333333333333428e+01,8.077486308055833453e-01,9.688555036734812775e-01
2.224000000000000199e+01,8.081213879465672933e-01,9.693656739041053294e-01
2.224666666666666970e+01,8.084891617808971365e-01,9.698680201954518187e-01
2.225333333333333385e+01,8.088520078666907587e-01,9.703626466791039906e-01
2.226000000000000156e+01,8.092099814217861287e-01,9.708496565673768730e-01
2.226666666666666927e+01,8.095631373182049506e-01,9.713291521471625334e-01
2.227333333333333343e+01,8.099115300768726655e-01,9.718012347743307799e-01
2.228000000000000114e+01,8.102552138625901401e-01,9.722660048686656564e-01
2.228666666666666885e+01,8.105942424792480505e-01,9.727235619093229646e-01
2.229333333333333300e+01,8.109286693652864031e-01,9.731740044307989335e-01
2.230000000000000071e+01,8.112585475893888676e-01,9.736174300193939368e-01
2.230666666666666842e+01,8.115839298464095908e-01,9.740539353101553832e-01
2.231333333333333613e+01,8.119048684535277172e-01,9.744836159842902301e-01
2.232000000000000028e+01,8.122214153466247311e-01,9.749065667670313573e-01
2.232666666666666799e+01,8.125336220768817341e-01,9.753228814259444768e-01
2.233333333333333570e+01,8.128415398075868881e-01,9.757326527696621454e-01
2.233999999999999986e+01,8.131452193111560200e-01,9.761359726470331122e-01
2.234666666666666757e+01,8.134447109663556219e-01,9.765329319466747870e-01
2.235333333333333528e+01,8.137400647557259115e-01,9.769236205969114017e-01
2.236000000000000298e+01,8.140313302632002923e-01,9.773081275660920886e-01
2.236666666666666714e+01,8.143185566719151058e-01,9.776865408632715582e-01
2.237333333333333485e+01,8.146017927622067889e-01,9.780589475392442722e-01
2.238000000000000256e+01,8.148810869097897758e-01,9.784254336879167901e-01
2.238666666666666671e+01,8.151564870841132571e-01,9.787860844480105182e-01
2.239333333333333442e+01,8.154280408468908004e-01,9.791409840050813163e-01
2.240000000000000213e+01,8.156957953507989467e-01,9.794902155938428612e-01
2.240666666666666984e+01,8.159597973383404534e-01,9.798338615007864405e-01
2.241333333333333400e+01,8.162200931408677418e-01,9.801720030670832973e-01
2.242000000000000171e+01,8.164767286777635524e-01,9.805047206917604230e-01
2.242666666666666941e+01,8.167297494557714810e-01,9.808320938351369200e-01
2.243333333333333357e+01,8.169792005684771707e-01,9.811542010225136057e-01
2.244000000000000128e+01,8.172251266959308369e-01,9.814711198481047560e-01
2.244666666666666899e+01,8.174675721044112331e-01,9.817829269791996660e-01
2.245333333333333314e+01,8.177065806463243991e-01,9.820896981605480303e-01
2.246000000000000085e+01,8.179421957602354132e-01,9.823915082189571546e-01
2.246666666666666856e+01,8.181744604710264879e-01,9.826884310680923384e-01
2.247333333333333627e+01,8.184034173901812981e-01,9.829805397134714351e-01
2.248000000000000043e+01,8.186291087161876590e-01,9.832679062576447082e-01
2.248666666666666814e+01,8.188515762350593308e-01,9.835506019055519911e-01
2.249333333333333584e+01,8.190708613209679578e-01,9.838286969700456019e-01
2.250000000000000000e+01,8.192870049369872509e-01,9.841022608775756852e-01
2.250666666666666771e+01,8.195000476359419750e-01,9.843713621740260988e-01
2.251333333333333542e+01,8.197100295613582999e-01,9.846360685306934091e-01
2.252000000000000313e+01,8.199169904485156257e-01,9.848964467504028875e-01
2.252666666666666728e+01,8.201209696255917780e-01,9.851525627737530710e-01
2.253333333333333499e+01,8.203220060149022386e-01,9.854044816854818922e-01
2.254000000000000270e+01,8.205201381342273059e-01,9.856522677209454963e-01
2.254666666666666686e+01,8.207154040982258536e-01,9.858959842727059719e-01
2.255333333333333456e+01,8.209078416199324657e-01,9.861356938972198893e-01
2.256000000000000227e+01,8.210974880123325104e-01,9.863714583216190990e-01
2.256666666666666643e+01,8.212843801900160390e-01,9.866033384505802362e-01
2.257333333333333414e+01,8.214685546709042940e-01,9.868313943732770488e-01
2.258000000000000185e+01,8.216500475780470492e-01,9.870556853704055555e-01
2.258666666666666956e+01,8.218288946414890050e-01,9.872762699212804804e-01
2.259333333333333371e+01,8.220051312002001342e-01,9.874932057109964134e-01
2.260000000000000142e+01,8.221787922040703078e-01,9.877065496376460363e-01
2.260666666666666913e+01,8.223499122159615426e-01,9.879163578195918616e-01
2.261333333333333329e+01,8.225185254138199786e-01,9.881226856027870431e-01
2.262000000000000099e+01,8.226846655928413687e-01,9.883255875681391522e-01
2.262666666666666870e+01,8.228483661676886385e-01,9.885251175389105915e-01
2.263333333333333641e+01,8.230096601747600715e-01,9.887213285881548686e-01
2.264000000000000057e+01,8.231685802745047909e-01,9.889142730461806252e-01
2.264666666666666828e+01,8.233251587537829819e-01,9.891040025080414244e-01
2.265333333333333599e+01,8.234794275282696363e-01,9.892905678410448544e-01
2.266000000000000014e+01,8.236314181448981531e-01,9.894740191922790640e-01
2.266666666666666785e+01,8.237811617843440182e-01,9.896544059961518425e-01
2.267333333333333556e+01,8.239286892635426796e-01,9.898317769819380274e-01
2.267999999999999972e+01,8.240740310382439482e-01,9.900061801813319073e-01
2.268666666666666742e+01,8.242172172055979296e-01,9.901776629360025117e-01
2.269333333333333513e+01,8.243582775067705981e-01,9.903462719051452368e-01
2.270000000000000284e+01,8.244972413295895697e-01,9.905120530730296968e-01
2.270666666666666700e+01,8.246341377112150761e-01,9.906750517565392489e-01
2.271333333333333471e+01,8.247689953408366970e-01,9.908353126126990817e-01
2.272000000000000242e+01,8.249018425623929618e-01,9.909928796461900946e-01
2.272666666666666657e+01,8.250327073773122688e-01,9.911477962168461220e-01
2.273333333333333428e+01,8.251616174472738985e-01,9.913001050471321740e-01
2.274000000000000199e+01,8.252886000969871239e-01,9.914498482295992510e-01
2.274666666666666970e+01,8.254136823169861970e-01,9.915970672343156211e-01
2.275333333333333385e+01,8.255368907664418776e-01,9.917418029162713422e-01
2.276000000000000156e+01,8.256582517759853967e-01,9.918840955227531397e-01
2.276666666666666927e+01,8.257777913505447431e-01,9.920239847006879774e-01
2.277333333333333343e+01,8.258955351721921634e-01,9.921615095039536536e-01
2.278000000000000114e+01,8.260115086030012099e-01,9.922967084006545369e-01
2.278666666666666885e+01,8.261257366879107833e-01,9.924296192803589989e-01
2.279333333333333655e+01,8.262382441575975012e-01,9.925602794612990998e-01
2.280000000000000071e+01,8.263490554313528413e-01,9.926887256975289731e-01
2.280666666666666842e+01,8.264581946199651696e-01,9.928149941860421324e-01
2.281333333333333613e+01,8.265656855286044324e-01,9.929391205738433701e-01
2.282000000000000028e+01,8.266715516597094027e-01,9.930611399649773574e-01
2.282666666666666799e+01,8.267758162158770352e-01,9.931810869275096154e-01
2.283333333333333570e+01,8.268785021027492688e-01,9.932989955004600802e-01
2.283999999999999986e+01,8.269796319319021594e-01,9.934148992006881507e-01
2.284666666666666757e+01,8.270792280237303506e-01,9.935288310297267778e-01
2.285333333333333528e+01,8.271773124103302122e-01,9.936408234805663708e-01
2.286000000000000298e+01,8.272739068383788696e-01,9.937509085443856360e-01
2.286666666666666714e+01,8.273690327720083504e-01,9.938591177172302338e-01
2.287333333333333485e+01,8.274627113956747326e-01,9.939654820066368135e-01
2.288000000000000256e+01,8.275549636170205225e-01,9.940700319382020922e-01
2.288666666666666671e+01,8.276458100697297038e-01,9.941727975620975322e-01
2.289333333333333442e+01,8.277352711163764587e-01,9.942738084595263981e-01
2.290000000000000213e+01,8.278233668512634535e-01,9.943730937491247479e-01
2.290666666666666984e+01,8.279101171032520190e-01,9.944706820933050251e-01
2.291333333333333400e+01,8.279955414385820056e-01,9.945666017045405871e-01
2.292000000000000171e+01,8.280796591636814252e-01,9.946608803515938346e-01
2.292666666666666941e+01,8.281624893279648791e-01,9.947535453656823901e-01
2.293333333333333357e+01,8.282440507266193297e-01,9.948446236465890991e-01
2.294000000000000128e+01,8.283243619033793248e-01,9.949341416687098594e-01
2.294666666666666899e+01,8.284034411532876785e-01,9.950221254870428300e-01
2.295333333333333314e+01,8.284813065254433839e-01,9.951086007431165781e-01
2.296000000000000085e+01,8.285579758257365368e-01,9.951935926708586067e-01
2.296666666666666856e+01,8.286334666195670495e-01,9.952771261024020433e-01
2.297333333333333627e+01,8.287077962345502646e-01,9.953592254738321543e-01
2.298000000000000043e+01,8.287809817632065812e-01,9.954399148308720191e-01
2.298666666666666814e+01,8.288530400656358710e-01,9.955192178345066978e-01
2.299333333333333584e+01,8.289239877721750194e-01,9.955971577665460037e-01
2.300000000000000000e+01,8.289938412860400341e-01,9.956737575351272129e-01
2.300666666666666771e+01,8.290626167859511675e-01,9.957490396801557120e-01
2.301333333333333542e+01,8.291303302287409416e-01,9.958230263786844727e-01
2.302000000000000313e+01,8.291969973519442982e-01,9.958957394502332416e-01
2.302666666666666728e+01,8.292626336763718742e-01,9.959672003620461123e-01
2.303333333333333499e+01,8.293272545086650682e-01,9.960374302342883679e-01
2.304000000000000270e+01,8.293908749438325678e-01,9.961064498451828175e-01
2.304666666666666686e+01,8.294535098677686680e-01,9.961742796360858465e-01
2.305333333333333456e+01,8.295151739597536045e-01,9.962409397165020719e-01
2.306000000000000227e+01,8.295758816949332370e-01,9.963064498690402671e-01
2.306666666666666643e+01,8.296356473467816350e-01,9.963708295543077798e-01
2.307333333333333414e+01,8.296944849895431240e-01,9.964340979157474409e-01
2.308000000000000185e+01,8.297524085006551253e-01,9.964962737844123009e-01
2.308666666666666956e+01,8.298094315631517892e-01,9.965573756836837438e-01
2.309333333333333371e+01,8.298655676680473103e-01,9.966174218339292068e-01
2.310000000000000142e+01,8.299208301166999258e-01,9.966764301571024998e-01
2.310666666666666913e+01,8.299752320231552627e-01,9.967344182812843956e-01
2.311333333333333329e+01,8.300287863164703683e-01,9.967914035451671539e-01
2.312000000000000099e+01,8.300815057430168675e-01,9.968474030024802035e-01
2.312666666666666870e+01,8.301334028687636923e-01,9.969024334263596465e-01
2.313333333333333641e+01,8.301844900815406048e-01,9.969565113136601431e-01
2.314000000000000057e+01,8.302347795932797370e-01,9.970096528892111731e-01
2.314666666666666828e+01,8.302842834422377027e-01,9.970618741100167881e-01
2.315333333333333599e+01,8.303330134951967256e-01,9.971131906694005176e-01
2.316000000000000014e+01,8.303809814496454500e-01,9.971636180010942097e-01
2.316666666666666785e+01,8.304281988359388800e-01,9.972131712832732475e-01
2.317333333333333556e+01,8.304746770194377792e-01,9.972618654425364770e-01
2.317999999999999972e+01,8.305204272026275314e-01,9.973097151578331765e-01
2.318666666666666742e+01,8.305654604272163510e-01,9.973567348643360697e-01
2.319333333333333513e+01,8.306097875762128435e-01,9.974029387572619365e-01
2.320000000000000284e+01,8.306534193759828044e-01,9.974483407956392655e-01
2.320666666666666700e+01,8.306963663982854795e-01,9.974929547060245039e-01
2.321333333333333471e+01,8.307386390622895078e-01,9.975367939861664590e-01
2.322000000000000242e+01,8.307802476365683253e-01,9.975798719086198529e-01
2.322666666666666657e+01,8.308212022410741415e-01,9.976222015243078056e-01
2.323333333333333428e+01,8.308615128490929314e-01,9.976637956660356910e-01
2.324000000000000199e+01,8.309011892891783324e-01,9.977046669519535893e-01
2.324666666666666970e+01,8.309402412470643373e-01,9.977448277889712225e-01
2.325333333333333385e+01,8.309786782675594452e-01,9.977842903761234838e-01
2.326000000000000156e+01,8.310165097564192749e-01,9.978230667078883398e-01
2.326666666666666927e+01,8.310537449821994160e-01,9.978611685774566586e-01
2.327333333333333343e+01,8.310903930780886295e-01,9.978986075799558542e-01
2.328000000000000114e+01,8.311264630437212864e-01,9.979353951156257896e-01
2.328666666666666885e+01,8.311619637469704891e-01,9.979715423929500506e-01
2.329333333333333655e+01,8.311969039257213199e-01,9.980070604317401450e-01
2.330000000000000071e+01,8.312312921896243267e-01,9.980419600661761814e-01
2.330666666666666842e+01,8.312651370218292479e-01,9.980762519478016959e-01
2.331333333333333613e+01,8.312984467806994182e-01,9.981099465484751798e-01
2.332000000000000028e+01,8.313312297015068575e-01,9.981430541632781983e-01
2.332666666666666799e+01,8.313634938981078193e-01,9.981755849133797653e-01
2.333333333333333570e+01,8.313952473645994656e-01,9.982075487488588639e-01
2.333999999999999986e+01,8.314264979769567798e-01,9.982389554514847774e-01
2.334666666666666757e+01,8.314572534946520488e-01,9.982698146374560100e-01
2.335333333333333528e+01,8.314875215622533622e-01,9.983001357600973513e-01
2.336000000000000298e+01,8.315173097110067912e-01,9.983299281125178615e-01
2.336666666666666714e+01,8.315466253603979174e-01,9.983592008302277776e-01
2.337333333333333485e+01,8.315754758196960417e-01,9.983879628937160078e-01
2.338000000000000256e+01,8.316038682894800749e-01,9.984162231309886559e-01
2.338666666666666671e+01,8.316318098631456657e-01,9.984439902200693551e-01
2.339333333333333442e+01,8.316593075283950087e-01,9.984712726914614089e-01
2.340000000000000213e+01,8.316863681687080012e-01,9.984980789305714088e-01
2.340666666666666984e+01,8.317129985647961909e-01,9.985244171800972124e-01
2.341333333333333400e+01,8.317392053960387388e-01,9.985502955423782856e-01
2.342000000000000171e+01,8.317649952419010617e-01,9.985757219817101848e-01
2.342666666666666941e+01,8.317903745833362672e-01,9.986007043266234007e-01
2.343333333333333357e+01,8.318153498041688243e-01,9.986252502721268964e-01
2.344000000000000128e+01,8.318399271924619143e-01,9.986493673819168970e-01
2.344666666666666899e+01,8.318641129418667957e-01,9.986730630905514827e-01
2.345333333333333314e+01,8.318879131529569593e-01,9.986963447055909882e-01
2.346000000000000085e+01,8.319113338345439645e-01,9.987192194097058717e-01
2.346666666666666856e+01,8.319343809049780658e-01,9.987416942627505012e-01
2.347333333333333627e+01,8.319570601934316301e-01,9.987637762038054090e-01
2.348000000000000043e+01,8.319793774411669007e-01,9.987854720531870178e-01
2.348666666666666814e+01,8.320013383027875520e-01,9.988067885144258362e-01
2.349333333333333584e+01,8.320229483474742560e-01,9.988277321762137895e-01
2.350000000000000000e+01,8.320442130602043740e-01,9.988483095143201318e-01
2.350666666666666771e+01,8.320651378429565481e-01,9.988685268934780481e-01
2.351333333333333542e+01,8.320857280158996394e-01,9.988883905692403919e-01
2.352000000000000313e+01,8.321059888185656783e-01,9.989079066898063353e-01
2.352666666666666728e+01,8.321259254110089376e-01,9.989270812978194858e-01
2.353333333333333499e+01,8.321455428749486849e-01,9.989459203321366942e-01
2.354000000000000270e+01,8.321648462148981684e-01,9.989644296295686621e-01
2.354666666666666686e+01,8.321838403592781708e-01,9.989826149265931265e-01
2.355333333333333456e+01,8.322025301615164627e-01,9.990004818610401793e-01
2.356000000000000227e+01,8.322209204011324912e-01,9.990180359737512727e-01
2.356666666666666643e+01,8.322390157848080783e-01,9.990352827102105815e-01
2.357333333333333414e+01,8.322568209474439094e-01,9.990522274221509402e-01
2.358000000000000185e+01,8.322743404532019218e-01,9.990688753691333579e-01
2.358666666666666956e+01,8.322915787965342593e-01,9.990852317201017740e-01
2.359333333333333371e+01,8.323085404031981271e-01,9.991013015549115028e-01
2.360000000000000142e+01,8.323252296312573240e-01,9.991170898658342514e-01
2.360666666666666913e+01,8.323416507720707846e-01,9.991326015590378251e-01
2.361333333333333329e+01,8.323578080512668009e-01,9.991478414560422960e-01
2.362000000000000099e+01,8.323737056297053627e-01,9.991628142951520797e-01
2.362666666666666870e+01,8.323893476044270656e-01,9.991775247328654741e-01
2.363333333333333641e+01,8.324047380095888071e-01,9.991919773452602183e-01
2.364000000000000057e+01,8.324198808173879360e-01,9.992061766293569569e-01
2.364666666666666828e+01,8.324347799389725244e-01,9.992201270044609451e-01
2.365333333333333599e+01,8.324494392253402042e-01,9.992338328134806602e-01
2.366000000000000014e+01,8.324638624682243471e-01,9.992472983242257634e-01
2.366666666666666785e+01,8.324780534009686983e-01,9.992605277306835232e-01
2.367333333333333556e+01,8.324920156993894649e-01,9.992735251542737007e-01
2.368000000000000327e+01,8.325057529826256353e-01,9.992862946450838946e-01
2.368666666666666742e+01,8.325192688139778641e-01,9.992988401830836809e-01
2.369333333333333513e+01,8.325325667017359210e-01,9.993111656793189912e-01
2.370000000000000284e+01,8.325456500999945941e-01,9.993232749770870615e-01
2.370666666666666700e+01,8.325585224094580461e-01,9.993351718530912864e-01
2.371333333333333471e+01,8.325711869782331798e-01,9.993468600185779760e-01
2.372000000000000242e+01,8.325836471026126784e-01,9.993583431204534628e-01
2.372666666666666657e+01,8.325959060278459445e-01,9.993696247423832224e-01
2.373333333333333428e+01,8.326079669489003798e-01,9.993807084058720092e-01
2.374000000000000199e+01,8.326198330112115631e-01,9.993915975713273392e-01
2.374666666666666970e+01,8.326315073114225473e-01,9.994022956391040990e-01
2.375333333333333385e+01,8.326429928981141648e-01,9.994128059505323902e-01
2.376000000000000156e+01,8.326542927725233412e-01,9.994231317889280541e-01
2.376666666666666927e+01,8.326654098892528610e-01,9.994332763805864328e-01
2.377333333333333343e+01,8.326763471569696984e-01,9.994432428957596981e-01
2.378000000000000114e+01,8.326871074390949090e-01,9.994530344496174168e-01
2.378666666666666885e+01,8.326976935544830871e-01,9.994626541031917943e-01
2.379333333333333655e+01,8.327081082780919408e-01,9.994721048643060435e-01
2.380000000000000071e+01,8.327183543416429856e-01,9.994813896884884308e-01
2.380666666666666842e+01,8.327284344342724687e-01,9.994905114798702250e-01
2.381333333333333613e+01,8.327383512031731883e-01,9.994994730920685466e-01
2.382000000000000028e+01,8.327481072542270990e-01,9.995082773290551170e-01
2.382666666666666799e+01,8.327577051526293683e-01,9.995169269460094652e-01
2.383333333333333570e+01,8.327671474235022187e-01,9.995254246501588113e-01
2.383999999999999986e+01,8.327764365525018864e-01,9.995337731016025185e-01
2.384666666666666757e+01,8.327855749864153667e-01,9.995419749141242205e-01
2.385333333333333528e+01,8.327945651337490540e-01,9.995500326559889626e-01
2.386000000000000298e+01,8.328034093653092773e-01,9.995579488507277954e-01
2.386666666666666714e+01,8.328121100147740652e-01,9.995657259779084924e-01
2.387333333333333485e+01,8.328206693792568061e-01,9.995733664738934987e-01
2.388000000000000256e+01,8.328290897198618037e-01,9.995808727325851128e-01
2.388666666666666671e+01,8.328373732622318393e-01,9.995882471061585672e-01
2.389333333333333442e+01,8.328455221970878508e-01,9.995954919057812305e-01
2.390000000000000213e+01,8.328535386807606189e-01,9.996026094023215958e-01
2.390666666666666984e+01,8.328614248357146810e-01,9.996096018270445027e-01
2.391333333333333400e+01,8.328691827510652512e-01,9.996164713722957007e-01
2.392000000000000171e+01,8.328768144830868136e-01,9.996232201921745331e-01
2.392666666666666941e+01,8.328843220557148319e-01,9.996298504031946308e-01
2.393333333333333357e+01,8.328917074610397986e-01,9.996363640849343923e-01
2.394000000000000128e+01,8.328989726597946230e-01,9.996427632806756947e-01
2.394666666666666899e+01,8.329061195818343588e-01,9.996490499980315025e-01
2.395333333333333314e+01,8.329131501266088256e-01,9.996552262095641517e-01
2.396000000000000085e+01,8.329200661636294578e-01,9.996612938533910864e-01
2.396666666666666856e+01,8.329268695329272720e-01,9.996672548337823816e-01
2.397333333333333627e+01,8.329335620455062816e-01,9.996731110217462746e-01
2.398000000000000043e+01,8.329401454837884744e-01,9.996788642556058146e-01
2.398666666666666814e+01,8.329466216020536828e-01,9.996845163415657431e-01
2.399333333333333584e+01,8.329529921268720161e-01,9.996900690542686041e-01
2.400000000000000000e+01,8.329592587575300744e-01,9.996955241373425283e-01
2.400666666666666771e+01,8.329654231664510577e-01,9.997008833039393583e-01
2.401333333333333542e+01,8.329714869996089899e-01,9.997061482372628927e-01
2.402000000000000313e+01,8.329774518769360592e-01,9.997113205910890255e-01
2.402666666666666728e+01,8.329833193927244084e-01,9.997164019902765597e-01
2.403333333333333499e+01,8.329890911160219291e-01,9.997213940312690283e-01
2.404000000000000270e+01,8.329947685910219501e-01,9.997262982825886324e-01
2.404666666666666686e+01,8.330003533374477076e-01,9.997311162853207422e-01
2.405333333333333456e+01,8.330058468509301539e-01,9.997358495535910716e-01
2.406000000000000227e+01,8.330112506033814368e-01,9.997404995750339696e-01
2.406666666666666998e+01,8.330165660433612729e-01,9.997450678112529410e-01
2.407333333333333414e+01,8.330217945964392134e-01,9.997495556982735065e-01
2.408000000000000185e+01,8.330269376655508040e-01,9.997539646469876251e-01
2.408666666666666956e+01,8.330319966313484148e-01,9.997582960435910104e-01
2.409333333333333371e+01,8.330369728525472972e-01,9.997625512500132317e-01
2.410000000000000142e+01,8.330418676662657562e-01,9.997667316043391539e-01
2.410666666666666913e+01,8.330466823883611038e-01,9.997708384212248278e-01
2.411333333333333329e+01,8.330514183137595063e-01,9.997748729923044975e-01
2.412000000000000099e+01,8.330560767167821679e-01,9.997788365865922788e-01
2.412666666666666870e+01,8.330606588514650745e-01,9.997827304508757340e-01
2.413333333333333641e+01,8.330651659518754082e-01,9.997865558101026728e-01
2.414000000000000057e+01,8.330695992324226307e-01,9.997903138677624035e-01
2.414666666666666828e+01,8.330739598881639063e-01,9.997940058062589896e-01
2.415333333333333599e+01,8.330782490951069708e-01,9.997976327872790669e-01
2.416000000000000014e+01,8.330824680105066715e-01,9.998011959521528880e-01
2.416666666666666785e+01,8.330866177731576228e-01,9.998046964222092603e-01
2.417333333333333556e+01,8.330906995036826412e-01,9.998081352991243786e-01
2.418000000000000327e+01,8.330947143048165193e-01,9.998115136652643287e-01
2.418666666666666742e+01,8.330986632616859122e-01,9.998148325840222617e-01
2.419333333333333513e+01,8.331025474420842292e-01,9.998180931001490190e-01
2.420000000000000284e+01,8.331063678967429720e-01,9.998212962400788717e-01
2.420666666666666700e+01,8.331101256595992988e-01,9.998244430122488202e-01
2.421333333333333471e+01,8.331138217480582586e-01,9.998275344074128990e-01
2.422000000000000242e+01,8.331174571632525838e-01,9.998305713989507071e-01
2.422666666666666657e+01,8.331210328902971529e-01,9.998335549431710545e-01
2.423333333333333428e+01,8.331245498985403453e-01,9.998364859796097237e-01
2.424000000000000199e+01,8.331280091418119538e-01,9.998393654313227907e-01
2.424666666666666970e+01,8.331314115586658797e-01,9.998421942051740618e-01
2.425333333333333385e+01,8.331347580726209401e-01,9.998449731921181804e-01
2.426000000000000156e+01,8.331380495923963458e-01,9.998477032674788489e-01
2.426666666666666927e+01,8.331412870121448488e-01,9.998503852912212775e-01
2.427333333333333343e+01,8.331444712116815587e-01,9.998530201082215241e-01
2.428000000000000114e+01,8.331476030567097624e-01,9.998556085485292844e-01
2.428666666666666885e+01,8.331506833990425243e-01,9.998581514276280169e-01
2.429333333333333655e+01,8.331537130768221777e-01,9.998606495466888511e-01
2.430000000000000071e+01,8.331566929147350420e-01,9.998631036928212756e-01
2.430666666666666842e+01,8.331596237242235858e-01,9.998655146393190529e-01
2.431333333333333613e+01,8.331625063036955936e-01,9.998678831459014704e-01
2.432000000000000028e+01,8.331653414387295564e-01,9.998702099589513725e-01
2.432666666666666799e+01,8.331681299022769549e-01,9.998724958117481965e-01
2.433333333333333570e+01,8.331708724548617662e-01,9.998747414246971221e-01
2.433999999999999986e+01,8.331735698447769733e-01,9.998769475055544476e-01
2.434666666666666757e+01,8.331762228082770783e-01,9.998791147496491893e-01
2.435333333333333528e+01,8.331788320697693928e-01,9.998812438401001312e-01
2.436000000000000298e+01,8.331813983420003344e-01,9.998833354480299862e-01
2.436666666666666714e+01,8.331839223262409444e-01,9.998853902327752285e-01
2.437333333333333485e+01,8.331864047124672989e-01,9.998874088420924844e-01
2.438000000000000256e+01,8.331888461795403655e-01,9.998893919123610363e-01
2.438666666666666671e+01,8.331912473953816400e-01,9.998913400687826636e-01
2.439333333333333442e+01,8.331936090171461196e-01,9.998932539255768193e-01
2.440000000000000213e+01,8.331959316913934988e-01,9.998951340861732540e-01
2.440666666666666984e+01,8.331982160542560356e-01,9.998969811434009758e-01
2.441333333333333400e+01,8.332004627316036416e-01,9.998987956796742127e-01
2.442000000000000171e+01,8.332026723392069734e-01,9.999005782671740450e-01
2.442666666666666941e+01,8.332048454828978601e-01,9.999023294680289276e-01
2.443333333333333357e+01,8.332069827587266220e-01,9.999040498344899941e-01
2.444000000000000128e+01,8.332090847531180566e-01,9.999057399091043630e-01
2.444666666666666899e+01,8.332111520430242058e-01,9.999074002248853343e-01
2.445333333333333314e+01,8.332131851960745683e-01,9.999090313054793677e-01
2.446000000000000085e+01,8.332151847707248704e-01,9.999106336653303950e-01
2.446666666666666856e+01,8.332171513164027266e-01,9.999122078098410249e-01
2.447333333333333627e+01,8.332190853736511915e-01,9.999137542355313046e-01
2.448000000000000043e+01,8.332209874742707578e-01,9.999152734301940404e-01
2.448666666666666814e+01,8.332228581414578006e-01,9.999167658730483410e-01
2.449333333333333584e+01,8.332246978899422452e-01,9.999182320348896091e-01
2.450000000000000000e+01,8.332265072261221261e-01,9.999196723782374230e-01
2.450666666666666771e+01,8.332282866481968142e-01,9.999210873574806424e-01
2.451333333333333542e+01,8.332300366462972452e-01,9.999224774190201837e-01
2.452000000000000313e+01,8.332317577026150390e-01,9.999238430014090184e-01
2.452666666666666728e+01,8.332334502915289542e-01,9.999251845354896195e-01
2.453333333333333499e+01,8.332351148797297880e-01,9.999265024445297412e-01
2.454000000000000270e+01,8.332367519263429445e-01,9.999277971443549795e-01
2.454666666666666686e+01,8.332383618830494498e-01,9.999290690434794460e-01
2.455333333333333456e+01,8.332399451942047452e-01,9.999303185432342200e-01
2.456000000000000227e+01,8.332415022969559271e-01,9.999315460378930265e-01
2.456666666666666998e+01,8.332430336213569877e-01,9.999327519147964694e-01
2.457333333333333414e+01,8.332445395904819474e-01,9.999339365544736014e-01
2.458000000000000185e+01,8.332460206205373199e-01,9.999351003307614949e-01
2.458666666666666956e+01,8.332474771209709141e-01,9.999362436109227037e-01
2.459333333333333371e+01,8.332489094945809693e-01,9.999373667557606149e-01
2.460000000000000142e+01,8.332503181376220702e-01,9.999384701197331360e-01
2.460666666666666913e+01,8.332517034399103961e-01,9.999395540510634950e-01
2.461333333333333329e+01,8.332530657849265276e-01,9.999406188918503746e-01
2.462000000000000099e+01,8.332544055499172542e-01,9.999416649781751598e-01
2.462666666666666870e+01,8.332557231059953828e-01,9.999426926402075200e-01
2.463333333333333641e+01,8.332570188182382154e-01,9.999437022023095478e-01
2.464000000000000057e+01,8.332582930457841375e-01,9.999446939831373449e-01
2.464666666666666828e+01,8.332595461419283200e-01,9.999456682957413856e-01
2.465333333333333599e+01,8.332607784542161999e-01,9.999466254476653271e-01
2.466000000000000014e+01,8.332619903245361836e-01,9.999475657410422658e-01
2.466666666666666785e+01,8.332631820892097974e-01,9.999484894726896611e-01
2.467333333333333556e+01,8.332643540790818371e-01,9.999493969342035937e-01
2.468000000000000327e+01,8.332655066196084093e-01,9.999502884120494706e-01
2.468666666666666742e+01,8.332666400309426402e-01,9.999511641876526191e-01
2.469333333333333513e+01,8.332677546280212733e-01,9.999520245374871052e-01
2.470000000000000284e+01,8.332688507206476025e-01,9.999528697331622196e-01
2.470666666666666700e+01,8.332699286135741845e-01,9.999537000415082977e-01
2.471333333333333471e+01,8.332709886065847726e-01,9.999545157246604310e-01
2.472000000000000242e+01,8.332720309945734760e-01,9.999553170401412894e-01
2.472666666666666657e+01,8.332730560676240295e-01,9.999561042409420564e-01
2.473333333333333428e+01,8.332740641110871760e-01,9.999568775756016992e-01
2.474000000000000199e+01,8.332750554056568282e-01,9.999576372882859054e-01
2.474666666666666970e+01,8.332760302274451192e-01,9.999583836188635777e-01
2.475333333333333385e+01,8.332769888480563436e-01,9.999591168029821064e-01
2.476000000000000156e+01,8.332779315346598992e-01,9.999598370721419771e-01
2.476666666666666927e+01,8.332788585500610079e-01,9.999605446537697118e-01
2.477333333333333343e+01,8.332797701527719925e-01,9.999612397712890344e-01
2.478000000000000114e+01,8.332806665970814430e-01,9.999619226441914810e-01
2.478666666666666885e+01,8.332815481331217189e-01,9.999625934881058997e-01
2.479333333333333655e+01,8.332824150069368940e-01,9.999632525148655082e-01
2.480000000000000071e+01,8.332832674605481493e-01,9.999638999325755062e-01
2.480666666666666842e+01,8.332841057320191647e-01,9.999645359456782456e-01
2.481333333333333613e+01,8.332849300555200678e-01,9.999651607550174015e-01
2.482000000000000028e+01,8.332857406613899398e-01,9.999657745579015877e-01
2.482666666666666799e+01,8.332865377761994319e-01,9.999663775481664185e-01
2.483333333333333570e+01,8.332873216228108282e-01,9.999669699162355707e-01
2.483999999999999986e+01,8.332880924204388862e-01,9.999675518491808468e-01
2.484666666666666757e+01,8.332888503847095674e-01,9.999681235307810168e-01
2.485333333333333528e+01,8.332895957277177690e-01,9.999686851415796607e-01
2.486000000000000298e+01,8.332903286580847224e-01,9.999692368589421232e-01
2.486666666666666714e+01,8.332910493810146146e-01,9.999697788571119128e-01
2.487333333333333485e+01,8.332917580983494332e-01,9.999703113072645477e-01
2.488000000000000256e+01,8.332924550086232562e-01,9.999708343775626229e-01
2.488666666666666671e+01,8.332931403071167642e-01,9.999713482332081016e-01
2.489333333333333442e+01,8.332938141859089765e-01,9.999718530364946067e-01
2.490000000000000213e+01,8.332944768339296537e-01,9.999723489468584914e-01
2.490666666666666984e+01,8.332951284370103684e-01,9.999728361209294647e-01
2.491333333333333400e+01,8.332957691779344644e-01,9.999733147125792199e-01
2.492000000000000171e+01,8.332963992364870176e-01,9.999737848729709500e-01
2.492666666666666941e+01,8.332970187895029079e-01,9.999742467506060883e-01
2.493333333333333357e+01,8.332976280109150036e-01,9.999747004913716042e-01
2.494000000000000128e+01,8.332982270718012341e-01,9.999751462385859657e-01
2.494666666666666899e+01,8.332988161404312200e-01,9.999755841330442152e-01
2.495333333333333670e+01,8.332993953823110145e-01,9.999760143130623780e-01
2.496000000000000085e+01,8.332999649602292891e-01,9.999764369145210940e-01
2.496666666666666856e+01,8.333005250343002990e-01,9.999768520709086950e-01
2.497333333333333627e+01,8.333010757620080700e-01,9.999772599133629480e-01
2.498000000000000043e+01,8.333016172982488090e-01,9.999776605707124677e-01
2.498666666666666814e+01,8.333021497953733148e-01,9.999780541695175717e-01
2.499333333333333584e+01,8.333026734032279448e-01,9.999784408341100272e-01
2.500000000000000000e+01,8.333031882691954717e-01,9.999788206866323526e-01
2.500666666666666771e+01,8.333036945382357175e-01,9.999791938470762309e-01
2.501333333333333542e+01,8.333041923529241890e-01,9.999795604333203691e-01
2.502000000000000313e+01,8.333046818534911582e-01,9.999799205611679120e-01
2.502666666666666728e+01,8.333051631778602975e-01,9.999802743443827469e-01
2.503333333333333499e+01,8.333056364616854284e-01,9.999806218947252523e-01
2.504000000000000270e+01,8.333061018383882690e-01,9.999809633219878258e-01
2.504666666666666686e+01,8.333065594391944053e-01,9.999812987340297443e-01
2.505333333333333456e+01,8.333070093931690403e-01,9.999816282368103604e-01
2.506000000000000227e+01,8.333074518272522990e-01,9.999819519344234076e-01
2.506666666666666998e+01,8.333078868662939787e-01,9.999822699291294192e-01
2.507333333333333414e+01,8.333083146330874103e-01,9.999825823213880360e-01
2.508000000000000185e+01,8.333087352484030985e-01,9.999828892098897581e-01
2.508666666666666956e+01,8.333091488310220285e-01,9.999831906915870317e-01
2.509333333333333371e+01,8.333095554977673070e-01,9.999834868617247796e-01
2.510000000000000142e+01,8.333099553635371359e-01,9.999837778138708222e-01
2.510666666666666913e+01,8.333103485413355660e-01,9.999840636399448535e-01
2.511333333333333329e+01,8.333107351423033604e-01,9.999843444302478623e-01
2.512000000000000099e+01,8.333111152757489704e-01,9.999846202734903322e-01
2.512666666666666870e+01,8.333114890491779558e-01,9.999848912568206627e-01
2.513333333333333641e+01,8.333118565683226286e-01,9.999851574658520370e-01
2.514000000000000057e+01,8.333122179371710292e-01,9.999854189846901775e-01
2.514666666666666828e+01,8.333125732579955702e-01,9.999856758959593250e-01
2.515333333333333599e+01,8.333129226313805704e-01,9.999859282808283290e-01
2.516000000000000014e+01,8.333132661562505650e-01,9.999861762190369596e-01
2.516666666666666785e+01,8.333136039298969511e-01,9.999864197889201112e-01
2.517333333333333556e+01,8.333139360480046332e-01,9.999866590674330036e-01
2.518000000000000327e+01,8.333142626046788903e-01,9.999868941301757186e-01
2.518666666666666742e+01,8.333145836924705785e-01,9.999871250514166254e-01
2.519333333333333513e+01,8.333148994024017764e-01,9.999873519041159176e-01
2.520000000000000284e+01,8.333152098239909877e-01,9.999875747599488163e-01
2.520666666666666700e+01,8.333155150452775661e-01,9.999877936893281083e-01
2.521333333333333471e+01,8.333158151528461399e-01,9.999880087614264612e-01
2.522000000000000242e+01,8.333161102318498159e-01,9.999882200441977398e-01
2.522666666666666657e+01,8.333164003660347152e-01,9.999884276043994324e-01
2.523333333333333428e+01,8.333166856377618448e-01,9.999886315076127463e-01
2.524000000000000199e+01,8.333169661280308560e-01,9.999888318182640345e-01
2.524666666666666970e+01,8.333172419165014722e-01,9.999890285996446693e-01
2.525333333333333385e+01,8.333175130815159148e-01,9.999892219139310257e-01
2.526000000000000156e+01,8.333177797001205533e-01,9.999894118222047990e-01
2.526666666666666927e+01,8.333180418480868878e-01,9.999895983844713232e-01
2.527333333333333343e+01,8.333182995999327547e-01,9.999897816596790001e-01
2.528000000000000114e+01,8.333185530289424214e-01,9.999899617057380619e-01
2.528666666666666885e+01,8.333188022071874590e-01,9.999901385795385567e-01
2.529333333333333655e+01,8.333190472055460596e-01,9.999903123369684455e-01
2.530000000000000071e+01,8.333192880937231317e-01,9.999904830329311434e-01
2.530666666666666842e+01,8.333195249402691740e-01,9.999906507213631723e-01
2.531333333333333613e+01,8.333197578125992599e-01,9.999908154552505923e-01
2.532000000000000028e+01,8.333199867770119118e-01,9.999909772866464319e-01
2.532666666666666799e+01,8.333202118987074192e-01,9.999911362666866754e-01
2.533333333333333570e+01,8.333204332418054916e-01,9.999912924456064722e-01
2.533999999999999986e+01,8.333206508693634662e-01,9.999914458727560129e-01
2.534666666666666757e+01,8.333208648433937382e-01,9.999915965966164055e-01
2.535333333333333528e+01,8.333210752248804143e-01,9.999917446648144415e-01
2.536000000000000298e+01,8.333212820737969651e-01,9.999918901241380276e-01
2.536666666666666714e+01,8.333214854491223234e-01,9.999920330205510632e-01
2.537333333333333485e+01,8.333216854088573156e-01,9.999921733992073181e-01
2.538000000000000256e+01,8.333218820100409818e-01,9.999923113044656420e-01
2.538666666666666671e+01,8.333220753087660082e-01,9.999924467799030658e-01
2.539333333333333442e+01,8.333222653601947139e-01,9.999925798683290123e-01
2.540000000000000213e+01,8.333224522185741501e-01,9.999927106117990627e-01
2.540666666666666984e+01,8.333226359372510883e-01,9.999928390516276133e-01
2.541333333333333400e+01,8.333228165686870081e-01,9.999929652284011983e-01
2.542000000000000171e+01,8.333229941644725303e-01,9.999930891819918122e-01
2.542666666666666941e+01,8.333231687753419603e-01,9.999932109515685674e-01
2.543333333333333357e+01,8.333233404511870557e-01,9.999933305756107949e-01
2.544000000000000128e+01,8.333235092410713474e-01,9.999934480919199231e-01
2.544666666666666899e+01,8.333236751932433517e-01,9.999935635376313581e-01
2.545333333333333670e+01,8.333238383551502260e-01,9.999936769492262512e-01
2.546000000000000085e+01,8.333239987734509802e-01,9.999937883625433788e-01
2.546666666666666856e+01,8.333241564940293555e-01,9.999938978127898004e-01
2.547333333333333627e+01,8.333243115620068142e-01,9.999940053345524049e-01
2.548000000000000043e+01,8.333244640217548627e-01,9.999941109618090129e-01
2.548666666666666814e+01,8.333246139169074862e-01,9.999942147279385907e-01
2.549333333333333584e+01,8.333247612903733614e-01,9.999943166657321303e-01
2.550000000000000000e+01,8.333249061843479577e-01,9.999944168074028639e-01
2.550666666666666771e+01,8.333250486403249724e-01,9.999945151845966995e-01
2.551333333333333542e+01,8.333251886991082102e-01,9.999946118284019914e-01
2.552000000000000313e+01,8.333253264008227967e-01,9.999947067693591984e-01
2.552666666666666728e+01,8.333254617849265022e-01,9.999948000374709878e-01
2.553333333333333499e+01,8.333255948902205112e-01,9.999948916622112272e-01
2.554000000000000270e+01,8.333257257548606356e-01,9.999949816725346441e-01
2.554666666666666686e+01,8.333258544163677506e-01,9.999950700968859296e-01
2.555333333333333456e+01,8.333259809116383421e-01,9.999951569632085091e-01
2.556000000000000227e+01,8.333261052769546096e-01,9.999952422989535350e-01
2.556666666666666998e+01,8.333262275479950132e-01,9.999953261310886576e-01
2.557333333333333414e+01,8.333263477598438218e-01,9.999954084861062409e-01
2.558000000000000185e+01,8.333264659470013269e-01,9.999954893900320219e-01
2.558666666666666956e+01,8.333265821433932796e-01,9.999955688684331045e-01
2.559333333333333371e+01,8.333266963823802165e-01,9.999956469464263975e-01
2.560000000000000142e+01,8.333268086967674515e-01,9.999957236486859413e-01
2.560666666666666913e+01,8.333269191188132918e-01,9.999957989994513463e-01
2.561333333333333329e+01,8.333270276802390297e-01,9.999958730225350090e-01
2.562000000000000099e+01,8.333271344122370472e-01,9.999959457413299946e-01
2.562666666666666870e+01,8.333272393454802529e-01,9.999960171788170316e-01
2.563333333333333641e+01,8.333273425101299647e-01,9.999960873575720610e-01
2.564000000000000057e+01,8.333274439358452357e-01,9.999961562997732312e-01
2.564666666666666828e+01,8.333275436517902923e-01,9.999962240272080027e-01
2.565333333333333599e+01,8.333276416866434166e-01,9.999962905612799213e-01
2.566000000000000014e+01,8.333277380686042735e-01,9.999963559230153898e-01
2.566666666666666785e+01,8.333278328254026812e-01,9.999964201330705516e-01
2.567333333333333556e+01,8.333279259843058284e-01,9.999964832117373970e-01
2.568000000000000327e+01,8.333280175721260452e-01,9.999965451789505355e-01
2.568666666666666742e+01,8.333281076152283529e-01,9.999966060542933022e-01
2.569333333333333513e+01,8.333281961395377913e-01,9.999966658570041966e-01
2.570000000000000284e+01,8.333282831705470795e-01,9.999967246059823234e-01
2.570666666666666700e+01,8.333283687333233880e-01,9.999967823197942751e-01
2.571333333333333471e+01,8.333284528525153334e-01,9.999968390166791288e-01
2.572000000000000242e+01,8.333285355523603055e-01,9.999968947145549958e-01
2.572666666666666657e+01,8.333286168566910179e-01,9.999969494310241291e-01
2.573333333333333428e+01,8.333286967889422803e-01,9.999970031833784745e-01
2.574000000000000199e+01,8.333287753721575486e-01,9.999970559886056654e-01
2.574666666666666970e+01,8.333288526289954756e-01,9.999971078633936861e-01
2.575333333333333385e+01,8.333289285817363501e-01,9.999971588241367559e-01
2.576000000000000156e+01,8.333290032522882029e-01,9.999972088869399922e-01
2.576666666666666927e+01,8.333290766621931356e-01,9.999972580676250722e-01
2.577333333333333343e+01,8.333291488326332042e-01,9.999973063817345631e-01
2.578000000000000114e+01,8.333292197844367477e-01,9.999973538445375842e-01
2.578666666666666885e+01,8.333292895380839393e-01,9.999974004710339148e-01
2.579333333333333655e+01,8.333293581137127815e-01,9.999974462759591010e-01
2.580000000000000071e+01,8.333294255311243237e-01,9.999974912737892296e-01
2.580666666666666842e+01,8.333294918097889914e-01,9.999975354787451476e-01
2.581333333333333613e+01,8.333295569688514703e-01,9.999975789047972352e-01
2.582000000000000028e+01,8.333296210271364801e-01,9.999976215656696255e-01
2.582666666666666799e+01,8.333296840031538810e-01,9.999976634748448667e-01
2.583333333333333570e+01,8.333297459151037812e-01,9.999977046455676977e-01
2.584000000000000341e+01,8.333298067808824205e-01,9.999977450908495991e-01
2.584666666666666757e+01,8.333298666180861680e-01,9.999977848234729016e-01
2.585333333333333528e+01,8.333299254440171833e-01,9.999978238559945609e-01
2.586000000000000298e+01,8.333299832756879688e-01,9.999978622007503759e-01
2.586666666666666714e+01,8.333300401298266991e-01,9.999978998698587640e-01
2.587333333333333485e+01,8.333300960228814391e-01,9.999979368752246467e-01
2.588000000000000256e+01,8.333301509710248078e-01,9.999979732285432243e-01
2.588666666666666671e+01,8.333302049901589736e-01,9.999980089413035289e-01
2.589333333333333442e+01,8.333302580959196515e-01,9.999980440247921987e-01
2.590000000000000213e+01,8.333303103036810988e-01,9.999980784900970310e-01
2.590666666666666984e+01,8.333303616285598903e-01,9.999981123481105350e-01
2.591333333333333400e+01,8.333304120854194696e-01,9.999981456095331511e-01
2.592000000000000171e+01,8.333304616888744798e-01,9.999981782848769152e-01
2.592666666666666941e+01,8.333305104532947594e-01,9.999982103844685666e-01
2.593333333333333357e+01,8.333305583928094507e-01,9.999982419184528792e-01
2.594000000000000128e+01,8.333306055213108854e-01,9.999982728967959922e-01
2.594666666666666899e+01,8.333306518524586926e-01,9.999983033292882961e-01
2.595333333333333670e+01,8.333306973996837952e-01,9.999983332255478752e-01
2.596000000000000085e+01,8.333307421761916300e-01,9.999983625950230604e-01
2.596666666666666856e+01,8.333307861949666995e-01,9.999983914469959823e-01
2.597333333333333627e+01,8.333308294687759021e-01,9.999984197905850136e-01
2.598000000000000043e+01,8.333308720101716416e-01,9.999984476347480999e-01
2.598666666666666814e+01,8.333309138314963782e-01,9.999984749882850910e-01
2.599333333333333584e+01,8.333309549448855158e-01,9.999985018598409603e-01
2.600000000000000000e+01,8.333309953622708433e-01,9.999985282579083590e-01
2.600666666666666771e+01,8.333310350953841983e-01,9.999985541908301689e-01
2.601333333333333542e+01,8.333310741557604651e-01,9.999985796668022786e-01
2.602000000000000313e+01,8.333311125547413489e-01,9.999986046938764694e-01
2.602666666666666728e+01,8.333311503034780410e-01,9.999986292799623033e-01
2.603333333333333499e+01,8.333311874129346597e-01,9.999986534328300092e-01
2.604000000000000270e+01,8.333312238938916927e-01,9.999986771601131474e-01
2.604666666666666686e+01,8.333312597569483282e-01,9.999987004693104975e-01
2.605333333333333456e+01,8.333312950125260077e-01,9.999987233677889442e-01
2.606000000000000227e+01,8.333313296708714235e-01,9.999987458627853654e-01
2.606666666666666998e+01,8.333313637420590725e-01,9.999987679614092961e-01
2.607333333333333414e+01,8.333313972359944755e-01,9.999987896706448165e-01
2.608000000000000185e+01,8.333314301624168419e-01,9.999988109973532158e-01
2.608666666666666956e+01,8.333314625309017343e-01,9.999988319482746579e-01
2.609333333333333371e+01,8.333314943508641770e-01,9.999988525300306241e-01
2.610000000000000142e+01,8.333315256315607655e-01,9.999988727491259111e-01
2.610666666666666913e+01,8.333315563820928862e-01,9.999988926119507404e-01
2.611333333333333329e+01,8.333315866114089365e-01,9.999989121247826462e-01
2.612000000000000099e+01,8.333316163283071010e-01,9.999989312937886954e-01
2.612666666666666870e+01,8.333316455414376822e-01,9.999989501250271529e-01
2.613333333333333641e+01,8.333316742593056548e-01,9.999989686244497022e-01
2.614000000000000057e+01,8.333317024902731074e-01,9.999989867979028890e-01
2.614666666666666828e+01,8.333317302425615747e-01,9.999990046511305630e-01
2.615333333333333599e+01,8.333317575242544795e-01,9.999990221897749887e-01
2.616000000000000014e+01,8.333317843432993532e-01,9.999990394193795096e-01
2.616666666666666785e+01,8.333318107075101677e-01,9.999990563453894366e-01
2.617333333333333556e+01,8.333318366245694442e-01,9.999990729731541572e-01
2.618000000000000327e+01,8.333318621020305850e-01,9.999990893079288012e-01
2.618666666666666742e+01,8.333318871473200939e-01,9.999991053548761277e-01
2.619333333333333513e+01,8.333319117677393528e-01,9.999991211190675244e-01
2.620000000000000284e+01,8.333319359704673968e-01,9.999991366054855613e-01
2.620666666666666700e+01,8.333319597625620245e-01,9.999991518190245454e-01
2.621333333333333471e+01,8.333319831509626852e-01,9.999991667644927418e-01
2.622000000000000242e+01,8.333320061424918102e-01,9.999991814466137052e-01
2.622666666666667012e+01,8.333320287438572560e-01,9.999991958700276129e-01
2.623333333333333428e+01,8.333320509616539695e-01,9.999992100392931516e-01
2.624000000000000199e+01,8.333320728023659862e-01,9.999992239588884058e-01
2.624666666666666970e+01,8.333320942723680957e-01,9.999992376332127453e-01
2.625333333333333385e+01,8.333321153779279511e-01,9.999992510665878243e-01
2.626000000000000156e+01,8.333321361252075121e-01,9.999992642632593576e-01
2.626666666666666927e+01,8.333321565202652659e-01,9.999992772273981201e-01
2.627333333333333343e+01,8.333321765690575589e-01,9.999992899631016119e-01
2.628000000000000114e+01,8.333321962774405955e-01,9.999993024743947245e-01
2.628666666666666885e+01,8.333322156511718815e-01,9.999993147652317393e-01
2.629333333333333655e+01,8.333322346959118887e-01,9.999993268394973267e-01
2.630000000000000071e+01,8.333322534172258322e-01,9.999993387010074342e-01
2.630666666666666842e+01,8.333322718205853352e-01,9.999993503535109518e-01
2.631333333333333613e+01,8.333322899113698723e-01,9.999993618006907115e-01
2.632000000000000028e+01,8.333323076948678798e-01,9.999993730461644859e-01
2.632666666666666799e+01,8.333323251762791983e-01,9.999993840934865430e-01
2.633333333333333570e+01,8.333323423607159608e-01,9.999993949461485343e-01
2.634000000000000341e+01,8.333323592532040358e-01,9.999994056075801607e-01
2.634666666666666757e+01,8.333323758586846930e-01,9.999994160811511712e-01
2.635333333333333528e+01,8.333323921820158242e-01,9.999994263701718067e-01
2.636000000000000298e+01,8.333324082279736089e-01,9.999994364778937994e-01
2.636666666666666714e+01,8.333324240012536244e-01,9.999994464075118161e-01
2.637333333333333485e+01,8.333324395064723999e-01,9.999994561621640132e-01
2.638000000000000256e+01,8.333324547481685274e-01,9.999994657449335911e-01
2.638666666666666671e+01,8.333324697308041040e-01,9.999994751588490161e-01
2.639333333333333442e+01,8.333324844587659541e-01,9.999994844068856858e-01
2.640000000000000213e+01,8.333324989363671831e-01,9.999994934919664846e-01
2.640666666666666984e+01,8.333325131678478437e-01,9.999995024169626712e-01
2.641333333333333400e+01,8.333325271573766013e-01,9.999995111846951001e-01
2.642000000000000171e+01,8.333325409090519553e-01,9.999995197979348882e-01
2.642666666666666941e+01,8.333325544269031271e-01,9.999995282594041912e-01
2.643333333333333357e+01,8.333325677148911703e-01,9.999995365717772033e-01
2.644000000000000128e+01,8.333325807769108584e-01,9.999995447376812674e-01
2.644666666666666899e+01,8.333325936167907955e-01,9.999995527596970968e-01
2.645333333333333670e+01,8.333326062382950816e-01,9.999995606403602189e-01
2.646000000000000085e+01,8.333326186451244233e-01,9.999995683821611969e-01
2.646666666666666856e+01,8.333326308409169103e-01,9.999995759875469625e-01
2.647333333333333627e+01,8.333326428292492372e-01,9.999995834589211485e-01
2.648000000000000043e+01,8.333326546136380353e-01,9.999995907986450883e-01
2.648666666666666814e+01,8.333326661975402061e-01,9.999995980090387038e-01
2.649333333333333584e+01,8.333326775843544754e-01,9.999996050923807278e-01
2.650000000000000000e+01,8.333326887774221703e-01,9.999996120509098141e-01
2.650666666666666771e+01,8.333326997800281077e-01,9.999996188868254254e-01
2.651333333333333542e+01,8.333327105954017044e-01,9.999996256022879448e-01
2.652000000000000313e+01,8.333327212267178652e-01,9.999996321994197856e-01
2.652666666666666728e+01,8.333327316770978710e-01,9.999996386803061688e-01
2.653333333333333499e+01,8.333327419496103783e-01,9.999996450469952336e-01
2.654000000000000270e+01,8.333327520472719740e-01,9.999996513014992594e-01
2.654666666666666686e+01,8.333327619730485081e-01,9.999996574457949983e-01
2.655333333333333456e+01,8.333327717298555370e-01,9.999996634818244523e-01
2.656000000000000227e+01,8.333327813205595458e-01,9.999996694114953177e-01
2.656666666666666998e+01,8.333327907479785024e-01,9.999996752366816510e-01
2.657333333333333414e+01,8.333328000148826353e-01,9.999996809592244240e-01
2.658000000000000185e+01,8.333328091239956548e-01,9.999996865809325231e-01
2.658666666666666956e+01,8.333328180779949745e-01,9.999996921035825270e-01
2.659333333333333371e+01,8.333328268795129334e-01,9.999996975289200396e-01
2.660000000000000142e+01,8.333328355311371283e-01,9.999997028586595782e-01
2.660666666666666913e+01,8.333328440354117461e-01,9.999997080944857952e-01
2.661333333333333329e+01,8.333328523948375643e-01,9.999997132380533671e-01
2.662000000000000099e+01,8.333328606118736159e-01,9.999997182909881044e-01
2.662666666666666870e+01,8.333328686889368564e-01,9.999997232548868409e-01
2.663333333333333641e+01,8.333328766284034961e-01,9.999997281313186548e-01
2.664000000000000057e+01,8.333328844326098883e-01,9.999997329218245357e-01
2.664666666666666828e+01,8.333328921038524184e-01,9.999997376279186057e-01
2.665333333333333599e+01,8.333328996443888359e-01,9.999997422510883416e-01
2.666000000000000014e+01,8.333329070564388097e-01,9.999997467927949080e-01
2.666666666666666785e+01,8.333329143421842611e-01,9.999997512544737122e-01
2.667333333333333556e+01,8.333329215037702520e-01,9.999997556375347374e-01
2.668000000000000327e+01,8.333329285433056510e-01,9.999997599433635420e-01
2.668666666666666742e+01,8.333329354628635777e-01,9.999997641733208154e-01
2.669333333333333513e+01,8.333329422644819573e-01,9.999997683287435990e-01
2.670000000000000284e+01,8.333329489501645204e-01,9.999997724109450647e-01
2.670666666666666700e+01,8.333329555218808027e-01,9.999997764212155138e-01
2.671333333333333471e+01,8.333329619815671441e-01,9.999997803608224878e-01
2.672000000000000242e+01,8.333329683311270220e-01,9.999997842310109908e-01
2.672666666666667012e+01,8.333329745724318283e-01,9.999997880330042666e-01
2.673333333333333428e+01,8.333329807073210915e-01,9.999997917680039095e-01
2.674000000000000199e+01,8.333329867376033651e-01,9.999997954371905307e-01
2.674666666666666970e+01,8.333329926650565600e-01,9.999997990417236471e-01
2.675333333333333385e+01,8.333329984914283894e-01,9.999998025827425696e-01
2.676000000000000156e+01,8.333330042184370345e-01,9.999998060613664030e-01
2.676666666666666927e+01,8.333330098477715886e-01,9.999998094786946012e-01
2.677333333333333343e+01,8.333330153810923902e-01,9.999998128358074112e-01
2.678000000000000114e+01,8.333330208200319111e-01,9.999998161337655400e-01
2.678666666666666885e+01,8.333330261661947569e-01,9.999998193736115981e-01
2.679333333333333655e+01,8.333330314211585543e-01,9.999998225563693222e-01
2.680000000000000071e+01,8.333330365864739520e-01,9.999998256830449073e-01
2.680666666666666842e+01,8.333330416636655080e-01,9.999998287546263409e-01
2.681333333333333613e+01,8.333330466542320236e-01,9.999998317720846241e-01
2.682000000000000028e+01,8.333330515596465426e-01,9.999998347363732165e-01
2.682666666666666799e+01,8.333330563813574621e-01,9.999998376484291462e-01
2.683333333333333570e+01,8.333330611207886429e-01,9.999998405091726772e-01
2.684000000000000341e+01,8.333330657793396323e-01,9.999998433195080860e-01
2.684666666666666757e+01,8.333330703583864407e-01,9.999998460803235512e-01
2.685333333333333528e+01,8.333330748592815418e-01,9.999998487924915969e-01
2.686000000000000298e+01,8.333330792833546496e-01,9.999998514568694263e-01
2.686666666666666714e+01,8.333330836319129409e-01,9.999998540742991437e-01
2.687333333333333485e+01,8.333330879062412766e-01,9.999998566456080873e-01
2.688000000000000256e+01,8.333330921076029796e-01,9.999998591716088292e-01
2.688666666666666671e+01,8.333330962372397233e-01,9.999998616530997309e-01
2.689333333333333442e+01,8.333331002963720868e-01,9.999998640908651648e-01
2.690000000000000213e+01,8.333331042862002214e-01,9.999998664856756259e-01
2.690666666666666984e+01,8.333331082079037389e-01,9.999998688382879530e-01
2.691333333333333400e+01,8.333331120626421562e-01,9.999998711494455517e-01
2.692000000000000171e+01,8.333331158515555614e-01,9.999998734198791706e-01
2.692666666666666941e+01,8.333331195757645027e-01,9.999998756503062358e-01
2.693333333333333357e+01,8.333331232363706542e-01,9.999998778414316281e-01
2.694000000000000128e+01,8.333331268344569276e-01,9.999998799939479044e-01
2.694666666666666899e+01,8.333331303710878046e-01,9.999998821085355205e-01
2.695333333333333670e+01,8.333331338473098926e-01,9.999998841858626086e-01
2.696000000000000085e+01,8.333331372641518131e-01,9.999998862265858657e-01
2.696666666666666856e+01,8.333331406226248683e-01,9.999998882313502202e-01
2.697333333333333627e+01,8.333331439237230409e-01,9.999998902007892765e-01
2.698000000000000043e+01,8.333331471684237712e-01,9.999998921355255366e-01
2.698666666666666814e+01,8.333331503576876242e-01,9.999998940361704003e-01
2.699333333333333584e+01,8.333331534924588446e-01,9.999998959033247203e-01
2.700000000000000000e+01,8.333331565736658009e-01,9.999998977375784692e-01
2.700666666666666771e+01,8.333331596022210963e-01,9.999998995395114054e-01
2.701333333333333542e+01,8.333331625790216801e-01,9.999999013096931844e-01
2.702000000000000313e+01,8.333331655049494024e-01,9.999999030486831364e-01
2.702666666666666728e+01,8.333331683808711254e-01,9.999999047570309330e-01
2.703333333333333499e+01,8.333331712076389453e-01,9.999999064352764755e-01
2.704000000000000270e+01,8.333331739860905252e-01,9.999999080839502286e-01
2.704666666666666686e+01,8.333331767170493176e-01,9.999999097035732198e-01
2.705333333333333456e+01,8.333331794013245641e-01,9.999999112946573732e-01
2.706000000000000227e+01,8.333331820397122947e-01,9.999999128577056196e-01
2.706666666666666998e+01,8.333331846329944392e-01,9.999999143932118972e-01
2.707333333333333414e+01,8.333331871819399383e-01,9.999999159016613737e-01
2.708000000000000185e+01,8.333331896873045208e-01,9.999999173835311117e-01
2.708666666666666956e+01,8.333331921498313699e-01,9.999999188392892924e-01
2.709333333333333371e+01,8.333331945702505683e-01,9.999999202693959921e-01
2.710000000000000142e+01,8.333331969492803193e-01,9.999999216743032937e-01
2.710666666666666913e+01,8.333331992876261696e-01,9.999999230544551754e-01
2.711333333333333684e+01,8.333332015859821196e-01,9.999999244102878437e-01
2.712000000000000099e+01,8.333332038450297352e-01,9.999999257422298449e-01
2.712666666666666870e+01,8.333332060654395912e-01,9.999999270507021754e-01
2.713333333333333641e+01,8.333332082478707159e-01,9.999999283361182822e-01
2.714000000000000057e+01,8.333332103929707024e-01,9.999999295988845072e-01
2.714666666666666828e+01,8.333332125013764857e-01,9.999999308393999753e-01
2.715333333333333599e+01,8.333332145737138985e-01,9.999999320580567064e-01
2.716000000000000014e+01,8.333332166105981154e-01,9.999999332552398368e-01
2.716666666666666785e+01,8.333332186126340968e-01,9.999999344313278415e-01
2.717333333333333556e+01,8.333332205804163673e-01,9.999999355866924233e-01
2.718000000000000327e+01,8.333332225145292371e-01,9.999999367216986235e-01
2.718666666666666742e+01,8.333332244155473578e-01,9.999999378367052660e-01
2.719333333333333513e+01,8.333332262840352778e-01,9.999999389320647358e-01
2.720000000000000284e+01,8.333332281205482195e-01,9.999999400081233114e-01
2.720666666666666700e+01,8.333332299256318576e-01,9.999999410652209431e-01
2.721333333333333471e+01,8.333332316998224298e-01,9.999999421036919189e-01
2.722000000000000242e+01,8.333332334436474031e-01,9.999999431238641989e-01
2.722666666666667012e+01,8.333332351576249186e-01,9.999999441260604138e-01
2.723333333333333428e+01,8.333332368422643466e-01,9.999999451105971993e-01
2.724000000000000199e+01,8.333332384980667307e-01,9.999999460777858618e-01
2.724666666666666970e+01,8.333332401255242328e-01,9.999999470279319347e-01
2.725333333333333385e+01,8.333332417251206881e-01,9.999999479613358444e-01
2.726000000000000156e+01,8.333332432973318271e-01,9.999999488782925772e-01
2.726666666666666927e+01,8.333332448426251648e-01,9.999999497790917902e-01
2.727333333333333343e+01,8.333332463614604446e-01,9.999999506640183666e-01
2.728000000000000114e+01,8.333332478542893051e-01,9.999999515333519717e-01
2.728666666666666885e+01,8.333332493215558356e-01,9.999999523873672747e-01
2.729333333333333655e+01,8.333332507636966868e-01,9.999999532263342816e-01
2.730000000000000071e+01,8.333332521811408489e-01,9.999999540505181139e-01
2.730666666666666842e+01,8.333332535743102065e-01,9.999999548601793409e-01
2.731333333333333613e+01,8.333332549436193171e-01,9.999999556555737579e-01
2.732000000000000028e+01,8.333332562894757434e-01,9.999999564369527194e-01
2.732666666666666799e+01,8.333332576122800539e-01,9.999999572045632501e-01
2.733333333333333570e+01,8.333332589124261558e-01,9.999999579586480447e-01
2.734000000000000341e+01,8.333332601903010728e-01,9.999999586994453571e-01
2.734666666666666757e+01,8.333332614462852783e-01,9.999999594271893333e-01
2.735333333333333528e+01,8.333332626807526955e-01,9.999999601421099005e-01
2.736000000000000298e+01,8.333332638940711412e-01,9.999999608444331001e-01
2.736666666666666714e+01,8.333332650866018820e-01,9.999999615343808657e-01
2.737333333333333485e+01,8.333332662587001893e-01,9.999999622121713561e-01
2.738000000000000256e+01,8.333332674107152283e-01,9.999999628780186223e-01
2.738666666666666671e+01,8.333332685429901687e-01,9.999999635321332736e-01
2.739333333333333442e+01,8.333332696558622965e-01,9.999999641747219226e-01
2.740000000000000213e+01,8.333332707496634573e-01,9.999999648059877400e-01
2.740666666666666984e+01,8.333332718247195015e-01,9.999999654261302329e-01
2.741333333333333400e+01,8.333332728813507284e-01,9.999999660353454667e-01
2.742000000000000171e+01,8.333332739198723305e-01,9.999999666338258431e-01
2.742666666666666941e+01,8.333332749405937268e-01,9.999999672217605440e-01
2.743333333333333357e+01,8.333332759438192294e-01,9.999999677993355318e-01
2.744000000000000128e+01,8.333332769298480436e-01,9.999999683667332162e-01
2.744666666666666899e+01,8.333332778989741563e-01,9.999999689241330092e-01
2.745333333333333670e+01,8.333332788514864475e-01,9.999999694717109922e-01
2.746000000000000085e+01,8.333332797876692455e-01,9.999999700096402488e-01
2.746666666666666856e+01,8.333332807078016602e-01,9.999999705380908654e-01
2.747333333333333627e+01,8.333332816121581388e-01,9.999999710572298195e-01
2.748000000000000043e+01,8.333332825010084655e-01,9.999999715672212020e-01
2.748666666666666814e+01,8.333332833746179835e-01,9.999999720682262172e-01
2.749333333333333584e+01,8.333332842332471513e-01,9.999999725604030720e-01
2.750000000000000000e+01,8.333332850771524303e-01,9.999999730439075307e-01
2.750666666666666771e+01,8.333332859065855081e-01,9.999999735188922489e-01
2.751333333333333542e+01,8.333332867217939643e-01,9.999999739855075509e-01
2.752000000000000313e+01,8.333332875230211600e-01,9.999999744439006522e-01
2.752666666666666728e+01,8.333332883105063482e-01,9.999999748942165478e-01
2.753333333333333499e+01,8.333332890844845631e-01,9.999999753365975685e-01
2.754000000000000270e+01,8.333332898451868420e-01,9.999999757711836024e-01
2.754666666666666686e+01,8.333332905928404477e-01,9.999999761981118729e-01
2.755333333333333456e+01,8.333332913276686460e-01,9.999999766175173832e-01
2.756000000000000227e+01,8.333332920498908170e-01,9.999999770295326940e-01
2.756666666666666998e+01,8.333332927597227879e-01,9.999999774342880343e-01
2.757333333333333414e+01,8.333332934573766115e-01,9.999999778319113020e-01
2.758000000000000185e+01,8.333332941430605656e-01,9.999999782225281741e-01
2.758666666666666956e+01,8.333332948169795973e-01,9.999999786062621077e-01
2.759333333333333371e+01,8.333332954793352121e-01,9.999999789832344499e-01
2.760000000000000142e+01,8.333332961303251407e-01,9.999999793535642167e-01
2.760666666666666913e+01,8.333332967701440053e-01,9.999999797173685367e-01
2.761333333333333684e+01,8.333332973989829862e-01,9.999999800747624290e-01
2.762000000000000099e+01,8.333332980170301552e-01,9.999999804258586922e-01
2.762666666666666870e+01,8.333332986244701424e-01,9.999999807707684596e-01
2.763333333333333641e+01,8.333332992214846913e-01,9.999999811096006441e-01
2.764000000000000057e+01,8.333332998082522147e-01,9.999999814424623823e-01
2.764666666666666828e+01,8.333333003849482390e-01,9.999999817694589233e-01
2.765333333333333599e+01,8.333333009517449597e-01,9.999999820906935177e-01
2.766000000000000014e+01,8.333333015088123519e-01,9.999999824062677511e-01
2.766666666666666785e+01,8.333333020563167270e-01,9.999999827162813215e-01
2.767333333333333556e+01,8.333333025944219541e-01,9.999999830208322615e-01
2.768000000000000327e+01,8.333333031232889043e-01,9.999999833200168275e-01
2.768666666666666742e+01,8.333333036430758956e-01,9.999999836139294995e-01
2.769333333333333513e+01,8.333333041539384700e-01,9.999999839026633142e-01
2.770000000000000284e+01,8.333333046560293944e-01,9.999999841863094208e-01
2.770666666666666700e+01,8.333333051494989929e-01,9.999999844649574143e-01
2.771333333333333471e+01,8.333333056344950363e-01,9.999999847386955576e-01
2.772000000000000242e+01,8.333333061111625195e-01,9.999999850076101149e-01
2.772666666666667012e+01,8.333333065796442174e-01,9.999999852717862403e-01
2.773333333333333428e+01,8.333333070400802400e-01,9.999999855313074226e-01
2.774000000000000199e+01,8.333333074926086992e-01,9.999999857862557073e-01
2.774666666666666970e+01,8.333333079373649310e-01,9.999999860367115856e-01
2.775333333333333385e+01,8.333333083744821623e-01,9.999999862827543273e-01
2.776000000000000156e+01,8.333333088040911774e-01,9.999999865244615371e-01
2.776666666666666927e+01,8.333333092263207620e-01,9.999999867619097094e-01
2.777333333333333343e+01,8.333333096412973706e-01,9.999999869951740061e-01
2.778000000000000114e+01,8.333333100491452372e-01,9.999999872243279242e-01
2.778666666666666885e+01,8.333333104499865973e-01,9.999999874494439611e-01
2.779333333333333655e+01,8.333333108439415771e-01,9.999999876705933932e-01
2.780000000000000071e+01,8.333333112311280821e-01,9.999999878878459425e-01
2.780666666666666842e+01,8.333333116116622419e-01,9.999999881012704428e-01
2.781333333333333613e+01,8.333333119856581872e-01,9.999999883109341736e-01
2.782000000000000028e+01,8.333333123532278286e-01,9.999999885169035263e-01
2.782666666666666799e+01,8.333333127144814112e-01,9.999999887192435599e-01
2.783333333333333570e+01,8.333333130695270707e-01,9.999999889180181123e-01
2.784000000000000341e+01,8.333333134184714996e-01,9.999999891132902441e-01
2.784666666666666757e+01,8.333333137614191699e-01,9.999999893051215727e-01
2.785333333333333528e+01,8.333333140984728882e-01,9.999999894935726052e-01
2.786000000000000298e+01,8.333333144297337958e-01,9.999999896787030718e-01
2.786666666666666714e+01,8.333333147553011466e-01,9.999999898605713700e-01
2.787333333333333485e+01,8.333333150752726404e-01,9.999999900392351204e-01
2.788000000000000256e+01,8.333333153897442003e-01,9.999999902147506115e-01
2.788666666666666671e+01,8.333333156988101953e-01,9.999999903871733542e-01
2.789333333333333442e+01,8.333333160025633291e-01,9.999999905565579716e-01
2.790000000000000213e+01,8.333333163010947509e-01,9.999999907229578655e-01
2.790666666666666984e+01,8.333333165944939447e-01,9.999999908864256604e-01
2.791333333333333400e+01,8.333333168828490622e-01,9.999999910470130926e-01
2.792000000000000171e+01,8.333333171662464789e-01,9.999999912047708994e-01
2.792666666666666941e+01,8.333333174447713487e-01,9.999999913597488188e-01
2.793333333333333357e+01,8.333333177185072715e-01,9.999999915119959226e-01
2.794000000000000128e+01,8.333333179875364038e-01,9.999999916615603945e-01
2.794666666666666899e+01,8.333333182519394589e-01,9.999999918084894190e-01
2.795333333333333670e+01,8.333333185117957065e-01,9.999999919528294035e-01
2.796000000000000085e+01,8.333333187671834175e-01,9.999999920946260890e-01
2.796666666666666856e+01,8.333333190181790862e-01,9.999999922339242175e-01
2.797333333333333627e+01,8.333333192648582077e-01,9.999999923707677540e-01
2.798000000000000043e+01,8.333333195072947230e-01,9.999999925051999972e-01
2.798666666666666814e+01,8.333333197455614627e-01,9.999999926372634684e-01
2.799333333333333584e+01,8.333333199797300361e-01,9.999999927670000233e-01
2.800000000000000355e+01,8.333333202098708314e-01,9.999999928944504068e-01
2.800666666666666771e+01,8.333333204360529045e-01,9.999999930196550313e-01
2.801333333333333542e+01,8.333333206583440900e-01,9.999999931426535316e-01
2.802000000000000313e+01,8.333333208768114453e-01,9.999999932634846544e-01
2.802666666666666728e+01,8.333333210915204736e-01,9.999999933821867026e-01
2.803333333333333499e+01,8.333333213025356789e-01,9.999999934987970907e-01
2.804000000000000270e+01,8.333333215099204550e-01,9.999999936133526779e-01
2.804666666666666686e+01,8.333333217137371962e-01,9.999999937258897686e-01
2.805333333333333456e+01,8.333333219140469650e-01,9.999999938364438901e-01
2.806000000000000227e+01,8.333333221109102684e-01,9.999999939450500142e-01
2.806666666666666998e+01,8.333333223043861704e-01,9.999999940517423358e-01
2.807333333333333414e+01,8.333333224945327355e-01,9.999999941565547168e-01
2.808000000000000185e+01,8.333333226814072514e-01,9.999999942595202418e-01
2.808666666666666956e+01,8.333333228650658953e-01,9.999999943606714403e-01
2.809333333333333371e+01,8.333333230455637342e-01,9.999999944600402868e-01
2.810000000000000142e+01,8.333333232229552801e-01,9.999999945576582006e-01
2.810666666666666913e+01,8.333333233972938237e-01,9.999999946535560458e-01
2.811333333333333684e+01,8.333333235686317675e-01,9.999999947477640205e-01
2.812000000000000099e+01,8.333333237370205149e-01,9.999999948403119898e-01
2.812666666666666870e+01,8.333333239025109140e-01,9.999999949312292635e-01
2.813333333333333641e+01,8.333333240651527030e-01,9.999999950205443744e-01
2.814000000000000057e+01,8.333333242249947315e-01,9.999999951082858551e-01
2.814666666666666828e+01,8.333333243820851832e-01,9.999999951944812393e-01
2.815333333333333599e+01,8.333333245364712427e-01,9.999999952791577273e-01
2.816000000000000014e+01,8.333333246881995393e-01,9.999999953623421867e-01
2.816666666666666785e+01,8.333333248373155921e-01,9.999999954440609296e-01
2.817333333333333556e+01,8.333333249838642542e-01,9.999999955243396021e-01
2.818000000000000327e+01,8.333333251278897125e-01,9.999999956032038506e-01
2.818666666666666742e+01,8.333333252694352655e-01,9.999999956806784329e-01
2.819333333333333513e+01,8.333333254085436570e-01,9.999999957567877740e-01
2.820000000000000284e+01,8.333333255452566313e-01,9.999999958315560766e-01
2.820666666666666700e+01,8.333333256796154886e-01,9.999999959050068776e-01
2.821333333333333471e+01,8.333333258116605302e-01,9.999999959771634916e-01
2.822000000000000242e+01,8.333333259414316130e-01,9.999999960480486783e-01
2.822666666666667012e+01,8.333333260689678168e-01,9.999999961176847529e-01
2.823333333333333428e+01,8.333333261943075554e-01,9.999999961860938091e-01
2.824000000000000199e+01,8.333333263174884653e-01,9.999999962532974962e-01
2.824666666666666970e+01,8.333333264385477390e-01,9.999999963193170194e-01
2.825333333333333385e+01,8.333333265575220139e-01,9.999999963841731399e-01
2.826000000000000156e+01,8.333333266744468171e-01,9.999999964478865078e-01
2.826666666666666927e+01,8.333333267893575647e-01,9.999999965104772182e-01
2.827333333333333343e+01,8.333333269022888956e-01,9.999999965719649220e-01
2.828000000000000114e+01,8.333333270132747828e-01,9.999999966323692702e-01
2.828666666666666885e+01,8.333333271223486438e-01,9.999999966917092475e-01
2.829333333333333655e+01,8.333333272295434524e-01,9.999999967500035059e-01
2.830000000000000071e+01,8.333333273348914050e-01,9.999999968072706968e-01
2.830666666666666842e+01,8.333333274384243650e-01,9.999999968635288061e-01
2.831333333333333613e+01,8.333333275401734186e-01,9.999999969187955973e-01
2.832000000000000028e+01,8.333333276401693190e-01,9.999999969730885008e-01
2.832666666666666799e+01,8.333333277384422644e-01,9.999999970264247251e-01
2.833333333333333570e+01,8.333333278350217865e-01,9.999999970788212567e-01
2.834000000000000341e+01,8.333333279299370844e-01,9.999999971302944157e-01
2.834666666666666757e+01,8.333333280232166906e-01,9.999999971808606336e-01
2.835333333333333528e+01,8.333333281148889160e-01,9.999999972305357865e-01
2.836000000000000298e+01,8.333333282049811830e-01,9.999999972793356395e-01
2.836666666666666714e+01,8.333333282935208031e-01,9.999999973272756248e-01
2.837333333333333485e+01,8.333333283805344216e-01,9.999999973743708415e-01
2.838000000000000256e+01,8.333333284660483509e-01,9.999999974206362774e-01
2.838666666666666671e+01,8.333333285500883481e-01,9.999999974660864765e-01
2.839333333333333442e+01,8.333333286326797262e-01,9.999999975107356498e-01
2.840000000000000213e+01,8.333333287138475765e-01,9.999999975545982300e-01
2.840666666666666984e+01,8.333333287936162126e-01,9.999999975976878730e-01
2.841333333333333400e+01,8.333333288720097265e-01,9.999999976400182344e-01
2.842000000000000171e+01,8.333333289490518769e-01,9.999999976816027480e-01
2.842666666666666941e+01,8.333333290247658676e-01,9.999999977224545145e-01
2.843333333333333357e+01,8.333333290991744580e-01,9.999999977625864123e-01
2.844000000000000128e+01,8.333333291723002967e-01,9.999999978020112090e-01
2.844666666666666899e+01,8.333333292441653661e-01,9.999999978407412282e-01
2.845333333333333670e+01,8.333333293147913157e-01,9.999999978787889043e-01
2.846000000000000085e+01,8.333333293841994616e-01,9.999999979161661168e-01
2.846666666666666856e+01,8.333333294524108981e-01,9.999999979528847449e-01
2.847333333333333627e+01,8.333333295194460533e-01,9.999999979889562240e-01
2.848000000000000043e+01,8.333333295853252443e-01,9.999999980243922115e-01
2.848666666666666814e+01,8.333333296500684551e-01,9.999999980592038096e-01
2.849333333333333584e+01,8.333333297136951145e-01,9.999999980934018984e-01
2.850000000000000355e+01,8.333333297762244296e-01,9.999999981269974692e-01
2.850666666666666771e+01,8.333333298376753850e-01,9.999999981600010690e-01
2.851333333333333542e+01,8.333333298980665216e-01,9.999999981924231340e-01
2.852000000000000313e+01,8.333333299574160469e-01,9.999999982242738783e-01
2.852666666666666728e+01,8.333333300157419465e-01,9.999999982555634048e-01
2.853333333333333499e+01,8.333333300730617621e-01,9.999999982863015946e-01
2.854000000000000270e+01,8.333333301293929241e-01,9.999999983164981066e-01
2.854666666666666686e+01,8.333333301847524188e-01,9.999999983461625996e-01
2.855333333333333456e+01,8.333333302391567887e-01,9.999999983753043997e-01
2.856000000000000227e+01,8.333333302926227981e-01,9.999999984039326106e-01
2.856666666666666998e+01,8.333333303451664342e-01,9.999999984320564472e-01
2.857333333333333414e+01,8.333333303968035732e-01,9.999999984596846803e-01
2.858000000000000185e+01,8.333333304475498693e-01,9.999999984868260805e-01
2.858666666666666956e+01,8.333333304974206435e-01,9.999999985134893077e-01
2.859333333333333371e+01,8.333333305464308838e-01,9.999999985396826885e-01
2.860000000000000142e+01,8.333333305945955782e-01,9.999999985654144385e-01
2.860666666666666913e+01,8.333333306419292708e-01,9.999999985906927735e-01
2.861333333333333684e+01,8.333333306884461722e-01,9.999999986155257981e-01
2.862000000000000099e+01,8.333333307341603824e-01,9.999999986399211727e-01
2.862666666666666870e+01,8.333333307790857791e-01,9.999999986638866689e-01
2.863333333333333641e+01,8.333333308232357961e-01,9.999999986874299474e-01
2.864000000000000057e+01,8.333333308666239780e-01,9.999999987105583354e-01
2.864666666666666828e+01,8.333333309092634256e-01,9.999999987332791607e-01
2.865333333333333599e+01,8.333333309511669063e-01,9.999999987555997505e-01
2.866000000000000014e+01,8.333333309923471877e-01,9.999999987775268773e-01
2.866666666666666785e+01,8.333333310328167043e-01,9.999999987990676464e-01
2.867333333333333556e+01,8.333333310725877796e-01,9.999999988202289414e-01
2.868000000000000327e+01,8.333333311116724040e-01,9.999999988410173124e-01
2.868666666666666742e+01,8.333333311500823459e-01,9.999999988614394208e-01
2.869333333333333513e+01,8.333333311878292626e-01,9.999999988815015950e-01
2.870000000000000284e+01,8.333333312249245894e-01,9.999999989012102741e-01
2.870666666666666700e+01,8.333333312613795396e-01,9.999999989205716755e-01
2.871333333333333471e+01,8.333333312972052154e-01,9.999999989395919053e-01
2.872000000000000242e+01,8.333333313324123859e-01,9.999999989582770699e-01
2.872666666666667012e+01,8.333333313670117093e-01,9.999999989766329422e-01
2.873333333333333428e+01,8.333333314010137327e-01,9.999999989946652956e-01
2.874000000000000199e+01,8.333333314344286702e-01,9.999999990123800142e-01
2.874666666666666970e+01,8.333333314672666248e-01,9.999999990297825381e-01
2.875333333333333385e+01,8.333333314995375884e-01,9.999999990468784183e-01
2.876000000000000156e+01,8.333333315312514422e-01,9.999999990636730951e-01
2.876666666666666927e+01,8.333333315624176230e-01,9.999999990801717864e-01
2.877333333333333343e+01,8.333333315930456786e-01,9.999999990963798213e-01
2.878000000000000114e+01,8.333333316231448240e-01,9.999999991123021958e-01
2.878666666666666885e+01,8.333333316527241630e-01,9.999999991279440170e-01
2.879333333333333655e+01,8.333333316817926884e-01,9.999999991433102808e-01
2.880000000000000071e+01,8.333333317103591709e-01,9.999999991584057613e-01
2.880666666666666842e+01,8.333333317384323813e-01,9.999999991732352322e-01
2.881333333333333613e+01,8.333333317660206463e-01,9.999999991878033567e-01
2.882000000000000028e+01,8.333333317931325146e-01,9.999999992021147976e-01
2.882666666666666799e+01,8.333333318197760908e-01,9.999999992161741069e-01
2.883333333333333570e+01,8.333333318459594796e-01,9.999999992299856144e-01
2.884000000000000341e+01,8.333333318716905636e-01,9.999999992435537610e-01
2.884666666666666757e+01,8.333333318969772252e-01,9.999999992568828766e-01
2.885333333333333528e+01,8.333333319218270141e-01,9.999999992699770690e-01
2.886000000000000298e+01,8.333333319462475908e-01,9.999999992828405571e-01
2.886666666666666714e+01,8.333333319702462827e-01,9.999999992954774486e-01
2.887333333333333485e+01,8.333333319938304173e-01,9.999999993078915184e-01
2.888000000000000256e+01,8.333333320170071001e-01,9.999999993200869852e-01
2.888666666666667027e+01,8.333333320397833255e-01,9.999999993320675129e-01
2.889333333333333442e+01,8.333333320621661988e-01,9.999999993438368762e-01
2.890000000000000213e+01,8.333333320841621594e-01,9.999999993553989608e-01
2.890666666666666984e+01,8.333333321057780907e-01,9.999999993667573195e-01
2.891333333333333400e+01,8.333333321270206540e-01,9.999999993779153939e-01
2.892000000000000171e+01,8.333333321478960665e-01,9.999999993888769589e-01
2.892666666666666941e+01,8.333333321684107675e-01,9.999999993996453451e-01
2.893333333333333357e+01,8.333333321885709744e-01,9.999999994102239942e-01
2.894000000000000128e+01,8.333333322083827932e-01,9.999999994206162368e-01
2.894666666666666899e+01,8.333333322278522193e-01,9.999999994308254037e-01
2.895333333333333670e+01,8.333333322469853588e-01,9.999999994408546033e-01
2.896000000000000085e+01,8.333333322657876518e-01,9.999999994507071666e-01
2.896666666666666856e+01,8.333333322842650936e-01,9.999999994603860909e-01
2.897333333333333627e+01,8.333333323024231243e-01,9.999999994698943739e-01
2.898000000000000043e+01,8.333333323202672949e-01,9.999999994792352354e-01
2.898666666666666814e+01,8.333333323378030455e-01,9.999999994884114507e-01
2.899333333333333584e+01,8.333333323550357052e-01,9.999999994974260176e-01
2.900000000000000355e+01,8.333333323719706032e-01,9.999999995062817115e-01
2.900666666666666771e+01,8.333333323886127353e-01,9.999999995149813081e-01
2.901333333333333542e+01,8.333333324049672086e-01,9.999999995235276939e-01
2.902000000000000313e+01,8.333333324210389081e-01,9.999999995319234225e-01
2.902666666666666728e+01,8.333333324368328299e-01,9.999999995401712694e-01
2.903333333333333499e+01,8.333333324523537478e-01,9.999999995482736770e-01
2.904000000000000270e+01,8.333333324676063247e-01,9.999999995562334210e-01
2.904666666666666686e+01,8.333333324825952237e-01,9.999999995640528327e-01
2.905333333333333456e+01,8.333333324973248857e-01,9.999999995717345769e-01
2.906000000000000227e+01,8.333333325117999735e-01,9.999999995792808738e-01
2.906666666666666998e+01,8.333333325260248170e-01,9.999999995866942770e-01
2.907333333333333414e+01,8.333333325400036351e-01,9.999999995939770070e-01
2.908000000000000185e+01,8.333333325537407577e-01,9.999999996011313952e-01
2.908666666666666956e+01,8.333333325672404035e-01,9.999999996081597731e-01
2.909333333333333371e+01,8.333333325805064584e-01,9.999999996150642501e-01
2.910000000000000142e+01,8.333333325935432523e-01,9.999999996218470466e-01
2.910666666666666913e+01,8.333333326063545599e-01,9.999999996285103832e-01
2.911333333333333684e+01,8.333333326189442669e-01,9.999999996350562581e-01
2.912000000000000099e+01,8.333333326313163703e-01,9.999999996414867809e-01
2.912666666666666870e+01,8.333333326434744226e-01,9.999999996478040609e-01
2.913333333333333641e+01,8.333333326554223097e-01,9.999999996540099856e-01
2.914000000000000057e+01,8.333333326671634733e-01,9.999999996601065533e-01
2.914666666666666828e+01,8.333333326787015771e-01,9.999999996660957624e-01
2.915333333333333599e+01,8.333333326900401739e-01,9.999999996719793893e-01
2.916000000000000014e+01,8.333333327011825942e-01,9.999999996777593214e-01
2.916666666666666785e+01,8.333333327121322798e-01,9.999999996834374461e-01
2.917333333333333556e+01,8.333333327228925613e-01,9.999999996890155396e-01
2.918000000000000327e+01,8.333333327334667695e-01,9.999999996944952674e-01
2.918666666666666742e+01,8.333333327438580129e-01,9.999999996998784058e-01
2.919333333333333513e+01,8.333333327540695112e-01,9.999999997051667311e-01
2.920000000000000284e+01,8.333333327641043731e-01,9.999999997103619087e-01
2.920666666666666700e+01,8.333333327739655960e-01,9.999999997154654929e-01
2.921333333333333471e+01,8.333333327836562887e-01,9.999999997204791491e-01
2.922000000000000242e+01,8.333333327931793377e-01,9.999999997254045425e-01
2.922666666666667012e+01,8.333333328025376296e-01,9.999999997302431165e-01
2.923333333333333428e+01,8.333333328117339400e-01,9.999999997349964254e-01
2.924000000000000199e+01,8.333333328207711554e-01,9.999999997396659124e-01
2.924666666666666970e+01,8.333333328296519404e-01,9.999999997442531319e-01
2.925333333333333385e+01,8.333333328383791816e-01,9.999999997487596382e-01
2.926000000000000156e+01,8.333333328469553214e-01,9.999999997531866525e-01
2.926666666666666927e+01,8.333333328553831354e-01,9.999999997575356181e-01
2.927333333333333698e+01,8.333333328636650661e-01,9.999999997618080894e-01
2.928000000000000114e+01,8.333333328718036670e-01,9.999999997660051765e-01
2.928666666666666885e+01,8.333333328798014916e-01,9.999999997701283228e-01
2.929333333333333655e+01,8.333333328876607604e-01,9.999999997741788604e-01
2.930000000000000071e+01,8.333333328953841379e-01,9.999999997781580108e-01
2.930666666666666842e+01,8.333333329029738445e-01,9.999999997820669950e-01
2.931333333333333613e+01,8.333333329104322118e-01,9.999999997859071454e-01
2.932000000000000028e+01,8.333333329177614601e-01,9.999999997896795723e-01
2.932666666666666799e+01,8.333333329249639210e-01,9.999999997933856077e-01
2.933333333333333570e+01,8.333333329320414817e-01,9.999999997970262511e-01
2.934000000000000341e+01,8.333333329389968069e-01,9.999999998006028346e-01
2.934666666666666757e+01,8.333333329458316729e-01,9.999999998041163574e-01
2.935333333333333528e+01,8.333333329525481892e-01,9.999999998075679297e-01
2.936000000000000298e+01,8.333333329591484651e-01,9.999999998109587729e-01
2.936666666666666714e+01,8.333333329656344990e-01,9.999999998142897750e-01
2.937333333333333485e+01,8.333333329720081784e-01,9.999999998175621574e-01
2.938000000000000256e+01,8.333333329782716126e-01,9.999999998207768082e-01
2.938666666666667027e+01,8.333333329844265780e-01,9.999999998239348376e-01
2.939333333333333442e+01,8.333333329904750730e-01,9.999999998270372448e-01
2.940000000000000213e+01,8.333333329964187630e-01,9.999999998300849180e-01
2.940666666666666984e+01,8.333333330022595353e-01,9.999999998330789674e-01
2.941333333333333400e+01,8.333333330079992773e-01,9.999999998360201703e-01
2.942000000000000171e+01,8.333333330136395434e-01,9.999999998389096367e-01
2.942666666666666941e+01,8.333333330191822208e-01,9.999999998417481439e-01
2.943333333333333357e+01,8.333333330246287529e-01,9.999999998445366911e-01
2.944000000000000128e+01,8.333333330299811381e-01,9.999999998472760554e-01
2.944666666666666899e+01,8.333333330352408197e-01,9.999999998499671250e-01
2.945333333333333670e+01,8.333333330404094630e-01,9.999999998526107881e-01
2.946000000000000085e+01,8.333333330454885113e-01,9.999999998552079328e-01
2.946666666666666856e+01,8.333333330504796299e-01,9.999999998577593363e-01
2.947333333333333627e+01,8.333333330553843732e-01,9.999999998602656648e-01
2.948000000000000043e+01,8.333333330602041844e-01,9.999999998627279174e-01
2.948666666666666814e+01,8.333333330649405069e-01,9.999999998651467603e-01
2.949333333333333584e+01,8.333333330695947838e-01,9.999999998675229707e-01
2.950000000000000355e+01,8.333333330741684586e-01,9.999999998698573256e-01
2.950666666666666771e+01,8.333333330786628634e-01,9.999999998721504912e-01
2.951333333333333542e+01,8.333333330830795527e-01,9.999999998744032448e-01
2.952000000000000313e+01,8.333333330874196365e-01,9.999999998766163634e-01
2.952666666666666728e+01,8.333333330916845583e-01,9.999999998787905131e-01
2.953333333333333499e+01,8.333333330958756502e-01,9.999999998809262491e-01
2.954000000000000270e+01,8.333333330999941335e-01,9.999999998830244596e-01
2.954666666666666686e+01,8.333333331040412295e-01,9.999999998850856997e-01
2.955333333333333456e+01,8.333333331080183815e-01,9.999999998871105245e-01
2.956000000000000227e+01,8.333333331119264775e-01,9.999999998890997110e-01
2.956666666666666998e+01,8.333333331157668500e-01,9.999999998910538146e-01
2.957333333333333414e+01,8.333333331195408311e-01,9.999999998929735012e-01
2.958000000000000185e+01,8.333333331232493091e-01,9.999999998948594371e-01
2.958666666666666956e+01,8.333333331268936162e-01,9.999999998967120662e-01
2.959333333333333371e+01,8.333333331304747515e-01,9.999999998985321659e-01
2.960000000000000142e+01,8.333333331339938255e-01,9.999999999003200690e-01
2.960666666666666913e+01,8.333333331374519481e-01,9.999999999020764418e-01
2.961333333333333684e+01,8.333333331408501188e-01,9.999999999038019505e-01
2.962000000000000099e+01,8.333333331441894476e-01,9.999999999054970390e-01
2.962666666666666870e+01,8.333333331474709338e-01,9.999999999071622625e-01
2.963333333333333641e+01,8.333333331506954655e-01,9.999999999087980651e-01
2.964000000000000057e+01,8.333333331538641531e-01,9.999999999104051129e-01
2.964666666666666828e+01,8.333333331569779956e-01,9.999999999119838501e-01
2.965333333333333599e+01,8.333333331600377702e-01,9.999999999135347206e-01
2.966000000000000014e+01,8.333333331630445873e-01,9.999999999150582797e-01
2.966666666666666785e+01,8.333333331659993348e-01,9.999999999165549713e-01
2.967333333333333556e+01,8.333333331689027901e-01,9.999999999180254617e-01
2.968000000000000327e+01,8.333333331717559522e-01,9.999999999194698619e-01
2.968666666666666742e+01,8.333333331745597095e-01,9.999999999208888379e-01
2.969333333333333513e+01,8.333333331773148389e-01,9.999999999222828340e-01
2.970000000000000284e+01,8.333333331800222288e-01,9.999999999236522941e-01
2.970666666666666700e+01,8.333333331826827672e-01,9.999999999249975513e-01
2.971333333333333471e+01,8.333333331852971204e-01,9.999999999263191608e-01
2.972000000000000242e+01,8.333333331878661765e-01,9.999999999276174556e-01
2.972666666666667012e+01,8.333333331903907126e-01,9.999999999288928798e-01
2.973333333333333428e+01,8.333333331928715060e-01,9.999999999301458775e-01
2.974000000000000199e+01,8.333333331953092227e-01,9.999999999313767818e-01
2.974666666666666970e+01,8.333333331977047509e-01,9.999999999325859257e-01
2.975333333333333385e+01,8.333333332000586458e-01,9.999999999337738643e-01
2.976000000000000156e+01,8.333333332023717954e-01,9.999999999349408197e-01
2.976666666666666927e+01,8.333333332046448660e-01,9.999999999360872360e-01
2.977333333333333698e+01,8.333333332068785237e-01,9.999999999372134463e-01
2.978000000000000114e+01,8.333333332090734347e-01,9.999999999383197835e-01
2.978666666666666885e+01,8.333333332112302649e-01,9.999999999394065808e-01
2.979333333333333655e+01,8.333333332133497917e-01,9.999999999404743933e-01
2.980000000000000071e+01,8.333333332154325701e-01,9.999999999415232210e-01
2.980666666666666842e+01,8.333333332174791552e-01,9.999999999425536190e-01
2.981333333333333613e+01,8.333333332194903242e-01,9.999999999435658093e-01
2.982000000000000028e+01,8.333333332214666322e-01,9.999999999445602361e-01
2.982666666666666799e+01,8.333333332234086344e-01,9.999999999455371213e-01
2.983333333333333570e+01,8.333333332253168857e-01,9.999999999464967981e-01
2.984000000000000341e+01,8.333333332271921634e-01,9.999999999474395995e-01
2.984666666666666757e+01,8.333333332290349116e-01,9.999999999483657476e-01
2.985333333333333528e+01,8.333333332308455743e-01,9.999999999492755753e-01
2.986000000000000298e+01,8.333333332326249288e-01,9.999999999501694159e-01
2.986666666666666714e+01,8.333333332343734190e-01,9.999999999510474913e-01
2.987333333333333485e+01,8.333333332360916001e-01,9.999999999519100236e-01
2.988000000000000256e+01,8.333333332377800273e-01,9.999999999527573458e-01
2.988666666666667027e+01,8.333333332394391446e-01,9.999999999535897910e-01
2.989333333333333442e+01,8.333333332410695071e-01,9.999999999544075813e-01
2.990000000000000213e+01,8.333333332426715589e-01,9.999999999552109387e-01
2.990666666666666984e+01,8.333333332442458552e-01,9.999999999560001962e-01
2.991333333333333400e+01,8.333333332457928400e-01,9.999999999567754649e-01
2.992000000000000171e+01,8.333333332473129573e-01,9.999999999575370779e-01
2.992666666666666941e+01,8.333333332488067624e-01,9.999999999582852572e-01
2.993333333333333357e+01,8.333333332502745883e-01,9.999999999590203359e-01
2.994000000000000128e+01,8.333333332517169900e-01,9.999999999597424249e-01
2.994666666666666899e+01,8.333333332531344118e-01,9.999999999604518575e-01
2.995333333333333670e+01,8.333333332545270755e-01,9.999999999611487445e-01
2.996000000000000085e+01,8.333333332558957585e-01,9.999999999618333080e-01
2.996666666666666856e+01,8.333333332572406826e-01,9.999999999625058811e-01
2.997333333333333627e+01,8.333333332585621811e-01,9.999999999631664638e-01
2.998000000000000043e+01,8.333333332598608090e-01,9.999999999638155002e-01
2.998666666666666814e+01,8.333333332611368993e-01,9.999999999644531012e-01
2.999333333333333584e+01,8.333333332623908962e-01,9.999999999650794891e-01
3.000000000000000355e+01,8.333333332636231328e-01,9.999999999656947747e-01
3.000666666666666771e+01,8.333333332648339420e-01,9.999999999662992911e-01
3.001333333333333542e+01,8.333333332660237680e-01,9.999999999668930384e-01
3.002000000000000313e+01,8.333333332671929439e-01,9.999999999674764606e-01
3.002666666666666728e+01,8.333333332683418027e-01,9.999999999680495577e-01
3.003333333333333499e+01,8.333333332694708995e-01,9.999999999686124408e-01
3.004000000000000270e+01,8.333333332705802343e-01,9.999999999691655539e-01
3.004666666666666686e+01,8.333333332716703623e-01,9.999999999697088970e-01
3.005333333333333456e+01,8.333333332727415055e-01,9.999999999702425812e-01
3.006000000000000227e+01,8.333333332737941079e-01,9.999999999707669396e-01
3.006666666666666998e+01,8.333333332748283917e-01,9.999999999712820831e-01
3.007333333333333414e+01,8.333333332758448009e-01,9.999999999717881227e-01
3.008000000000000185e+01,8.333333332768435575e-01,9.999999999722851696e-01
3.008666666666666956e+01,8.333333332778249947e-01,9.999999999727735567e-01
3.009333333333333371e+01,8.333333332787893344e-01,9.999999999732532840e-01
3.010000000000000142e+01,8.333333332797370208e-01,9.999999999737245737e-01
3.010666666666666913e+01,8.333333332806682758e-01,9.999999999741875367e-01
3.011333333333333684e+01,8.333333332815833217e-01,9.999999999746423951e-01
3.012000000000000099e+01,8.333333332824824913e-01,9.999999999750892599e-01
3.012666666666666870e+01,8.333333332833660068e-01,9.999999999755282420e-01
3.013333333333333641e+01,8.333333332842343122e-01,9.999999999759593416e-01
3.014000000000000057e+01,8.333333332850874076e-01,9.999999999763830028e-01
3.014666666666666828e+01,8.333333332859257370e-01,9.999999999767991143e-01
3.015333333333333599e+01,8.333333332867496335e-01,9.999999999772080095e-01
3.016000000000000369e+01,8.333333332875590971e-01,9.999999999776095772e-01
3.016666666666666785e+01,8.333333332883545719e-01,9.999999999780041504e-01
3.017333333333333556e+01,8.333333332891361689e-01,9.999999999783917293e-01
3.018000000000000327e+01,8.333333332899042212e-01,9.999999999787724247e-01
3.018666666666666742e+01,8.333333332906589508e-01,9.999999999791464589e-01
3.019333333333333513e+01,8.333333332914005798e-01,9.999999999795139427e-01
3.020000000000000284e+01,8.333333332921293302e-01,9.999999999798748762e-01
3.020666666666666700e+01,8.333333332928454240e-01,9.999999999802294814e-01
3.021333333333333471e+01,8.333333332935491944e-01,9.999999999805778694e-01
3.022000000000000242e+01,8.333333332942406413e-01,9.999999999809200402e-01
3.022666666666667012e+01,8.333333332949200978e-01,9.999999999812562157e-01
3.023333333333333428e+01,8.333333332955877859e-01,9.999999999815865070e-01
3.024000000000000199e+01,8.333333332962438167e-01,9.999999999819110252e-01
3.024666666666666970e+01,8.333333332968885232e-01,9.999999999822297703e-01
3.025333333333333385e+01,8.333333332975219054e-01,9.999999999825428532e-01
3.026000000000000156e+01,8.333333332981444075e-01,9.999999999828504960e-01
3.026666666666666927e+01,8.333333332987560294e-01,9.999999999831526987e-01
3.027333333333333698e+01,8.333333332993571041e-01,9.999999999834494613e-01
3.028000000000000114e+01,8.333333332999477427e-01,9.999999999837411169e-01
3.028666666666666885e+01,8.333333333005280563e-01,9.999999999840276654e-01
3.029333333333333655e+01,8.333333333010984889e-01,9.999999999843091070e-01
3.030000000000000071e+01,8.333333333016588185e-01,9.999999999845855525e-01
3.030666666666666842e+01,8.333333333022094891e-01,9.999999999848571131e-01
3.031333333333333613e+01,8.333333333027505008e-01,9.999999999851240107e-01
3.032000000000000028e+01,8.333333333032821866e-01,9.999999999853861343e-01
3.032666666666666799e+01,8.333333333038046575e-01,9.999999999856435950e-01
3.033333333333333570e+01,8.333333333043180247e-01,9.999999999858966149e-01
3.034000000000000341e+01,8.333333333048225100e-01,9.999999999861450828e-01
3.034666666666666757e+01,8.333333333053182246e-01,9.999999999863892208e-01
3.035333333333333528e+01,8.333333333058052794e-01,9.999999999866290290e-01
3.036000000000000298e+01,8.333333333062838966e-01,9.999999999868646183e-01
3.036666666666666714e+01,8.333333333067541870e-01,9.999999999870960998e-01
3.037333333333333485e+01,8.333333333072163729e-01,9.999999999873234735e-01
3.038000000000000256e+01,8.333333333076704541e-01,9.999999999875468504e-01
3.038666666666667027e+01,8.333333333081166527e-01,9.999999999877663415e-01
3.039333333333333442e+01,8.333333333085551908e-01,9.999999999879819468e-01
3.040000000000000213e+01,8.333333333089860684e-01,9.999999999881936663e-01
3.040666666666666984e+01,8.333333333094093964e-01,9.999999999884017221e-01
3.041333333333333400e+01,8.333333333098255080e-01,9.999999999886061142e-01
3.042000000000000171e+01,8.333333333102342921e-01,9.999999999888068425e-01
3.042666666666666941e+01,8.333333333106359708e-01,9.999999999890040181e-01
3.043333333333333357e+01,8.333333333110305441e-01,9.999999999891978630e-01
3.044000000000000128e+01,8.333333333114184560e-01,9.999999999893881553e-01
3.044666666666666899e+01,8.333333333117995956e-01,9.999999999895751168e-01
3.045333333333333670e+01,8.333333333121740738e-01,9.999999999897588587e-01
3.046000000000000085e+01,8.333333333125421127e-01,9.999999999899392700e-01
3.046666666666666856e+01,8.333333333129037124e-01,9.999999999901165726e-01
3.047333333333333627e+01,8.333333333132589837e-01,9.999999999902906556e-01
3.048000000000000043e+01,8.333333333136081489e-01,9.999999999904617409e-01
3.048666666666666814e+01,8.333333333139512078e-01,9.999999999906298287e-01
3.049333333333333584e+01,8.333333333142882715e-01,9.999999999907949189e-01
3.050000000000000355e+01,8.333333333146195621e-01,9.999999999909571224e-01
3.050666666666666771e+01,8.333333333149450795e-01,9.999999999911164394e-01
3.051333333333333542e+01,8.333333333152648237e-01,9.999999999912729809e-01
3.052000000000000313e+01,8.333333333155791278e-01,9.999999999914267468e-01
3.052666666666666728e+01,8.333333333158879919e-01,9.999999999915778481e-01
3.053333333333333499e+01,8.333333333161913048e-01,9.999999999917261739e-01
3.054000000000000270e+01,8.333333333164895107e-01,9.999999999918719462e-01
3.054666666666666686e+01,8.333333333167824986e-01,9.999999999920151650e-01
3.055333333333333456e+01,8.333333333170704904e-01,9.999999999921558302e-01
3.056000000000000227e+01,8.333333333173533752e-01,9.999999999922940530e-01
3.056666666666666998e+01,8.333333333176313751e-01,9.999999999924298333e-01
3.057333333333333414e+01,8.333333333179044899e-01,9.999999999925632821e-01
3.058000000000000185e+01,8.333333333181729419e-01,9.999999999926942884e-01
3.058666666666666956e+01,8.333333333184367309e-01,9.999999999928229633e-01
3.059333333333333371e+01,8.333333333186957459e-01,9.999999999929494177e-01
3.060000000000000142e+01,8.333333333189504311e-01,9.999999999930736516e-01
3.060666666666666913e+01,8.333333333192006753e-01,9.999999999931956651e-01
3.061333333333333684e+01,8.333333333194465897e-01,9.999999999933155692e-01
3.062000000000000099e+01,8.333333333196881743e-01,9.999999999934333639e-01
3.062666666666666870e+01,8.333333333199255399e-01,9.999999999935490491e-01
3.063333333333333641e+01,8.333333333201587978e-01,9.999999999936627360e-01
3.064000000000000057e+01,8.333333333203880589e-01,9.999999999937744244e-01
3.064666666666666828e+01,8.333333333206133231e-01,9.999999999938841144e-01
3.065333333333333599e+01,8.333333333208345906e-01,9.999999999939919171e-01
3.066000000000000369e+01,8.333333333210520832e-01,9.999999999940977213e-01
3.066666666666666785e+01,8.333333333212658012e-01,9.999999999942017492e-01
3.067333333333333556e+01,8.333333333214757443e-01,9.999999999943038897e-01
3.068000000000000327e+01,8.333333333216821348e-01,9.999999999944042539e-01
3.068666666666666742e+01,8.333333333218848615e-01,9.999999999945028417e-01
3.069333333333333513e+01,8.333333333220841466e-01,9.999999999945997642e-01
3.070000000000000284e+01,8.333333333222798789e-01,9.999999999946949103e-01
3.070666666666666700e+01,8.333333333224722805e-01,9.999999999947883911e-01
3.071333333333333471e+01,8.333333333226612405e-01,9.999999999948802065e-01
3.072000000000000242e+01,8.333333333228469808e-01,9.999999999949704677e-01
3.072666666666667012e+01,8.333333333230295015e-01,9.999999999950590635e-01
3.073333333333333428e+01,8.333333333232088025e-01,9.999999999951462160e-01
3.074000000000000199e+01,8.333333333233849949e-01,9.999999999952317031e-01
3.074666666666666970e+01,8.333333333235581897e-01,9.999999999953157470e-01
3.075333333333333385e+01,8.333333333237282758e-01,9.999999999953982366e-01
3.076000000000000156e+01,8.333333333238954754e-01,9.999999999954793939e-01
3.076666666666666927e+01,8.333333333240597884e-01,9.999999999955591079e-01
3.077333333333333698e+01,8.333333333242211038e-01,9.999999999956373786e-01
3.078000000000000114e+01,8.333333333243797547e-01,9.999999999957142061e-01
3.078666666666666885e+01,8.333333333245356300e-01,9.999999999957897012e-01
3.079333333333333655e+01,8.333333333246887298e-01,9.999999999958639751e-01
3.080000000000000071e+01,8.333333333248391650e-01,9.999999999959368058e-01
3.080666666666666842e+01,8.333333333249870467e-01,9.999999999960084152e-01
3.081333333333333613e+01,8.333333333251322639e-01,9.999999999960788033e-01
3.082000000000000028e+01,8.333333333252750386e-01,9.999999999961478592e-01
3.082666666666666799e+01,8.333333333254152597e-01,9.999999999962156938e-01
3.083333333333333570e+01,8.333333333255530384e-01,9.999999999962824182e-01
3.084000000000000341e+01,8.333333333256884856e-01,9.999999999963479214e-01
3.084666666666666757e+01,8.333333333258216014e-01,9.999999999964123143e-01
3.085333333333333528e+01,8.333333333259523856e-01,9.999999999964754860e-01
3.086000000000000298e+01,8.333333333260808384e-01,9.999999999965375475e-01
3.086666666666666714e+01,8.333333333262070708e-01,9.999999999965986097e-01
3.087333333333333485e+01,8.333333333263311937e-01,9.999999999966585618e-01
3.088000000000000256e+01,8.333333333264530962e-01,9.999999999967174036e-01
3.088666666666667027e+01,8.333333333265728893e-01,9.999999999967752462e-01
3.089333333333333442e+01,8.333333333266905729e-01,9.999999999968319786e-01
3.090000000000000213e+01,8.333333333268062582e-01,9.999999999968878228e-01
3.090666666666666984e+01,8.333333333269199450e-01,9.999999999969426678e-01
3.091333333333333400e+01,8.333333333270316334e-01,9.999999999969965137e-01
3.092000000000000171e+01,8.333333333271413235e-01,9.999999999970494713e-01
3.092666666666666941e+01,8.333333333272491261e-01,9.999999999971014297e-01
3.093333333333333357e+01,8.333333333273550414e-01,9.999999999971525000e-01
3.094000000000000128e+01,8.333333333274591803e-01,9.999999999972026821e-01
3.094666666666666899e+01,8.333333333275614319e-01,9.999999999972519760e-01
3.095333333333333670e+01,8.333333333276620181e-01,9.999999999973003817e-01
3.096000000000000085e+01,8.333333333277607169e-01,9.999999999973480103e-01
3.096666666666666856e+01,8.333333333278577504e-01,9.999999999973947507e-01
3.097333333333333627e+01,8.333333333279531185e-01,9.999999999974407139e-01
3.098000000000000043e+01,8.333333333280468214e-01,9.999999999974857889e-01
3.098666666666666814e+01,8.333333333281388589e-01,9.999999999975300868e-01
3.099333333333333584e+01,8.333333333282293420e-01,9.999999999975736076e-01
3.100000000000000355e+01,8.333333333283182709e-01,9.999999999976163512e-01
3.100666666666666771e+01,8.333333333284056454e-01,9.999999999976583176e-01
3.101333333333333542e+01,8.333333333284913547e-01,9.999999999976996179e-01
3.102000000000000313e+01,8.333333333285757316e-01,9.999999999977401410e-01
3.102666666666666728e+01,8.333333333286585543e-01,9.999999999977799980e-01
3.103333333333333499e+01,8.333333333287400446e-01,9.999999999978190779e-01
3.104000000000000270e+01,8.333333333288199807e-01,9.999999999978574916e-01
3.104666666666667041e+01,8.333333333288985845e-01,9.999999999978952392e-01
3.105333333333333456e+01,8.333333333289758560e-01,9.999999999979323206e-01
3.106000000000000227e+01,8.333333333290517952e-01,9.999999999979687360e-01
3.106666666666666998e+01,8.333333333291264022e-01,9.999999999980044851e-01
3.107333333333333414e+01,8.333333333291995659e-01,9.999999999980396792e-01
3.108000000000000185e+01,8.333333333292716194e-01,9.999999999980742071e-01
3.108666666666666956e+01,8.333333333293423406e-01,9.999999999981081800e-01
3.109333333333333371e+01,8.333333333294119516e-01,9.999999999981414867e-01
3.110000000000000142e+01,8.333333333294802303e-01,9.999999999981742382e-01
3.110666666666666913e+01,8.333333333295473988e-01,9.999999999982064347e-01
3.111333333333333684e+01,8.333333333296132350e-01,9.999999999982379650e-01
3.112000000000000099e+01,8.333333333296780721e-01,9.999999999982690513e-01
3.112666666666666870e+01,8.333333333297417989e-01,9.999999999982995824e-01
3.113333333333333641e+01,8.333333333298043044e-01,9.999999999983295584e-01
3.114000000000000057e+01,8.333333333298658108e-01,9.999999999983589793e-01
3.114666666666666828e+01,8.333333333299262069e-01,9.999999999983878451e-01
3.115333333333333599e+01,8.333333333299856038e-01,9.999999999984163779e-01
3.116000000000000369e+01,8.333333333300438905e-01,9.999999999984442445e-01
3.116666666666666785e+01,8.333333333301011780e-01,9.999999999984716670e-01
3.117333333333333556e+01,8.333333333301575774e-01,9.999999999984986454e-01
3.118000000000000327e+01,8.333333333302128665e-01,9.999999999985250687e-01
3.118666666666666742e+01,8.333333333302672674e-01,9.999999999985510479e-01
3.119333333333333513e+01,8.333333333303206691e-01,9.999999999985765831e-01
3.120000000000000284e+01,8.333333333303731827e-01,9.999999999986016741e-01
3.120666666666666700e+01,8.333333333304248081e-01,9.999999999986263211e-01
3.121333333333333471e+01,8.333333333304754342e-01,9.999999999986505239e-01
3.122000000000000242e+01,8.333333333305252832e-01,9.999999999986742827e-01
3.122666666666667012e+01,8.333333333305742441e-01,9.999999999986975974e-01
3.123333333333333428e+01,8.333333333306222057e-01,9.999999999987205790e-01
3.124000000000000199e+01,8.333333333306695012e-01,9.999999999987431165e-01
3.124666666666666970e+01,8.333333333307159085e-01,9.999999999987652100e-01
3.125333333333333385e+01,8.333333333307615387e-01,9.999999999987869703e-01
3.126000000000000156e+01,8.333333333308063917e-01,9.999999999988083976e-01
3.126666666666666927e+01,8.333333333308504676e-01,9.999999999988293808e-01
3.127333333333333698e+01,8.333333333308936552e-01,9.999999999988500310e-01
3.128000000000000114e+01,8.333333333309361768e-01,9.999999999988703481e-01
3.128666666666666885e+01,8.333333333309779212e-01,9.999999999988902211e-01
3.129333333333333655e+01,8.333333333310191104e-01,9.999999999989098720e-01
3.130000000000000071e+01,8.333333333310594115e-01,9.999999999989290789e-01
3.130666666666666842e+01,8.333333333310990465e-01,9.999999999989479527e-01
3.131333333333333613e+01,8.333333333311380153e-01,9.999999999989664934e-01
3.132000000000000028e+01,8.333333333311762070e-01,9.999999999989847010e-01
3.132666666666666799e+01,8.333333333312138436e-01,9.999999999990025756e-01
3.133333333333333570e+01,8.333333333312507030e-01,9.999999999990202282e-01
3.134000000000000341e+01,8.333333333312870073e-01,9.999999999990374366e-01
3.134666666666666757e+01,8.333333333313226454e-01,9.999999999990544230e-01
3.135333333333333528e+01,8.333333333313577285e-01,9.999999999990710764e-01
3.136000000000000298e+01,8.333333333313921454e-01,9.999999999990873967e-01
3.136666666666666714e+01,8.333333333314260072e-01,9.999999999991034949e-01
3.137333333333333485e+01,8.333333333314592029e-01,9.999999999991192601e-01
3.138000000000000256e+01,8.333333333314918434e-01,9.999999999991348032e-01
3.138666666666667027e+01,8.333333333315239289e-01,9.999999999991500133e-01
3.139333333333333442e+01,8.333333333315554592e-01,9.999999999991651123e-01
3.140000000000000213e+01,8.333333333315864344e-01,9.999999999991797672e-01
3.140666666666666984e+01,8.333333333316168545e-01,9.999999999991942001e-01
3.141333333333333400e+01,8.333333333316468305e-01,9.999999999992084110e-01
3.142000000000000171e+01,8.333333333316762515e-01,9.999999999992223998e-01
3.142666666666666941e+01,8.333333333317051173e-01,9.999999999992360555e-01
3.143333333333333712e+01,8.333333333317335390e-01,9.999999999992496003e-01
3.144000000000000128e+01,8.333333333317614056e-01,9.999999999992628119e-01
3.144666666666666899e+01,8.333333333317888281e-01,9.999999999992758015e-01
3.145333333333333670e+01,8.333333333318158065e-01,9.999999999992885691e-01
3.146000000000000085e+01,8.333333333318422298e-01,9.999999999993011146e-01
3.146666666666666856e+01,8.333333333318682090e-01,9.999999999993134381e-01
3.147333333333333627e+01,8.333333333318937441e-01,9.999999999993255395e-01
3.148000000000000043e+01,8.333333333319188352e-01,9.999999999993374189e-01
3.148666666666666814e+01,8.333333333319434821e-01,9.999999999993490762e-01
3.149333333333333584e+01,8.333333333319676850e-01,9.999999999993606226e-01
3.150000000000000355e+01,8.333333333319915548e-01,9.999999999993718358e-01
3.150666666666666771e+01,8.333333333320149805e-01,9.999999999993829380e-01
3.151333333333333542e+01,8.333333333320379621e-01,9.999999999993938182e-01
3.152000000000000313e+01,8.333333333320604996e-01,9.999999999994044764e-01
3.152666666666666728e+01,8.333333333320827041e-01,9.999999999994149125e-01
3.153333333333333499e+01,8.333333333321044645e-01,9.999999999994252375e-01
3.154000000000000270e+01,8.333333333321258918e-01,9.999999999994353406e-01
3.154666666666667041e+01,8.333333333321469860e-01,9.999999999994453326e-01
3.155333333333333456e+01,8.333333333321676362e-01,9.999999999994551025e-01
3.156000000000000227e+01,8.333333333321879532e-01,9.999999999994646505e-01
3.156666666666666998e+01,8.333333333322079373e-01,9.999999999994740874e-01
3.157333333333333414e+01,8.333333333322274772e-01,9.999999999994833022e-01
3.158000000000000185e+01,8.333333333322467951e-01,9.999999999994924060e-01
3.158666666666666956e+01,8.333333333322657799e-01,9.999999999995012878e-01
3.159333333333333371e+01,8.333333333322844316e-01,9.999999999995100586e-01
3.160000000000000142e+01,8.333333333323027503e-01,9.999999999995187183e-01
3.160666666666666913e+01,8.333333333323207359e-01,9.999999999995271560e-01
3.161333333333333684e+01,8.333333333323383885e-01,9.999999999995354827e-01
3.162000000000000099e+01,8.333333333323557079e-01,9.999999999995436983e-01
3.162666666666666870e+01,8.333333333323728054e-01,9.999999999995518030e-01
3.163333333333333641e+01,8.333333333323895697e-01,9.999999999995596855e-01
3.164000000000000057e+01,8.333333333324060010e-01,9.999999999995674571e-01
3.164666666666666828e+01,8.333333333324222103e-01,9.999999999995751176e-01
3.165333333333333599e+01,8.333333333324381975e-01,9.999999999995825561e-01
3.166000000000000369e+01,8.333333333324537406e-01,9.999999999995898836e-01
3.166666666666666785e+01,8.333333333324690617e-01,9.999999999995971001e-01
3.167333333333333556e+01,8.333333333324841607e-01,9.999999999996042055e-01
3.168000000000000327e+01,8.333333333324989267e-01,9.999999999996111999e-01
3.168666666666666742e+01,8.333333333325134706e-01,9.999999999996180833e-01
3.169333333333333513e+01,8.333333333325276815e-01,9.999999999996247446e-01
3.170000000000000284e+01,8.333333333325417813e-01,9.999999999996314060e-01
3.170666666666666700e+01,8.333333333325555481e-01,9.999999999996378452e-01
3.171333333333333471e+01,8.333333333325692038e-01,9.999999999996442845e-01
3.172000000000000242e+01,8.333333333325825265e-01,9.999999999996505018e-01
3.172666666666667012e+01,8.333333333325956271e-01,9.999999999996567190e-01
3.173333333333333428e+01,8.333333333326085057e-01,9.999999999996627142e-01
3.174000000000000199e+01,8.333333333326211623e-01,9.999999999996687094e-01
3.174666666666666970e+01,8.333333333326335968e-01,9.999999999996745936e-01
3.175333333333333385e+01,8.333333333326458092e-01,9.999999999996802558e-01
3.176000000000000156e+01,8.333333333326577996e-01,9.999999999996859179e-01
3.176666666666666927e+01,8.333333333326695680e-01,9.999999999996914690e-01
3.177333333333333698e+01,8.333333333326812253e-01,9.999999999996969091e-01
3.178000000000000114e+01,8.333333333326925496e-01,9.999999999997022382e-01
3.178666666666666885e+01,8.333333333327037629e-01,9.999999999997074562e-01
3.179333333333333655e+01,8.333333333327147541e-01,9.999999999997126743e-01
3.180000000000000071e+01,8.333333333327255232e-01,9.999999999997176703e-01
3.180666666666666842e+01,8.333333333327361814e-01,9.999999999997226663e-01
3.181333333333333613e+01,8.333333333327466175e-01,9.999999999997275513e-01
3.182000000000000028e+01,8.333333333327568315e-01,9.999999999997323252e-01
3.182666666666666799e+01,8.333333333327669346e-01,9.999999999997369882e-01
3.183333333333333570e+01,8.333333333327767045e-01,9.999999999997416511e-01
3.184000000000000341e+01,8.333333333327864745e-01,9.999999999997462030e-01
3.184666666666666757e+01,8.333333333327960224e-01,9.999999999997506439e-01
3.185333333333333528e+01,8.333333333328053483e-01,9.999999999997550848e-01
3.186000000000000298e+01,8.333333333328145631e-01,9.999999999997594147e-01
3.186666666666666714e+01,8.333333333328235559e-01,9.999999999997636335e-01
3.187333333333333485e+01,8.333333333328324377e-01,9.999999999997677413e-01
3.188000000000000256e+01,8.333333333328412085e-01,9.999999999997718492e-01
3.188666666666667027e+01,8.333333333328497572e-01,9.999999999997758460e-01
3.189333333333333442e+01,8.333333333328581949e-01,9.999999999997798428e-01
3.190000000000000213e+01,8.333333333328665216e-01,9.999999999997837286e-01
3.190666666666666984e+01,8.333333333328746262e-01,9.999999999997875033e-01
3.191333333333333400e+01,8.333333333328827308e-01,9.999999999997912781e-01
3.192000000000000171e+01,8.333333333328906134e-01,9.999999999997949418e-01
3.192666666666666941e+01,8.333333333328983850e-01,9.999999999997986055e-01
3.193333333333333712e+01,8.333333333329059345e-01,9.999999999998021583e-01
3.194000000000000128e+01,8.333333333329133730e-01,9.999999999998055999e-01
3.194666666666666899e+01,8.333333333329207004e-01,9.999999999998090416e-01
3.195333333333333670e+01,8.333333333329279169e-01,9.999999999998123723e-01
3.196000000000000085e+01,8.333333333329350223e-01,9.999999999998157030e-01
3.196666666666666856e+01,8.333333333329419057e-01,9.999999999998189226e-01
3.197333333333333627e+01,8.333333333329487891e-01,9.999999999998221423e-01
3.198000000000000043e+01,8.333333333329554504e-01,9.999999999998252509e-01
3.198666666666666814e+01,8.333333333329620007e-01,9.999999999998283595e-01
3.199333333333333584e+01,8.333333333329685511e-01,9.999999999998313571e-01
3.200000000000000000e+01,8.333333333329748793e-01,9.999999999998343547e-01
3.200666666666666771e+01,8.333333333329810966e-01,9.999999999998372413e-01
3.201333333333333542e+01,8.333333333329873138e-01,9.999999999998401279e-01
3.202000000000000313e+01,8.333333333329933090e-01,9.999999999998429034e-01
3.202666666666667084e+01,8.333333333329993042e-01,9.999999999998456790e-01
3.203333333333333854e+01,8.333333333330050774e-01,9.999999999998483435e-01
3.203999999999999915e+01,8.333333333330108506e-01,9.999999999998510081e-01
3.204666666666666686e+01,8.333333333330165127e-01,9.999999999998536726e-01
3.205333333333333456e+01,8.333333333330220638e-01,9.999999999998562261e-01
3.206000000000000227e+01,8.333333333330275039e-01,9.999999999998587796e-01
3.206666666666666998e+01,8.333333333330328330e-01,9.999999999998612221e-01
3.207333333333333769e+01,8.333333333330381620e-01,9.999999999998636646e-01
3.208000000000000540e+01,8.333333333330432691e-01,9.999999999998661071e-01
3.208666666666666600e+01,8.333333333330483761e-01,9.999999999998684386e-01
3.209333333333333371e+01,8.333333333330532611e-01,9.999999999998707700e-01
3.210000000000000142e+01,8.333333333330581461e-01,9.999999999998731015e-01
3.210666666666666913e+01,8.333333333330629200e-01,9.999999999998753220e-01
3.211333333333333684e+01,8.333333333330675829e-01,9.999999999998776534e-01
3.212000000000000455e+01,8.333333333330722459e-01,9.999999999998797628e-01
3.212666666666667226e+01,8.333333333330767978e-01,9.999999999998818723e-01
3.213333333333333286e+01,8.333333333330812387e-01,9.999999999998839817e-01
3.214000000000000057e+01,8.333333333330856796e-01,9.999999999998859801e-01
3.214666666666666828e+01,8.333333333330900095e-01,9.999999999998879785e-01
3.215333333333333599e+01,8.333333333330942283e-01,9.999999999998899769e-01
3.216000000000000369e+01,8.333333333330984471e-01,9.999999999998918643e-01
3.216666666666667140e+01,8.333333333331025550e-01,9.999999999998937517e-01
3.217333333333333201e+01,8.333333333331065518e-01,9.999999999998956390e-01
3.217999999999999972e+01,8.333333333331105486e-01,9.999999999998975264e-01
3.218666666666666742e+01,8.333333333331144344e-01,9.999999999998993028e-01
3.219333333333333513e+01,8.333333333331182091e-01,9.999999999999010791e-01
3.220000000000000284e+01,8.333333333331219839e-01,9.999999999999028555e-01
3.220666666666667055e+01,8.333333333331256476e-01,9.999999999999045208e-01
3.221333333333333826e+01,8.333333333331293113e-01,9.999999999999061862e-01
3.221999999999999886e+01,8.333333333331328641e-01,9.999999999999078515e-01
3.222666666666666657e+01,8.333333333331364168e-01,9.999999999999095168e-01
3.223333333333333428e+01,8.333333333331397474e-01,9.999999999999110711e-01
3.224000000000000199e+01,8.333333333331431891e-01,9.999999999999126254e-01
3.224666666666666970e+01,8.333333333331465198e-01,9.999999999999141798e-01
3.225333333333333741e+01,8.333333333331498505e-01,9.999999999999157341e-01
3.226000000000000512e+01,8.333333333331530701e-01,9.999999999999171774e-01
3.226666666666666572e+01,8.333333333331561787e-01,9.999999999999186207e-01
3.227333333333333343e+01,8.333333333331592874e-01,9.999999999999200639e-01
3.228000000000000114e+01,8.333333333331622850e-01,9.999999999999215072e-01
3.228666666666666885e+01,8.333333333331652826e-01,9.999999999999228395e-01
3.229333333333333655e+01,8.333333333331681692e-01,9.999999999999242828e-01
3.230000000000000426e+01,8.333333333331710557e-01,9.999999999999256151e-01
3.230666666666667197e+01,8.333333333331738313e-01,9.999999999999269473e-01
3.231333333333333258e+01,8.333333333331767179e-01,9.999999999999282796e-01
3.232000000000000028e+01,8.333333333331793824e-01,9.999999999999295008e-01
3.232666666666666799e+01,8.333333333331820469e-01,9.999999999999307221e-01
3.233333333333333570e+01,8.333333333331847115e-01,9.999999999999319433e-01
3.234000000000000341e+01,8.333333333331872650e-01,9.999999999999331646e-01
3.234666666666667112e+01,8.333333333331898185e-01,9.999999999999343858e-01
3.235333333333333883e+01,8.333333333331923720e-01,9.999999999999354960e-01
3.235999999999999943e+01,8.333333333331948145e-01,9.999999999999366063e-01
3.236666666666666714e+01,8.333333333331972570e-01,9.999999999999377165e-01
3.237333333333333485e+01,8.333333333331995885e-01,9.999999999999388267e-01
3.238000000000000256e+01,8.333333333332019199e-01,9.999999999999399369e-01
3.238666666666667027e+01,8.333333333332042514e-01,9.999999999999410472e-01
3.239333333333333798e+01,8.333333333332064718e-01,9.999999999999420464e-01
3.239999999999999858e+01,8.333333333332086923e-01,9.999999999999430456e-01
3.240666666666666629e+01,8.333333333332109127e-01,9.999999999999440448e-01
3.241333333333333400e+01,8.333333333332130222e-01,9.999999999999450440e-01
3.242000000000000171e+01,8.333333333332151316e-01,9.999999999999460432e-01
3.242666666666666941e+01,8.333333333332171300e-01,9.999999999999470424e-01
3.243333333333333712e+01,8.333333333332191284e-01,9.999999999999479305e-01
3.244000000000000483e+01,8.333333333332211268e-01,9.999999999999488187e-01
3.244666666666666544e+01,8.333333333332231252e-01,9.999999999999497069e-01
3.245333333333333314e+01,8.333333333332250126e-01,9.999999999999505951e-01
3.246000000000000085e+01,8.333333333332269000e-01,9.999999999999514833e-01
3.246666666666666856e+01,8.333333333332287873e-01,9.999999999999523714e-01
3.247333333333333627e+01,8.333333333332305637e-01,9.999999999999531486e-01
3.248000000000000398e+01,8.333333333332323400e-01,9.999999999999540368e-01
3.248666666666667169e+01,8.333333333332341164e-01,9.999999999999548139e-01
3.249333333333333229e+01,8.333333333332358928e-01,9.999999999999557021e-01
3.250000000000000000e+01,8.333333333332375581e-01,9.999999999999564793e-01
3.250666666666666771e+01,8.333333333332392234e-01,9.999999999999572564e-01
3.251333333333333542e+01,8.333333333332409998e-01,9.999999999999579225e-01
3.252000000000000313e+01,8.333333333332425541e-01,9.999999999999586997e-01
3.252666666666667084e+01,8.333333333332441084e-01,9.999999999999593658e-01
3.253333333333333854e+01,8.333333333332456627e-01,9.999999999999601430e-01
3.253999999999999915e+01,8.333333333332472170e-01,9.999999999999608091e-01
3.254666666666666686e+01,8.333333333332487713e-01,9.999999999999614753e-01
3.255333333333333456e+01,8.333333333332502146e-01,9.999999999999621414e-01
3.256000000000000227e+01,8.333333333332516579e-01,9.999999999999628075e-01
3.256666666666666998e+01,8.333333333332531012e-01,9.999999999999634737e-01
3.257333333333333769e+01,8.333333333332544335e-01,9.999999999999640288e-01
3.258000000000000540e+01,8.333333333332558768e-01,9.999999999999646949e-01
3.258666666666666600e+01,8.333333333332572090e-01,9.999999999999652500e-01
3.259333333333333371e+01,8.333333333332585413e-01,9.999999999999659162e-01
3.260000000000000142e+01,8.333333333332598736e-01,9.999999999999664713e-01
3.260666666666666913e+01,8.333333333332612058e-01,9.999999999999670264e-01
3.261333333333333684e+01,8.333333333332624271e-01,9.999999999999676925e-01
3.262000000000000455e+01,8.333333333332636483e-01,9.999999999999682476e-01
3.262666666666667226e+01,8.333333333332648696e-01,9.999999999999688027e-01
3.263333333333333286e+01,8.333333333332660908e-01,9.999999999999693578e-01
3.264000000000000057e+01,8.333333333332672010e-01,9.999999999999699130e-01
3.264666666666666828e+01,8.333333333332683113e-01,9.999999999999704681e-01
3.265333333333333599e+01,8.333333333332695325e-01,9.999999999999709122e-01
3.266000000000000369e+01,8.333333333332706427e-01,9.999999999999714673e-01
3.266666666666667140e+01,8.333333333332717530e-01,9.999999999999719114e-01
3.267333333333333201e+01,8.333333333332727522e-01,9.999999999999724665e-01
3.267999999999999972e+01,8.333333333332738624e-01,9.999999999999729106e-01
3.268666666666666742e+01,8.333333333332748616e-01,9.999999999999733546e-01
3.269333333333333513e+01,8.333333333332759718e-01,9.999999999999739098e-01
3.270000000000000284e+01,8.333333333332769710e-01,9.999999999999743538e-01
3.270666666666667055e+01,8.333333333332779702e-01,9.999999999999747979e-01
3.271333333333333826e+01,8.333333333332788584e-01,9.999999999999752420e-01
3.271999999999999886e+01,8.333333333332798576e-01,9.999999999999756861e-01
3.272666666666666657e+01,8.333333333332807458e-01,9.999999999999761302e-01
3.273333333333333428e+01,8.333333333332817450e-01,9.999999999999764633e-01
3.274000000000000199e+01,8.333333333332826331e-01,9.999999999999769074e-01
3.274666666666666970e+01,8.333333333332835213e-01,9.999999999999773515e-01
3.275333333333333741e+01,8.333333333332842985e-01,9.999999999999776845e-01
3.276000000000000512e+01,8.333333333332851867e-01,9.999999999999781286e-01
3.276666666666666572e+01,8.333333333332860748e-01,9.999999999999784617e-01
3.277333333333333343e+01,8.333333333332868520e-01,9.999999999999789058e-01
3.278000000000000114e+01,8.333333333332876292e-01,9.999999999999792388e-01
3.278666666666666885e+01,8.333333333332884063e-01,9.999999999999795719e-01
3.279333333333333655e+01,8.333333333332891835e-01,9.999999999999800160e-01
3.280000000000000426e+01,8.333333333332899606e-01,9.999999999999803491e-01
3.280666666666667197e+01,8.333333333332907378e-01,9.999999999999806821e-01
3.281333333333333258e+01,8.333333333332914039e-01,9.999999999999810152e-01
3.282000000000000028e+01,8.333333333332921811e-01,9.999999999999813483e-01
3.282666666666666799e+01,8.333333333332928472e-01,9.999999999999816813e-01
3.283333333333333570e+01,8.333333333332936244e-01,9.999999999999820144e-01
3.284000000000000341e+01,8.333333333332942905e-01,9.999999999999823475e-01
3.284666666666667112e+01,8.333333333332949566e-01,9.999999999999826805e-01
3.285333333333333883e+01,8.333333333332956228e-01,9.999999999999829026e-01
3.285999999999999943e+01,8.333333333332962889e-01,9.999999999999832356e-01
3.286666666666666714e+01,8.333333333332969550e-01,9.999999999999835687e-01
3.287333333333333485e+01,8.333333333332975101e-01,9.999999999999837907e-01
3.288000000000000256e+01,8.333333333332981763e-01,9.999999999999841238e-01
3.288666666666667027e+01,8.333333333332987314e-01,9.999999999999843459e-01
3.289333333333333798e+01,8.333333333332993975e-01,9.999999999999846789e-01
3.289999999999999858e+01,8.333333333332999526e-01,9.999999999999849010e-01
3.290666666666666629e+01,8.333333333333005077e-01,9.999999999999851230e-01
3.291333333333333400e+01,8.333333333333011739e-01,9.999999999999854561e-01
3.292000000000000171e+01,8.333333333333017290e-01,9.999999999999856781e-01
3.292666666666666941e+01,8.333333333333022841e-01,9.999999999999859002e-01
3.293333333333333712e+01,8.333333333333028392e-01,9.999999999999862332e-01
3.294000000000000483e+01,8.333333333333033943e-01,9.999999999999864553e-01
3.294666666666666544e+01,8.333333333333039494e-01,9.999999999999866773e-01
3.295333333333333314e+01,8.333333333333043935e-01,9.999999999999868994e-01
3.296000000000000085e+01,8.333333333333049486e-01,9.999999999999871214e-01
3.296666666666666856e+01,8.333333333333053927e-01,9.999999999999873435e-01
3.297333333333333627e+01,8.333333333333059478e-01,9.999999999999875655e-01
3.298000000000000398e+01,8.333333333333063919e-01,9.999999999999877875e-01
3.298666666666667169e+01,8.333333333333068360e-01,9.999999999999880096e-01
3.299333333333333229e+01,8.333333333333073911e-01,9.999999999999882316e-01
3.300000000000000000e+01,8.333333333333078352e-01,9.999999999999884537e-01
3.300666666666666771e+01,8.333333333333082793e-01,9.999999999999886757e-01
3.301333333333333542e+01,8.333333333333087234e-01,9.999999999999887867e-01
3.302000000000000313e+01,8.333333333333091675e-01,9.999999999999890088e-01
3.302666666666667084e+01,8.333333333333096116e-01,9.999999999999892308e-01
3.303333333333333854e+01,8.333333333333099446e-01,9.999999999999893419e-01
3.303999999999999915e+01,8.333333333333103887e-01,9.999999999999895639e-01
3.304666666666666686e+01,8.333333333333108328e-01,9.999999999999897859e-01
3.305333333333333456e+01,8.333333333333110549e-01,9.999999999999898970e-01
3.306000000000000227e+01,8.333333333333114989e-01,9.999999999999901190e-01
3.306666666666666998e+01,8.333333333333118320e-01,9.999999999999902300e-01
3.307333333333333769e+01,8.333333333333122761e-01,9.999999999999904521e-01
3.308000000000000540e+01,8.333333333333126092e-01,9.999999999999905631e-01
3.308666666666666600e+01,8.333333333333129422e-01,9.999999999999906741e-01
3.309333333333333371e+01,8.333333333333133863e-01,9.999999999999908962e-01
3.310000000000000142e+01,8.333333333333137194e-01,9.999999999999910072e-01
3.310666666666666913e+01,8.333333333333140525e-01,9.999999999999911182e-01
3.311333333333333684e+01,8.333333333333143855e-01,9.999999999999913403e-01
3.312000000000000455e+01,8.333333333333147186e-01,9.999999999999914513e-01
3.312666666666667226e+01,8.333333333333150517e-01,9.999999999999915623e-01
3.313333333333333286e+01,8.333333333333153847e-01,9.999999999999917843e-01
3.314000000000000057e+01,8.333333333333157178e-01,9.999999999999918954e-01
3.314666666666666828e+01,8.333333333333160509e-01,9.999999999999920064e-01
3.315333333333333599e+01,8.333333333333162729e-01,9.999999999999922284e-01
3.316000000000000369e+01,8.333333333333166060e-01,9.999999999999923395e-01
3.316666666666667140e+01,8.333333333333169390e-01,9.999999999999924505e-01
3.317333333333333201e+01,8.333333333333171611e-01,9.999999999999926725e-01
3.317999999999999972e+01,8.333333333333174942e-01,9.999999999999927836e-01
3.318666666666666742e+01,8.333333333333177162e-01,9.999999999999928946e-01
3.319333333333333513e+01,8.333333333333180493e-01,9.999999999999930056e-01
3.320000000000000284e+01,8.333333333333182713e-01,9.999999999999931166e-01
3.320666666666667055e+01,8.333333333333184934e-01,9.999999999999932276e-01
3.321333333333333826e+01,8.333333333333188264e-01,9.999999999999933387e-01
3.321999999999999886e+01,8.333333333333190485e-01,9.999999999999934497e-01
3.322666666666666657e+01,8.333333333333192705e-01,9.999999999999935607e-01
3.323333333333333428e+01,8.333333333333196036e-01,9.999999999999936717e-01
3.324000000000000199e+01,8.333333333333198256e-01,9.999999999999937828e-01
3.324666666666666970e+01,8.333333333333200477e-01,9.999999999999938938e-01
3.325333333333333741e+01,8.333333333333202697e-01,9.999999999999940048e-01
3.326000000000000512e+01,8.333333333333204918e-01,9.999999999999941158e-01
3.326666666666666572e+01,8.333333333333207138e-01,9.999999999999942268e-01
3.327333333333333343e+01,8.333333333333209358e-01,9.999999999999943379e-01
3.328000000000000114e+01,8.333333333333211579e-01,9.999999999999944489e-01
3.328666666666666885e+01,8.333333333333213799e-01,9.999999999999945599e-01
3.329333333333333655e+01,8.333333333333216020e-01,9.999999999999946709e-01
3.330000000000000426e+01,8.333333333333218240e-01,9.999999999999947820e-01
3.330666666666667197e+01,8.333333333333220461e-01,9.999999999999948930e-01
3.331333333333333258e+01,8.333333333333221571e-01,9.999999999999948930e-01
3.332000000000000028e+01,8.333333333333223791e-01,9.999999999999950040e-01
3.332666666666666799e+01,8.333333333333226012e-01,9.999999999999951150e-01
3.333333333333333570e+01,8.333333333333227122e-01,9.999999999999951150e-01
3.334000000000000341e+01,8.333333333333229342e-01,9.999999999999952260e-01
3.334666666666667112e+01,8.333333333333231563e-01,9.999999999999953371e-01
3.335333333333333883e+01,8.333333333333232673e-01,9.999999999999953371e-01
3.335999999999999943e+01,8.333333333333234894e-01,9.999999999999954481e-01
3.336666666666666714e+01,8.333333333333236004e-01,9.999999999999955591e-01
3.337333333333333485e+01,8.333333333333237114e-01,9.999999999999955591e-01
3.338000000000000256e+01,8.333333333333239334e-01,9.999999999999956701e-01
3.338666666666667027e+01,8.333333333333240445e-01,9.999999999999957812e-01
3.339333333333333798e+01,8.333333333333242665e-01,9.999999999999957812e-01
3.340000000000000568e+01,8.333333333333243775e-01,9.999999999999958922e-01
3.340666666666666629e+01,8.333333333333244886e-01,9.999999999999960032e-01
3.341333333333333400e+01,8.333333333333247106e-01,9.999999999999960032e-01
3.342000000000000171e+01,8.333333333333248216e-01,9.999999999999961142e-01
3.342666666666666941e+01,8.333333333333249326e-01,9.999999999999962252e-01
3.343333333333333712e+01,8.333333333333251547e-01,9.999999999999962252e-01
3.344000000000000483e+01,8.333333333333252657e-01,9.999999999999963363e-01
3.344666666666666544e+01,8.333333333333253767e-01,9.999999999999964473e-01
3.345333333333333314e+01,8.333333333333255988e-01,9.999999999999964473e-01
3.346000000000000085e+01,8.333333333333257098e-01,9.999999999999965583e-01
3.346666666666666856e+01,8.333333333333258208e-01,9.999999999999966693e-01
3.347333333333333627e+01,8.333333333333260429e-01,9.999999999999966693e-01
3.348000000000000398e+01,8.333333333333261539e-01,9.999999999999967804e-01
3.348666666666667169e+01,8.333333333333262649e-01,9.999999999999967804e-01
3.349333333333333229e+01,8.333333333333263759e-01,9.999999999999968914e-01
3.350000000000000000e+01,8.333333333333264870e-01,9.999999999999968914e-01
3.350666666666666771e+01,8.333333333333265980e-01,9.999999999999968914e-01
3.351333333333333542e+01,8.333333333333267090e-01,9.999999999999970024e-01
3.352000000000000313e+01,8.333333333333268200e-01,9.999999999999970024e-01
3.352666666666667084e+01,8.333333333333269310e-01,9.999999999999970024e-01
3.353333333333333854e+01,8.333333333333270421e-01,9.999999999999971134e-01
3.353999999999999915e+01,8.333333333333271531e-01,9.999999999999971134e-01
3.354666666666666686e+01,8.333333333333272641e-01,9.999999999999971134e-01
3.355333333333333456e+01,8.333333333333273751e-01,9.999999999999972244e-01
3.356000000000000227e+01,8.333333333333274862e-01,9.999999999999972244e-01
3.356666666666666998e+01,8.333333333333275972e-01,9.999999999999972244e-01
3.357333333333333769e+01,8.333333333333277082e-01,9.999999999999973355e-01
3.358000000000000540e+01,8.333333333333278192e-01,9.999999999999973355e-01
3.358666666666666600e+01,8.333333333333279302e-01,9.999999999999973355e-01
3.359333333333333371e+01,8.333333333333280413e-01,9.999999999999974465e-01
3.360000000000000142e+01,8.333333333333281523e-01,9.999999999999974465e-01
3.360666666666666913e+01,8.333333333333282633e-01,9.999999999999974465e-01
3.361333333333333684e+01,8.333333333333282633e-01,9.999999999999975575e-01
3.362000000000000455e+01,8.333333333333283743e-01,9.999999999999975575e-01
3.362666666666667226e+01,8.333333333333284854e-01,9.999999999999975575e-01
3.363333333333333286e+01,8.333333333333284854e-01,9.999999999999976685e-01
3.364000000000000057e+01,8.333333333333285964e-01,9.999999999999976685e-01
3.364666666666666828e+01,8.333333333333287074e-01,9.999999999999976685e-01
3.365333333333333599e+01,8.333333333333287074e-01,9.999999999999977796e-01
3.366000000000000369e+01,8.333333333333288184e-01,9.999999999999977796e-01
3.366666666666667140e+01,8.333333333333289294e-01,9.999999999999977796e-01
3.367333333333333201e+01,8.333333333333289294e-01,9.999999999999978906e-01
3.367999999999999972e+01,8.333333333333290405e-01,9.999999999999978906e-01
3.368666666666666742e+01,8.333333333333291515e-01,9.999999999999978906e-01
3.369333333333333513e+01,8.333333333333291515e-01,9.999999999999980016e-01
3.370000000000000284e+01,8.333333333333292625e-01,9.999999999999980016e-01
3.370666666666667055e+01,8.333333333333293735e-01,9.999999999999980016e-01
3.371333333333333826e+01,8.333333333333293735e-01,9.999999999999981126e-01
3.371999999999999886e+01,8.333333333333294846e-01,9.999999999999981126e-01
3.372666666666666657e+01,8.333333333333295956e-01,9.999999999999981126e-01
3.373333333333333428e+01,8.333333333333295956e-01,9.999999999999982236e-01
3.374000000000000199e+01,8.333333333333297066e-01,9.999999999999982236e-01
3.374666666666666970e+01,8.333333333333298176e-01,9.999999999999982236e-01
3.375333333333333741e+01,8.333333333333298176e-01,9.999999999999983347e-01
3.376000000000000512e+01,8.333333333333299286e-01,9.999999999999983347e-01
3.376666666666666572e+01,8.333333333333299286e-01,9.999999999999983347e-01
3.377333333333333343e+01,8.333333333333300397e-01,9.999999999999984457e-01
3.378000000000000114e+01,8.333333333333300397e-01,9.999999999999984457e-01
3.378666666666666885e+01,8.333333333333300397e-01,9.999999999999984457e-01
3.379333333333333655e+01,8.333333333333300397e-01,9.999999999999985567e-01
3.380000000000000426e+01,8.333333333333301507e-01,9.999999999999985567e-01
3.380666666666667197e+01,8.333333333333301507e-01,9.999999999999985567e-01
3.381333333333333258e+01,8.333333333333302617e-01,9.999999999999986677e-01
3.382000000000000028e+01,8.333333333333302617e-01,9.999999999999986677e-01
3.382666666666666799e+01,8.333333333333302617e-01,9.999999999999986677e-01
3.383333333333333570e+01,8.333333333333303727e-01,9.999999999999987788e-01
3.384000000000000341e+01,8.333333333333303727e-01,9.999999999999987788e-01
3.384666666666667112e+01,8.333333333333303727e-01,9.999999999999987788e-01
3.385333333333333883e+01,8.333333333333304838e-01,9.999999999999988898e-01
3.385999999999999943e+01,8.333333333333304838e-01,9.999999999999988898e-01
3.386666666666666714e+01,8.333333333333304838e-01,9.999999999999988898e-01
3.387333333333333485e+01,8.333333333333305948e-01,9.999999999999990008e-01
3.388000000000000256e+01,8.333333333333305948e-01,9.999999999999990008e-01
3.388666666666667027e+01,8.333333333333305948e-01,9.999999999999990008e-01
3.389333333333333798e+01,8.333333333333307058e-01,9.999999999999990008e-01
3.390000000000000568e+01,8.333333333333307058e-01,9.999999999999990008e-01
3.390666666666666629e+01,8.333333333333307058e-01,9.999999999999990008e-01
3.391333333333333400e+01,8.333333333333308168e-01,9.999999999999990008e-01
3.392000000000000171e+01,8.333333333333308168e-01,9.999999999999990008e-01
3.392666666666666941e+01,8.333333333333308168e-01,9.999999999999990008e-01
3.393333333333333712e+01,8.333333333333309279e-01,9.999999999999990008e-01
3.394000000000000483e+01,8.333333333333309279e-01,9.999999999999990008e-01
3.394666666666666544e+01,8.333333333333309279e-01,9.999999999999990008e-01
3.395333333333333314e+01,8.333333333333310389e-01,9.999999999999990008e-01
3.396000000000000085e+01,8.333333333333310389e-01,9.999999999999990008e-01
3.396666666666666856e+01,8.333333333333310389e-01,9.999999999999990008e-01
3.397333333333333627e+01,8.333333333333311499e-01,9.999999999999990008e-01
3.398000000000000398e+01,8.333333333333311499e-01,9.999999999999990008e-01
3.398666666666667169e+01,8.333333333333311499e-01,9.999999999999990008e-01
3.399333333333333229e+01,8.333333333333312609e-01,9.999999999999990008e-01
3.400000000000000000e+01,8.333333333333312609e-01,9.999999999999990008e-01
3.400666666666666771e+01,8.333333333333312609e-01,9.999999999999990008e-01
3.401333333333333542e+01,8.333333333333313719e-01,9.999999999999990008e-01
3.402000000000000313e+01,8.333333333333313719e-01,9.999999999999990008e-01
3.402666666666667084e+01,8.333333333333313719e-01,9.999999999999990008e-01
3.403333333333333854e+01,8.333333333333314830e-01,9.999999999999990008e-01
3.403999999999999915e+01,8.333333333333314830e-01,9.999999999999990008e-01
3.404666666666666686e+01,8.333333333333314830e-01,9.999999999999990008e-01
3.405333333333333456e+01,8.333333333333315940e-01,9.999999999999990008e-01
3.406000000000000227e+01,8.333333333333315940e-01,9.999999999999990008e-01
3.406666666666666998e+01,8.333333333333315940e-01,9.999999999999990008e-01
3.407333333333333769e+01,8.333333333333317050e-01,9.999999999999990008e-01
3.408000000000000540e+01,8.333333333333317050e-01,9.999999999999990008e-01
3.408666666666666600e+01,8.333333333333317050e-01,9.999999999999990008e-01
3.409333333333333371e+01,8.333333333333318160e-01,9.999999999999990008e-01
3.410000000000000142e+01,8.333333333333318160e-01,9.999999999999990008e-01
3.410666666666666913e+01,8.333333333333318160e-01,9.999999999999990008e-01
3.411333333333333684e+01,8.333333333333319271e-01,9.999999999999990008e-01
3.412000000000000455e+01,8.333333333333319271e-01,9.999999999999990008e-01
3.412666666666667226e+01,8.333333333333319271e-01,9.999999999999990008e-01
3.413333333333333286e+01,8.333333333333320381e-01,9.999999999999990008e-01
3.414000000000000057e+01,8.333333333333320381e-01,9.999999999999990008e-01
3.414666666666666828e+01,8.333333333333320381e-01,9.999999999999990008e-01
3.415333333333333599e+01,8.333333333333321491e-01,9.999999999999990008e-01
3.416000000000000369e+01,8.333333333333321491e-01,9.999999999999990008e-01
3.416666666666667140e+01,8.333333333333321491e-01,9.999999999999990008e-01
3.417333333333333201e+01,8.333333333333321491e-01,9.999999999999990008e-01
3.417999999999999972e+01,8.333333333333321491e-01,9.999999999999990008e-01
3.418666666666666742e+01,8.333333333333321491e-01,9.999999999999990008e-01
3.419333333333333513e+01,8.333333333333321491e-01,9.999999999999990008e-01
3.420000000000000284e+01,8.333333333333321491e-01,9.999999999999990008e-01
3.420666666666667055e+01,8.333333333333321491e-01,9.999999999999990008e-01
3.421333333333333826e+01,8.333333333333321491e-01,9.999999999999990008e-01
3.421999999999999886e+01,8.333333333333321491e-01,9.999999999999990008e-01
3.422666666666666657e+01,8.333333333333321491e-01,9.999999999999990008e-01
3.423333333333333428e+01,8.333333333333321491e-01,9.999999999999990008e-01
3.424000000000000199e+01,8.333333333333321491e-01,9.999999999999990008e-01
3.424666666666666970e+01,8.333333333333321491e-01,9.999999999999990008e-01
3.425333333333333741e+01,8.333333333333321491e-01,9.999999999999990008e-01
3.426000000000000512e+01,8.333333333333321491e-01,9.999999999999990008e-01
3.426666666666666572e+01,8.333333333333321491e-01,9.999999999999990008e-01
3.427333333333333343e+01,8.333333333333321491e-01,9.999999999999990008e-01
3.428000000000000114e+01,8.333333333333321491e-01,9.999999999999990008e-01
3.428666666666666885e+01,8.333333333333321491e-01,9.999999999999990008e-01
3.429333333333333655e+01,8.333333333333321491e-01,9.999999999999990008e-01
3.430000000000000426e+01,8.333333333333321491e-01,9.999999999999990008e-01
3.430666666666667197e+01,8.333333333333321491e-01,9.999999999999990008e-01
3.431333333333333258e+01,8.333333333333321491e-01,9.999999999999990008e-01
3.432000000000000028e+01,8.333333333333321491e-01,9.999999999999990008e-01
3.432666666666666799e+01,8.333333333333321491e-01,9.999999999999990008e-01
3.433333333333333570e+01,8.333333333333321491e-01,9.999999999999990008e-01
3.434000000000000341e+01,8.333333333333321491e-01,9.999999999999990008e-01
3.434666666666667112e+01,8.333333333333321491e-01,9.999999999999990008e-01
3.435333333333333883e+01,8.333333333333321491e-01,9.999999999999990008e-01
3.435999999999999943e+01,8.333333333333321491e-01,9.999999999999990008e-01
3.436666666666666714e+01,8.333333333333321491e-01,9.999999999999990008e-01
3.437333333333333485e+01,8.333333333333321491e-01,9.999999999999990008e-01
3.438000000000000256e+01,8.333333333333321491e-01,9.999999999999990008e-01
3.438666666666667027e+01,8.333333333333321491e-01,9.999999999999990008e-01
3.439333333333333798e+01,8.333333333333321491e-01,9.999999999999990008e-01
3.440000000000000568e+01,8.333333333333321491e-01,9.999999999999990008e-01
3.440666666666666629e+01,8.333333333333321491e-01,9.999999999999990008e-01
3.441333333333333400e+01,8.333333333333321491e-01,9.999999999999990008e-01
3.442000000000000171e+01,8.333333333333321491e-01,9.999999999999990008e-01
3.442666666666666941e+01,8.333333333333321491e-01,9.999999999999990008e-01
3.443333333333333712e+01,8.333333333333321491e-01,9.999999999999990008e-01
3.444000000000000483e+01,8.333333333333321491e-01,9.999999999999990008e-01
3.444666666666666544e+01,8.333333333333321491e-01,9.999999999999990008e-01
3.445333333333333314e+01,8.333333333333321491e-01,9.999999999999990008e-01
3.446000000000000085e+01,8.333333333333321491e-01,9.999999999999990008e-01
3.446666666666666856e+01,8.333333333333321491e-01,9.999999999999990008e-01
3.447333333333333627e+01,8.333333333333321491e-01,9.999999999999990008e-01
3.448000000000000398e+01,8.333333333333321491e-01,9.999999999999990008e-01
3.448666666666667169e+01,8.333333333333321491e-01,9.999999999999990008e-01
3.449333333333333229e+01,8.333333333333321491e-01,9.999999999999990008e-01
3.450000000000000000e+01,8.333333333333321491e-01,9.999999999999990008e-01
3.450666666666666771e+01,8.333333333333321491e-01,9.999999999999990008e-01
3.451333333333333542e+01,8.333333333333321491e-01,9.999999999999990008e-01
3.452000000000000313e+01,8.333333333333321491e-01,9.999999999999990008e-01
3.452666666666667084e+01,8.333333333333321491e-01,9.999999999999990008e-01
3.453333333333333854e+01,8.333333333333321491e-01,9.999999999999990008e-01
3.453999999999999915e+01,8.333333333333321491e-01,9.999999999999990008e-01
3.454666666666666686e+01,8.333333333333321491e-01,9.999999999999990008e-01
3.455333333333333456e+01,8.333333333333321491e-01,9.999999999999990008e-01
3.456000000000000227e+01,8.333333333333321491e-01,9.999999999999990008e-01
3.456666666666666998e+01,8.333333333333321491e-01,9.999999999999990008e-01
3.457333333333333769e+01,8.333333333333321491e-01,9.999999999999990008e-01
3.458000000000000540e+01,8.333333333333321491e-01,9.999999999999990008e-01
3.458666666666666600e+01,8.333333333333321491e-01,9.999999999999990008e-01
3.459333333333333371e+01,8.333333333333321491e-01,9.999999999999990008e-01
3.460000000000000142e+01,8.333333333333321491e-01,9.999999999999990008e-01
3.460666666666666913e+01,8.333333333333321491e-01,9.999999999999990008e-01
3.461333333333333684e+01,8.333333333333321491e-01,9.999999999999990008e-01
3.462000000000000455e+01,8.333333333333321491e-01,9.999999999999990008e-01
3.462666666666667226e+01,8.333333333333321491e-01,9.999999999999990008e-01
3.463333333333333286e+01,8.333333333333321491e-01,9.999999999999990008e-01
3.464000000000000057e+01,8.333333333333321491e-01,9.999999999999990008e-01
3.464666666666666828e+01,8.333333333333321491e-01,9.999999999999990008e-01
3.465333333333333599e+01,8.333333333333321491e-01,9.999999999999990008e-01
3.466000000000000369e+01,8.333333333333321491e-01,9.999999999999990008e-01
3.466666666666667140e+01,8.333333333333321491e-01,9.999999999999990008e-01
3.467333333333333201e+01,8.333333333333321491e-01,9.999999999999990008e-01
3.467999999999999972e+01,8.333333333333321491e-01,9.999999999999990008e-01
3.468666666666666742e+01,8.333333333333321491e-01,9.999999999999990008e-01
3.469333333333333513e+01,8.333333333333321491e-01,9.999999999999990008e-01
3.470000000000000284e+01,8.333333333333321491e-01,9.999999999999990008e-01
3.470666666666667055e+01,8.333333333333321491e-01,9.999999999999990008e-01
3.471333333333333826e+01,8.333333333333321491e-01,9.999999999999990008e-01
3.471999999999999886e+01,8.333333333333321491e-01,9.999999999999990008e-01
3.472666666666666657e+01,8.333333333333321491e-01,9.999999999999990008e-01
3.473333333333333428e+01,8.333333333333321491e-01,9.999999999999990008e-01
3.474000000000000199e+01,8.333333333333321491e-01,9.999999999999990008e-01
3.474666666666666970e+01,8.333333333333321491e-01,9.999999999999990008e-01
3.475333333333333741e+01,8.333333333333321491e-01,9.999999999999990008e-01
3.476000000000000512e+01,8.333333333333321491e-01,9.999999999999990008e-01
3.476666666666666572e+01,8.333333333333321491e-01,9.999999999999990008e-01
3.477333333333333343e+01,8.333333333333321491e-01,9.999999999999990008e-01
3.478000000000000114e+01,8.333333333333321491e-01,9.999999999999990008e-01
3.478666666666666885e+01,8.333333333333321491e-01,9.999999999999990008e-01
3.479333333333333655e+01,8.333333333333321491e-01,9.999999999999990008e-01
3.480000000000000426e+01,8.333333333333321491e-01,9.999999999999990008e-01
3.480666666666667197e+01,8.333333333333321491e-01,9.999999999999990008e-01
3.481333333333333258e+01,8.333333333333321491e-01,9.999999999999990008e-01
3.482000000000000028e+01,8.333333333333321491e-01,9.999999999999990008e-01
3.482666666666666799e+01,8.333333333333321491e-01,9.999999999999990008e-01
3.483333333333333570e+01,8.333333333333321491e-01,9.999999999999990008e-01
3.484000000000000341e+01,8.333333333333321491e-01,9.999999999999990008e-01
3.484666666666667112e+01,8.333333333333321491e-01,9.999999999999990008e-01
3.485333333333333883e+01,8.333333333333321491e-01,9.999999999999990008e-01
3.485999999999999943e+01,8.333333333333321491e-01,9.999999999999990008e-01
3.486666666666666714e+01,8.333333333333321491e-01,9.999999999999990008e-01
3.487333333333333485e+01,8.333333333333321491e-01,9.999999999999990008e-01
3.488000000000000256e+01,8.333333333333321491e-01,9.999999999999990008e-01
3.488666666666667027e+01,8.333333333333321491e-01,9.999999999999990008e-01
3.489333333333333798e+01,8.333333333333321491e-01,9.999999999999990008e-01
3.490000000000000568e+01,8.333333333333321491e-01,9.999999999999990008e-01
3.490666666666666629e+01,8.333333333333321491e-01,9.999999999999990008e-01
3.491333333333333400e+01,8.333333333333321491e-01,9.999999999999990008e-01
3.492000000000000171e+01,8.333333333333321491e-01,9.999999999999990008e-01
3.492666666666666941e+01,8.333333333333321491e-01,9.999999999999990008e-01
3.493333333333333712e+01,8.333333333333321491e-01,9.999999999999990008e-01
3.494000000000000483e+01,8.333333333333321491e-01,9.999999999999990008e-01
3.494666666666666544e+01,8.333333333333321491e-01,9.999999999999990008e-01
3.495333333333333314e+01,8.333333333333321491e-01,9.999999999999990008e-01
3.496000000000000085e+01,8.333333333333321491e-01,9.999999999999990008e-01
3.496666666666666856e+01,8.333333333333321491e-01,9.999999999999990008e-01
3.497333333333333627e+01,8.333333333333321491e-01,9.999999999999990008e-01
3.498000000000000398e+01,8.333333333333321491e-01,9.999999999999990008e-01
3.498666666666667169e+01,8.333333333333321491e-01,9.999999999999990008e-01
3.499333333333333229e+01,8.333333333333321491e-01,9.999999999999990008e-01
3.500000000000000000e+01,8.333333333333321491e-01,9.999999999999990008e-01
3.500666666666666771e+01,8.333333333333321491e-01,9.999999999999990008e-01
3.501333333333333542e+01,8.333333333333321491e-01,9.999999999999990008e-01
3.502000000000000313e+01,8.333333333333321491e-01,9.999999999999990008e-01
3.502666666666667084e+01,8.333333333333321491e-01,9.999999999999990008e-01
3.503333333333333854e+01,8.333333333333321491e-01,9.999999999999990008e-01
3.503999999999999915e+01,8.333333333333321491e-01,9.999999999999990008e-01
3.504666666666666686e+01,8.333333333333321491e-01,9.999999999999990008e-01
3.505333333333333456e+01,8.333333333333321491e-01,9.999999999999990008e-01
3.506000000000000227e+01,8.333333333333321491e-01,9.999999999999990008e-01
3.506666666666666998e+01,8.333333333333321491e-01,9.999999999999990008e-01
3.507333333333333769e+01,8.333333333333321491e-01,9.999999999999990008e-01
3.508000000000000540e+01,8.333333333333321491e-01,9.999999999999990008e-01
3.508666666666666600e+01,8.333333333333321491e-01,9.999999999999990008e-01
3.509333333333333371e+01,8.333333333333321491e-01,9.999999999999990008e-01
3.510000000000000142e+01,8.333333333333321491e-01,9.999999999999990008e-01
3.510666666666666913e+01,8.333333333333321491e-01,9.999999999999990008e-01
3.511333333333333684e+01,8.333333333333321491e-01,9.999999999999990008e-01
3.512000000000000455e+01,8.333333333333321491e-01,9.999999999999990008e-01
3.512666666666667226e+01,8.333333333333321491e-01,9.999999999999990008e-01
3.513333333333333286e+01,8.333333333333321491e-01,9.999999999999990008e-01
3.514000000000000057e+01,8.333333333333321491e-01,9.999999999999990008e-01
3.514666666666666828e+01,8.333333333333321491e-01,9.999999999999990008e-01
3.515333333333333599e+01,8.333333333333321491e-01,9.999999999999990008e-01
3.516000000000000369e+01,8.333333333333321491e-01,9.999999999999990008e-01
3.516666666666667140e+01,8.333333333333321491e-01,9.999999999999990008e-01
3.517333333333333911e+01,8.333333333333321491e-01,9.999999999999990008e-01
3.517999999999999972e+01,8.333333333333321491e-01,9.999999999999990008e-01
3.518666666666666742e+01,8.333333333333321491e-01,9.999999999999990008e-01
3.519333333333333513e+01,8.333333333333321491e-01,9.999999999999990008e-01
3.520000000000000284e+01,8.333333333333321491e-01,9.999999999999990008e-01
3.520666666666667055e+01,8.333333333333321491e-01,9.999999999999990008e-01
3.521333333333333826e+01,8.333333333333321491e-01,9.999999999999990008e-01
3.521999999999999886e+01,8.333333333333321491e-01,9.999999999999990008e-01
3.522666666666666657e+01,8.333333333333321491e-01,9.999999999999990008e-01
3.523333333333333428e+01,8.333333333333321491e-01,9.999999999999990008e-01
3.524000000000000199e+01,8.333333333333321491e-01,9.999999999999990008e-01
3.524666666666666970e+01,8.333333333333321491e-01,9.999999999999990008e-01
3.525333333333333741e+01,8.333333333333321491e-01,9.999999999999990008e-01
3.526000000000000512e+01,8.333333333333321491e-01,9.999999999999990008e-01
3.526666666666666572e+01,8.333333333333321491e-01,9.999999999999990008e-01
3.527333333333333343e+01,8.333333333333321491e-01,9.999999999999990008e-01
3.528000000000000114e+01,8.333333333333321491e-01,9.999999999999990008e-01
3.528666666666666885e+01,8.333333333333321491e-01,9.999999999999990008e-01
3.529333333333333655e+01,8.333333333333321491e-01,9.999999999999990008e-01
3.530000000000000426e+01,8.333333333333321491e-01,9.999999999999990008e-01
3.530666666666667197e+01,8.333333333333321491e-01,9.999999999999990008e-01
3.531333333333333258e+01,8.333333333333321491e-01,9.999999999999990008e-01
3.532000000000000028e+01,8.333333333333321491e-01,9.999999999999990008e-01
3.532666666666666799e+01,8.333333333333321491e-01,9.999999999999990008e-01
3.533333333333333570e+01,8.333333333333321491e-01,9.999999999999990008e-01
3.534000000000000341e+01,8.333333333333321491e-01,9.999999999999990008e-01
3.534666666666667112e+01,8.333333333333321491e-01,9.999999999999990008e-01
3.535333333333333883e+01,8.333333333333321491e-01,9.999999999999990008e-01
3.535999999999999943e+01,8.333333333333321491e-01,9.999999999999990008e-01
3.536666666666666714e+01,8.333333333333321491e-01,9.999999999999990008e-01
3.537333333333333485e+01,8.333333333333321491e-01,9.999999999999990008e-01
3.538000000000000256e+01,8.333333333333321491e-01,9.999999999999990008e-01
3.538666666666667027e+01,8.333333333333321491e-01,9.999999999999990008e-01
3.539333333333333798e+01,8.333333333333321491e-01,9.999999999999990008e-01
3.540000000000000568e+01,8.333333333333321491e-01,9.999999999999990008e-01
3.540666666666666629e+01,8.333333333333321491e-01,9.999999999999990008e-01
3.541333333333333400e+01,8.333333333333321491e-01,9.999999999999990008e-01
3.542000000000000171e+01,8.333333333333321491e-01,9.999999999999990008e-01
3.542666666666666941e+01,8.333333333333321491e-01,9.999999999999990008e-01
3.543333333333333712e+01,8.333333333333321491e-01,9.999999999999990008e-01
3.544000000000000483e+01,8.333333333333321491e-01,9.999999999999990008e-01
3.544666666666666544e+01,8.333333333333321491e-01,9.999999999999990008e-01
3.545333333333333314e+01,8.333333333333321491e-01,9.999999999999990008e-01
3.546000000000000085e+01,8.333333333333321491e-01,9.999999999999990008e-01
3.546666666666666856e+01,8.333333333333321491e-01,9.999999999999990008e-01
3.547333333333333627e+01,8.333333333333321491e-01,9.999999999999990008e-01
3.548000000000000398e+01,8.333333333333321491e-01,9.999999999999990008e-01
3.548666666666667169e+01,8.333333333333321491e-01,9.999999999999990008e-01
3.549333333333333229e+01,8.333333333333321491e-01,9.999999999999990008e-01
3.550000000000000000e+01,8.333333333333321491e-01,9.999999999999990008e-01
3.550666666666666771e+01,8.333333333333321491e-01,9.999999999999990008e-01
3.551333333333333542e+01,8.333333333333321491e-01,9.999999999999990008e-01
3.552000000000000313e+01,8.333333333333321491e-01,9.999999999999990008e-01
3.552666666666667084e+01,8.333333333333321491e-01,9.999999999999990008e-01
3.553333333333333854e+01,8.333333333333321491e-01,9.999999999999990008e-01
3.553999999999999915e+01,8.333333333333321491e-01,9.999999999999990008e-01
3.554666666666666686e+01,8.333333333333321491e-01,9.999999999999990008e-01
3.555333333333333456e+01,8.333333333333321491e-01,9.999999999999990008e-01
3.556000000000000227e+01,8.333333333333321491e-01,9.999999999999990008e-01
3.556666666666666998e+01,8.333333333333321491e-01,9.999999999999990008e-01
3.557333333333333769e+01,8.333333333333321491e-01,9.999999999999990008e-01
3.558000000000000540e+01,8.333333333333321491e-01,9.999999999999990008e-01
3.558666666666666600e+01,8.333333333333321491e-01,9.999999999999990008e-01
3.559333333333333371e+01,8.333333333333321491e-01,9.999999999999990008e-01
3.560000000000000142e+01,8.333333333333321491e-01,9.999999999999990008e-01
3.560666666666666913e+01,8.333333333333321491e-01,9.999999999999990008e-01
3.561333333333333684e+01,8.333333333333321491e-01,9.999999999999990008e-01
3.562000000000000455e+01,8.333333333333321491e-01,9.999999999999990008e-01
3.562666666666667226e+01,8.333333333333321491e-01,9.999999999999990008e-01
3.563333333333333286e+01,8.333333333333321491e-01,9.999999999999990008e-01
3.564000000000000057e+01,8.333333333333321491e-01,9.999999999999990008e-01
3.564666666666666828e+01,8.333333333333321491e-01,9.999999999999990008e-01
3.565333333333333599e+01,8.333333333333321491e-01,9.999999999999990008e-01
3.566000000000000369e+01,8.333333333333321491e-01,9.999999999999990008e-01
3.566666666666667140e+01,8.333333333333321491e-01,9.999999999999990008e-01
3.567333333333333911e+01,8.333333333333321491e-01,9.999999999999990008e-01
3.567999999999999972e+01,8.333333333333321491e-01,9.999999999999990008e-01
3.568666666666666742e+01,8.333333333333321491e-01,9.999999999999990008e-01
3.569333333333333513e+01,8.333333333333321491e-01,9.999999999999990008e-01
3.570000000000000284e+01,8.333333333333321491e-01,9.999999999999990008e-01
3.570666666666667055e+01,8.333333333333321491e-01,9.999999999999990008e-01
3.571333333333333826e+01,8.333333333333321491e-01,9.999999999999990008e-01
3.571999999999999886e+01,8.333333333333321491e-01,9.999999999999990008e-01
3.572666666666666657e+01,8.333333333333321491e-01,9.999999999999990008e-01
3.573333333333333428e+01,8.333333333333321491e-01,9.999999999999990008e-01
3.574000000000000199e+01,8.333333333333321491e-01,9.999999999999990008e-01
3.574666666666666970e+01,8.333333333333321491e-01,9.999999999999990008e-01
3.575333333333333741e+01,8.333333333333321491e-01,9.999999999999990008e-01
3.576000000000000512e+01,8.333333333333321491e-01,9.999999999999990008e-01
3.576666666666666572e+01,8.333333333333321491e-01,9.999999999999990008e-01
3.577333333333333343e+01,8.333333333333321491e-01,9.999999999999990008e-01
3.578000000000000114e+01,8.333333333333321491e-01,9.999999999999990008e-01
3.578666666666666885e+01,8.333333333333321491e-01,9.999999999999990008e-01
3.579333333333333655e+01,8.333333333333321491e-01,9.999999999999990008e-01
3.580000000000000426e+01,8.333333333333321491e-01,9.999999999999990008e-01
3.580666666666667197e+01,8.333333333333321491e-01,9.999999999999990008e-01
3.581333333333333258e+01,8.333333333333321491e-01,9.999999999999990008e-01
3.582000000000000028e+01,8.333333333333321491e-01,9.999999999999990008e-01
3.582666666666666799e+01,8.333333333333321491e-01,9.999999999999990008e-01
3.583333333333333570e+01,8.333333333333321491e-01,9.999999999999990008e-01
3.584000000000000341e+01,8.333333333333321491e-01,9.999999999999990008e-01
3.584666666666667112e+01,8.333333333333321491e-01,9.999999999999990008e-01
3.585333333333333883e+01,8.333333333333321491e-01,9.999999999999990008e-01
3.585999999999999943e+01,8.333333333333321491e-01,9.999999999999990008e-01
3.586666666666666714e+01,8.333333333333321491e-01,9.999999999999990008e-01
3.587333333333333485e+01,8.333333333333321491e-01,9.999999999999990008e-01
3.588000000000000256e+01,8.333333333333321491e-01,9.999999999999990008e-01
3.588666666666667027e+01,8.333333333333321491e-01,9.999999999999990008e-01
3.589333333333333798e+01,8.333333333333321491e-01,9.999999999999990008e-01
3.590000000000000568e+01,8.333333333333321491e-01,9.999999999999990008e-01
3.590666666666666629e+01,8.333333333333321491e-01,9.999999999999990008e-01
3.591333333333333400e+01,8.333333333333321491e-01,9.999999999999990008e-01
3.592000000000000171e+01,8.333333333333321491e-01,9.999999999999990008e-01
3.592666666666666941e+01,8.333333333333321491e-01,9.999999999999990008e-01
3.593333333333333712e+01,8.333333333333321491e-01,9.999999999999990008e-01
3.594000000000000483e+01,8.333333333333321491e-01,9.999999999999990008e-01
3.594666666666666544e+01,8.333333333333321491e-01,9.999999999999990008e-01
3.595333333333333314e+01,8.333333333333321491e-01,9.999999999999990008e-01
3.596000000000000085e+01,8.333333333333321491e-01,9.999999999999990008e-01
3.596666666666666856e+01,8.333333333333321491e-01,9.999999999999990008e-01
3.597333333333333627e+01,8.333333333333321491e-01,9.999999999999990008e-01
3.598000000000000398e+01,8.333333333333321491e-01,9.999999999999990008e-01
3.598666666666667169e+01,8.333333333333321491e-01,9.999999999999990008e-01
3.599333333333333229e+01,8.333333333333321491e-01,9.999999999999990008e-01
3.600000000000000000e+01,8.333333333333321491e-01,9.999999999999990008e-01
3.600666666666666771e+01,8.333333333333321491e-01,9.999999999999990008e-01
3.601333333333333542e+01,8.333333333333321491e-01,9.999999999999990008e-01
3.602000000000000313e+01,8.333333333333321491e-01,9.999999999999990008e-01
3.602666666666667084e+01,8.333333333333321491e-01,9.999999999999990008e-01
3.603333333333333854e+01,8.333333333333321491e-01,9.999999999999990008e-01
3.603999999999999915e+01,8.333333333333321491e-01,9.999999999999990008e-01
3.604666666666666686e+01,8.333333333333321491e-01,9.999999999999990008e-01
3.605333333333333456e+01,8.333333333333321491e-01,9.999999999999990008e-01
3.606000000000000227e+01,8.333333333333321491e-01,9.999999999999990008e-01
3.606666666666666998e+01,8.333333333333321491e-01,9.999999999999990008e-01
3.607333333333333769e+01,8.333333333333321491e-01,9.999999999999990008e-01
3.608000000000000540e+01,8.333333333333321491e-01,9.999999999999990008e-01
3.608666666666666600e+01,8.333333333333321491e-01,9.999999999999990008e-01
3.609333333333333371e+01,8.333333333333321491e-01,9.999999999999990008e-01
3.610000000000000142e+01,8.333333333333321491e-01,9.999999999999990008e-01
3.610666666666666913e+01,8.333333333333321491e-01,9.999999999999990008e-01
3.611333333333333684e+01,8.333333333333321491e-01,9.999999999999990008e-01
3.612000000000000455e+01,8.333333333333321491e-01,9.999999999999990008e-01
3.612666666666667226e+01,8.333333333333321491e-01,9.999999999999990008e-01
3.613333333333333286e+01,8.333333333333321491e-01,9.999999999999990008e-01
3.614000000000000057e+01,8.333333333333321491e-01,9.999999999999990008e-01
3.614666666666666828e+01,8.333333333333321491e-01,9.999999999999990008e-01
3.615333333333333599e+01,8.333333333333321491e-01,9.999999999999990008e-01
3.616000000000000369e+01,8.333333333333321491e-01,9.999999999999990008e-01
3.616666666666667140e+01,8.333333333333321491e-01,9.999999999999990008e-01
3.617333333333333911e+01,8.333333333333321491e-01,9.999999999999990008e-01
3.617999999999999972e+01,8.333333333333321491e-01,9.999999999999990008e-01
3.618666666666666742e+01,8.333333333333321491e-01,9.999999999999990008e-01
3.619333333333333513e+01,8.333333333333321491e-01,9.999999999999990008e-01
3.620000000000000284e+01,8.333333333333321491e-01,9.999999999999990008e-01
3.620666666666667055e+01,8.333333333333321491e-01,9.999999999999990008e-01
3.621333333333333826e+01,8.333333333333321491e-01,9.999999999999990008e-01
3.621999999999999886e+01,8.333333333333321491e-01,9.999999999999990008e-01
3.622666666666666657e+01,8.333333333333321491e-01,9.999999999999990008e-01
3.623333333333333428e+01,8.333333333333321491e-01,9.999999999999990008e-01
3.624000000000000199e+01,8.333333333333321491e-01,9.999999999999990008e-01
3.624666666666666970e+01,8.333333333333321491e-01,9.999999999999990008e-01
3.625333333333333741e+01,8.333333333333321491e-01,9.999999999999990008e-01
3.626000000000000512e+01,8.333333333333321491e-01,9.999999999999990008e-01
3.626666666666666572e+01,8.333333333333321491e-01,9.999999999999990008e-01
3.627333333333333343e+01,8.333333333333321491e-01,9.999999999999990008e-01
3.628000000000000114e+01,8.333333333333321491e-01,9.999999999999990008e-01
3.628666666666666885e+01,8.333333333333321491e-01,9.999999999999990008e-01
3.629333333333333655e+01,8.333333333333321491e-01,9.999999999999990008e-01
3.630000000000000426e+01,8.333333333333321491e-01,9.999999999999990008e-01
3.630666666666667197e+01,8.333333333333321491e-01,9.999999999999990008e-01
3.631333333333333258e+01,8.333333333333321491e-01,9.999999999999990008e-01
3.632000000000000028e+01,8.333333333333321491e-01,9.999999999999990008e-01
3.632666666666666799e+01,8.333333333333321491e-01,9.999999999999990008e-01
3.633333333333333570e+01,8.333333333333321491e-01,9.999999999999990008e-01
3.634000000000000341e+01,8.333333333333321491e-01,9.999999999999990008e-01
3.634666666666667112e+01,8.333333333333321491e-01,9.999999999999990008e-01
3.635333333333333883e+01,8.333333333333321491e-01,9.999999999999990008e-01
3.635999999999999943e+01,8.333333333333321491e-01,9.999999999999990008e-01
3.636666666666666714e+01,8.333333333333321491e-01,9.999999999999990008e-01
3.637333333333333485e+01,8.333333333333321491e-01,9.999999999999990008e-01
3.638000000000000256e+01,8.333333333333321491e-01,9.999999999999990008e-01
3.638666666666667027e+01,8.333333333333321491e-01,9.999999999999990008e-01
3.639333333333333798e+01,8.333333333333321491e-01,9.999999999999990008e-01
3.640000000000000568e+01,8.333333333333321491e-01,9.999999999999990008e-01
3.640666666666666629e+01,8.333333333333321491e-01,9.999999999999990008e-01
3.641333333333333400e+01,8.333333333333321491e-01,9.999999999999990008e-01
3.642000000000000171e+01,8.333333333333321491e-01,9.999999999999990008e-01
3.642666666666666941e+01,8.333333333333321491e-01,9.999999999999990008e-01
3.643333333333333712e+01,8.333333333333321491e-01,9.999999999999990008e-01
3.644000000000000483e+01,8.333333333333321491e-01,9.999999999999990008e-01
3.644666666666667254e+01,8.333333333333321491e-01,9.999999999999990008e-01
3.645333333333333314e+01,8.333333333333321491e-01,9.999999999999990008e-01
3.646000000000000085e+01,8.333333333333321491e-01,9.999999999999990008e-01
3.646666666666666856e+01,8.333333333333321491e-01,9.999999999999990008e-01
3.647333333333333627e+01,8.333333333333321491e-01,9.999999999999990008e-01
3.648000000000000398e+01,8.333333333333321491e-01,9.999999999999990008e-01
3.648666666666667169e+01,8.333333333333321491e-01,9.999999999999990008e-01
3.649333333333333229e+01,8.333333333333321491e-01,9.999999999999990008e-01
3.650000000000000000e+01,8.333333333333321491e-01,9.999999999999990008e-01
3.650666666666666771e+01,8.333333333333321491e-01,9.999999999999990008e-01
3.651333333333333542e+01,8.333333333333321491e-01,9.999999999999990008e-01
3.652000000000000313e+01,8.333333333333321491e-01,9.999999999999990008e-01
3.652666666666667084e+01,8.333333333333321491e-01,9.999999999999990008e-01
3.653333333333333854e+01,8.333333333333321491e-01,9.999999999999990008e-01
3.653999999999999915e+01,8.333333333333321491e-01,9.999999999999990008e-01
3.654666666666666686e+01,8.333333333333321491e-01,9.999999999999990008e-01
3.655333333333333456e+01,8.333333333333321491e-01,9.999999999999990008e-01
3.656000000000000227e+01,8.333333333333321491e-01,9.999999999999990008e-01
3.656666666666666998e+01,8.333333333333321491e-01,9.999999999999990008e-01
3.657333333333333769e+01,8.333333333333321491e-01,9.999999999999990008e-01
3.658000000000000540e+01,8.333333333333321491e-01,9.999999999999990008e-01
3.658666666666666600e+01,8.333333333333321491e-01,9.999999999999990008e-01
3.659333333333333371e+01,8.333333333333321491e-01,9.999999999999990008e-01
3.660000000000000142e+01,8.333333333333321491e-01,9.999999999999990008e-01
3.660666666666666913e+01,8.333333333333321491e-01,9.999999999999990008e-01
3.661333333333333684e+01,8.333333333333321491e-01,9.999999999999990008e-01
3.662000000000000455e+01,8.333333333333321491e-01,9.999999999999990008e-01
3.662666666666667226e+01,8.333333333333321491e-01,9.999999999999990008e-01
3.663333333333333286e+01,8.333333333333321491e-01,9.999999999999990008e-01
3.664000000000000057e+01,8.333333333333321491e-01,9.999999999999990008e-01
3.664666666666666828e+01,8.333333333333321491e-01,9.999999999999990008e-01
3.665333333333333599e+01,8.333333333333321491e-01,9.999999999999990008e-01
3.666000000000000369e+01,8.333333333333321491e-01,9.999999999999990008e-01
3.666666666666667140e+01,8.333333333333321491e-01,9.999999999999990008e-01
3.667333333333333911e+01,8.333333333333321491e-01,9.999999999999990008e-01
3.667999999999999972e+01,8.333333333333321491e-01,9.999999999999990008e-01
3.668666666666666742e+01,8.333333333333321491e-01,9.999999999999990008e-01
3.669333333333333513e+01,8.333333333333321491e-01,9.999999999999990008e-01
3.670000000000000284e+01,8.333333333333321491e-01,9.999999999999990008e-01
3.670666666666667055e+01,8.333333333333321491e-01,9.999999999999990008e-01
3.671333333333333826e+01,8.333333333333321491e-01,9.999999999999990008e-01
3.671999999999999886e+01,8.333333333333321491e-01,9.999999999999990008e-01
3.672666666666666657e+01,8.333333333333321491e-01,9.999999999999990008e-01
3.673333333333333428e+01,8.333333333333321491e-01,9.999999999999990008e-01
3.674000000000000199e+01,8.333333333333321491e-01,9.999999999999990008e-01
3.674666666666666970e+01,8.333333333333321491e-01,9.999999999999990008e-01
3.675333333333333741e+01,8.333333333333321491e-01,9.999999999999990008e-01
3.676000000000000512e+01,8.333333333333321491e-01,9.999999999999990008e-01
3.676666666666666572e+01,8.333333333333321491e-01,9.999999999999990008e-01
3.677333333333333343e+01,8.333333333333321491e-01,9.999999999999990008e-01
3.678000000000000114e+01,8.333333333333321491e-01,9.999999999999990008e-01
3.678666666666666885e+01,8.333333333333321491e-01,9.999999999999990008e-01
3.679333333333333655e+01,8.333333333333321491e-01,9.999999999999990008e-01
3.680000000000000426e+01,8.333333333333321491e-01,9.999999999999990008e-01
3.680666666666667197e+01,8.333333333333321491e-01,9.999999999999990008e-01
3.681333333333333258e+01,8.333333333333321491e-01,9.999999999999990008e-01
3.682000000000000028e+01,8.333333333333321491e-01,9.999999999999990008e-01
3.682666666666666799e+01,8.333333333333321491e-01,9.999999999999990008e-01
3.683333333333333570e+01,8.333333333333321491e-01,9.999999999999990008e-01
3.684000000000000341e+01,8.333333333333321491e-01,9.999999999999990008e-01
3.684666666666667112e+01,8.333333333333321491e-01,9.999999999999990008e-01
3.685333333333333883e+01,8.333333333333321491e-01,9.999999999999990008e-01
3.685999999999999943e+01,8.333333333333321491e-01,9.999999999999990008e-01
3.686666666666666714e+01,8.333333333333321491e-01,9.999999999999990008e-01
3.687333333333333485e+01,8.333333333333321491e-01,9.999999999999990008e-01
3.688000000000000256e+01,8.333333333333321491e-01,9.999999999999990008e-01
3.688666666666667027e+01,8.333333333333321491e-01,9.999999999999990008e-01
3.689333333333333798e+01,8.333333333333321491e-01,9.999999999999990008e-01
3.690000000000000568e+01,8.333333333333321491e-01,9.999999999999990008e-01
3.690666666666666629e+01,8.333333333333321491e-01,9.999999999999990008e-01
3.691333333333333400e+01,8.333333333333321491e-01,9.999999999999990008e-01
3.692000000000000171e+01,8.333333333333321491e-01,9.999999999999990008e-01
3.692666666666666941e+01,8.333333333333321491e-01,9.999999999999990008e-01
3.693333333333333712e+01,8.333333333333321491e-01,9.999999999999990008e-01
3.694000000000000483e+01,8.333333333333321491e-01,9.999999999999990008e-01
3.694666666666667254e+01,8.333333333333321491e-01,9.999999999999990008e-01
3.695333333333333314e+01,8.333333333333321491e-01,9.999999999999990008e-01
3.696000000000000085e+01,8.333333333333321491e-01,9.999999999999990008e-01
3.696666666666666856e+01,8.333333333333321491e-01,9.999999999999990008e-01
3.697333333333333627e+01,8.333333333333321491e-01,9.999999999999990008e-01
3.698000000000000398e+01,8.333333333333321491e-01,9.999999999999990008e-01
3.698666666666667169e+01,8.333333333333321491e-01,9.999999999999990008e-01
3.699333333333333229e+01,8.333333333333321491e-01,9.999999999999990008e-01
3.700000000000000000e+01,8.333333333333321491e-01,9.999999999999990008e-01
3.700666666666666771e+01,8.333333333333321491e-01,9.999999999999990008e-01
3.701333333333333542e+01,8.333333333333321491e-01,9.999999999999990008e-01
3.702000000000000313e+01,8.333333333333321491e-01,9.999999999999990008e-01
3.702666666666667084e+01,8.333333333333321491e-01,9.999999999999990008e-01
3.703333333333333854e+01,8.333333333333321491e-01,9.999999999999990008e-01
3.703999999999999915e+01,8.333333333333321491e-01,9.999999999999990008e-01
3.704666666666666686e+01,8.333333333333321491e-01,9.999999999999990008e-01
3.705333333333333456e+01,8.333333333333321491e-01,9.999999999999990008e-01
3.706000000000000227e+01,8.333333333333321491e-01,9.999999999999990008e-01
3.706666666666666998e+01,8.333333333333321491e-01,9.999999999999990008e-01
3.707333333333333769e+01,8.333333333333321491e-01,9.999999999999990008e-01
3.708000000000000540e+01,8.333333333333321491e-01,9.999999999999990008e-01
3.708666666666666600e+01,8.333333333333321491e-01,9.999999999999990008e-01
3.709333333333333371e+01,8.333333333333321491e-01,9.999999999999990008e-01
3.710000000000000142e+01,8.333333333333321491e-01,9.999999999999990008e-01
3.710666666666666913e+01,8.333333333333321491e-01,9.999999999999990008e-01
3.711333333333333684e+01,8.333333333333321491e-01,9.999999999999990008e-01
3.712000000000000455e+01,8.333333333333321491e-01,9.999999999999990008e-01
3.712666666666667226e+01,8.333333333333321491e-01,9.999999999999990008e-01
3.713333333333333286e+01,8.333333333333321491e-01,9.999999999999990008e-01
3.714000000000000057e+01,8.333333333333321491e-01,9.999999999999990008e-01
3.714666666666666828e+01,8.333333333333321491e-01,9.999999999999990008e-01
3.715333333333333599e+01,8.333333333333321491e-01,9.999999999999990008e-01
3.716000000000000369e+01,8.333333333333321491e-01,9.999999999999990008e-01
3.716666666666667140e+01,8.333333333333321491e-01,9.999999999999990008e-01
3.717333333333333911e+01,8.333333333333321491e-01,9.999999999999990008e-01
3.717999999999999972e+01,8.333333333333321491e-01,9.999999999999990008e-01
3.718666666666666742e+01,8.333333333333321491e-01,9.999999999999990008e-01
3.719333333333333513e+01,8.333333333333321491e-01,9.999999999999990008e-01
3.720000000000000284e+01,8.333333333333321491e-01,9.999999999999990008e-01
3.720666666666667055e+01,8.333333333333321491e-01,9.999999999999990008e-01
3.721333333333333826e+01,8.333333333333321491e-01,9.999999999999990008e-01
3.721999999999999886e+01,8.333333333333321491e-01,9.999999999999990008e-01
3.722666666666666657e+01,8.333333333333321491e-01,9.999999999999990008e-01
3.723333333333333428e+01,8.333333333333321491e-01,9.999999999999990008e-01
3.724000000000000199e+01,8.333333333333321491e-01,9.999999999999990008e-01
3.724666666666666970e+01,8.333333333333321491e-01,9.999999999999990008e-01
3.725333333333333741e+01,8.333333333333321491e-01,9.999999999999990008e-01
3.726000000000000512e+01,8.333333333333321491e-01,9.999999999999990008e-01
3.726666666666666572e+01,8.333333333333321491e-01,9.999999999999990008e-01
3.727333333333333343e+01,8.333333333333321491e-01,9.999999999999990008e-01
3.728000000000000114e+01,8.333333333333321491e-01,9.999999999999990008e-01
3.728666666666666885e+01,8.333333333333321491e-01,9.999999999999990008e-01
3.729333333333333655e+01,8.333333333333321491e-01,9.999999999999990008e-01
3.730000000000000426e+01,8.333333333333321491e-01,9.999999999999990008e-01
3.730666666666667197e+01,8.333333333333321491e-01,9.999999999999990008e-01
3.731333333333333258e+01,8.333333333333321491e-01,9.999999999999990008e-01
3.732000000000000028e+01,8.333333333333321491e-01,9.999999999999990008e-01
3.732666666666666799e+01,8.333333333333321491e-01,9.999999999999990008e-01
3.733333333333333570e+01,8.333333333333321491e-01,9.999999999999990008e-01
3.734000000000000341e+01,8.333333333333321491e-01,9.999999999999990008e-01
3.734666666666667112e+01,8.333333333333321491e-01,9.999999999999990008e-01
3.735333333333333883e+01,8.333333333333321491e-01,9.999999999999990008e-01
3.735999999999999943e+01,8.333333333333321491e-01,9.999999999999990008e-01
3.736666666666666714e+01,8.333333333333321491e-01,9.999999999999990008e-01
3.737333333333333485e+01,8.333333333333321491e-01,9.999999999999990008e-01
3.738000000000000256e+01,8.333333333333321491e-01,9.999999999999990008e-01
3.738666666666667027e+01,8.333333333333321491e-01,9.999999999999990008e-01
3.739333333333333798e+01,8.333333333333321491e-01,9.999999999999990008e-01
3.740000000000000568e+01,8.333333333333321491e-01,9.999999999999990008e-01
3.740666666666666629e+01,8.333333333333321491e-01,9.999999999999990008e-01
3.741333333333333400e+01,8.333333333333321491e-01,9.999999999999990008e-01
3.742000000000000171e+01,8.333333333333321491e-01,9.999999999999990008e-01
3.742666666666666941e+01,8.333333333333321491e-01,9.999999999999990008e-01
3.743333333333333712e+01,8.333333333333321491e-01,9.999999999999990008e-01
3.744000000000000483e+01,8.333333333333321491e-01,9.999999999999990008e-01
3.744666666666667254e+01,8.333333333333321491e-01,9.999999999999990008e-01
3.745333333333333314e+01,8.333333333333321491e-01,9.999999999999990008e-01
3.746000000000000085e+01,8.333333333333321491e-01,9.999999999999990008e-01
3.746666666666666856e+01,8.333333333333321491e-01,9.999999999999990008e-01
3.747333333333333627e+01,8.333333333333321491e-01,9.999999999999990008e-01
3.748000000000000398e+01,8.333333333333321491e-01,9.999999999999990008e-01
3.748666666666667169e+01,8.333333333333321491e-01,9.999999999999990008e-01
3.749333333333333229e+01,8.333333333333321491e-01,9.999999999999990008e-01
3.750000000000000000e+01,8.333333333333321491e-01,9.999999999999990008e-01
3.750666666666666771e+01,8.333333333333321491e-01,9.999999999999990008e-01
3.751333333333333542e+01,8.333333333333321491e-01,9.999999999999990008e-01
3.752000000000000313e+01,8.333333333333321491e-01,9.999999999999990008e-01
3.752666666666667084e+01,8.333333333333321491e-01,9.999999999999990008e-01
3.753333333333333854e+01,8.333333333333321491e-01,9.999999999999990008e-01
3.753999999999999915e+01,8.333333333333321491e-01,9.999999999999990008e-01
3.754666666666666686e+01,8.333333333333321491e-01,9.999999999999990008e-01
3.755333333333333456e+01,8.333333333333321491e-01,9.999999999999990008e-01
3.756000000000000227e+01,8.333333333333321491e-01,9.999999999999990008e-01
3.756666666666666998e+01,8.333333333333321491e-01,9.999999999999990008e-01
3.757333333333333769e+01,8.333333333333321491e-01,9.999999999999990008e-01
3.758000000000000540e+01,8.333333333333321491e-01,9.999999999999990008e-01
3.758666666666666600e+01,8.333333333333321491e-01,9.999999999999990008e-01
3.759333333333333371e+01,8.333333333333321491e-01,9.999999999999990008e-01
3.760000000000000142e+01,8.333333333333321491e-01,9.999999999999990008e-01
3.760666666666666913e+01,8.333333333333321491e-01,9.999999999999990008e-01
3.761333333333333684e+01,8.333333333333321491e-01,9.999999999999990008e-01
3.762000000000000455e+01,8.333333333333321491e-01,9.999999999999990008e-01
3.762666666666667226e+01,8.333333333333321491e-01,9.999999999999990008e-01
3.763333333333333286e+01,8.333333333333321491e-01,9.999999999999990008e-01
3.764000000000000057e+01,8.333333333333321491e-01,9.999999999999990008e-01
3.764666666666666828e+01,8.333333333333321491e-01,9.999999999999990008e-01
3.765333333333333599e+01,8.333333333333321491e-01,9.999999999999990008e-01
3.766000000000000369e+01,8.333333333333321491e-01,9.999999999999990008e-01
3.766666666666667140e+01,8.333333333333321491e-01,9.999999999999990008e-01
3.767333333333333911e+01,8.333333333333321491e-01,9.999999999999990008e-01
3.767999999999999972e+01,8.333333333333321491e-01,9.999999999999990008e-01
3.768666666666666742e+01,8.333333333333321491e-01,9.999999999999990008e-01
3.769333333333333513e+01,8.333333333333321491e-01,9.999999999999990008e-01
3.770000000000000284e+01,8.333333333333321491e-01,9.999999999999990008e-01
3.770666666666667055e+01,8.333333333333321491e-01,9.999999999999990008e-01
3.771333333333333826e+01,8.333333333333321491e-01,9.999999999999990008e-01
3.772000000000000597e+01,8.333333333333321491e-01,9.999999999999990008e-01
3.772666666666666657e+01,8.333333333333321491e-01,9.999999999999990008e-01
3.773333333333333428e+01,8.333333333333321491e-01,9.999999999999990008e-01
3.774000000000000199e+01,8.333333333333321491e-01,9.999999999999990008e-01
3.774666666666666970e+01,8.333333333333321491e-01,9.999999999999990008e-01
3.775333333333333741e+01,8.333333333333321491e-01,9.999999999999990008e-01
3.776000000000000512e+01,8.333333333333321491e-01,9.999999999999990008e-01
3.776666666666666572e+01,8.333333333333321491e-01,9.999999999999990008e-01
3.777333333333333343e+01,8.333333333333321491e-01,9.999999999999990008e-01
3.778000000000000114e+01,8.333333333333321491e-01,9.999999999999990008e-01
3.778666666666666885e+01,8.333333333333321491e-01,9.999999999999990008e-01
3.779333333333333655e+01,8.333333333333321491e-01,9.999999999999990008e-01
3.780000000000000426e+01,8.333333333333321491e-01,9.999999999999990008e-01
3.780666666666667197e+01,8.333333333333321491e-01,9.999999999999990008e-01
3.781333333333333258e+01,8.333333333333321491e-01,9.999999999999990008e-01
3.782000000000000028e+01,8.333333333333321491e-01,9.999999999999990008e-01
3.782666666666666799e+01,8.333333333333321491e-01,9.999999999999990008e-01
3.783333333333333570e+01,8.333333333333321491e-01,9.999999999999990008e-01
3.784000000000000341e+01,8.333333333333321491e-01,9.999999999999990008e-01
3.784666666666667112e+01,8.333333333333321491e-01,9.999999999999990008e-01
3.785333333333333883e+01,8.333333333333321491e-01,9.999999999999990008e-01
3.785999999999999943e+01,8.333333333333321491e-01,9.999999999999990008e-01
3.786666666666666714e+01,8.333333333333321491e-01,9.999999999999990008e-01
3.787333333333333485e+01,8.333333333333321491e-01,9.999999999999990008e-01
3.788000000000000256e+01,8.333333333333321491e-01,9.999999999999990008e-01
3.788666666666667027e+01,8.333333333333321491e-01,9.999999999999990008e-01
3.789333333333333798e+01,8.333333333333321491e-01,9.999999999999990008e-01
3.790000000000000568e+01,8.333333333333321491e-01,9.999999999999990008e-01
3.790666666666666629e+01,8.333333333333321491e-01,9.999999999999990008e-01
3.791333333333333400e+01,8.333333333333321491e-01,9.999999999999990008e-01
3.792000000000000171e+01,8.333333333333321491e-01,9.999999999999990008e-01
3.792666666666666941e+01,8.333333333333321491e-01,9.999999999999990008e-01
3.793333333333333712e+01,8.333333333333321491e-01,9.999999999999990008e-01
3.794000000000000483e+01,8.333333333333321491e-01,9.999999999999990008e-01
3.794666666666667254e+01,8.333333333333321491e-01,9.999999999999990008e-01
3.795333333333333314e+01,8.333333333333321491e-01,9.999999999999990008e-01
3.796000000000000085e+01,8.333333333333321491e-01,9.999999999999990008e-01
3.796666666666666856e+01,8.333333333333321491e-01,9.999999999999990008e-01
3.797333333333333627e+01,8.333333333333321491e-01,9.999999999999990008e-01
3.798000000000000398e+01,8.333333333333321491e-01,9.999999999999990008e-01
3.798666666666667169e+01,8.333333333333321491e-01,9.999999999999990008e-01
3.799333333333333229e+01,8.333333333333321491e-01,9.999999999999990008e-01
3.800000000000000000e+01,8.333333333333321491e-01,9.999999999999990008e-01
3.800666666666666771e+01,8.333333333333321491e-01,9.999999999999990008e-01
3.801333333333333542e+01,8.333333333333321491e-01,9.999999999999990008e-01
3.802000000000000313e+01,8.333333333333321491e-01,9.999999999999990008e-01
3.802666666666667084e+01,8.333333333333321491e-01,9.999999999999990008e-01
3.803333333333333854e+01,8.333333333333321491e-01,9.999999999999990008e-01
3.803999999999999915e+01,8.333333333333321491e-01,9.999999999999990008e-01
3.804666666666666686e+01,8.333333333333321491e-01,9.999999999999990008e-01
3.805333333333333456e+01,8.333333333333321491e-01,9.999999999999990008e-01
3.806000000000000227e+01,8.333333333333321491e-01,9.999999999999990008e-01
3.806666666666666998e+01,8.333333333333321491e-01,9.999999999999990008e-01
3.807333333333333769e+01,8.333333333333321491e-01,9.999999999999990008e-01
3.808000000000000540e+01,8.333333333333321491e-01,9.999999999999990008e-01
3.808666666666666600e+01,8.333333333333321491e-01,9.999999999999990008e-01
3.809333333333333371e+01,8.333333333333321491e-01,9.999999999999990008e-01
3.810000000000000142e+01,8.333333333333321491e-01,9.999999999999990008e-01
3.810666666666666913e+01,8.333333333333321491e-01,9.999999999999990008e-01
3.811333333333333684e+01,8.333333333333321491e-01,9.999999999999990008e-01
3.812000000000000455e+01,8.333333333333321491e-01,9.999999999999990008e-01
3.812666666666667226e+01,8.333333333333321491e-01,9.999999999999990008e-01
3.813333333333333286e+01,8.333333333333321491e-01,9.999999999999990008e-01
3.814000000000000057e+01,8.333333333333321491e-01,9.999999999999990008e-01
3.814666666666666828e+01,8.333333333333321491e-01,9.999999999999990008e-01
3.815333333333333599e+01,8.333333333333321491e-01,9.999999999999990008e-01
3.816000000000000369e+01,8.333333333333321491e-01,9.999999999999990008e-01
3.816666666666667140e+01,8.333333333333321491e-01,9.999999999999990008e-01
3.817333333333333911e+01,8.333333333333321491e-01,9.999999999999990008e-01
3.817999999999999972e+01,8.333333333333321491e-01,9.999999999999990008e-01
3.818666666666666742e+01,8.333333333333321491e-01,9.999999999999990008e-01
3.819333333333333513e+01,8.333333333333321491e-01,9.999999999999990008e-01
3.820000000000000284e+01,8.333333333333321491e-01,9.999999999999990008e-01
3.820666666666667055e+01,8.333333333333321491e-01,9.999999999999990008e-01
3.821333333333333826e+01,8.333333333333321491e-01,9.999999999999990008e-01
3.822000000000000597e+01,8.333333333333321491e-01,9.999999999999990008e-01
3.822666666666666657e+01,8.333333333333321491e-01,9.999999999999990008e-01
3.823333333333333428e+01,8.333333333333321491e-01,9.999999999999990008e-01
3.824000000000000199e+01,8.333333333333321491e-01,9.999999999999990008e-01
3.824666666666666970e+01,8.333333333333321491e-01,9.999999999999990008e-01
3.825333333333333741e+01,8.333333333333321491e-01,9.999999999999990008e-01
3.826000000000000512e+01,8.333333333333321491e-01,9.999999999999990008e-01
3.826666666666666572e+01,8.333333333333321491e-01,9.999999999999990008e-01
3.827333333333333343e+01,8.333333333333321491e-01,9.999999999999990008e-01
3.828000000000000114e+01,8.333333333333321491e-01,9.999999999999990008e-01
3.828666666666666885e+01,8.333333333333321491e-01,9.999999999999990008e-01
3.829333333333333655e+01,8.333333333333321491e-01,9.999999999999990008e-01
3.830000000000000426e+01,8.333333333333321491e-01,9.999999999999990008e-01
3.830666666666667197e+01,8.333333333333321491e-01,9.999999999999990008e-01
3.831333333333333258e+01,8.333333333333321491e-01,9.999999999999990008e-01
3.832000000000000028e+01,8.333333333333321491e-01,9.999999999999990008e-01
3.832666666666666799e+01,8.333333333333321491e-01,9.999999999999990008e-01
3.833333333333333570e+01,8.333333333333321491e-01,9.999999999999990008e-01
3.834000000000000341e+01,8.333333333333321491e-01,9.999999999999990008e-01
3.834666666666667112e+01,8.333333333333321491e-01,9.999999999999990008e-01
3.835333333333333883e+01,8.333333333333321491e-01,9.999999999999990008e-01
3.835999999999999943e+01,8.333333333333321491e-01,9.999999999999990008e-01
3.836666666666666714e+01,8.333333333333321491e-01,9.999999999999990008e-01
3.837333333333333485e+01,8.333333333333321491e-01,9.999999999999990008e-01
3.838000000000000256e+01,8.333333333333321491e-01,9.999999999999990008e-01
3.838666666666667027e+01,8.333333333333321491e-01,9.999999999999990008e-01
3.839333333333333798e+01,8.333333333333321491e-01,9.999999999999990008e-01
3.840000000000000568e+01,8.333333333333321491e-01,9.999999999999990008e-01
3.840666666666666629e+01,8.333333333333321491e-01,9.999999999999990008e-01
3.841333333333333400e+01,8.333333333333321491e-01,9.999999999999990008e-01
3.842000000000000171e+01,8.333333333333321491e-01,9.999999999999990008e-01
3.842666666666666941e+01,8.333333333333321491e-01,9.999999999999990008e-01
3.843333333333333712e+01,8.333333333333321491e-01,9.999999999999990008e-01
3.844000000000000483e+01,8.333333333333321491e-01,9.999999999999990008e-01
3.844666666666667254e+01,8.333333333333321491e-01,9.999999999999990008e-01
3.845333333333333314e+01,8.333333333333321491e-01,9.999999999999990008e-01
3.846000000000000085e+01,8.333333333333321491e-01,9.999999999999990008e-01
3.846666666666666856e+01,8.333333333333321491e-01,9.999999999999990008e-01
3.847333333333333627e+01,8.333333333333321491e-01,9.999999999999990008e-01
3.848000000000000398e+01,8.333333333333321491e-01,9.999999999999990008e-01
3.848666666666667169e+01,8.333333333333321491e-01,9.999999999999990008e-01
3.849333333333333229e+01,8.333333333333321491e-01,9.999999999999990008e-01
3.850000000000000000e+01,8.333333333333321491e-01,9.999999999999990008e-01
3.850666666666666771e+01,8.333333333333321491e-01,9.999999999999990008e-01
3.851333333333333542e+01,8.333333333333321491e-01,9.999999999999990008e-01
3.852000000000000313e+01,8.333333333333321491e-01,9.999999999999990008e-01
3.852666666666667084e+01,8.333333333333321491e-01,9.999999999999990008e-01
3.853333333333333854e+01,8.333333333333321491e-01,9.999999999999990008e-01
3.853999999999999915e+01,8.333333333333321491e-01,9.999999999999990008e-01
3.854666666666666686e+01,8.333333333333321491e-01,9.999999999999990008e-01
3.855333333333333456e+01,8.333333333333321491e-01,9.999999999999990008e-01
3.856000000000000227e+01,8.333333333333321491e-01,9.999999999999990008e-01
3.856666666666666998e+01,8.333333333333321491e-01,9.999999999999990008e-01
3.857333333333333769e+01,8.333333333333321491e-01,9.999999999999990008e-01
3.858000000000000540e+01,8.333333333333321491e-01,9.999999999999990008e-01
3.858666666666666600e+01,8.333333333333321491e-01,9.999999999999990008e-01
3.859333333333333371e+01,8.333333333333321491e-01,9.999999999999990008e-01
3.860000000000000142e+01,8.333333333333321491e-01,9.999999999999990008e-01
3.860666666666666913e+01,8.333333333333321491e-01,9.999999999999990008e-01
3.861333333333333684e+01,8.333333333333321491e-01,9.999999999999990008e-01
3.862000000000000455e+01,8.333333333333321491e-01,9.999999999999990008e-01
3.862666666666667226e+01,8.333333333333321491e-01,9.999999999999990008e-01
3.863333333333333286e+01,8.333333333333321491e-01,9.999999999999990008e-01
3.864000000000000057e+01,8.333333333333321491e-01,9.999999999999990008e-01
3.864666666666666828e+01,8.333333333333321491e-01,9.999999999999990008e-01
3.865333333333333599e+01,8.333333333333321491e-01,9.999999999999990008e-01
3.866000000000000369e+01,8.333333333333321491e-01,9.999999999999990008e-01
3.866666666666667140e+01,8.333333333333321491e-01,9.999999999999990008e-01
3.867333333333333911e+01,8.333333333333321491e-01,9.999999999999990008e-01
3.867999999999999972e+01,8.333333333333321491e-01,9.999999999999990008e-01
3.868666666666666742e+01,8.333333333333321491e-01,9.999999999999990008e-01
3.869333333333333513e+01,8.333333333333321491e-01,9.999999999999990008e-01
3.870000000000000284e+01,8.333333333333321491e-01,9.999999999999990008e-01
3.870666666666667055e+01,8.333333333333321491e-01,9.999999999999990008e-01
3.871333333333333826e+01,8.333333333333321491e-01,9.999999999999990008e-01
3.872000000000000597e+01,8.333333333333321491e-01,9.999999999999990008e-01
3.872666666666666657e+01,8.333333333333321491e-01,9.999999999999990008e-01
3.873333333333333428e+01,8.333333333333321491e-01,9.999999999999990008e-01
3.874000000000000199e+01,8.333333333333321491e-01,9.999999999999990008e-01
3.874666666666666970e+01,8.333333333333321491e-01,9.999999999999990008e-01
3.875333333333333741e+01,8.333333333333321491e-01,9.999999999999990008e-01
3.876000000000000512e+01,8.333333333333321491e-01,9.999999999999990008e-01
3.876666666666666572e+01,8.333333333333321491e-01,9.999999999999990008e-01
3.877333333333333343e+01,8.333333333333321491e-01,9.999999999999990008e-01
3.878000000000000114e+01,8.333333333333321491e-01,9.999999999999990008e-01
3.878666666666666885e+01,8.333333333333321491e-01,9.999999999999990008e-01
3.879333333333333655e+01,8.333333333333321491e-01,9.999999999999990008e-01
3.880000000000000426e+01,8.333333333333321491e-01,9.999999999999990008e-01
3.880666666666667197e+01,8.333333333333321491e-01,9.999999999999990008e-01
3.881333333333333258e+01,8.333333333333321491e-01,9.999999999999990008e-01
3.882000000000000028e+01,8.333333333333321491e-01,9.999999999999990008e-01
3.882666666666666799e+01,8.333333333333321491e-01,9.999999999999990008e-01
3.883333333333333570e+01,8.333333333333321491e-01,9.999999999999990008e-01
3.884000000000000341e+01,8.333333333333321491e-01,9.999999999999990008e-01
3.884666666666667112e+01,8.333333333333321491e-01,9.999999999999990008e-01
3.885333333333333883e+01,8.333333333333321491e-01,9.999999999999990008e-01
3.885999999999999943e+01,8.333333333333321491e-01,9.999999999999990008e-01
3.886666666666666714e+01,8.333333333333321491e-01,9.999999999999990008e-01
3.887333333333333485e+01,8.333333333333321491e-01,9.999999999999990008e-01
3.888000000000000256e+01,8.333333333333321491e-01,9.999999999999990008e-01
3.888666666666667027e+01,8.333333333333321491e-01,9.999999999999990008e-01
3.889333333333333798e+01,8.333333333333321491e-01,9.999999999999990008e-01
3.890000000000000568e+01,8.333333333333321491e-01,9.999999999999990008e-01
3.890666666666666629e+01,8.333333333333321491e-01,9.999999999999990008e-01
3.891333333333333400e+01,8.333333333333321491e-01,9.999999999999990008e-01
3.892000000000000171e+01,8.333333333333321491e-01,9.999999999999990008e-01
3.892666666666666941e+01,8.333333333333321491e-01,9.999999999999990008e-01
3.893333333333333712e+01,8.333333333333321491e-01,9.999999999999990008e-01
3.894000000000000483e+01,8.333333333333321491e-01,9.999999999999990008e-01
3.894666666666667254e+01,8.333333333333321491e-01,9.999999999999990008e-01
3.895333333333333314e+01,8.333333333333321491e-01,9.999999999999990008e-01
3.896000000000000085e+01,8.333333333333321491e-01,9.999999999999990008e-01
3.896666666666666856e+01,8.333333333333321491e-01,9.999999999999990008e-01
3.897333333333333627e+01,8.333333333333321491e-01,9.999999999999990008e-01
3.898000000000000398e+01,8.333333333333321491e-01,9.999999999999990008e-01
3.898666666666667169e+01,8.333333333333321491e-01,9.999999999999990008e-01
3.899333333333333229e+01,8.333333333333321491e-01,9.999999999999990008e-01
3.900000000000000000e+01,8.333333333333321491e-01,9.999999999999990008e-01
3.900666666666666771e+01,8.333333333333321491e-01,9.999999999999990008e-01
3.901333333333333542e+01,8.333333333333321491e-01,9.999999999999990008e-01
3.902000000000000313e+01,8.333333333333321491e-01,9.999999999999990008e-01
3.902666666666667084e+01,8.333333333333321491e-01,9.999999999999990008e-01
3.903333333333333854e+01,8.333333333333321491e-01,9.999999999999990008e-01
3.903999999999999915e+01,8.333333333333321491e-01,9.999999999999990008e-01
3.904666666666666686e+01,8.333333333333321491e-01,9.999999999999990008e-01
3.905333333333333456e+01,8.333333333333321491e-01,9.999999999999990008e-01
3.906000000000000227e+01,8.333333333333321491e-01,9.999999999999990008e-01
3.906666666666666998e+01,8.333333333333321491e-01,9.999999999999990008e-01
3.907333333333333769e+01,8.333333333333321491e-01,9.999999999999990008e-01
3.908000000000000540e+01,8.333333333333321491e-01,9.999999999999990008e-01
3.908666666666666600e+01,8.333333333333321491e-01,9.999999999999990008e-01
3.909333333333333371e+01,8.333333333333321491e-01,9.999999999999990008e-01
3.910000000000000142e+01,8.333333333333321491e-01,9.999999999999990008e-01
3.910666666666666913e+01,8.333333333333321491e-01,9.999999999999990008e-01
3.911333333333333684e+01,8.333333333333321491e-01,9.999999999999990008e-01
3.912000000000000455e+01,8.333333333333321491e-01,9.999999999999990008e-01
3.912666666666667226e+01,8.333333333333321491e-01,9.999999999999990008e-01
3.913333333333333286e+01,8.333333333333321491e-01,9.999999999999990008e-01
3.914000000000000057e+01,8.333333333333321491e-01,9.999999999999990008e-01
3.914666666666666828e+01,8.333333333333321491e-01,9.999999999999990008e-01
3.915333333333333599e+01,8.333333333333321491e-01,9.999999999999990008e-01
3.916000000000000369e+01,8.333333333333321491e-01,9.999999999999990008e-01
3.916666666666667140e+01,8.333333333333321491e-01,9.999999999999990008e-01
3.917333333333333911e+01,8.333333333333321491e-01,9.999999999999990008e-01
3.917999999999999972e+01,8.333333333333321491e-01,9.999999999999990008e-01
3.918666666666666742e+01,8.333333333333321491e-01,9.999999999999990008e-01
3.919333333333333513e+01,8.333333333333321491e-01,9.999999999999990008e-01
3.920000000000000284e+01,8.333333333333321491e-01,9.999999999999990008e-01
3.920666666666667055e+01,8.333333333333321491e-01,9.999999999999990008e-01
3.921333333333333826e+01,8.333333333333321491e-01,9.999999999999990008e-01
3.922000000000000597e+01,8.333333333333321491e-01,9.999999999999990008e-01
3.922666666666666657e+01,8.333333333333321491e-01,9.999999999999990008e-01
3.923333333333333428e+01,8.333333333333321491e-01,9.999999999999990008e-01
3.924000000000000199e+01,8.333333333333321491e-01,9.999999999999990008e-01
3.924666666666666970e+01,8.333333333333321491e-01,9.999999999999990008e-01
3.925333333333333741e+01,8.333333333333321491e-01,9.999999999999990008e-01
3.926000000000000512e+01,8.333333333333321491e-01,9.999999999999990008e-01
3.926666666666666572e+01,8.333333333333321491e-01,9.999999999999990008e-01
3.927333333333333343e+01,8.333333333333321491e-01,9.999999999999990008e-01
3.928000000000000114e+01,8.333333333333321491e-01,9.999999999999990008e-01
3.928666666666666885e+01,8.333333333333321491e-01,9.999999999999990008e-01
3.929333333333333655e+01,8.333333333333321491e-01,9.999999999999990008e-01
3.930000000000000426e+01,8.333333333333321491e-01,9.999999999999990008e-01
3.930666666666667197e+01,8.333333333333321491e-01,9.999999999999990008e-01
3.931333333333333258e+01,8.333333333333321491e-01,9.999999999999990008e-01
3.932000000000000028e+01,8.333333333333321491e-01,9.999999999999990008e-01
3.932666666666666799e+01,8.333333333333321491e-01,9.999999999999990008e-01
3.933333333333333570e+01,8.333333333333321491e-01,9.999999999999990008e-01
3.934000000000000341e+01,8.333333333333321491e-01,9.999999999999990008e-01
3.934666666666667112e+01,8.333333333333321491e-01,9.999999999999990008e-01
3.935333333333333883e+01,8.333333333333321491e-01,9.999999999999990008e-01
3.935999999999999943e+01,8.333333333333321491e-01,9.999999999999990008e-01
3.936666666666666714e+01,8.333333333333321491e-01,9.999999999999990008e-01
3.937333333333333485e+01,8.333333333333321491e-01,9.999999999999990008e-01
3.938000000000000256e+01,8.333333333333321491e-01,9.999999999999990008e-01
3.938666666666667027e+01,8.333333333333321491e-01,9.999999999999990008e-01
3.939333333333333798e+01,8.333333333333321491e-01,9.999999999999990008e-01
3.940000000000000568e+01,8.333333333333321491e-01,9.999999999999990008e-01
3.940666666666666629e+01,8.333333333333321491e-01,9.999999999999990008e-01
3.941333333333333400e+01,8.333333333333321491e-01,9.999999999999990008e-01
3.942000000000000171e+01,8.333333333333321491e-01,9.999999999999990008e-01
3.942666666666666941e+01,8.333333333333321491e-01,9.999999999999990008e-01
3.943333333333333712e+01,8.333333333333321491e-01,9.999999999999990008e-01
3.944000000000000483e+01,8.333333333333321491e-01,9.999999999999990008e-01
3.944666666666667254e+01,8.333333333333321491e-01,9.999999999999990008e-01
3.945333333333333314e+01,8.333333333333321491e-01,9.999999999999990008e-01
3.946000000000000085e+01,8.333333333333321491e-01,9.999999999999990008e-01
3.946666666666666856e+01,8.333333333333321491e-01,9.999999999999990008e-01
3.947333333333333627e+01,8.333333333333321491e-01,9.999999999999990008e-01
3.948000000000000398e+01,8.333333333333321491e-01,9.999999999999990008e-01
3.948666666666667169e+01,8.333333333333321491e-01,9.999999999999990008e-01
3.949333333333333940e+01,8.333333333333321491e-01,9.999999999999990008e-01
3.950000000000000000e+01,8.333333333333321491e-01,9.999999999999990008e-01
3.950666666666666771e+01,8.333333333333321491e-01,9.999999999999990008e-01
3.951333333333333542e+01,8.333333333333321491e-01,9.999999999999990008e-01
3.952000000000000313e+01,8.333333333333321491e-01,9.999999999999990008e-01
3.952666666666667084e+01,8.333333333333321491e-01,9.999999999999990008e-01
3.953333333333333854e+01,8.333333333333321491e-01,9.999999999999990008e-01
3.953999999999999915e+01,8.333333333333321491e-01,9.999999999999990008e-01
3.954666666666666686e+01,8.333333333333321491e-01,9.999999999999990008e-01
3.955333333333333456e+01,8.333333333333321491e-01,9.999999999999990008e-01
3.956000000000000227e+01,8.333333333333321491e-01,9.999999999999990008e-01
3.956666666666666998e+01,8.333333333333321491e-01,9.999999999999990008e-01
3.957333333333333769e+01,8.333333333333321491e-01,9.999999999999990008e-01
3.958000000000000540e+01,8.333333333333321491e-01,9.999999999999990008e-01
3.958666666666666600e+01,8.333333333333321491e-01,9.999999999999990008e-01
3.959333333333333371e+01,8.333333333333321491e-01,9.999999999999990008e-01
3.960000000000000142e+01,8.333333333333321491e-01,9.999999999999990008e-01
3.960666666666666913e+01,8.333333333333321491e-01,9.999999999999990008e-01
3.961333333333333684e+01,8.333333333333321491e-01,9.999999999999990008e-01
3.962000000000000455e+01,8.333333333333321491e-01,9.999999999999990008e-01
3.962666666666667226e+01,8.333333333333321491e-01,9.999999999999990008e-01
3.963333333333333286e+01,8.333333333333321491e-01,9.999999999999990008e-01
3.964000000000000057e+01,8.333333333333321491e-01,9.999999999999990008e-01
3.964666666666666828e+01,8.333333333333321491e-01,9.999999999999990008e-01
3.965333333333333599e+01,8.333333333333321491e-01,9.999999999999990008e-01
3.966000000000000369e+01,8.333333333333321491e-01,9.999999999999990008e-01
3.966666666666667140e+01,8.333333333333321491e-01,9.999999999999990008e-01
3.967333333333333911e+01,8.333333333333321491e-01,9.999999999999990008e-01
3.967999999999999972e+01,8.333333333333321491e-01,9.999999999999990008e-01
3.968666666666666742e+01,8.333333333333321491e-01,9.999999999999990008e-01
3.969333333333333513e+01,8.333333333333321491e-01,9.999999999999990008e-01
3.970000000000000284e+01,8.333333333333321491e-01,9.999999999999990008e-01
3.970666666666667055e+01,8.333333333333321491e-01,9.999999999999990008e-01
3.971333333333333826e+01,8.333333333333321491e-01,9.999999999999990008e-01
3.972000000000000597e+01,8.333333333333321491e-01,9.999999999999990008e-01
3.972666666666666657e+01,8.333333333333321491e-01,9.999999999999990008e-01
3.973333333333333428e+01,8.333333333333321491e-01,9.999999999999990008e-01
3.974000000000000199e+01,8.333333333333321491e-01,9.999999999999990008e-01
3.974666666666666970e+01,8.333333333333321491e-01,9.999999999999990008e-01
3.975333333333333741e+01,8.333333333333321491e-01,9.999999999999990008e-01
3.976000000000000512e+01,8.333333333333321491e-01,9.999999999999990008e-01
3.976666666666666572e+01,8.333333333333321491e-01,9.999999999999990008e-01
3.977333333333333343e+01,8.333333333333321491e-01,9.999999999999990008e-01
3.978000000000000114e+01,8.333333333333321491e-01,9.999999999999990008e-01
3.978666666666666885e+01,8.333333333333321491e-01,9.999999999999990008e-01
3.979333333333333655e+01,8.333333333333321491e-01,9.999999999999990008e-01
3.980000000000000426e+01,8.333333333333321491e-01,9.999999999999990008e-01
3.980666666666667197e+01,8.333333333333321491e-01,9.999999999999990008e-01
3.981333333333333258e+01,8.333333333333321491e-01,9.999999999999990008e-01
3.982000000000000028e+01,8.333333333333321491e-01,9.999999999999990008e-01
3.982666666666666799e+01,8.333333333333321491e-01,9.999999999999990008e-01
3.983333333333333570e+01,8.333333333333321491e-01,9.999999999999990008e-01
3.984000000000000341e+01,8.333333333333321491e-01,9.999999999999990008e-01
3.984666666666667112e+01,8.333333333333321491e-01,9.999999999999990008e-01
3.985333333333333883e+01,8.333333333333321491e-01,9.999999999999990008e-01
3.985999999999999943e+01,8.333333333333321491e-01,9.999999999999990008e-01
3.986666666666666714e+01,8.333333333333321491e-01,9.999999999999990008e-01
3.987333333333333485e+01,8.333333333333321491e-01,9.999999999999990008e-01
3.988000000000000256e+01,8.333333333333321491e-01,9.999999999999990008e-01
3.988666666666667027e+01,8.333333333333321491e-01,9.999999999999990008e-01
3.989333333333333798e+01,8.333333333333321491e-01,9.999999999999990008e-01
3.990000000000000568e+01,8.333333333333321491e-01,9.999999999999990008e-01
3.990666666666666629e+01,8.333333333333321491e-01,9.999999999999990008e-01
3.991333333333333400e+01,8.333333333333321491e-01,9.999999999999990008e-01
3.992000000000000171e+01,8.333333333333321491e-01,9.999999999999990008e-01
3.992666666666666941e+01,8.333333333333321491e-01,9.999999999999990008e-01
3.993333333333333712e+01,8.333333333333321491e-01,9.999999999999990008e-01
3.994000000000000483e+01,8.333333333333321491e-01,9.999999999999990008e-01
3.994666666666667254e+01,8.333333333333321491e-01,9.999999999999990008e-01
3.995333333333333314e+01,8.333333333333321491e-01,9.999999999999990008e-01
3.996000000000000085e+01,8.333333333333321491e-01,9.999999999999990008e-01
3.996666666666666856e+01,8.333333333333321491e-01,9.999999999999990008e-01
3.997333333333333627e+01,8.333333333333321491e-01,9.999999999999990008e-01
3.998000000000000398e+01,8.333333333333321491e-01,9.999999999999990008e-01
3.998666666666667169e+01,8.333333333333321491e-01,9.999999999999990008e-01
3.999333333333333940e+01,8.333333333333321491e-01,9.999999999999990008e-01
4.000000000000000000e+01,8.333333333333321491e-01,9.999999999999990008e-01
