z,Omega_for_z_prime_zero,Omega_for_Omega_prime_zero
0.000000000000000000e+00,-1.000000000000000000e+00,0.000000000000000000e+00
5.500000000000000331e-04,-1.001098402800000065e+00,1.597200000000000353e-06
1.100000000000000066e-03,-1.002193611200000056e+00,6.388800000000001410e-06
1.649999999999999991e-03,-1.003285625199999975e+00,1.437480000000000169e-05
2.200000000000000133e-03,-1.004374444800000044e+00,2.555520000000000564e-05
2.750000000000000274e-03,-1.005460070000000039e+00,3.993000000000000564e-05
3.299999999999999982e-03,-1.006542500799999962e+00,5.749920000000000676e-05
3.850000000000000124e-03,-1.007621737200000034e+00,7.826280000000000563e-05
4.400000000000000265e-03,-1.008697779200000033e+00,1.022208000000000226e-04
4.950000000000000407e-03,-1.009770626799999960e+00,1.293732000000000237e-04
5.500000000000000548e-03,-1.010840280000000035e+00,1.597200000000000225e-04
6.050000000000000690e-03,-1.011906738800000038e+00,1.932612000000000598e-04
6.599999999999999964e-03,-1.012970003199999969e+00,2.299968000000000270e-04
7.150000000000000105e-03,-1.014030073200000048e+00,2.699268000000000327e-04
7.700000000000000247e-03,-1.015086948800000055e+00,3.130512000000000225e-04
8.250000000000000389e-03,-1.016140629999999989e+00,3.593700000000000236e-04
8.800000000000000530e-03,-1.017191116800000072e+00,4.088832000000000902e-04
9.350000000000000672e-03,-1.018238409200000083e+00,4.615908000000001139e-04
9.900000000000000813e-03,-1.019282507200000021e+00,5.174928000000000947e-04
1.045000000000000095e-02,-1.020323410800000108e+00,5.765892000000001410e-04
1.100000000000000110e-02,-1.021361119999999900e+00,6.388800000000000902e-04
1.155000000000000124e-02,-1.022395634800000064e+00,7.043652000000001591e-04
1.210000000000000138e-02,-1.023426955199999933e+00,7.730448000000002392e-04
1.265000000000000152e-02,-1.024455081199999951e+00,8.449188000000003307e-04
1.319999999999999993e-02,-1.025480012799999896e+00,9.199872000000001082e-04
1.375000000000000007e-02,-1.026501749999999991e+00,9.982500000000000054e-04
1.430000000000000021e-02,-1.027520292800000012e+00,1.079707200000000131e-03
1.485000000000000035e-02,-1.028535641199999962e+00,1.164358800000000159e-03
1.540000000000000049e-02,-1.029547795200000060e+00,1.252204800000000090e-03
1.595000000000000237e-02,-1.030556754800000085e+00,1.343245200000000358e-03
1.650000000000000078e-02,-1.031562520000000038e+00,1.437480000000000094e-03
1.705000000000000265e-02,-1.032565090799999918e+00,1.534909200000000602e-03
1.760000000000000106e-02,-1.033564467199999948e+00,1.635532800000000361e-03
1.814999999999999947e-02,-1.034560649199999904e+00,1.739350800000000023e-03
1.870000000000000134e-02,-1.035553636800000010e+00,1.846363200000000456e-03
1.924999999999999975e-02,-1.036543430000000043e+00,1.956569999999999924e-03
1.980000000000000163e-02,-1.037530028800000004e+00,2.069971200000000379e-03
2.035000000000000003e-02,-1.038513433199999891e+00,2.186566799999999870e-03
2.090000000000000191e-02,-1.039493643199999928e+00,2.306356800000000564e-03
2.145000000000000032e-02,-1.040470658799999892e+00,2.429341200000000294e-03
2.200000000000000219e-02,-1.041444480000000006e+00,2.555520000000000361e-03
2.255000000000000060e-02,-1.042415106800000046e+00,2.684893200000000330e-03
2.310000000000000248e-02,-1.043382539200000014e+00,2.817460800000000636e-03
2.365000000000000088e-02,-1.044346777199999909e+00,2.953222800000000411e-03
2.420000000000000276e-02,-1.045307820799999954e+00,3.092179200000000957e-03
2.475000000000000117e-02,-1.046265669999999925e+00,3.234330000000000538e-03
2.530000000000000304e-02,-1.047220324800000046e+00,3.379675200000001323e-03
2.585000000000000145e-02,-1.048171785200000095e+00,3.528214800000000709e-03
2.639999999999999986e-02,-1.049120051200000070e+00,3.679948800000000433e-03
2.695000000000000173e-02,-1.050065122799999973e+00,3.834877200000000493e-03
2.750000000000000014e-02,-1.051007000000000025e+00,3.993000000000000022e-03
2.805000000000000202e-02,-1.051945682800000004e+00,4.154317200000000321e-03
2.860000000000000042e-02,-1.052881171199999910e+00,4.318828800000000523e-03
2.915000000000000230e-02,-1.053813465199999966e+00,4.486534800000000628e-03
2.970000000000000070e-02,-1.054742564799999949e+00,4.657435200000000636e-03
3.025000000000000258e-02,-1.055668470000000081e+00,4.831530000000001414e-03
3.080000000000000099e-02,-1.056591180799999918e+00,5.008819200000000360e-03
3.135000000000000286e-02,-1.057510697199999905e+00,5.189302800000001811e-03
3.190000000000000474e-02,-1.058427019200000041e+00,5.372980800000001431e-03
3.244999999999999968e-02,-1.059340146800000104e+00,5.559853200000000086e-03
3.300000000000000155e-02,-1.060250080000000095e+00,5.749920000000000378e-03
3.355000000000000343e-02,-1.061156818800000012e+00,5.943181200000001441e-03
3.410000000000000531e-02,-1.062060363200000079e+00,6.139636800000002406e-03
3.465000000000000024e-02,-1.062960713200000074e+00,6.339286799999999805e-03
3.520000000000000212e-02,-1.063857868799999995e+00,6.542131200000001444e-03
3.575000000000000400e-02,-1.064751830000000066e+00,6.748170000000002118e-03
3.629999999999999893e-02,-1.065642596800000064e+00,6.957403200000000093e-03
3.685000000000000081e-02,-1.066530169199999989e+00,7.169830800000000573e-03
3.740000000000000269e-02,-1.067414547200000063e+00,7.385452800000001823e-03
3.795000000000000456e-02,-1.068295730800000065e+00,7.604269200000002109e-03
3.849999999999999950e-02,-1.069173719999999994e+00,7.826279999999999695e-03
3.905000000000000138e-02,-1.070048514800000072e+00,8.051485199999999787e-03
3.960000000000000325e-02,-1.070920115200000078e+00,8.279884800000001516e-03
4.015000000000000513e-02,-1.071788521200000011e+00,8.511478800000003148e-03
4.070000000000000007e-02,-1.072653732800000093e+00,8.746267199999999478e-03
4.125000000000000194e-02,-1.073515750000000102e+00,8.984250000000000916e-03
4.180000000000000382e-02,-1.074374572800000038e+00,9.225427200000002256e-03
4.235000000000000570e-02,-1.075230201200000124e+00,9.469798800000001765e-03
4.290000000000000063e-02,-1.076082635199999915e+00,9.717364800000001177e-03
4.345000000000000251e-02,-1.076931874800000077e+00,9.968125200000002226e-03
4.400000000000000439e-02,-1.077777919999999945e+00,1.022208000000000144e-02
4.454999999999999932e-02,-1.078620770799999962e+00,1.047922920000000056e-02
4.510000000000000120e-02,-1.079460427199999906e+00,1.073957280000000132e-02
4.565000000000000308e-02,-1.080296889199999999e+00,1.100311080000000198e-02
4.620000000000000495e-02,-1.081130156800000020e+00,1.126984320000000254e-02
4.674999999999999989e-02,-1.081960229999999967e+00,1.153976999999999954e-02
4.730000000000000177e-02,-1.082787108800000064e+00,1.181289120000000165e-02
4.785000000000000364e-02,-1.083610793200000089e+00,1.208920680000000365e-02
4.840000000000000552e-02,-1.084431283200000040e+00,1.236871680000000383e-02
4.895000000000000046e-02,-1.085248578799999919e+00,1.265142120000000044e-02
4.950000000000000233e-02,-1.086062679999999947e+00,1.293732000000000215e-02
5.005000000000000421e-02,-1.086873586799999902e+00,1.322641320000000377e-02
5.060000000000000608e-02,-1.087681299200000007e+00,1.351870080000000529e-02
5.115000000000000102e-02,-1.088485817200000039e+00,1.381418280000000151e-02
5.170000000000000290e-02,-1.089287140799999998e+00,1.411285920000000284e-02
5.225000000000000477e-02,-1.090085270000000106e+00,1.441473000000000233e-02
5.279999999999999971e-02,-1.090880204799999920e+00,1.471979520000000173e-02
5.335000000000000159e-02,-1.091671945200000104e+00,1.502805479999999930e-02
5.390000000000000346e-02,-1.092460491199999995e+00,1.533950880000000197e-02
5.445000000000000534e-02,-1.093245842800000034e+00,1.565415720000000455e-02
5.500000000000000028e-02,-1.094028000000000000e+00,1.597200000000000009e-02
5.555000000000000215e-02,-1.094806962799999894e+00,1.629303720000000247e-02
5.610000000000000403e-02,-1.095582731199999937e+00,1.661726880000000128e-02
5.665000000000000591e-02,-1.096355305199999908e+00,1.694469480000000347e-02
5.720000000000000084e-02,-1.097124684800000027e+00,1.727531520000000209e-02
5.775000000000000272e-02,-1.097890870000000074e+00,1.760913000000000062e-02
5.830000000000000460e-02,-1.098653860800000048e+00,1.794613920000000251e-02
5.885000000000000647e-02,-1.099413657199999950e+00,1.828634280000000431e-02
5.940000000000000141e-02,-1.100170259200000000e+00,1.862974080000000254e-02
5.995000000000000329e-02,-1.100923666799999978e+00,1.897633320000000415e-02
6.050000000000000516e-02,-1.101673880000000105e+00,1.932612000000000566e-02
6.105000000000000704e-02,-1.102420898799999938e+00,1.967910120000000707e-02
6.160000000000000198e-02,-1.103164723199999919e+00,2.003527680000000144e-02
6.215000000000000385e-02,-1.103905353200000050e+00,2.039464680000000613e-02
6.270000000000000573e-02,-1.104642788800000108e+00,2.075721120000000725e-02
6.325000000000000067e-02,-1.105377030000000094e+00,2.112297000000000133e-02
6.380000000000000948e-02,-1.106108076800000006e+00,2.149192320000000572e-02
6.435000000000000442e-02,-1.106835929200000068e+00,2.186407080000000308e-02
6.489999999999999936e-02,-1.107560587200000057e+00,2.223941280000000034e-02
6.545000000000000817e-02,-1.108282050799999974e+00,2.261794920000000444e-02
6.600000000000000311e-02,-1.109000320000000039e+00,2.299968000000000151e-02
6.654999999999999805e-02,-1.109715394800000032e+00,2.338460520000000195e-02
6.710000000000000686e-02,-1.110427275199999952e+00,2.377272480000000576e-02
6.765000000000000180e-02,-1.111135961200000022e+00,2.416403880000000254e-02
6.820000000000001061e-02,-1.111841452800000019e+00,2.455854720000000962e-02
6.875000000000000555e-02,-1.112543749999999942e+00,2.495625000000000621e-02
6.930000000000000049e-02,-1.113242852800000016e+00,2.535714719999999922e-02
6.985000000000000930e-02,-1.113938761200000016e+00,2.576123880000000949e-02
7.040000000000000424e-02,-1.114631475199999944e+00,2.616852480000000578e-02
7.094999999999999918e-02,-1.115320994800000021e+00,2.657900519999999850e-02
7.150000000000000799e-02,-1.116007320000000025e+00,2.699268000000000847e-02
7.205000000000000293e-02,-1.116690450799999956e+00,2.740954920000000447e-02
7.259999999999999787e-02,-1.117370387200000037e+00,2.782961280000000037e-02
7.315000000000000668e-02,-1.118047129200000045e+00,2.825287080000000658e-02
7.370000000000000162e-02,-1.118720676799999980e+00,2.867932320000000229e-02
7.425000000000001044e-02,-1.119391030000000065e+00,2.910897000000000831e-02
7.480000000000000537e-02,-1.120058188800000076e+00,2.954181120000000729e-02
7.535000000000000031e-02,-1.120722153200000015e+00,2.997784680000000271e-02
7.590000000000000913e-02,-1.121382923200000103e+00,3.041707680000000844e-02
7.645000000000000406e-02,-1.122040498800000119e+00,3.085950120000000366e-02
7.699999999999999900e-02,-1.122694880000000062e+00,3.130511999999999878e-02
7.755000000000000782e-02,-1.123346066799999932e+00,3.175393320000000769e-02
7.810000000000000275e-02,-1.123994059199999951e+00,3.220594079999999915e-02
7.865000000000001157e-02,-1.124638857199999897e+00,3.266114280000001480e-02
7.920000000000000651e-02,-1.125280460799999993e+00,3.311953920000000606e-02
7.975000000000000144e-02,-1.125918870000000016e+00,3.358113000000000070e-02
8.030000000000001026e-02,-1.126554084799999966e+00,3.404591520000001259e-02
8.085000000000000520e-02,-1.127186105200000066e+00,3.451389480000000703e-02
8.140000000000000013e-02,-1.127814931200000093e+00,3.498506879999999791e-02
8.195000000000000895e-02,-1.128440562800000047e+00,3.545943720000001298e-02
8.250000000000000389e-02,-1.129062999999999928e+00,3.593700000000000366e-02
8.304999999999999882e-02,-1.129682242799999958e+00,3.641775719999999772e-02
8.360000000000000764e-02,-1.130298291199999916e+00,3.690170880000000903e-02
8.415000000000000258e-02,-1.130911145200000023e+00,3.738885480000000289e-02
8.470000000000001139e-02,-1.131520804800000057e+00,3.787919520000000706e-02
8.525000000000000633e-02,-1.132127270000000019e+00,3.837273000000000767e-02
8.580000000000000127e-02,-1.132730540799999908e+00,3.886945920000000471e-02
8.635000000000001008e-02,-1.133330617199999946e+00,3.936938280000001206e-02
8.690000000000000502e-02,-1.133927499199999911e+00,3.987250080000000890e-02
8.744999999999999996e-02,-1.134521186800000025e+00,4.037881320000000218e-02
8.800000000000000877e-02,-1.135111680000000067e+00,4.088832000000000577e-02
8.855000000000000371e-02,-1.135698978800000036e+00,4.140102120000000580e-02
8.909999999999999865e-02,-1.136283083199999933e+00,4.191691680000000225e-02
8.965000000000000746e-02,-1.136863993199999978e+00,4.243600680000000902e-02
9.020000000000000240e-02,-1.137441708799999951e+00,4.295829120000000528e-02
9.075000000000001121e-02,-1.138016230000000073e+00,4.348377000000001186e-02
9.130000000000000615e-02,-1.138587556800000122e+00,4.401244320000000793e-02
9.185000000000000109e-02,-1.139155689199999877e+00,4.454431080000000043e-02
9.240000000000000990e-02,-1.139720627200000003e+00,4.507937280000001018e-02
9.295000000000000484e-02,-1.140282370800000056e+00,4.561762920000000943e-02
9.349999999999999978e-02,-1.140840920000000036e+00,4.615907999999999817e-02
9.405000000000000859e-02,-1.141396274799999944e+00,4.670372520000001110e-02
9.460000000000000353e-02,-1.141948435200000000e+00,4.725156480000000658e-02
9.515000000000001235e-02,-1.142497401199999985e+00,4.780259880000001238e-02
9.570000000000000728e-02,-1.143043172800000118e+00,4.835682720000001461e-02
9.625000000000000222e-02,-1.143585749999999956e+00,4.891424999999999940e-02
9.680000000000001104e-02,-1.144125132799999944e+00,4.947486720000001531e-02
9.735000000000000597e-02,-1.144661321200000081e+00,5.003867880000000684e-02
9.790000000000000091e-02,-1.145194315199999924e+00,5.060568480000000174e-02
9.845000000000000973e-02,-1.145724114799999915e+00,5.117588520000001390e-02
9.900000000000000466e-02,-1.146250720000000056e+00,5.174928000000000861e-02
9.954999999999999960e-02,-1.146774130799999902e+00,5.232586919999999975e-02
1.001000000000000084e-01,-1.147294347199999898e+00,5.290565280000001508e-02
1.006500000000000034e-01,-1.147811369200000042e+00,5.348863080000000603e-02
1.012000000000000122e-01,-1.148325196800000114e+00,5.407480320000002116e-02
1.017500000000000071e-01,-1.148835829999999891e+00,5.466417000000001192e-02
1.023000000000000020e-01,-1.149343268800000040e+00,5.525673120000000604e-02
1.028500000000000109e-01,-1.149847513200000115e+00,5.585248680000001742e-02
1.034000000000000058e-01,-1.150348563200000118e+00,5.645143680000001135e-02
1.039500000000000007e-01,-1.150846418800000048e+00,5.705358120000000172e-02
1.045000000000000095e-01,-1.151341079999999906e+00,5.765892000000000933e-02
1.050500000000000045e-01,-1.151832546799999912e+00,5.826745320000000644e-02
1.055999999999999994e-01,-1.152320819200000068e+00,5.887918080000000692e-02
1.061500000000000082e-01,-1.152805897199999929e+00,5.949410280000001078e-02
1.067000000000000032e-01,-1.153287780799999940e+00,6.011221919999999719e-02
1.072500000000000120e-01,-1.153766469999999877e+00,6.073353000000002166e-02
1.078000000000000069e-01,-1.154241964799999964e+00,6.135803520000000788e-02
1.083500000000000019e-01,-1.154714265199999979e+00,6.198573480000000441e-02
1.089000000000000107e-01,-1.155183371199999920e+00,6.261662880000001818e-02
1.094500000000000056e-01,-1.155649282800000011e+00,6.325071720000001452e-02
1.100000000000000006e-01,-1.156112000000000029e+00,6.388800000000000034e-02
1.105500000000000094e-01,-1.156571522799999974e+00,6.452847720000001730e-02
1.111000000000000043e-01,-1.157027851200000068e+00,6.517214880000000987e-02
1.116500000000000131e-01,-1.157480985200000090e+00,6.581901480000001969e-02
1.122000000000000081e-01,-1.157930924800000039e+00,6.646907520000000513e-02
1.127500000000000030e-01,-1.158377669999999915e+00,6.712233000000000782e-02
1.133000000000000118e-01,-1.158821220799999940e+00,6.777877920000001388e-02
1.138500000000000068e-01,-1.159261577200000115e+00,6.843842280000000944e-02
1.144000000000000017e-01,-1.159698739199999995e+00,6.910126080000000837e-02
1.149500000000000105e-01,-1.160132706800000024e+00,6.976729320000001067e-02
1.155000000000000054e-01,-1.160563479999999981e+00,7.043652000000000246e-02
1.160500000000000004e-01,-1.160991058800000086e+00,7.110894120000001151e-02
1.166000000000000092e-01,-1.161415443200000119e+00,7.178455680000001005e-02
1.171500000000000041e-01,-1.161836633200000080e+00,7.246336680000001196e-02
1.177000000000000129e-01,-1.162254628799999967e+00,7.314537120000001724e-02
1.182500000000000079e-01,-1.162669430000000004e+00,7.383057000000001202e-02
1.188000000000000028e-01,-1.163081036799999968e+00,7.451896320000001017e-02
1.193500000000000116e-01,-1.163489449200000081e+00,7.521055080000001170e-02
1.199000000000000066e-01,-1.163894667200000121e+00,7.590533280000001659e-02
1.204500000000000015e-01,-1.164296690800000089e+00,7.660330919999999710e-02
1.210000000000000103e-01,-1.164695519999999984e+00,7.730448000000002262e-02
1.215500000000000053e-01,-1.165091154800000028e+00,7.800884520000000988e-02
1.221000000000000141e-01,-1.165483595200000000e+00,7.871640480000002826e-02
1.226500000000000090e-01,-1.165872841200000121e+00,7.942715880000000839e-02
1.232000000000000040e-01,-1.166258892799999947e+00,8.014110720000000576e-02
1.237500000000000128e-01,-1.166641749999999922e+00,8.085825000000002039e-02
1.243000000000000077e-01,-1.167021412800000046e+00,8.157858720000002450e-02
1.248500000000000026e-01,-1.167397881199999876e+00,8.230211880000000424e-02
1.254000000000000115e-01,-1.167771155200000077e+00,8.302884480000002898e-02
1.259500000000000064e-01,-1.168141234799999983e+00,8.375876520000001546e-02
1.265000000000000013e-01,-1.168508120000000039e+00,8.449188000000000531e-02
1.270499999999999963e-01,-1.168871810800000022e+00,8.522818919999999854e-02
1.276000000000000190e-01,-1.169232307199999932e+00,8.596769280000002289e-02
1.281500000000000139e-01,-1.169589609199999991e+00,8.671039080000002286e-02
1.287000000000000088e-01,-1.169943716799999978e+00,8.745628320000001232e-02
1.292500000000000038e-01,-1.170294629999999891e+00,8.820537000000000516e-02
1.297999999999999987e-01,-1.170642348799999954e+00,8.895765120000000137e-02
1.303500000000000214e-01,-1.170986873199999945e+00,8.971312680000004258e-02
1.309000000000000163e-01,-1.171328203200000084e+00,9.047179680000001778e-02
1.314500000000000113e-01,-1.171666338799999929e+00,9.123366120000002411e-02
1.320000000000000062e-01,-1.172001279999999923e+00,9.199872000000000605e-02
1.325500000000000012e-01,-1.172333026800000066e+00,9.276697320000000524e-02
1.330999999999999961e-01,-1.172661579199999915e+00,9.353842080000000780e-02
1.336500000000000188e-01,-1.172986937200000135e+00,9.431306280000002762e-02
1.342000000000000137e-01,-1.173309100800000060e+00,9.509089920000002305e-02
1.347500000000000087e-01,-1.173628069999999912e+00,9.587193000000002185e-02
1.353000000000000036e-01,-1.173943844799999914e+00,9.665615520000001015e-02
1.358499999999999985e-01,-1.174256425200000065e+00,9.744357480000000182e-02
1.364000000000000212e-01,-1.174565811199999921e+00,9.823418880000003850e-02
1.369500000000000162e-01,-1.174872002799999926e+00,9.902799720000002304e-02
1.375000000000000111e-01,-1.175175000000000081e+00,9.982500000000002482e-02
1.380500000000000060e-01,-1.175474802799999940e+00,1.006251972000000161e-01
1.386000000000000010e-01,-1.175771411199999950e+00,1.014285887999999969e-01
1.391499999999999959e-01,-1.176064825200000108e+00,1.022351747999999949e-01
1.397000000000000186e-01,-1.176355044799999972e+00,1.030449552000000379e-01
1.402500000000000135e-01,-1.176642069999999984e+00,1.038579300000000150e-01
1.408000000000000085e-01,-1.176925900799999924e+00,1.046740992000000231e-01
1.413500000000000034e-01,-1.177206537200000014e+00,1.054934628000000207e-01
1.418999999999999984e-01,-1.177483979200000030e+00,1.063160207999999940e-01
1.424500000000000210e-01,-1.177758226799999974e+00,1.071417732000000400e-01
1.430000000000000160e-01,-1.178029280000000067e+00,1.079707200000000339e-01
1.435500000000000109e-01,-1.178297138800000088e+00,1.088028612000000173e-01
1.441000000000000059e-01,-1.178561803200000035e+00,1.096381968000000179e-01
1.446500000000000008e-01,-1.178823273199999910e+00,1.104767267999999941e-01
1.451999999999999957e-01,-1.179081548799999934e+00,1.113184512000000015e-01
1.457500000000000184e-01,-1.179336629999999886e+00,1.121633700000000400e-01
1.463000000000000134e-01,-1.179588516799999987e+00,1.130114832000000263e-01
1.468500000000000083e-01,-1.179837209200000014e+00,1.138627908000000161e-01
1.474000000000000032e-01,-1.180082707199999970e+00,1.147172928000000092e-01
1.479499999999999982e-01,-1.180325010800000074e+00,1.155749891999999918e-01
1.485000000000000209e-01,-1.180564120000000106e+00,1.164358800000000332e-01
1.490500000000000158e-01,-1.180800034800000065e+00,1.172999652000000365e-01
1.496000000000000107e-01,-1.181032755199999951e+00,1.181672448000000292e-01
1.501500000000000057e-01,-1.181262281199999986e+00,1.190377188000000114e-01
1.507000000000000006e-01,-1.181488612799999949e+00,1.199113872000000108e-01
1.512499999999999956e-01,-1.181711750000000061e+00,1.207882499999999998e-01
1.518000000000000183e-01,-1.181931692800000100e+00,1.216683072000000337e-01
1.523500000000000132e-01,-1.182148441200000066e+00,1.225515588000000294e-01
1.529000000000000081e-01,-1.182361995199999960e+00,1.234380048000000146e-01
1.534500000000000031e-01,-1.182572354800000003e+00,1.243276452000000032e-01
1.539999999999999980e-01,-1.182779519999999973e+00,1.252204799999999951e-01
1.545500000000000207e-01,-1.182983490799999871e+00,1.261165092000000598e-01
1.551000000000000156e-01,-1.183184267199999917e+00,1.270157328000000307e-01
1.556500000000000106e-01,-1.183381849199999891e+00,1.279181508000000189e-01
1.562000000000000055e-01,-1.183576236800000014e+00,1.288237631999999966e-01
1.567500000000000004e-01,-1.183767430000000065e+00,1.297325700000000193e-01
1.573000000000000231e-01,-1.183955428800000043e+00,1.306445712000000592e-01
1.578500000000000181e-01,-1.184140233199999948e+00,1.315597668000000331e-01
1.584000000000000130e-01,-1.184321843200000002e+00,1.324781568000000243e-01
1.589500000000000079e-01,-1.184500258799999983e+00,1.333997412000000327e-01
1.595000000000000029e-01,-1.184675480000000114e+00,1.343245200000000028e-01
1.600499999999999978e-01,-1.184847506799999950e+00,1.352524932000000180e-01
1.606000000000000205e-01,-1.185016339199999935e+00,1.361836608000000504e-01
1.611500000000000155e-01,-1.185181977200000070e+00,1.371180228000000167e-01
1.617000000000000104e-01,-1.185344420799999909e+00,1.380555792000000281e-01
1.622500000000000053e-01,-1.185503669999999898e+00,1.389963300000000290e-01
1.628000000000000003e-01,-1.185659724800000037e+00,1.399402751999999917e-01
1.633500000000000230e-01,-1.185812585199999880e+00,1.408874148000000548e-01
1.639000000000000179e-01,-1.185962251199999873e+00,1.418377488000000519e-01
1.644500000000000128e-01,-1.186108722800000015e+00,1.427912772000000108e-01
1.650000000000000078e-01,-1.186252000000000084e+00,1.437480000000000147e-01
1.655500000000000027e-01,-1.186392082800000081e+00,1.447079172000000080e-01
1.660999999999999976e-01,-1.186528971200000004e+00,1.456710287999999909e-01
1.666500000000000203e-01,-1.186662665200000077e+00,1.466373348000000465e-01
1.672000000000000153e-01,-1.186793164800000078e+00,1.476068352000000361e-01
1.677500000000000102e-01,-1.186920470000000005e+00,1.485795300000000152e-01
1.683000000000000052e-01,-1.187044580800000082e+00,1.495554192000000115e-01
1.688500000000000001e-01,-1.187165497200000086e+00,1.505345027999999974e-01
1.694000000000000228e-01,-1.187283219200000017e+00,1.515167808000000282e-01
1.699500000000000177e-01,-1.187397746799999876e+00,1.525022532000000486e-01
1.705000000000000127e-01,-1.187509079999999884e+00,1.534909200000000307e-01
1.710500000000000076e-01,-1.187617218800000041e+00,1.544827812000000300e-01
1.716000000000000025e-01,-1.187722163199999903e+00,1.554778368000000188e-01
1.721499999999999975e-01,-1.187823913199999915e+00,1.564760867999999971e-01
1.727000000000000202e-01,-1.187922468800000075e+00,1.574775312000000482e-01
1.732500000000000151e-01,-1.188017829999999941e+00,1.584821700000000333e-01
1.738000000000000100e-01,-1.188109996799999957e+00,1.594900032000000356e-01
1.743500000000000050e-01,-1.188198969199999899e+00,1.605010308000000274e-01
1.748999999999999999e-01,-1.188284747199999991e+00,1.615152528000000087e-01
1.754500000000000226e-01,-1.188367330800000010e+00,1.625326692000000628e-01
1.760000000000000175e-01,-1.188446719999999956e+00,1.635532800000000231e-01
1.765500000000000125e-01,-1.188522914800000052e+00,1.645770852000000284e-01
1.771000000000000074e-01,-1.188595915200000075e+00,1.656040848000000232e-01
1.776500000000000024e-01,-1.188665721200000025e+00,1.666342788000000075e-01
1.781999999999999973e-01,-1.188732332799999902e+00,1.676676672000000090e-01
1.787500000000000200e-01,-1.188795749999999929e+00,1.687042500000000556e-01
1.793000000000000149e-01,-1.188855972799999883e+00,1.697440272000000361e-01
1.798500000000000099e-01,-1.188913001199999986e+00,1.707869988000000339e-01
1.804000000000000048e-01,-1.188966835200000016e+00,1.718331648000000211e-01
1.809499999999999997e-01,-1.189017474799999974e+00,1.728825251999999979e-01
1.815000000000000224e-01,-1.189064920000000081e+00,1.739350800000000474e-01
1.820500000000000174e-01,-1.189109170799999893e+00,1.749908292000000587e-01
1.826000000000000123e-01,-1.189150227200000076e+00,1.760497728000000317e-01
1.831500000000000072e-01,-1.189188089199999965e+00,1.771119108000000220e-01
1.837000000000000022e-01,-1.189222756800000003e+00,1.781772432000000017e-01
1.842500000000000249e-01,-1.189254229999999968e+00,1.792457700000000542e-01
1.848000000000000198e-01,-1.189282508800000082e+00,1.803174912000000407e-01
1.853500000000000147e-01,-1.189307593200000124e+00,1.813924068000000167e-01
1.859000000000000097e-01,-1.189329483199999871e+00,1.824705168000000377e-01
1.864500000000000046e-01,-1.189348178799999989e+00,1.835518212000000204e-01
1.869999999999999996e-01,-1.189363680000000034e+00,1.846363199999999927e-01
1.875500000000000222e-01,-1.189375986800000007e+00,1.857240132000000377e-01
1.881000000000000172e-01,-1.189385099199999907e+00,1.868149008000000444e-01
1.886500000000000121e-01,-1.189391017199999956e+00,1.879089828000000129e-01
1.892000000000000071e-01,-1.189393740799999932e+00,1.890062592000000263e-01
1.897500000000000020e-01,-1.189393270000000058e+00,1.901067300000000293e-01
1.903000000000000247e-01,-1.189389604800000111e+00,1.912103952000000495e-01
1.908500000000000196e-01,-1.189382745200000091e+00,1.923172548000000592e-01
1.914000000000000146e-01,-1.189372691199999998e+00,1.934273088000000584e-01
1.919500000000000095e-01,-1.189359442800000055e+00,1.945405572000000471e-01
1.925000000000000044e-01,-1.189343000000000039e+00,1.956569999999999976e-01
1.930499999999999994e-01,-1.189323362799999950e+00,1.967766371999999930e-01
1.936000000000000221e-01,-1.189300531200000011e+00,1.978994688000000612e-01
1.941500000000000170e-01,-1.189274505199999998e+00,1.990254948000000634e-01
1.947000000000000119e-01,-1.189245284799999913e+00,2.001547152000000274e-01
1.952500000000000069e-01,-1.189212869999999977e+00,2.012871300000000085e-01
1.958000000000000018e-01,-1.189177260799999969e+00,2.024227392000000070e-01
1.963500000000000245e-01,-1.189138457199999888e+00,2.035615428000000504e-01
1.969000000000000195e-01,-1.189096459199999956e+00,2.047035408000000556e-01
1.974500000000000144e-01,-1.189051266799999951e+00,2.058487332000000503e-01
1.980000000000000093e-01,-1.189002879999999873e+00,2.069971200000000344e-01
1.985500000000000043e-01,-1.188951298799999945e+00,2.081487012000000358e-01
1.990999999999999992e-01,-1.188896523199999944e+00,2.093034767999999990e-01
1.996500000000000219e-01,-1.188838553200000092e+00,2.104614468000000627e-01
2.002000000000000168e-01,-1.188777388799999946e+00,2.116226112000000603e-01
2.007500000000000118e-01,-1.188713029999999948e+00,2.127869700000000197e-01
2.013000000000000067e-01,-1.188645476800000100e+00,2.139545232000000241e-01
2.018500000000000016e-01,-1.188574729199999958e+00,2.151252708000000180e-01
2.024000000000000243e-01,-1.188500787199999964e+00,2.162992128000000847e-01
2.029500000000000193e-01,-1.188423650799999898e+00,2.174763492000000298e-01
2.035000000000000142e-01,-1.188343319999999981e+00,2.186566800000000477e-01
2.040500000000000091e-01,-1.188259794799999991e+00,2.198402052000000273e-01
2.046000000000000041e-01,-1.188173075199999928e+00,2.210269248000000242e-01
2.051499999999999990e-01,-1.188083161200000015e+00,2.222168388000000383e-01
2.057000000000000217e-01,-1.187990052800000029e+00,2.234099472000000697e-01
2.062500000000000167e-01,-1.187893749999999971e+00,2.246062500000000628e-01
2.068000000000000116e-01,-1.187794252800000061e+00,2.258057472000000454e-01
2.073500000000000065e-01,-1.187691561200000079e+00,2.270084388000000175e-01
2.079000000000000015e-01,-1.187585675200000024e+00,2.282143248000000069e-01
2.084500000000000242e-01,-1.187476594799999896e+00,2.294234052000000690e-01
2.090000000000000191e-01,-1.187364319999999918e+00,2.306356800000000373e-01
2.095500000000000140e-01,-1.187248850800000088e+00,2.318511492000000229e-01
2.101000000000000090e-01,-1.187130187199999964e+00,2.330698128000000258e-01
2.106500000000000039e-01,-1.187008329199999990e+00,2.342916708000000181e-01
2.111999999999999988e-01,-1.186883276799999942e+00,2.355167232000000277e-01
2.117500000000000215e-01,-1.186755030000000044e+00,2.367449700000000545e-01
2.123000000000000165e-01,-1.186623588800000073e+00,2.379764112000000431e-01
2.128500000000000114e-01,-1.186488953200000029e+00,2.392110468000000489e-01
2.134000000000000064e-01,-1.186351123200000135e+00,2.404488767999999888e-01
2.139500000000000013e-01,-1.186210098799999946e+00,2.416899012000000013e-01
2.145000000000000240e-01,-1.186065879999999906e+00,2.429341200000000867e-01
2.150500000000000189e-01,-1.185918466800000015e+00,2.441815332000000782e-01
2.156000000000000139e-01,-1.185767859200000052e+00,2.454321408000000315e-01
2.161500000000000088e-01,-1.185614057200000016e+00,2.466859428000000298e-01
2.167000000000000037e-01,-1.185457060799999907e+00,2.479429392000000176e-01
2.172500000000000264e-01,-1.185296869999999947e+00,2.492031300000000504e-01
2.178000000000000214e-01,-1.185133484799999914e+00,2.504665152000000727e-01
2.183500000000000163e-01,-1.184966905200000031e+00,2.517330948000000568e-01
2.189000000000000112e-01,-1.184797131199999853e+00,2.530028688000000581e-01
2.194500000000000062e-01,-1.184624162800000047e+00,2.542758372000000211e-01
2.200000000000000011e-01,-1.184447999999999945e+00,2.555520000000000014e-01
2.205500000000000238e-01,-1.184268642799999993e+00,2.568313572000000544e-01
2.211000000000000187e-01,-1.184086091199999968e+00,2.581139088000000692e-01
2.216500000000000137e-01,-1.183900345200000093e+00,2.593996548000000457e-01
2.222000000000000086e-01,-1.183711404799999922e+00,2.606885952000000395e-01
2.227500000000000036e-01,-1.183519270000000123e+00,2.619807299999999950e-01
2.233000000000000262e-01,-1.183323940800000029e+00,2.632760592000000788e-01
2.238500000000000212e-01,-1.183125417199999863e+00,2.645745828000000688e-01
2.244000000000000161e-01,-1.182923699200000067e+00,2.658763008000000205e-01
2.249500000000000111e-01,-1.182718786799999977e+00,2.671812132000000450e-01
2.255000000000000060e-01,-1.182510680000000036e+00,2.684893200000000313e-01
2.260500000000000009e-01,-1.182299378800000023e+00,2.698006212000000348e-01
2.266000000000000236e-01,-1.182084883199999936e+00,2.711151168000000555e-01
2.271500000000000186e-01,-1.181867193199999999e+00,2.724328068000000935e-01
2.277000000000000135e-01,-1.181646308799999989e+00,2.737536912000000378e-01
2.282500000000000084e-01,-1.181422229999999907e+00,2.750777699999999992e-01
2.288000000000000034e-01,-1.181194956799999973e+00,2.764050432000000335e-01
2.293500000000000261e-01,-1.180964489199999967e+00,2.777355108000000850e-01
2.299000000000000210e-01,-1.180730827200000110e+00,2.790691728000000427e-01
2.304500000000000159e-01,-1.180493970799999959e+00,2.804060292000000176e-01
2.310000000000000109e-01,-1.180253919999999956e+00,2.817460800000000098e-01
2.315500000000000058e-01,-1.180010674800000103e+00,2.830893252000000193e-01
2.321000000000000008e-01,-1.179764235199999955e+00,2.844357648000000460e-01
2.326500000000000234e-01,-1.179514601199999957e+00,2.857853988000000900e-01
2.332000000000000184e-01,-1.179261772799999886e+00,2.871382272000000402e-01
2.337500000000000133e-01,-1.179005749999999964e+00,2.884942500000000631e-01
2.343000000000000083e-01,-1.178746532799999969e+00,2.898534672000000478e-01
2.348500000000000032e-01,-1.178484121199999901e+00,2.912158787999999943e-01
2.354000000000000259e-01,-1.178218515199999983e+00,2.925814848000000690e-01
2.359500000000000208e-01,-1.177949714799999992e+00,2.939502852000001054e-01
2.365000000000000158e-01,-1.177677719999999928e+00,2.953222800000000481e-01
2.370500000000000107e-01,-1.177402530800000013e+00,2.966974692000000080e-01
2.376000000000000056e-01,-1.177124147200000026e+00,2.980758528000000407e-01
2.381500000000000006e-01,-1.176842569199999966e+00,2.994574308000000351e-01
2.387000000000000233e-01,-1.176557796800000055e+00,3.008422032000000468e-01
2.392500000000000182e-01,-1.176269829999999850e+00,3.022301700000000757e-01
2.398000000000000131e-01,-1.175978668800000015e+00,3.036213312000000664e-01
2.403500000000000081e-01,-1.175684313199999886e+00,3.050156868000000743e-01
2.409000000000000030e-01,-1.175386763200000129e+00,3.064132367999999884e-01
2.414500000000000257e-01,-1.175086018800000076e+00,3.078139812000000863e-01
2.420000000000000207e-01,-1.174782079999999951e+00,3.092179200000000905e-01
2.425500000000000156e-01,-1.174474946799999975e+00,3.106250532000000564e-01
2.431000000000000105e-01,-1.174164619199999926e+00,3.120353808000000395e-01
2.436500000000000055e-01,-1.173851097200000027e+00,3.134489028000000399e-01
2.442000000000000282e-01,-1.173534380800000054e+00,3.148656192000001131e-01
2.447500000000000231e-01,-1.173214470000000009e+00,3.162855300000000369e-01
2.453000000000000180e-01,-1.172891364799999891e+00,3.177086352000000335e-01
2.458500000000000130e-01,-1.172565065199999923e+00,3.191349348000000474e-01
2.464000000000000079e-01,-1.172235571199999882e+00,3.205644288000000230e-01
2.469500000000000028e-01,-1.171902882799999990e+00,3.219971172000000714e-01
2.475000000000000255e-01,-1.171567000000000025e+00,3.234330000000000815e-01
2.480500000000000205e-01,-1.171227922799999988e+00,3.248720772000000534e-01
2.486000000000000154e-01,-1.170885651199999877e+00,3.263143488000000980e-01
2.491500000000000103e-01,-1.170540185200000138e+00,3.277598147999999934e-01
2.497000000000000053e-01,-1.170191524799999883e+00,3.292084752000000170e-01
2.502500000000000280e-01,-1.169839669999999998e+00,3.306603300000001133e-01
2.508000000000000229e-01,-1.169484620800000041e+00,3.321153792000001159e-01
2.513500000000000179e-01,-1.169126377200000011e+00,3.335736228000000247e-01
2.519000000000000128e-01,-1.168764939199999908e+00,3.350350608000000618e-01
2.524500000000000077e-01,-1.168400306799999955e+00,3.364996932000000607e-01
2.530000000000000027e-01,-1.168032479999999929e+00,3.379675200000000213e-01
2.535499999999999976e-01,-1.167661458800000052e+00,3.394385412000000546e-01
2.540999999999999925e-01,-1.167287243200000102e+00,3.409127567999999942e-01
2.546500000000000430e-01,-1.166909833200000080e+00,3.423901668000001175e-01
2.552000000000000379e-01,-1.166529228799999984e+00,3.438707712000000916e-01
2.557500000000000329e-01,-1.166145430000000038e+00,3.453545700000000829e-01
2.563000000000000278e-01,-1.165758436800000020e+00,3.468415632000000914e-01
2.568500000000000227e-01,-1.165368249199999928e+00,3.483317508000001173e-01
2.574000000000000177e-01,-1.164974867199999986e+00,3.498251328000000493e-01
2.579500000000000126e-01,-1.164578290799999971e+00,3.513217092000000541e-01
2.585000000000000075e-01,-1.164178520000000105e+00,3.528214800000000206e-01
2.590500000000000025e-01,-1.163775554799999945e+00,3.543244452000000044e-01
2.595999999999999974e-01,-1.163369395199999934e+00,3.558306048000000055e-01
2.601499999999999924e-01,-1.162960041200000072e+00,3.573399587999999683e-01
2.607000000000000428e-01,-1.162547492799999915e+00,3.588525072000001703e-01
2.612500000000000377e-01,-1.162131749999999908e+00,3.603682500000001121e-01
2.618000000000000327e-01,-1.161712812800000050e+00,3.618871872000000711e-01
2.623500000000000276e-01,-1.161290681199999897e+00,3.634093188000001029e-01
2.629000000000000226e-01,-1.160865355199999893e+00,3.649346448000000964e-01
2.634500000000000175e-01,-1.160436834800000039e+00,3.664631652000001072e-01
2.640000000000000124e-01,-1.160005120000000112e+00,3.679948800000000242e-01
2.645500000000000074e-01,-1.159570210800000112e+00,3.695297892000000139e-01
2.651000000000000023e-01,-1.159132107200000039e+00,3.710678928000000210e-01
2.656499999999999972e-01,-1.158690809199999894e+00,3.726091908000000452e-01
2.661999999999999922e-01,-1.158246316799999898e+00,3.741536832000000312e-01
2.667500000000000426e-01,-1.157798629999999829e+00,3.757013700000001455e-01
2.673000000000000376e-01,-1.157347748799999909e+00,3.772522512000001105e-01
2.678500000000000325e-01,-1.156893673199999917e+00,3.788063268000000927e-01
2.684000000000000274e-01,-1.156436403199999852e+00,3.803635968000000922e-01
2.689500000000000224e-01,-1.155975938799999936e+00,3.819240612000001089e-01
2.695000000000000173e-01,-1.155512279999999947e+00,3.834877200000000874e-01
2.700500000000000123e-01,-1.155045426799999886e+00,3.850545732000000831e-01
2.706000000000000072e-01,-1.154575379199999974e+00,3.866246208000000406e-01
2.711500000000000021e-01,-1.154102137199999989e+00,3.881978628000000153e-01
2.716999999999999971e-01,-1.153625700799999931e+00,3.897742992000000073e-01
2.722499999999999920e-01,-1.153146070000000023e+00,3.913539300000000165e-01
2.728000000000000425e-01,-1.152663244799999820e+00,3.929367552000001540e-01
2.733500000000000374e-01,-1.152177225199999988e+00,3.945227748000001422e-01
2.739000000000000323e-01,-1.151688011200000084e+00,3.961119888000000921e-01
2.744500000000000273e-01,-1.151195602800000106e+00,3.977043972000000593e-01
2.750000000000000222e-01,-1.150700000000000056e+00,3.993000000000000993e-01
2.755500000000000171e-01,-1.150201202799999933e+00,4.008987972000001010e-01
2.761000000000000121e-01,-1.149699211199999960e+00,4.025007888000000644e-01
2.766500000000000070e-01,-1.149194025199999913e+00,4.041059747999999896e-01
2.772000000000000020e-01,-1.148685644800000016e+00,4.057143551999999875e-01
2.777499999999999969e-01,-1.148174070000000047e+00,4.073259300000000027e-01
2.782999999999999918e-01,-1.147659300800000004e+00,4.089406991999999796e-01
2.788500000000000423e-01,-1.147141337199999889e+00,4.105586628000001403e-01
2.794000000000000372e-01,-1.146620179199999923e+00,4.121798208000001518e-01
2.799500000000000322e-01,-1.146095826799999884e+00,4.138041732000001249e-01
2.805000000000000271e-01,-1.145568279999999994e+00,4.154317200000000598e-01
2.810500000000000220e-01,-1.145037538800000032e+00,4.170624612000000675e-01
2.816000000000000170e-01,-1.144503603199999997e+00,4.186963968000000924e-01
2.821500000000000119e-01,-1.143966473199999889e+00,4.203335268000000791e-01
2.827000000000000068e-01,-1.143426148799999931e+00,4.219738512000000830e-01
2.832500000000000018e-01,-1.142882629999999899e+00,4.236173699999999931e-01
2.837999999999999967e-01,-1.142335916800000017e+00,4.252640831999999760e-01
2.843499999999999917e-01,-1.141786009200000063e+00,4.269139907999999761e-01
2.849000000000000421e-01,-1.141232907200000035e+00,4.285670928000001600e-01
2.854500000000000370e-01,-1.140676610799999935e+00,4.302233892000001392e-01
2.860000000000000320e-01,-1.140117119999999984e+00,4.318828800000001356e-01
2.865500000000000269e-01,-1.139554434799999960e+00,4.335455652000000937e-01
2.871000000000000218e-01,-1.138988555200000086e+00,4.352114448000000690e-01
2.876500000000000168e-01,-1.138419481199999916e+00,4.368805188000000617e-01
2.882000000000000117e-01,-1.137847212799999896e+00,4.385527872000000715e-01
2.887500000000000067e-01,-1.137271750000000026e+00,4.402282500000000431e-01
2.893000000000000016e-01,-1.136693092800000082e+00,4.419069071999999765e-01
2.898499999999999965e-01,-1.136111241200000066e+00,4.435887587999999826e-01
2.903999999999999915e-01,-1.135526195199999977e+00,4.452738048000000060e-01
2.909500000000000419e-01,-1.134937954799999815e+00,4.469620452000001576e-01
2.915000000000000369e-01,-1.134346519999999803e+00,4.486534800000001599e-01
2.920500000000000318e-01,-1.133751890799999940e+00,4.503481092000001240e-01
2.926000000000000267e-01,-1.133154067200000004e+00,4.520459328000001054e-01
2.931500000000000217e-01,-1.132553049199999995e+00,4.537469508000000484e-01
2.937000000000000166e-01,-1.131948836799999913e+00,4.554511632000000643e-01
2.942500000000000115e-01,-1.131341429999999981e+00,4.571585700000000418e-01
2.948000000000000065e-01,-1.130730828799999976e+00,4.588691712000000367e-01
2.953500000000000014e-01,-1.130117033199999899e+00,4.605829668000000487e-01
2.958999999999999964e-01,-1.129500043199999970e+00,4.622999567999999670e-01
2.964499999999999913e-01,-1.128879858799999969e+00,4.640201411999999581e-01
2.970000000000000417e-01,-1.128256479999999895e+00,4.657435200000001330e-01
2.975500000000000367e-01,-1.127629906799999970e+00,4.674700932000001030e-01
2.981000000000000316e-01,-1.127000139199999973e+00,4.691998608000001458e-01
2.986500000000000266e-01,-1.126367177199999903e+00,4.709328228000001504e-01
2.992000000000000215e-01,-1.125731020799999982e+00,4.726689792000001167e-01
2.997500000000000164e-01,-1.125091669999999988e+00,4.744083300000000447e-01
3.003000000000000114e-01,-1.124449124799999922e+00,4.761508752000000455e-01
3.008500000000000063e-01,-1.123803385200000005e+00,4.778966148000000635e-01
3.014000000000000012e-01,-1.123154451200000015e+00,4.796455488000000433e-01
3.019499999999999962e-01,-1.122502322799999952e+00,4.813976772000000404e-01
3.024999999999999911e-01,-1.121847000000000039e+00,4.831529999999999991e-01
3.030500000000000416e-01,-1.121188482800000052e+00,4.849115172000001417e-01
3.036000000000000365e-01,-1.120526771199999994e+00,4.866732288000001350e-01
3.041500000000000314e-01,-1.119861865199999862e+00,4.884381348000001455e-01
3.047000000000000264e-01,-1.119193764799999880e+00,4.902062352000001177e-01
3.052500000000000213e-01,-1.118522469999999824e+00,4.919775300000001073e-01
3.058000000000000163e-01,-1.117847980799999918e+00,4.937520192000000585e-01
3.063500000000000112e-01,-1.117170297199999940e+00,4.955297028000000270e-01
3.069000000000000061e-01,-1.116489419200000111e+00,4.973105808000000128e-01
3.074500000000000011e-01,-1.115805346799999986e+00,4.990946532000000158e-01
3.079999999999999960e-01,-1.115118080000000012e+00,5.008819199999999805e-01
3.085499999999999909e-01,-1.114427618800000186e+00,5.026723811999999070e-01
3.091000000000000414e-01,-1.113733963199999843e+00,5.044660368000002393e-01
3.096500000000000363e-01,-1.113037113199999872e+00,5.062628868000000892e-01
3.102000000000000313e-01,-1.112337068800000051e+00,5.080629312000001230e-01
3.107500000000000262e-01,-1.111633829999999934e+00,5.098661700000001185e-01
3.113000000000000211e-01,-1.110927396799999967e+00,5.116726032000000757e-01
3.118500000000000161e-01,-1.110217769199999926e+00,5.134822308000001057e-01
3.124000000000000110e-01,-1.109504947200000036e+00,5.152950527999999863e-01
3.129500000000000060e-01,-1.108788930799999850e+00,5.171110692000000508e-01
3.135000000000000009e-01,-1.108069720000000036e+00,5.189302800000000770e-01
3.140499999999999958e-01,-1.107347314799999927e+00,5.207526852000000650e-01
3.146000000000000463e-01,-1.106621715199999745e+00,5.225782848000002367e-01
3.151500000000000412e-01,-1.105892921199999934e+00,5.244070788000001482e-01
3.157000000000000361e-01,-1.105160932800000051e+00,5.262390672000001324e-01
3.162500000000000311e-01,-1.104425749999999873e+00,5.280742500000000783e-01
3.168000000000000260e-01,-1.103687372800000066e+00,5.299126272000000970e-01
3.173500000000000210e-01,-1.102945801199999964e+00,5.317541988000000774e-01
3.179000000000000159e-01,-1.102201035199999790e+00,5.335989648000001306e-01
3.184500000000000108e-01,-1.101453074799999765e+00,5.354469252000001456e-01
3.190000000000000058e-01,-1.100701920000000111e+00,5.372980800000000112e-01
3.195500000000000007e-01,-1.099947570799999941e+00,5.391524292000000607e-01
3.200999999999999956e-01,-1.099190027199999919e+00,5.410099728000000718e-01
3.206500000000000461e-01,-1.098429289199999825e+00,5.428707108000001558e-01
3.212000000000000410e-01,-1.097665356799999881e+00,5.447346432000002014e-01
3.217500000000000360e-01,-1.096898229999999863e+00,5.466017700000002089e-01
3.223000000000000309e-01,-1.096127908799999995e+00,5.484720912000000670e-01
3.228500000000000258e-01,-1.095354393200000054e+00,5.503456068000001089e-01
3.234000000000000208e-01,-1.094577683199999818e+00,5.522223168000001126e-01
3.239500000000000157e-01,-1.093797778799999953e+00,5.541022212000000779e-01
3.245000000000000107e-01,-1.093014680000000016e+00,5.559853200000001161e-01
3.250500000000000056e-01,-1.092228386800000006e+00,5.578716132000000050e-01
3.256000000000000005e-01,-1.091438899199999923e+00,5.597611007999999666e-01
3.261499999999999955e-01,-1.090646217199999990e+00,5.616537828000000010e-01
3.267000000000000459e-01,-1.089850340799999984e+00,5.635496592000002192e-01
3.272500000000000409e-01,-1.089051269999999905e+00,5.654487300000001770e-01
3.278000000000000358e-01,-1.088249004799999753e+00,5.673509952000002077e-01
3.283500000000000307e-01,-1.087443545199999750e+00,5.692564548000002000e-01
3.289000000000000257e-01,-1.086634891200000119e+00,5.711651088000000431e-01
3.294500000000000206e-01,-1.085823042799999971e+00,5.730769572000000700e-01
3.300000000000000155e-01,-1.085007999999999972e+00,5.749920000000000586e-01
3.305500000000000105e-01,-1.084189762799999901e+00,5.769102372000001200e-01
3.311000000000000054e-01,-1.083368331199999979e+00,5.788316688000000321e-01
3.316500000000000004e-01,-1.082543705199999984e+00,5.807562948000000169e-01
3.321999999999999953e-01,-1.081715884799999916e+00,5.826841151999999635e-01
3.327500000000000457e-01,-1.080884869999999776e+00,5.846151300000002049e-01
3.333000000000000407e-01,-1.080050660800000006e+00,5.865493392000001860e-01
3.338500000000000356e-01,-1.079213257199999942e+00,5.884867428000001288e-01
3.344000000000000306e-01,-1.078372659199999806e+00,5.904273408000001444e-01
3.349500000000000255e-01,-1.077528866799999818e+00,5.923711332000001217e-01
3.355000000000000204e-01,-1.076681879999999980e+00,5.943181200000000608e-01
3.360500000000000154e-01,-1.075831698800000069e+00,5.962683012000000726e-01
3.366000000000000103e-01,-1.074978323199999863e+00,5.982216768000000462e-01
3.371500000000000052e-01,-1.074121753200000029e+00,6.001782468000000925e-01
3.377000000000000002e-01,-1.073261988800000122e+00,6.021380111999999896e-01
3.382499999999999951e-01,-1.072399030000000142e+00,6.041009699999999594e-01
3.388000000000000456e-01,-1.071532876800000089e+00,6.060671232000001130e-01
3.393500000000000405e-01,-1.070663529199999964e+00,6.080364708000001173e-01
3.399000000000000354e-01,-1.069790987199999766e+00,6.100090128000001943e-01
3.404500000000000304e-01,-1.068915250799999939e+00,6.119847492000001221e-01
3.410000000000000253e-01,-1.068036320000000039e+00,6.139636800000001227e-01
3.415500000000000203e-01,-1.067154194800000067e+00,6.159458052000000849e-01
3.421000000000000152e-01,-1.066268875200000021e+00,6.179311248000001200e-01
3.426500000000000101e-01,-1.065380361199999903e+00,6.199196388000001168e-01
3.432000000000000051e-01,-1.064488652799999935e+00,6.219113472000000753e-01
3.437500000000000000e-01,-1.063593749999999893e+00,6.239062500000001066e-01
3.442999999999999949e-01,-1.062695652800000001e+00,6.259043471999999886e-01
3.448500000000000454e-01,-1.061794361199999814e+00,6.279056388000002764e-01
3.454000000000000403e-01,-1.060889875199999999e+00,6.299101248000001929e-01
3.459500000000000353e-01,-1.059982194799999888e+00,6.319178052000001822e-01
3.465000000000000302e-01,-1.059071319999999927e+00,6.339286800000001332e-01
3.470500000000000251e-01,-1.058157250799999893e+00,6.359427492000001569e-01
3.476000000000000201e-01,-1.057239987200000009e+00,6.379600128000001424e-01
3.481500000000000150e-01,-1.056319529200000051e+00,6.399804708000000897e-01
3.487000000000000099e-01,-1.055395876800000021e+00,6.420041232000001097e-01
3.492500000000000049e-01,-1.054469029999999918e+00,6.440309700000000914e-01
3.497999999999999998e-01,-1.053538988799999965e+00,6.460610112000000349e-01
3.503499999999999948e-01,-1.052605753199999938e+00,6.480942468000000511e-01
3.509000000000000452e-01,-1.051669323199999839e+00,6.501306768000002512e-01
3.514500000000000401e-01,-1.050729698799999889e+00,6.521703012000001909e-01
3.520000000000000351e-01,-1.049786880000000089e+00,6.542131200000000923e-01
3.525500000000000300e-01,-1.048840866799999993e+00,6.562591332000001776e-01
3.531000000000000250e-01,-1.047891659199999825e+00,6.583083408000001135e-01
3.536500000000000199e-01,-1.046939257200000029e+00,6.603607428000001223e-01
3.542000000000000148e-01,-1.045983660799999937e+00,6.624163392000000927e-01
3.547500000000000098e-01,-1.045024869999999995e+00,6.644751300000000249e-01
3.553000000000000047e-01,-1.044062884799999980e+00,6.665371152000000299e-01
3.558499999999999996e-01,-1.043097705200000114e+00,6.686022947999999966e-01
3.563999999999999946e-01,-1.042129331199999953e+00,6.706706688000000360e-01
3.569500000000000450e-01,-1.041157762799999720e+00,6.727422372000002593e-01
3.575000000000000400e-01,-1.040182999999999858e+00,6.748170000000002222e-01
3.580500000000000349e-01,-1.039205042799999923e+00,6.768949572000001469e-01
3.586000000000000298e-01,-1.038223891199999915e+00,6.789761088000001443e-01
3.591500000000000248e-01,-1.037239545199999835e+00,6.810604548000001035e-01
3.597000000000000197e-01,-1.036252004799999904e+00,6.831479952000001354e-01
3.602500000000000147e-01,-1.035261269999999900e+00,6.852387300000001291e-01
3.608000000000000096e-01,-1.034267340800000046e+00,6.873326592000000845e-01
3.613500000000000045e-01,-1.033270217200000118e+00,6.894297828000000017e-01
3.618999999999999995e-01,-1.032269899200000118e+00,6.915301007999999916e-01
3.624499999999999944e-01,-1.031266386800000046e+00,6.936336132000000543e-01
3.630000000000000449e-01,-1.030259679999999900e+00,6.957403200000001897e-01
3.635500000000000398e-01,-1.029249778799999904e+00,6.978502212000001759e-01
3.641000000000000347e-01,-1.028236683199999835e+00,6.999633168000002348e-01
3.646500000000000297e-01,-1.027220393199999915e+00,7.020796068000001444e-01
3.652000000000000246e-01,-1.026200908799999922e+00,7.041990912000001268e-01
3.657500000000000195e-01,-1.025178229999999857e+00,7.063217700000000709e-01
3.663000000000000145e-01,-1.024152356799999941e+00,7.084476432000000878e-01
3.668500000000000094e-01,-1.023123289199999952e+00,7.105767108000000665e-01
3.674000000000000044e-01,-1.022091027200000113e+00,7.127089728000000068e-01
3.679499999999999993e-01,-1.021055570799999979e+00,7.148444292000000200e-01
3.685000000000000497e-01,-1.020016919999999772e+00,7.169830800000002169e-01
3.690500000000000447e-01,-1.018975074799999936e+00,7.191249252000001535e-01
3.696000000000000396e-01,-1.017930035200000027e+00,7.212699648000001629e-01
3.701500000000000346e-01,-1.016881801199999824e+00,7.234181988000002450e-01
3.707000000000000295e-01,-1.015830372799999992e+00,7.255696272000000668e-01
3.712500000000000244e-01,-1.014775750000000087e+00,7.277242500000000724e-01
3.718000000000000194e-01,-1.013717932799999888e+00,7.298820672000001508e-01
3.723500000000000143e-01,-1.012656921200000060e+00,7.320430788000000799e-01
3.729000000000000092e-01,-1.011592715199999937e+00,7.342072848000000818e-01
3.734500000000000042e-01,-1.010525314799999963e+00,7.363746852000000453e-01
3.739999999999999991e-01,-1.009454719999999917e+00,7.385452799999999707e-01
3.745500000000000496e-01,-1.008380930800000019e+00,7.407190692000001908e-01
3.751000000000000445e-01,-1.007303947200000049e+00,7.428960528000001506e-01
3.756500000000000394e-01,-1.006223769200000007e+00,7.450762308000001832e-01
3.762000000000000344e-01,-1.005140396799999891e+00,7.472596032000001776e-01
3.767500000000000293e-01,-1.004053829999999925e+00,7.494461700000001336e-01
3.773000000000000242e-01,-1.002964068799999886e+00,7.516359312000000514e-01
3.778500000000000192e-01,-1.001871113199999996e+00,7.538288868000000420e-01
3.784000000000000141e-01,-1.000774963200000034e+00,7.560250368000001053e-01
3.789500000000000091e-01,-9.996756187999998877e-01,7.582243812000001304e-01
3.795000000000000040e-01,-9.985730799999998908e-01,7.604269200000001172e-01
3.800499999999999989e-01,-9.974673467999999321e-01,7.626326532000000658e-01
3.806000000000000494e-01,-9.963584191999999007e-01,7.648415808000001981e-01
3.811500000000000443e-01,-9.952462971999999075e-01,7.670537028000001811e-01
3.817000000000000393e-01,-9.941309807999998416e-01,7.692690192000002369e-01
3.822500000000000342e-01,-9.930124699999999249e-01,7.714875300000001435e-01
3.828000000000000291e-01,-9.918907647999998245e-01,7.737092352000002338e-01
3.833500000000000241e-01,-9.907658651999998733e-01,7.759341348000001748e-01
3.839000000000000190e-01,-9.896377711999998494e-01,7.781622288000001886e-01
3.844500000000000139e-01,-9.885064827999998638e-01,7.803935172000001641e-01
3.850000000000000089e-01,-9.873720000000000274e-01,7.826279999999999903e-01
3.855500000000000038e-01,-9.862343228000000073e-01,7.848656772000000004e-01
3.860999999999999988e-01,-9.850934512000000254e-01,7.871065487999999721e-01
3.866500000000000492e-01,-9.839493851999998597e-01,7.893506148000002387e-01
3.872000000000000441e-01,-9.828021247999998433e-01,7.915978752000002450e-01
3.877500000000000391e-01,-9.816516699999998652e-01,7.938483300000002130e-01
3.883000000000000340e-01,-9.804980207999998143e-01,7.961019792000002537e-01
3.888500000000000290e-01,-9.793411772000000237e-01,7.983588228000000342e-01
3.894000000000000239e-01,-9.781811391999999383e-01,8.006188608000001095e-01
3.899500000000000188e-01,-9.770179068000000022e-01,8.028820932000000354e-01
3.905000000000000138e-01,-9.758514799999999934e-01,8.051485200000000342e-01
3.910500000000000087e-01,-9.746818587999999117e-01,8.074181412000001057e-01
3.916000000000000036e-01,-9.735090431999999794e-01,8.096909568000000279e-01
3.921499999999999986e-01,-9.723330331999999743e-01,8.119669668000000229e-01
3.927000000000000490e-01,-9.711538287999998964e-01,8.142461712000002017e-01
3.932500000000000440e-01,-9.699714299999999678e-01,8.165285700000001201e-01
3.938000000000000389e-01,-9.687858367999998555e-01,8.188141632000002224e-01
3.943500000000000338e-01,-9.675970491999998924e-01,8.211029508000001753e-01
3.949000000000000288e-01,-9.664050671999998565e-01,8.233949328000002010e-01
3.954500000000000237e-01,-9.652098907999998589e-01,8.256901092000001885e-01
3.960000000000000187e-01,-9.640115199999998996e-01,8.279884800000001377e-01
3.965500000000000136e-01,-9.628099547999998675e-01,8.302900452000001597e-01
3.971000000000000085e-01,-9.616051951999998737e-01,8.325948048000001434e-01
3.976500000000000035e-01,-9.603972412000000292e-01,8.349027587999999778e-01
3.981999999999999984e-01,-9.591860928000000008e-01,8.372139071999999960e-01
3.987500000000000488e-01,-9.579717499999997887e-01,8.395282500000003090e-01
3.993000000000000438e-01,-9.567542127999998369e-01,8.418457872000002506e-01
3.998500000000000387e-01,-9.555334811999998124e-01,8.441665188000002651e-01
4.004000000000000337e-01,-9.543095551999998261e-01,8.464904448000002413e-01
4.009500000000000286e-01,-9.530824347999997670e-01,8.488175652000002902e-01
4.015000000000000235e-01,-9.518521199999999682e-01,8.511478800000000788e-01
4.020500000000000185e-01,-9.506186107999999857e-01,8.534813892000000513e-01
4.026000000000000134e-01,-9.493819071999999304e-01,8.558180928000000964e-01
4.031500000000000083e-01,-9.481420091999999133e-01,8.581579908000001033e-01
4.037000000000000033e-01,-9.468989167999999346e-01,8.605010832000000720e-01
4.042499999999999982e-01,-9.456526299999999940e-01,8.628473700000000024e-01
4.048000000000000487e-01,-9.444031487999997587e-01,8.651968512000003386e-01
4.053500000000000436e-01,-9.431504731999998947e-01,8.675495268000001925e-01
4.059000000000000385e-01,-9.418946031999999580e-01,8.699053968000001191e-01
4.064500000000000335e-01,-9.406355387999999484e-01,8.722644612000001185e-01
4.070000000000000284e-01,-9.393732799999998662e-01,8.746267200000001907e-01
4.075500000000000234e-01,-9.381078267999999332e-01,8.769921732000001136e-01
4.081000000000000183e-01,-9.368391791999999274e-01,8.793608208000001092e-01
4.086500000000000132e-01,-9.355673371999998489e-01,8.817326628000001776e-01
4.092000000000000082e-01,-9.342923007999999196e-01,8.841076992000000967e-01
4.097500000000000031e-01,-9.330140699999999176e-01,8.864859300000000886e-01
4.102999999999999980e-01,-9.317326447999998429e-01,8.888673552000001532e-01
4.108500000000000485e-01,-9.304480251999998064e-01,8.912519748000002906e-01
4.114000000000000434e-01,-9.291602111999998082e-01,8.936397888000002787e-01
4.119500000000000384e-01,-9.278692027999998482e-01,8.960307972000002286e-01
4.125000000000000333e-01,-9.265749999999998154e-01,8.984250000000002512e-01
4.130500000000000282e-01,-9.252776027999998210e-01,9.008223972000002355e-01
4.136000000000000232e-01,-9.239770111999998647e-01,9.032229888000001816e-01
4.141500000000000181e-01,-9.226732251999999468e-01,9.056267748000000894e-01
4.147000000000000131e-01,-9.213662447999999561e-01,9.080337552000000700e-01
4.152500000000000080e-01,-9.200560700000000036e-01,9.104439300000000124e-01
4.158000000000000029e-01,-9.187427007999999784e-01,9.128572992000000275e-01
4.163499999999999979e-01,-9.174261371999999914e-01,9.152738628000000043e-01
4.169000000000000483e-01,-9.161063791999998207e-01,9.176936208000002759e-01
4.174500000000000433e-01,-9.147834267999997993e-01,9.201165732000002873e-01
4.180000000000000382e-01,-9.134572799999999271e-01,9.225427200000001493e-01
4.185500000000000331e-01,-9.121279387999999821e-01,9.249720612000000841e-01
4.191000000000000281e-01,-9.107954031999999644e-01,9.274045968000000917e-01
4.196500000000000230e-01,-9.094596731999998740e-01,9.298403268000001720e-01
4.202000000000000179e-01,-9.081207487999999328e-01,9.322792512000001031e-01
4.207500000000000129e-01,-9.067786299999999189e-01,9.347213700000001069e-01
4.213000000000000078e-01,-9.054333167999999432e-01,9.371666832000000724e-01
4.218500000000000028e-01,-9.040848091999998948e-01,9.396151908000001107e-01
4.223999999999999977e-01,-9.027331071999998846e-01,9.420668928000001108e-01
4.229500000000000481e-01,-9.013782107999999127e-01,9.445217892000001836e-01
4.235000000000000431e-01,-9.000201199999998680e-01,9.469798800000002181e-01
4.240500000000000380e-01,-8.986588347999998616e-01,9.494411652000002144e-01
4.246000000000000330e-01,-8.972943551999998935e-01,9.519056448000001724e-01
4.251500000000000279e-01,-8.959266811999998525e-01,9.543733188000002032e-01
4.257000000000000228e-01,-8.945558127999998499e-01,9.568441872000001958e-01
4.262500000000000178e-01,-8.931817499999998855e-01,9.593182500000001500e-01
4.268000000000000127e-01,-8.918044928000000704e-01,9.617955071999999550e-01
4.273500000000000076e-01,-8.904240411999999605e-01,9.642759588000000548e-01
4.279000000000000026e-01,-8.890403951999999999e-01,9.667596048000000053e-01
4.284500000000000530e-01,-8.876535547999997444e-01,9.692464452000003616e-01
4.290000000000000480e-01,-8.862635199999997493e-01,9.717364800000003466e-01
4.295500000000000429e-01,-8.848702907999997924e-01,9.742297092000002934e-01
4.301000000000000378e-01,-8.834738671999997628e-01,9.767261328000003129e-01
4.306500000000000328e-01,-8.820742491999999935e-01,9.792257508000000721e-01
4.312000000000000277e-01,-8.806714367999999293e-01,9.817285632000001261e-01
4.317500000000000226e-01,-8.792654299999999035e-01,9.842345700000001418e-01
4.323000000000000176e-01,-8.778562287999999159e-01,9.867437712000001193e-01
4.328500000000000125e-01,-8.764438331999999665e-01,9.892561668000000585e-01
4.334000000000000075e-01,-8.750282431999999444e-01,9.917717568000000705e-01
4.339500000000000024e-01,-8.736094587999999606e-01,9.942905412000000442e-01
4.345000000000000528e-01,-8.721874799999999039e-01,9.968125200000002017e-01
4.350500000000000478e-01,-8.707623067999998856e-01,9.993376932000002100e-01
4.356000000000000427e-01,-8.693339391999997945e-01,1.001866060800000291e+00
4.361500000000000377e-01,-8.679023771999998527e-01,1.004397622800000223e+00
4.367000000000000326e-01,-8.664676207999998381e-01,1.006932379200000227e+00
4.372500000000000275e-01,-8.650296699999999728e-01,1.009470330000000082e+00
4.378000000000000225e-01,-8.635885247999998127e-01,1.012011475200000232e+00
4.383500000000000174e-01,-8.621441851999998018e-01,1.014555814800000233e+00
4.389000000000000123e-01,-8.606966511999999403e-01,1.017103348800000084e+00
4.394500000000000073e-01,-8.592459227999997839e-01,1.019654077200000231e+00
4.400000000000000022e-01,-8.577919999999999989e-01,1.022208000000000006e+00
4.405500000000000527e-01,-8.563348827999998081e-01,1.024765117200000297e+00
4.411000000000000476e-01,-8.548745711999998775e-01,1.027325428800000218e+00
4.416500000000000425e-01,-8.534110651999998742e-01,1.029888934800000211e+00
4.422000000000000375e-01,-8.519443647999997982e-01,1.032455635200000277e+00
4.427500000000000324e-01,-8.504744699999998714e-01,1.035025530000000193e+00
4.433000000000000274e-01,-8.490013807999998718e-01,1.037598619200000183e+00
4.438500000000000223e-01,-8.475250972000000216e-01,1.040174902800000023e+00
4.444000000000000172e-01,-8.460456191999998765e-01,1.042754380800000158e+00
4.449500000000000122e-01,-8.445629467999998807e-01,1.045337053200000144e+00
4.455000000000000071e-01,-8.430770800000000342e-01,1.047922919999999980e+00
4.460500000000000020e-01,-8.415880187999998929e-01,1.050511981200000111e+00
4.466000000000000525e-01,-8.400957631999997899e-01,1.053104236800000315e+00
4.471500000000000474e-01,-8.386003131999999471e-01,1.055699686800000148e+00
4.477000000000000424e-01,-8.371016687999998096e-01,1.058298331200000275e+00
4.482500000000000373e-01,-8.355998299999998213e-01,1.060900170000000253e+00
4.488000000000000322e-01,-8.340947967999999824e-01,1.063505203200000082e+00
4.493500000000000272e-01,-8.325865691999998486e-01,1.066113430800000206e+00
4.499000000000000221e-01,-8.310751471999998641e-01,1.068724852800000180e+00
4.504500000000000171e-01,-8.295605307999998068e-01,1.071339469200000227e+00
4.510000000000000120e-01,-8.280427199999998988e-01,1.073957280000000125e+00
4.515500000000000069e-01,-8.265217147999999181e-01,1.076578285200000096e+00
4.521000000000000019e-01,-8.249975151999998646e-01,1.079202484800000139e+00
4.526500000000000523e-01,-8.234701211999998494e-01,1.081829878800000255e+00
4.532000000000000473e-01,-8.219395327999998724e-01,1.084460467200000222e+00
4.537500000000000422e-01,-8.204057499999998226e-01,1.087094250000000262e+00
4.543000000000000371e-01,-8.188687727999997001e-01,1.089731227200000374e+00
4.548500000000000321e-01,-8.173286011999997269e-01,1.092371398800000337e+00
4.554000000000000270e-01,-8.157852351999999030e-01,1.095014764800000151e+00
4.559500000000000219e-01,-8.142386747999997842e-01,1.097661325200000260e+00
4.565000000000000169e-01,-8.126889200000000368e-01,1.100311079999999997e+00
4.570500000000000118e-01,-8.111359707999999946e-01,1.102964029200000029e+00
4.576000000000000068e-01,-8.095798271999998796e-01,1.105620172800000134e+00
4.581500000000000017e-01,-8.080204891999999139e-01,1.108279510800000089e+00
4.587000000000000521e-01,-8.064579567999997645e-01,1.110942043200000340e+00
4.592500000000000471e-01,-8.048922299999996532e-01,1.113607770000000441e+00
4.598000000000000420e-01,-8.033233087999999134e-01,1.116276691200000171e+00
4.603500000000000369e-01,-8.017511931999998787e-01,1.118948806800000195e+00
4.609000000000000319e-01,-8.001758831999999932e-01,1.121624116800000071e+00
4.614500000000000268e-01,-7.985973787999998130e-01,1.124302621200000241e+00
4.620000000000000218e-01,-7.970156800000000041e-01,1.126984320000000039e+00
4.625500000000000167e-01,-7.954307867999999004e-01,1.129669213200000133e+00
4.631000000000000116e-01,-7.938426991999999460e-01,1.132357300800000077e+00
4.636500000000000066e-01,-7.922514171999999189e-01,1.135048582800000094e+00
4.642000000000000015e-01,-7.906569407999998189e-01,1.137743059200000184e+00
4.647500000000000520e-01,-7.890592699999997572e-01,1.140440730000000347e+00
4.653000000000000469e-01,-7.874584047999997338e-01,1.143141595200000360e+00
4.658500000000000418e-01,-7.858543451999998597e-01,1.145845654800000224e+00
4.664000000000000368e-01,-7.842470911999999128e-01,1.148552908800000161e+00
4.669500000000000317e-01,-7.826366427999998931e-01,1.151263357200000170e+00
4.675000000000000266e-01,-7.810229999999998007e-01,1.153977000000000253e+00
4.680500000000000216e-01,-7.794061627999998576e-01,1.156693837200000186e+00
4.686000000000000165e-01,-7.777861311999998417e-01,1.159413868800000191e+00
4.691500000000000115e-01,-7.761629051999999751e-01,1.162137094800000048e+00
4.697000000000000064e-01,-7.745364848000000357e-01,1.164863515199999977e+00
4.702500000000000013e-01,-7.729068700000000236e-01,1.167593129999999979e+00
4.708000000000000518e-01,-7.712740607999998277e-01,1.170325939200000276e+00
4.713500000000000467e-01,-7.696380571999996700e-01,1.173061942800000423e+00
4.719000000000000417e-01,-7.679988591999996617e-01,1.175801140800000422e+00
4.724500000000000366e-01,-7.663564667999998026e-01,1.178543533200000271e+00
4.730000000000000315e-01,-7.647108799999998707e-01,1.181289120000000192e+00
4.735500000000000265e-01,-7.630620987999998661e-01,1.184037901200000187e+00
4.741000000000000214e-01,-7.614101232000000108e-01,1.186789876800000032e+00
4.746500000000000163e-01,-7.597549531999998607e-01,1.189545046800000172e+00
4.752000000000000113e-01,-7.580965887999998598e-01,1.192303411200000163e+00
4.757500000000000062e-01,-7.564350300000000082e-01,1.195064970000000004e+00
4.763000000000000012e-01,-7.547702767999998619e-01,1.197829723200000140e+00
4.768500000000000516e-01,-7.531023291999997538e-01,1.200597670800000349e+00
4.774000000000000465e-01,-7.514311871999999060e-01,1.203368812800000187e+00
4.779500000000000415e-01,-7.497568507999997633e-01,1.206143149200000320e+00
4.785000000000000364e-01,-7.480793199999997700e-01,1.208920680000000303e+00
4.790500000000000314e-01,-7.463985947999999260e-01,1.211701405200000137e+00
4.796000000000000263e-01,-7.447146751999997871e-01,1.214485324800000265e+00
4.801500000000000212e-01,-7.430275611999997976e-01,1.217272438800000245e+00
4.807000000000000162e-01,-7.413372527999997352e-01,1.220062747200000297e+00
4.812500000000000111e-01,-7.396437499999998222e-01,1.222856250000000200e+00
4.818000000000000060e-01,-7.379470528000000584e-01,1.225652947199999954e+00
4.823500000000000565e-01,-7.362471611999996668e-01,1.228452838800000446e+00
4.829000000000000514e-01,-7.345440751999997575e-01,1.231255924800000345e+00
4.834500000000000464e-01,-7.328377947999997755e-01,1.234062205200000317e+00
4.840000000000000413e-01,-7.311283199999997207e-01,1.236871680000000362e+00
4.845500000000000362e-01,-7.294156507999998151e-01,1.239684349200000257e+00
4.851000000000000312e-01,-7.276997871999998369e-01,1.242500212800000225e+00
4.856500000000000261e-01,-7.259807292000000079e-01,1.245319270800000044e+00
4.862000000000000210e-01,-7.242584767999998840e-01,1.248141523200000158e+00
4.867500000000000160e-01,-7.225330299999999095e-01,1.250966970000000122e+00
4.873000000000000109e-01,-7.208043887999998622e-01,1.253795611200000160e+00
4.878500000000000059e-01,-7.190725531999999642e-01,1.256627446800000047e+00
4.884000000000000563e-01,-7.173375231999996604e-01,1.259462476800000452e+00
4.889500000000000512e-01,-7.155992987999998389e-01,1.262300701200000264e+00
4.895000000000000462e-01,-7.138578799999999447e-01,1.265142120000000148e+00
4.900500000000000411e-01,-7.121132667999999777e-01,1.267986733200000105e+00
4.906000000000000361e-01,-7.103654591999999379e-01,1.270834540800000134e+00
4.911500000000000310e-01,-7.086144571999998254e-01,1.273685542800000237e+00
4.917000000000000259e-01,-7.068602607999998622e-01,1.276539739200000190e+00
4.922500000000000209e-01,-7.051028699999998262e-01,1.279397130000000216e+00
4.928000000000000158e-01,-7.033422847999999394e-01,1.282257715200000092e+00
4.933500000000000107e-01,-7.015785051999997579e-01,1.285121494800000264e+00
4.939000000000000057e-01,-6.998115311999997257e-01,1.287988468800000286e+00
4.944500000000000561e-01,-6.980413627999997317e-01,1.290858637200000381e+00
4.950000000000000511e-01,-6.962679999999997760e-01,1.293732000000000326e+00
4.955500000000000460e-01,-6.944914427999997475e-01,1.296608557200000345e+00
4.961000000000000409e-01,-6.927116911999998683e-01,1.299488308800000214e+00
4.966500000000000359e-01,-6.909287451999996943e-01,1.302371254800000377e+00
4.972000000000000308e-01,-6.891426047999996696e-01,1.305257395200000392e+00
4.977500000000000258e-01,-6.873532699999997941e-01,1.308146730000000257e+00
4.983000000000000207e-01,-6.855607408000000680e-01,1.311039259199999973e+00
4.988500000000000156e-01,-6.837650172000000470e-01,1.313934982799999984e+00
4.994000000000000106e-01,-6.819660991999999533e-01,1.316833900800000068e+00
4.999500000000000055e-01,-6.801639868000000089e-01,1.319736013200000002e+00
5.005000000000000560e-01,-6.783586799999996586e-01,1.322641320000000453e+00
5.010499999999999954e-01,-6.765501787999999017e-01,1.325549821200000089e+00
5.016000000000000458e-01,-6.747384831999996280e-01,1.328461516800000464e+00
5.021499999999999853e-01,-6.729235931999999476e-01,1.331376406800000023e+00
5.027000000000000357e-01,-6.711055087999999724e-01,1.334294491200000099e+00
5.032499999999999751e-01,-6.692842299999999245e-01,1.337215770000000026e+00
5.038000000000000256e-01,-6.674597567999998038e-01,1.340140243200000247e+00
5.043500000000000760e-01,-6.656320891999996103e-01,1.343067910800000542e+00
5.049000000000000155e-01,-6.638012271999997882e-01,1.345998772800000243e+00
5.054500000000000659e-01,-6.619671707999998933e-01,1.348932829200000239e+00
5.060000000000000053e-01,-6.601299199999999257e-01,1.351870080000000085e+00
5.065500000000000558e-01,-6.582894747999998852e-01,1.354810525200000226e+00
5.070999999999999952e-01,-6.564458351999997721e-01,1.357754164800000218e+00
5.076500000000000457e-01,-6.545990011999998082e-01,1.360700998800000283e+00
5.081999999999999851e-01,-6.527489727999999936e-01,1.363651027199999977e+00
5.087500000000000355e-01,-6.508957499999998841e-01,1.366604250000000187e+00
5.093000000000000860e-01,-6.490393327999997020e-01,1.369560667200000470e+00
5.098500000000000254e-01,-6.471797211999996691e-01,1.372520278800000382e+00
5.104000000000000759e-01,-6.453169151999997855e-01,1.375483084800000366e+00
5.109500000000000153e-01,-6.434509148000000511e-01,1.378449085199999979e+00
5.115000000000000657e-01,-6.415817199999998000e-01,1.381418280000000331e+00
5.120500000000000052e-01,-6.397093307999999201e-01,1.384390669200000090e+00
5.126000000000000556e-01,-6.378337471999997454e-01,1.387366252800000366e+00
5.131499999999999950e-01,-6.359549691999999421e-01,1.390345030800000048e+00
5.137000000000000455e-01,-6.340729967999996219e-01,1.393327003200000469e+00
5.142499999999999849e-01,-6.321878299999998951e-01,1.396312170000000075e+00
5.148000000000000353e-01,-6.302994687999998735e-01,1.399300531200000197e+00
5.153500000000000858e-01,-6.284079131999995571e-01,1.402292086800000614e+00
5.159000000000000252e-01,-6.265131631999998341e-01,1.405286836800000216e+00
5.164500000000000757e-01,-6.246152187999995942e-01,1.408284781200000557e+00
5.170000000000000151e-01,-6.227140799999999476e-01,1.411285920000000083e+00
5.175500000000000655e-01,-6.208097467999995622e-01,1.414290253200000569e+00
5.181000000000000050e-01,-6.189022191999999922e-01,1.417297780800000018e+00
5.186500000000000554e-01,-6.169914971999999054e-01,1.420308502800000205e+00
5.191999999999999948e-01,-6.150775807999999678e-01,1.423322419200000022e+00
5.197500000000000453e-01,-6.131604699999997354e-01,1.426339530000000355e+00
5.202999999999999847e-01,-6.112401648000000964e-01,1.429359835199999873e+00
5.208500000000000352e-01,-6.093166651999997185e-01,1.432383334800000352e+00
5.214000000000000856e-01,-6.073899711999994899e-01,1.435410028800000681e+00
5.219500000000000250e-01,-6.054600827999998547e-01,1.438439917200000195e+00
5.225000000000000755e-01,-6.035269999999997026e-01,1.441473000000000448e+00
5.230500000000000149e-01,-6.015907227999996998e-01,1.444509277200000330e+00
5.236000000000000654e-01,-5.996512511999998463e-01,1.447548748800000284e+00
5.241500000000000048e-01,-5.977085851999999200e-01,1.450591414800000090e+00
5.247000000000000552e-01,-5.957627247999996989e-01,1.453637275200000412e+00
5.252499999999999947e-01,-5.938136700000000712e-01,1.456686329999999918e+00
5.258000000000000451e-01,-5.918614207999997046e-01,1.459738579200000386e+00
5.263499999999999845e-01,-5.899059771999999313e-01,1.462794022800000038e+00
5.269000000000000350e-01,-5.879473391999996412e-01,1.465852660800000429e+00
5.274500000000000854e-01,-5.859855067999997225e-01,1.468914493200000448e+00
5.280000000000000249e-01,-5.840204799999999530e-01,1.471979520000000097e+00
5.285500000000000753e-01,-5.820522587999996666e-01,1.475047741200000484e+00
5.291000000000000147e-01,-5.800808431999999737e-01,1.478119156800000056e+00
5.296500000000000652e-01,-5.781062331999995418e-01,1.481193766800000589e+00
5.302000000000000046e-01,-5.761284287999999254e-01,1.484271571200000084e+00
5.307500000000000551e-01,-5.741474299999995701e-01,1.487352570000000540e+00
5.312999999999999945e-01,-5.721632367999998081e-01,1.490436763200000181e+00
5.318500000000000449e-01,-5.701758491999997513e-01,1.493524150800000339e+00
5.323999999999999844e-01,-5.681852671999998439e-01,1.496614732800000125e+00
5.329500000000000348e-01,-5.661914907999998636e-01,1.499708509200000206e+00
5.335000000000000853e-01,-5.641945199999995886e-01,1.502805480000000582e+00
5.340500000000000247e-01,-5.621943547999999069e-01,1.505905645200000142e+00
5.346000000000000751e-01,-5.601909951999997084e-01,1.509009004800000442e+00
5.351500000000000146e-01,-5.581844411999998812e-01,1.512115558800000148e+00
5.357000000000000650e-01,-5.561746927999997592e-01,1.515225307200000371e+00
5.362500000000000044e-01,-5.541617499999997865e-01,1.518338250000000222e+00
5.368000000000000549e-01,-5.521456127999997410e-01,1.521454387200000369e+00
5.373499999999999943e-01,-5.501262812000000668e-01,1.524573718799999922e+00
5.379000000000000448e-01,-5.481037551999996538e-01,1.527696244800000436e+00
5.384499999999999842e-01,-5.460780348000000561e-01,1.530821965199999912e+00
5.390000000000000346e-01,-5.440491199999997196e-01,1.533950880000000350e+00
5.395500000000000851e-01,-5.420170107999997544e-01,1.537082989200000416e+00
5.401000000000000245e-01,-5.399817071999997165e-01,1.540218292800000333e+00
5.406500000000000750e-01,-5.379432091999996057e-01,1.543356790800000544e+00
5.412000000000000144e-01,-5.359015167999998663e-01,1.546498483200000162e+00
5.417500000000000648e-01,-5.338566299999996101e-01,1.549643370000000520e+00
5.423000000000000043e-01,-5.318085487999999472e-01,1.552791451200000061e+00
5.428500000000000547e-01,-5.297572731999995455e-01,1.555942726800000564e+00
5.433999999999999941e-01,-5.277028031999999591e-01,1.559097196800000029e+00
5.439500000000000446e-01,-5.256451387999998559e-01,1.562254861200000233e+00
5.444999999999999840e-01,-5.235842799999999020e-01,1.565415720000000066e+00
5.450500000000000345e-01,-5.215202267999998753e-01,1.568579773200000194e+00
5.456000000000000849e-01,-5.194529791999995538e-01,1.571747020800000616e+00
5.461500000000000243e-01,-5.173825371999998257e-01,1.574917462800000223e+00
5.467000000000000748e-01,-5.153089007999995808e-01,1.578091099200000569e+00
5.472500000000000142e-01,-5.132320699999999292e-01,1.581267930000000099e+00
5.478000000000000647e-01,-5.111520447999997607e-01,1.584447955200000369e+00
5.483500000000000041e-01,-5.090688251999997416e-01,1.587631174800000267e+00
5.489000000000000545e-01,-5.069824111999998717e-01,1.590817588800000237e+00
5.494499999999999940e-01,-5.048928028000001511e-01,1.594007197199999837e+00
5.500000000000000444e-01,-5.027999999999996916e-01,1.597200000000000397e+00
5.505499999999999838e-01,-5.007040028000000476e-01,1.600395997199999920e+00
5.511000000000000343e-01,-4.986048111999996646e-01,1.603595188800000404e+00
5.516500000000000847e-01,-4.965024251999996530e-01,1.606797574800000517e+00
5.522000000000000242e-01,-4.943968447999997906e-01,1.610003155200000258e+00
5.527500000000000746e-01,-4.922880699999996335e-01,1.613211930000000516e+00
5.533000000000000140e-01,-4.901761008000000697e-01,1.616423899199999958e+00
5.538500000000000645e-01,-4.880609371999997670e-01,1.619639062800000362e+00
5.544000000000000039e-01,-4.859425792000000577e-01,1.622857420799999950e+00
5.549500000000000544e-01,-4.838210267999996095e-01,1.626078973200000499e+00
5.554999999999999938e-01,-4.816962799999999767e-01,1.629303720000000011e+00
5.560500000000000442e-01,-4.795683387999996050e-01,1.632531661200000483e+00
5.565999999999999837e-01,-4.774372032000000488e-01,1.635762796799999919e+00
5.571500000000000341e-01,-4.753028731999999756e-01,1.638997126800000093e+00
5.577000000000000846e-01,-4.731653487999996077e-01,1.642234651200000561e+00
5.582500000000000240e-01,-4.710246299999998332e-01,1.645475370000000215e+00
5.588000000000000744e-01,-4.688807167999995418e-01,1.648719283200000607e+00
5.593500000000000139e-01,-4.667336091999998438e-01,1.651966390800000184e+00
5.599000000000000643e-01,-4.645833071999996289e-01,1.655216692800000500e+00
5.604500000000000037e-01,-4.624298107999997853e-01,1.658470189200000222e+00
5.610000000000000542e-01,-4.602731199999998690e-01,1.661726880000000239e+00
5.615499999999999936e-01,-4.581132347999998800e-01,1.664986765200000107e+00
5.621000000000000441e-01,-4.559501551999998181e-01,1.668249844800000270e+00
5.626499999999999835e-01,-4.537838812000001276e-01,1.671516118799999839e+00
5.632000000000000339e-01,-4.516144127999996982e-01,1.674785587200000370e+00
5.637500000000000844e-01,-4.494417499999994181e-01,1.678058250000000751e+00
5.643000000000000238e-01,-4.472658927999997314e-01,1.681334107200000316e+00
5.648500000000000743e-01,-4.450868411999997498e-01,1.684613158800000399e+00
5.654000000000000137e-01,-4.429045951999996955e-01,1.687895404800000332e+00
5.659500000000000641e-01,-4.407191547999997905e-01,1.691180845200000338e+00
5.665000000000000036e-01,-4.385305200000000347e-01,1.694469479999999972e+00
5.670500000000000540e-01,-4.363386907999997621e-01,1.697761309200000346e+00
5.675999999999999934e-01,-4.341436672000000829e-01,1.701056332799999904e+00
5.681500000000000439e-01,-4.319454491999996648e-01,1.704354550800000423e+00
5.686999999999999833e-01,-4.297440368000000621e-01,1.707655963199999904e+00
5.692500000000000338e-01,-4.275394299999997205e-01,1.710960570000000347e+00
5.698000000000000842e-01,-4.253316287999995282e-01,1.714268371200000640e+00
5.703500000000000236e-01,-4.231206331999999293e-01,1.717579366800000118e+00
5.709000000000000741e-01,-4.209064431999995914e-01,1.720893556800000557e+00
5.714500000000000135e-01,-4.186890587999998470e-01,1.724210941200000180e+00
5.720000000000000639e-01,-4.164684799999995857e-01,1.727531520000000542e+00
5.725500000000000034e-01,-4.142447067999999177e-01,1.730855293200000089e+00
5.731000000000000538e-01,-4.120177391999997329e-01,1.734182260800000375e+00
5.736499999999999932e-01,-4.097875771999999195e-01,1.737512422800000067e+00
5.742000000000000437e-01,-4.075542207999998112e-01,1.740845779200000276e+00
5.747499999999999831e-01,-4.053176699999998522e-01,1.744182330000000114e+00
5.753000000000000336e-01,-4.030779247999998205e-01,1.747522075200000247e+00
5.758500000000000840e-01,-4.008349851999994939e-01,1.750865014800000674e+00
5.764000000000000234e-01,-3.985888511999997608e-01,1.754211148800000286e+00
5.769500000000000739e-01,-3.963395227999997328e-01,1.757560477200000415e+00
5.775000000000000133e-01,-3.940869999999998541e-01,1.760913000000000173e+00
5.780500000000000638e-01,-3.918312827999996806e-01,1.764268717200000447e+00
5.786000000000000032e-01,-3.895723712000001004e-01,1.767627628799999906e+00
5.791500000000000536e-01,-3.873102651999997814e-01,1.770989734800000326e+00
5.796999999999999931e-01,-3.850449648000000558e-01,1.774355035199999930e+00
5.802500000000000435e-01,-3.827764699999995912e-01,1.777723530000000496e+00
5.807999999999999829e-01,-3.805047807999999421e-01,1.781095219200000024e+00
5.813500000000000334e-01,-3.782298971999997761e-01,1.784470102800000291e+00
5.819000000000000838e-01,-3.759518191999995373e-01,1.787848180800000630e+00
5.824500000000000233e-01,-3.736705467999998920e-01,1.791229453200000155e+00
5.830000000000000737e-01,-3.713860799999995077e-01,1.794613920000000640e+00
5.835500000000000131e-01,-3.690984187999999389e-01,1.798001581200000087e+00
5.841000000000000636e-01,-3.668075631999996311e-01,1.801392436800000496e+00
5.846500000000000030e-01,-3.645135131999999167e-01,1.804786486800000089e+00
5.852000000000000535e-01,-3.622162687999996855e-01,1.808183731200000421e+00
5.857499999999999929e-01,-3.599158299999998256e-01,1.811584170000000160e+00
5.863000000000000433e-01,-3.576121967999998930e-01,1.814987803200000194e+00
5.868499999999999828e-01,-3.553053691999998875e-01,1.818394630800000078e+00
5.874000000000000332e-01,-3.529953471999998094e-01,1.821804652800000257e+00
5.879500000000000837e-01,-3.506821307999994364e-01,1.825217869200000731e+00
5.885000000000000231e-01,-3.483657199999998788e-01,1.828634280000000167e+00
5.890500000000000735e-01,-3.460461147999995823e-01,1.832053885200000565e+00
5.896000000000000130e-01,-3.437233151999998793e-01,1.835476684800000147e+00
5.901500000000000634e-01,-3.413973211999996593e-01,1.838902678800000468e+00
5.907000000000000028e-01,-3.390681327999998107e-01,1.842331867200000195e+00
5.912500000000000533e-01,-3.367357499999996673e-01,1.845764250000000439e+00
5.917999999999999927e-01,-3.344001728000001172e-01,1.849199827199999868e+00
5.923500000000000432e-01,-3.320614011999998283e-01,1.852638598800000258e+00
5.928999999999999826e-01,-3.297194352000001327e-01,1.856080564799999832e+00
5.934500000000000330e-01,-3.273742747999996983e-01,1.859525725200000368e+00
5.940000000000000835e-01,-3.250259199999996351e-01,1.862974080000000532e+00
5.945500000000000229e-01,-3.226743707999997213e-01,1.866425629200000325e+00
5.951000000000000734e-01,-3.203196271999997347e-01,1.869880372800000412e+00
5.956500000000000128e-01,-3.179616891999998973e-01,1.873338310800000128e+00
5.962000000000000632e-01,-3.156005567999995431e-01,1.876799443200000583e+00
5.967500000000000027e-01,-3.132362300000000044e-01,1.880263770000000001e+00
5.973000000000000531e-01,-3.108687087999995047e-01,1.883731291200000602e+00
5.978499999999999925e-01,-3.084979932000000424e-01,1.887202006799999943e+00
5.984000000000000430e-01,-3.061240831999996193e-01,1.890675916800000467e+00
5.989499999999999824e-01,-3.037469788000000115e-01,1.894153021199999953e+00
5.995000000000000329e-01,-3.013666799999998869e-01,1.897633320000000179e+00
6.000500000000000833e-01,-2.989831867999994675e-01,1.901116813200000699e+00
6.006000000000000227e-01,-2.965964991999998634e-01,1.904603500800000182e+00
6.011500000000000732e-01,-2.942066171999995206e-01,1.908093382800000626e+00
6.017000000000000126e-01,-2.918135407999997710e-01,1.911586459200000254e+00
6.022500000000000631e-01,-2.894172699999997267e-01,1.915082730000000399e+00
6.028000000000000025e-01,-2.870178047999998316e-01,1.918582195200000173e+00
6.033500000000000529e-01,-2.846151451999998638e-01,1.922084854800000242e+00
6.038999999999999924e-01,-2.822092911999998233e-01,1.925590708800000161e+00
6.044500000000000428e-01,-2.798002427999997099e-01,1.929099757200000376e+00
6.049999999999999822e-01,-2.773879999999999679e-01,1.932611999999999997e+00
6.055500000000000327e-01,-2.749725627999997091e-01,1.936127437200000356e+00
6.061000000000000831e-01,-2.725539311999995995e-01,1.939646068800000567e+00
6.066500000000000226e-01,-2.701321051999996392e-01,1.943167894800000406e+00
6.072000000000000730e-01,-2.677070847999996062e-01,1.946692915200000540e+00
6.077500000000000124e-01,-2.652788699999997224e-01,1.950221130000000302e+00
6.083000000000000629e-01,-2.628474607999995438e-01,1.953752539200000582e+00
6.088500000000000023e-01,-2.604128571999999586e-01,1.957287142800000046e+00
6.094000000000000528e-01,-2.579750591999996345e-01,1.960824940800000471e+00
6.099499999999999922e-01,-2.555340667999999038e-01,1.964365933200000081e+00
6.105000000000000426e-01,-2.530898799999996562e-01,1.967910120000000429e+00
6.110499999999999821e-01,-2.506424988000000020e-01,1.971457501199999962e+00
6.116000000000000325e-01,-2.481919231999998310e-01,1.975008076800000234e+00
6.121500000000000830e-01,-2.457381531999995872e-01,1.978561846800000579e+00
6.127000000000000224e-01,-2.432811887999999367e-01,1.982118811200000108e+00
6.132500000000000728e-01,-2.408210299999995474e-01,1.985678970000000598e+00
6.138000000000000123e-01,-2.383576767999999735e-01,1.989242323200000051e+00
6.143500000000000627e-01,-2.358911291999994386e-01,1.992808870800000687e+00
6.149000000000000021e-01,-2.334213871999999412e-01,1.996378612800000063e+00
6.154500000000000526e-01,-2.309484507999997049e-01,1.999951549200000400e+00
6.159999999999999920e-01,-2.284723200000000620e-01,2.003527679999999922e+00
6.165500000000000425e-01,-2.259929947999996802e-01,2.007107005200000405e+00
6.170999999999999819e-01,-2.235104752000003359e-01,2.010689524799999628e+00
6.176500000000000323e-01,-2.210247611999998085e-01,2.014275238800000256e+00
6.182000000000000828e-01,-2.185358527999992084e-01,2.017864147200000957e+00
6.187500000000000222e-01,-2.160437499999996458e-01,2.021456250000000399e+00
6.193000000000000727e-01,-2.135484527999997884e-01,2.025051547200000357e+00
6.198500000000000121e-01,-2.110499611999996361e-01,2.028650038800000388e+00
6.204000000000000625e-01,-2.085482751999996331e-01,2.032251724800000492e+00
6.209500000000000020e-01,-2.060433948000002236e-01,2.035856605199999780e+00
6.215000000000000524e-01,-2.035353199999996310e-01,2.039464680000000474e+00
6.220499999999999918e-01,-2.010240508000000759e-01,2.043075949199999908e+00
6.226000000000000423e-01,-1.985095871999997819e-01,2.046690412800000303e+00
6.231500000000000927e-01,-1.959919291999994151e-01,2.050308070800000770e+00
6.237000000000000322e-01,-1.934710767999996417e-01,2.053928923200000423e+00
6.242500000000000826e-01,-1.909470299999995735e-01,2.057552970000000592e+00
6.248000000000000220e-01,-1.884197888000000987e-01,2.061180211199999945e+00
6.253500000000000725e-01,-1.858893531999994408e-01,2.064810646800000704e+00
6.259000000000000119e-01,-1.833557231999998205e-01,2.068444276800000203e+00
6.264500000000000624e-01,-1.808188987999994612e-01,2.072081101200000663e+00
6.270000000000000018e-01,-1.782788799999996954e-01,2.075721120000000308e+00
6.275500000000000522e-01,-1.757356667999996347e-01,2.079364333200000470e+00
6.280999999999999917e-01,-1.731892591999997233e-01,2.083010740800000260e+00
6.286500000000000421e-01,-1.706396571999999612e-01,2.086660342800000123e+00
6.292000000000000925e-01,-1.680868607999992381e-01,2.090313139200000947e+00
6.297500000000000320e-01,-1.655308699999999966e-01,2.093969130000000067e+00
6.303000000000000824e-01,-1.629716847999995721e-01,2.097628315200000593e+00
6.308500000000000218e-01,-1.604093051999997410e-01,2.101290694800000303e+00
6.314000000000000723e-01,-1.578437311999996151e-01,2.104956268800000529e+00
6.319500000000000117e-01,-1.552749627999996385e-01,2.108625037200000385e+00
6.325000000000000622e-01,-1.527029999999998111e-01,2.112297000000000313e+00
6.330500000000000016e-01,-1.501278427999996889e-01,2.115972157200000314e+00
6.336000000000000520e-01,-1.475494911999997161e-01,2.119650508800000388e+00
6.341499999999999915e-01,-1.449679451999998925e-01,2.123332054800000090e+00
6.347000000000000419e-01,-1.423832047999997741e-01,2.127016795200000310e+00
6.352500000000000924e-01,-1.397952699999995829e-01,2.130704730000000602e+00
6.358000000000000318e-01,-1.372041407999995410e-01,2.134395859200000523e+00
6.363500000000000822e-01,-1.346098171999996485e-01,2.138090182800000516e+00
6.369000000000000217e-01,-1.320122991999994611e-01,2.141787700800000582e+00
6.374500000000000721e-01,-1.294115867999994229e-01,2.145488413200000721e+00
6.380000000000000115e-01,-1.268076799999999782e-01,2.149192320000000045e+00
6.385500000000000620e-01,-1.242005787999993505e-01,2.152899421200000774e+00
6.391000000000000014e-01,-1.215902831999997602e-01,2.156609716800000243e+00
6.396500000000000519e-01,-1.189767931999994310e-01,2.160323206800000673e+00
6.401999999999999913e-01,-1.163601087999996953e-01,2.164039891200000287e+00
6.407500000000000417e-01,-1.137402299999996647e-01,2.167759770000000419e+00
6.413000000000000922e-01,-1.111171567999995613e-01,2.171482843200000623e+00
6.418500000000000316e-01,-1.084908891999996072e-01,2.175209110800000456e+00
6.424000000000000821e-01,-1.058614271999993584e-01,2.178938572800000806e+00
6.429500000000000215e-01,-1.032287707999997028e-01,2.182671229200000340e+00
6.435000000000000719e-01,-1.005929199999993084e-01,2.186407080000000835e+00
6.440500000000000114e-01,-9.795387479999995151e-02,2.190146125200000071e+00
6.446000000000000618e-01,-9.531163519999985567e-02,2.193888364800000268e+00
6.451500000000000012e-01,-9.266620119999990912e-02,2.197633798800000093e+00
6.457000000000000517e-01,-9.001757279999966777e-02,2.201382427200000436e+00
6.462499999999999911e-01,-8.736575000000001978e-02,2.205134249999999962e+00
6.468000000000000416e-01,-8.471073279999963290e-02,2.208889267200000450e+00
6.473500000000000920e-01,-8.205252119999917326e-02,2.212647478800001011e+00
6.479000000000000314e-01,-7.939111519999975108e-02,2.216408884800000312e+00
6.484500000000000819e-01,-7.672651479999959001e-02,2.220173485200000574e+00
6.490000000000000213e-01,-7.405871999999957822e-02,2.223941280000000464e+00
6.495500000000000718e-01,-7.138773079999971571e-02,2.227712269200000428e+00
6.501000000000000112e-01,-6.871354720000000249e-02,2.231486452800000020e+00
6.506500000000000616e-01,-6.603616919999955037e-02,2.235263830800000573e+00
6.512000000000000011e-01,-6.335559680000013572e-02,2.239044403199999866e+00
6.517500000000000515e-01,-6.067182999999953807e-02,2.242828170000000565e+00
6.522999999999999909e-01,-5.798486879999997790e-02,2.246615131200000004e+00
6.528500000000000414e-01,-5.529471319999967882e-02,2.250405286800000404e+00
6.534000000000000918e-01,-5.260136319999930699e-02,2.254198636800000877e+00
6.539500000000000313e-01,-4.990481879999997261e-02,2.257995181200000090e+00
6.545000000000000817e-01,-4.720507999999945525e-02,2.261794920000000708e+00
6.550500000000000211e-01,-4.450214679999997536e-02,2.265597853200000067e+00
6.556000000000000716e-01,-4.179601919999931248e-02,2.269403980800000831e+00
6.561500000000000110e-01,-3.908669719999968706e-02,2.273213302800000335e+00
6.567000000000000615e-01,-3.637418079999932274e-02,2.277025819200000800e+00
6.572500000000000009e-01,-3.365846999999999589e-02,2.280841530000000006e+00
6.578000000000000513e-01,-3.093956479999993014e-02,2.284660435200000173e+00
6.583499999999999908e-01,-2.821746520000001368e-02,2.288482534799999968e+00
6.589000000000000412e-01,-2.549217119999980241e-02,2.292307828800000280e+00
6.594500000000000917e-01,-2.276368279999951838e-02,2.296136317200000665e+00
6.600000000000000311e-01,-2.003199999999982772e-02,2.299968000000000234e+00
6.605500000000000815e-01,-1.729712279999939817e-02,2.303802877200000765e+00
6.611000000000000210e-01,-1.455905119999956199e-02,2.307640948800000480e+00
6.616500000000000714e-01,-1.181778519999943100e-02,2.311482214800000712e+00
6.622000000000000108e-01,-9.073324799999893386e-03,2.315326675200000128e+00
6.627500000000000613e-01,-6.325669999999616877e-03,2.319174330000000506e+00
6.633000000000000007e-01,-3.574820799999933740e-03,2.323025179200000068e+00
6.638500000000000512e-01,-8.207771999995117085e-04,2.326879222800000591e+00
6.643999999999999906e-01,1.936460799999872862e-03,2.330736460799999854e+00
6.649500000000000410e-01,4.696893200000440416e-03,2.334596893200000522e+00
6.655000000000000915e-01,7.460520000000636642e-03,2.338460520000000820e+00
6.660500000000000309e-01,1.022734120000023950e-02,2.342327341200000301e+00
6.666000000000000814e-01,1.299735680000058125e-02,2.346197356800000744e+00
6.671500000000000208e-01,1.577056680000032962e-02,2.350070566800000371e+00
6.677000000000000712e-01,1.854697120000037280e-02,2.353946971200000515e+00
6.682500000000000107e-01,2.132657000000026670e-02,2.357826570000000288e+00
6.688000000000000611e-01,2.410936320000045541e-02,2.361709363200000578e+00
6.693500000000000005e-01,2.689535080000005074e-02,2.365595350800000052e+00
6.699000000000000510e-01,2.968453280000038497e-02,2.369484532800000487e+00
6.704499999999999904e-01,3.247690920000012582e-02,2.373376909200000107e+00
6.710000000000000409e-01,3.527248000000016148e-02,2.377272480000000243e+00
6.715500000000000913e-01,3.807124520000071399e-02,2.381171245200000897e+00
6.721000000000000307e-01,4.087320480000022904e-02,2.385073204800000291e+00
6.726500000000000812e-01,4.367835880000048299e-02,2.388978358800000645e+00
6.732000000000000206e-01,4.648670720000014356e-02,2.392886707200000185e+00
6.737500000000000711e-01,4.929825000000054303e-02,2.396798250000000685e+00
6.743000000000000105e-01,5.211298720000034912e-02,2.400712987200000370e+00
6.748500000000000609e-01,5.493091880000045002e-02,2.404630918800000572e+00
6.754000000000000004e-01,5.775204479999995755e-02,2.408552044799999958e+00
6.759500000000000508e-01,6.057636520000020397e-02,2.412476365200000306e+00
6.764999999999999902e-01,6.340387999999985702e-02,2.416403879999999837e+00
6.770500000000000407e-01,6.623458920000024897e-02,2.420334589200000330e+00
6.776000000000000911e-01,6.906849280000026958e-02,2.424268492800000452e+00
6.781500000000000306e-01,7.190559080000058501e-02,2.428205590800000646e+00
6.787000000000000810e-01,7.474588320000030706e-02,2.432145883200000469e+00
6.792500000000000204e-01,7.758936999999987982e-02,2.436089369999999921e+00
6.798000000000000709e-01,8.043605120000063557e-02,2.440036051200000777e+00
6.803500000000000103e-01,8.328592679999990978e-02,2.443985926799999930e+00
6.809000000000000608e-01,8.613899680000036696e-02,2.447938996800000488e+00
6.814500000000000002e-01,8.899526120000023077e-02,2.451895261200000231e+00
6.820000000000000506e-01,9.185472000000038939e-02,2.455854720000000491e+00
6.825499999999999901e-01,9.471737319999995464e-02,2.459817373199999935e+00
6.831000000000000405e-01,9.758322080000025878e-02,2.463783220800000340e+00
6.836500000000000909e-01,1.004522628000006357e-01,2.467752262800000818e+00
6.842000000000000304e-01,1.033244992000004192e-01,2.471724499200000480e+00
6.847500000000000808e-01,1.061999300000004975e-01,2.475699930000000659e+00
6.853000000000000203e-01,1.090785552000004266e-01,2.479678555200000467e+00
6.858500000000000707e-01,1.119603748000006505e-01,2.483660374800000792e+00
6.864000000000000101e-01,1.148453888000002809e-01,2.487645388800000301e+00
6.869500000000000606e-01,1.177335972000002062e-01,2.491633597200000327e+00
6.875000000000000000e-01,1.206250000000004263e-01,2.495625000000000426e+00
6.880500000000000504e-01,1.235195972000004971e-01,2.499619597200000598e+00
6.885999999999999899e-01,1.264173887999999746e-01,2.503617388799999954e+00
6.891500000000000403e-01,1.293183748000001909e-01,2.507618374800000272e+00
6.897000000000000908e-01,1.322225552000009241e-01,2.511622555200001106e+00
6.902500000000000302e-01,1.351299300000001757e-01,2.515629930000000236e+00
6.908000000000000806e-01,1.380404992000006104e-01,2.519640499200000772e+00
6.913500000000000201e-01,1.409542628000004516e-01,2.523654262800000492e+00
6.919000000000000705e-01,1.438712208000005877e-01,2.527671220800000729e+00
6.924500000000000099e-01,1.467913732000001303e-01,2.531691373200000150e+00
6.930000000000000604e-01,1.497147200000004119e-01,2.535714720000000533e+00
6.935499999999999998e-01,1.526412612000001001e-01,2.539741261200000100e+00
6.941000000000000503e-01,1.555709968000005272e-01,2.543770996800000628e+00
6.946499999999999897e-01,1.585039267999999169e-01,2.547803926799999896e+00
6.952000000000000401e-01,1.614400512000004895e-01,2.551840051200000570e+00
6.957500000000000906e-01,1.643793700000006908e-01,2.555879370000000872e+00
6.963000000000000300e-01,1.673218832000002987e-01,2.559921883200000359e+00
6.968500000000000805e-01,1.702675908000006455e-01,2.563967590800000806e+00
6.974000000000000199e-01,1.732164928000003989e-01,2.568016492800000439e+00
6.979500000000000703e-01,1.761685892000004472e-01,2.572068589200000588e+00
6.985000000000000098e-01,1.791238800000003462e-01,2.576123880000000366e+00
6.990500000000000602e-01,1.820823652000005399e-01,2.580182365200000660e+00
6.995999999999999996e-01,1.850440448000001403e-01,2.584244044800000140e+00
7.001500000000000501e-01,1.880089188000004796e-01,2.588308918800000580e+00
7.006999999999999895e-01,1.909769872000002255e-01,2.592376987200000205e+00
7.012500000000000400e-01,1.939482500000002663e-01,2.596448250000000346e+00
7.018000000000000904e-01,1.969227072000008238e-01,2.600522707200001005e+00
7.023500000000000298e-01,1.999003588000003440e-01,2.604600358800000404e+00
7.029000000000000803e-01,2.028812048000006030e-01,2.608681204800000764e+00
7.034500000000000197e-01,2.058652452000002686e-01,2.612765245200000308e+00
7.040000000000000702e-01,2.088524800000002291e-01,2.616852480000000369e+00
7.045500000000000096e-01,2.118429092000004843e-01,2.620942909200000503e+00
7.051000000000000600e-01,2.148365328000005903e-01,2.625036532800000710e+00
7.056499999999999995e-01,2.178333508000001029e-01,2.629133350800000102e+00
7.062000000000000499e-01,2.208333632000003544e-01,2.633233363200000454e+00
7.067499999999999893e-01,2.238365700000000125e-01,2.637336569999999991e+00
7.073000000000000398e-01,2.268429712000004095e-01,2.641442971200000489e+00
7.078500000000000902e-01,2.298525668000004352e-01,2.645552566800000616e+00
7.084000000000000297e-01,2.328653568000003116e-01,2.649665356800000371e+00
7.089500000000000801e-01,2.358813412000004828e-01,2.653781341200000643e+00
7.095000000000000195e-01,2.389005200000000606e-01,2.657900520000000100e+00
7.100500000000000700e-01,2.419228932000003773e-01,2.662022893200000517e+00
7.106000000000000094e-01,2.449484608000001007e-01,2.666148460800000120e+00
7.111500000000000599e-01,2.479772228000005629e-01,2.670277222800000683e+00
7.116999999999999993e-01,2.510091791999999877e-01,2.674409179199999986e+00
7.122500000000000497e-01,2.540443300000001514e-01,2.678544330000000251e+00
7.127999999999999892e-01,2.570826752000001658e-01,2.682682675200000144e+00
7.133500000000000396e-01,2.601242148000004750e-01,2.686824214800000554e+00
7.139000000000000901e-01,2.631689488000008570e-01,2.690968948800001037e+00
7.144500000000000295e-01,2.662168772000002015e-01,2.695116877200000260e+00
7.150000000000000799e-01,2.692680000000007290e-01,2.699268000000000889e+00
7.155500000000000194e-01,2.723223172000002190e-01,2.703422317200000258e+00
7.161000000000000698e-01,2.753798288000004479e-01,2.707579828800000588e+00
7.166500000000000092e-01,2.784405348000000835e-01,2.711740534800000102e+00
7.172000000000000597e-01,2.815044352000004579e-01,2.715904435200000577e+00
7.177499999999999991e-01,2.845715299999997949e-01,2.720071529999999793e+00
7.183000000000000496e-01,2.876418192000003149e-01,2.724241819200000414e+00
7.188499999999999890e-01,2.907153027999997974e-01,2.728415302799999775e+00
7.194000000000000394e-01,2.937919808000004629e-01,2.732591980800000542e+00
7.199500000000000899e-01,2.968718532000003130e-01,2.736771853200000493e+00
7.205000000000000293e-01,2.999549200000004578e-01,2.740954920000000516e+00
7.210500000000000798e-01,3.030411812000004534e-01,2.745141181200000613e+00
7.216000000000000192e-01,3.061306368000002998e-01,2.749330636800000338e+00
7.221500000000000696e-01,3.092232868000004409e-01,2.753523286800000580e+00
7.227000000000000091e-01,3.123191311999999886e-01,2.757719131200000007e+00
7.232500000000000595e-01,3.154181700000007194e-01,2.761918170000000838e+00
7.237999999999999989e-01,3.185204031999999685e-01,2.766120403199999966e+00
7.243500000000000494e-01,3.216258308000004007e-01,2.770325830800000499e+00
7.248999999999999888e-01,3.247344528000002395e-01,2.774534452800000217e+00
7.254500000000000393e-01,3.278462692000003731e-01,2.778746269200000452e+00
7.260000000000000897e-01,3.309612800000005794e-01,2.782961280000000759e+00
7.265500000000000291e-01,3.340794852000001924e-01,2.787179485200000251e+00
7.271000000000000796e-01,3.372008848000005443e-01,2.791400884800000703e+00
7.276500000000000190e-01,3.403254788000003028e-01,2.795625478800000341e+00
7.282000000000000695e-01,3.434532672000008002e-01,2.799853267200000939e+00
7.287500000000000089e-01,3.465842500000002602e-01,2.804084250000000278e+00
7.293000000000000593e-01,3.497184272000004590e-01,2.808318427200000578e+00
7.298499999999999988e-01,3.528557988000000645e-01,2.812555798800000062e+00
7.304000000000000492e-01,3.559963648000004088e-01,2.816796364800000507e+00
7.309499999999999886e-01,3.591401252000001598e-01,2.821040125200000137e+00
7.315000000000000391e-01,3.622870800000002056e-01,2.825287080000000284e+00
7.320500000000000895e-01,3.654372292000003242e-01,2.829537229200000503e+00
7.326000000000000290e-01,3.685905728000002934e-01,2.833790572800000351e+00
7.331500000000000794e-01,3.717471108000005575e-01,2.838047110800000716e+00
7.337000000000000188e-01,3.749068432000002282e-01,2.842306843200000266e+00
7.342500000000000693e-01,3.780697700000006378e-01,2.846569770000000776e+00
7.348000000000000087e-01,3.812358912000000100e-01,2.850835891200000027e+00
7.353500000000000592e-01,3.844052068000005651e-01,2.855105206800000683e+00
7.358999999999999986e-01,3.875777168000000827e-01,2.859377716800000080e+00
7.364500000000000490e-01,3.907534212000003393e-01,2.863653421200000437e+00
7.370000000000000995e-01,3.939323200000006686e-01,2.867932320000000868e+00
7.375500000000000389e-01,3.971144132000004046e-01,2.872214413200000482e+00
7.381000000000000894e-01,4.002997008000004353e-01,2.876499700800000614e+00
7.386500000000000288e-01,4.034881828000003168e-01,2.880788182800000374e+00
7.392000000000000792e-01,4.066798592000004930e-01,2.885079859200000651e+00
7.397500000000000187e-01,4.098747300000000759e-01,2.889374730000000113e+00
7.403000000000000691e-01,4.130727952000008418e-01,2.893672795200000980e+00
7.408500000000000085e-01,4.162740548000001262e-01,2.897974054800000143e+00
7.414000000000000590e-01,4.194785088000001494e-01,2.902278508800000267e+00
7.419499999999999984e-01,4.226861572000000233e-01,2.906586157200000020e+00
7.425000000000000488e-01,4.258970000000001921e-01,2.910897000000000290e+00
7.430500000000000993e-01,4.291110372000008777e-01,2.915211037200001076e+00
7.436000000000000387e-01,4.323282688000005258e-01,2.919528268800000603e+00
7.441500000000000892e-01,4.355486948000009129e-01,2.923848694800001091e+00
7.447000000000000286e-01,4.387723152000002624e-01,2.928172315200000320e+00
7.452500000000000790e-01,4.419991300000003509e-01,2.932499130000000509e+00
7.458000000000000185e-01,4.452291392000002901e-01,2.936829139200000327e+00
7.463500000000000689e-01,4.484623428000005241e-01,2.941162342800000662e+00
7.469000000000000083e-01,4.516987408000001647e-01,2.945498740800000181e+00
7.474500000000000588e-01,4.549383332000005442e-01,2.949838333200000662e+00
7.479999999999999982e-01,4.581811199999998863e-01,2.954181119999999883e+00
7.485500000000000487e-01,4.614271012000004113e-01,2.958527101200000509e+00
7.491000000000000991e-01,4.646762768000005650e-01,2.962876276800000763e+00
7.496500000000000385e-01,4.679286468000005694e-01,2.967228646800000647e+00
7.502000000000000890e-01,4.711842112000004246e-01,2.971584211200000603e+00
7.507500000000000284e-01,4.744429700000001304e-01,2.975942970000000187e+00
7.513000000000000789e-01,4.777049232000005752e-01,2.980304923200000733e+00
7.518500000000000183e-01,4.809700707999999825e-01,2.984670070800000019e+00
7.524000000000000687e-01,4.842384128000005727e-01,2.989038412800000710e+00
7.529500000000000082e-01,4.875099492000001256e-01,2.993409949200000142e+00
7.535000000000000586e-01,4.907846800000004173e-01,2.997784680000000535e+00
7.540499999999999980e-01,4.940626052000001156e-01,3.002162605200000112e+00
7.546000000000000485e-01,4.973437248000001087e-01,3.006543724800000206e+00
7.551500000000000989e-01,5.006280388000006187e-01,3.010928038800000817e+00
7.557000000000000384e-01,5.039155472000000913e-01,3.015315547200000168e+00
7.562500000000000888e-01,5.072062500000007468e-01,3.019706250000000924e+00
7.568000000000000282e-01,5.105001472000003648e-01,3.024100147200000421e+00
7.573500000000000787e-01,5.137972388000007218e-01,3.028497238800000879e+00
7.579000000000000181e-01,5.170975248000004854e-01,3.032897524800000522e+00
7.584500000000000686e-01,5.204010052000005437e-01,3.037301005200000681e+00
7.590000000000000080e-01,5.237076800000004528e-01,3.041707680000000469e+00
7.595500000000000584e-01,5.270175492000006567e-01,3.046117549200000774e+00
7.600999999999999979e-01,5.303306128000002673e-01,3.050530612800000263e+00
7.606500000000000483e-01,5.336468708000006167e-01,3.054946870800000713e+00
7.612000000000000988e-01,5.369663232000005948e-01,3.059366323200000792e+00
7.617500000000000382e-01,5.402889700000004236e-01,3.063788970000000500e+00
7.623000000000000886e-01,5.436148112000005472e-01,3.068214811200000725e+00
7.628500000000000281e-01,5.469438468000005216e-01,3.072643846800000578e+00
7.634000000000000785e-01,5.502760768000007907e-01,3.077076076800000948e+00
7.639500000000000179e-01,5.536115012000004665e-01,3.081511501200000502e+00
7.645000000000000684e-01,5.569501200000004371e-01,3.085950120000000574e+00
7.650500000000000078e-01,5.602919332000007024e-01,3.090391933200000718e+00
7.656000000000000583e-01,5.636369408000008185e-01,3.094836940800000935e+00
7.661499999999999977e-01,5.669851427999998972e-01,3.099285142799999893e+00
7.667000000000000481e-01,5.703365392000006029e-01,3.103736539200000699e+00
7.672500000000000986e-01,5.736911300000009373e-01,3.108191130000001134e+00
7.678000000000000380e-01,5.770489152000006783e-01,3.112648915200000754e+00
7.683500000000000885e-01,5.804098948000007141e-01,3.117109894800000891e+00
7.689000000000000279e-01,5.837740688000006006e-01,3.121574068800000656e+00
7.694500000000000783e-01,5.871414372000007820e-01,3.126041437200000939e+00
7.700000000000000178e-01,5.905119999999999258e-01,3.130511999999999961e+00
7.705500000000000682e-01,5.938857572000006968e-01,3.134985757200000833e+00
7.711000000000000076e-01,5.972627087999999862e-01,3.139462708800000001e+00
7.716500000000000581e-01,6.006428548000009027e-01,3.143942854800001019e+00
7.721999999999999975e-01,6.040261951999998935e-01,3.148426195199999889e+00
7.727500000000000480e-01,6.074127300000009555e-01,3.152912730000001051e+00
7.733000000000000984e-01,6.108024592000007580e-01,3.157402459200000955e+00
7.738500000000000378e-01,6.141953827999999671e-01,3.161895382800000043e+00
7.744000000000000883e-01,6.175915008000008033e-01,3.166391500800000980e+00
7.749500000000000277e-01,6.209908132000001579e-01,3.170890813200000213e+00
7.755000000000000782e-01,6.243933200000006956e-01,3.175393320000000852e+00
7.760500000000000176e-01,6.277990212000001957e-01,3.179899021200000231e+00
7.766000000000000680e-01,6.312079168000008789e-01,3.184407916800001015e+00
7.771500000000000075e-01,6.346200068000000805e-01,3.188920006800000095e+00
7.777000000000000579e-01,6.380352912000000210e-01,3.193435291200000137e+00
7.782499999999999973e-01,6.414537700000002562e-01,3.197953770000000251e+00
7.788000000000000478e-01,6.448754432000003423e-01,3.202475443200000438e+00
7.793500000000000982e-01,6.483003108000009451e-01,3.207000310800001142e+00
7.799000000000000377e-01,6.517283728000000664e-01,3.211528372800000142e+00
7.804500000000000881e-01,6.551596292000003707e-01,3.216059629200000547e+00
7.810000000000000275e-01,6.585940800000000817e-01,3.220594080000000137e+00
7.815500000000000780e-01,6.620317252000005315e-01,3.225131725200000687e+00
7.821000000000000174e-01,6.654725648000003879e-01,3.229672564800000423e+00
7.826500000000000679e-01,6.689165988000005392e-01,3.234216598800000675e+00
7.832000000000000073e-01,6.723638272000000971e-01,3.238763827200000112e+00
7.837500000000000577e-01,6.758142500000003938e-01,3.243314250000000509e+00
7.842999999999999972e-01,6.792678672000000972e-01,3.247867867200000092e+00
7.848500000000000476e-01,6.827246788000005395e-01,3.252424678800000635e+00
7.854000000000000981e-01,6.861846848000006105e-01,3.256984684800000807e+00
7.859500000000000375e-01,6.896478852000005322e-01,3.261547885200000607e+00
7.865000000000000879e-01,6.931142800000003046e-01,3.266114280000000480e+00
7.870500000000000274e-01,6.965838692000003718e-01,3.270683869200000427e+00
7.876000000000000778e-01,7.000566528000007338e-01,3.275256652800000889e+00
7.881500000000000172e-01,7.035326308000005024e-01,3.279832630800000537e+00
7.887000000000000677e-01,7.070118032000005659e-01,3.284411803200000701e+00
7.892500000000000071e-01,7.104941700000004801e-01,3.288994170000000494e+00
7.898000000000000576e-01,7.139797312000006890e-01,3.293579731200000804e+00
7.903499999999999970e-01,7.174684868000003046e-01,3.298168486800000299e+00
7.909000000000000474e-01,7.209604368000006591e-01,3.302760436800000754e+00
7.914500000000000979e-01,7.244555812000006423e-01,3.307355581200000838e+00
7.920000000000000373e-01,7.279539200000004762e-01,3.311953920000000551e+00
7.925500000000000878e-01,7.314554532000006049e-01,3.316555453200000780e+00
7.931000000000000272e-01,7.349601808000005843e-01,3.321160180800000639e+00
7.936500000000000776e-01,7.384681028000008585e-01,3.325768102800001014e+00
7.942000000000000171e-01,7.419792192000005393e-01,3.330379219200000573e+00
7.947500000000000675e-01,7.454935300000005149e-01,3.334993530000000650e+00
7.953000000000000069e-01,7.490110351999998972e-01,3.339611035199999911e+00
7.958500000000000574e-01,7.525317348000009066e-01,3.344231734800001021e+00
7.963999999999999968e-01,7.560556287999999903e-01,3.348855628799999984e+00
7.969500000000000473e-01,7.595827172000007010e-01,3.353482717200000796e+00
7.975000000000000977e-01,7.631130000000010405e-01,3.358113000000001236e+00
7.980500000000000371e-01,7.666464772000007866e-01,3.362746477200000861e+00
7.986000000000000876e-01,7.701831488000008274e-01,3.367383148800001003e+00
7.991500000000000270e-01,7.737230147999998309e-01,3.372023014799999885e+00
7.997000000000000774e-01,7.772660752000009055e-01,3.376666075200001060e+00
8.002500000000000169e-01,7.808123300000000544e-01,3.381312330000000088e+00
8.008000000000000673e-01,7.843617792000008304e-01,3.385961779200000965e+00
8.013500000000000068e-01,7.879144228000001249e-01,3.390614422800000138e+00
8.019000000000000572e-01,7.914702608000010464e-01,3.395270260800001161e+00
8.024499999999999966e-01,7.950292932000000423e-01,3.399929293200000036e+00
8.030000000000000471e-01,7.985915200000002212e-01,3.404591520000000315e+00
8.035500000000000975e-01,8.021569412000009169e-01,3.409256941200001112e+00
8.041000000000000369e-01,8.057255568000001311e-01,3.413925556800000205e+00
8.046500000000000874e-01,8.092973668000009724e-01,3.418597366800001147e+00
8.052000000000000268e-01,8.128723712000003321e-01,3.423272371200000386e+00
8.057500000000000773e-01,8.164505700000008748e-01,3.427950570000001029e+00
8.063000000000000167e-01,8.200319632000003800e-01,3.432631963200000413e+00
8.068500000000000671e-01,8.236165508000001800e-01,3.437316550800000314e+00
8.074000000000000066e-01,8.272043328000002749e-01,3.442004332800000288e+00
8.079500000000000570e-01,8.307953092000002204e-01,3.446695309200000334e+00
8.084999999999999964e-01,8.343894800000000167e-01,3.451389480000000010e+00
8.090500000000000469e-01,8.379868452000001078e-01,3.456086845200000202e+00
8.096000000000000973e-01,8.415874048000011598e-01,3.460787404800001354e+00
8.101500000000000368e-01,8.451911588000002862e-01,3.465491158800000360e+00
8.107000000000000872e-01,8.487981072000005955e-01,3.470198107200000770e+00
8.112500000000000266e-01,8.524082500000003115e-01,3.474908250000000365e+00
8.118000000000000771e-01,8.560215872000003223e-01,3.479621587200000477e+00
8.123500000000000165e-01,8.596381188000001838e-01,3.484338118800000217e+00
8.129000000000000670e-01,8.632578448000003402e-01,3.489057844800000474e+00
8.134500000000000064e-01,8.668807652000003472e-01,3.493780765200000360e+00
8.140000000000000568e-01,8.705068800000006490e-01,3.498506880000000763e+00
8.145499999999999963e-01,8.741361892000003575e-01,3.503236189200000350e+00
8.151000000000000467e-01,8.777686928000003608e-01,3.507968692800000454e+00
8.156500000000000972e-01,8.814043908000004368e-01,3.512704390800000631e+00
8.162000000000000366e-01,8.850432832000003636e-01,3.517443283200000437e+00
8.167500000000000870e-01,8.886853700000005851e-01,3.522185370000000759e+00
8.173000000000000265e-01,8.923306512000006574e-01,3.526930651200000710e+00
8.178500000000000769e-01,8.959791268000005804e-01,3.531679126800000734e+00
8.184000000000000163e-01,8.996307968000003541e-01,3.536430796800000387e+00
8.189500000000000668e-01,9.032856612000004226e-01,3.541185661200000556e+00
8.195000000000000062e-01,9.069437200000003418e-01,3.545943720000000354e+00
8.200500000000000567e-01,9.106049732000005559e-01,3.550704973200000669e+00
8.205999999999999961e-01,9.142694208000006206e-01,3.555469420800000613e+00
8.211500000000000465e-01,9.179370628000005361e-01,3.560237062800000629e+00
8.217000000000000970e-01,9.216078992000009684e-01,3.565007899200001162e+00
8.222500000000000364e-01,9.252819300000008074e-01,3.569781930000000880e+00
8.228000000000000869e-01,9.289591552000009411e-01,3.574559155200001115e+00
8.233500000000000263e-01,9.326395748000004815e-01,3.579339574800000534e+00
8.239000000000000767e-01,9.363231888000007608e-01,3.584123188800000914e+00
8.244500000000000162e-01,9.400099972000000026e-01,3.588909997200000035e+00
8.250000000000000666e-01,9.437000000000008715e-01,3.593700000000001005e+00
8.255500000000000060e-01,9.473931971999998147e-01,3.598493197199999827e+00
8.261000000000000565e-01,9.510895888000008291e-01,3.603289588800000942e+00
8.266499999999999959e-01,9.547891747999999179e-01,3.608089174799999910e+00
8.272000000000000464e-01,9.584919552000006338e-01,3.612891955200000726e+00
8.277500000000000968e-01,9.621979300000009783e-01,3.617697930000001172e+00
8.283000000000000362e-01,9.659070992000002853e-01,3.622507099200000358e+00
8.288500000000000867e-01,9.696194628000007754e-01,3.627319462800000949e+00
8.294000000000000261e-01,9.733350208000002279e-01,3.632135020800000280e+00
8.299500000000000766e-01,9.770537732000008635e-01,3.636953773200001017e+00
8.305000000000000160e-01,9.807757200000000175e-01,3.641775720000000049e+00
8.310500000000000664e-01,9.845008612000007986e-01,3.646600861200000931e+00
8.316000000000000059e-01,9.882291968000000981e-01,3.651429196800000110e+00
8.321500000000000563e-01,9.919607268000001365e-01,3.656260726800000249e+00
8.326999999999999957e-01,9.956954512000000257e-01,3.661095451200000017e+00
8.332500000000000462e-01,9.994333700000002096e-01,3.665933370000000302e+00
8.338000000000000966e-01,1.003174483200000910e+00,3.670774483200001104e+00
8.343500000000000361e-01,1.006918790800000352e+00,3.675618790800000202e+00
8.349000000000000865e-01,1.010666292800000754e+00,3.680466292800001149e+00
8.354500000000000259e-01,1.014416989200000341e+00,3.685316989200000393e+00
8.360000000000000764e-01,1.018170880000000444e+00,3.690170880000000597e+00
8.365500000000000158e-01,1.021927965200000621e+00,3.695027965200000430e+00
8.371000000000000663e-01,1.025688244800000426e+00,3.699888244800000336e+00
8.376500000000000057e-01,1.029451718800000304e+00,3.704751718800000315e+00
8.382000000000000561e-01,1.033218387200000254e+00,3.709618387200000367e+00
8.387499999999999956e-01,1.036988250000000278e+00,3.714488250000000047e+00
8.393000000000000460e-01,1.040761307200000374e+00,3.719361307200000688e+00
8.398500000000000965e-01,1.044537558800000099e+00,3.724237558800000514e+00
8.404000000000000359e-01,1.048317004800000340e+00,3.729117004800000412e+00
8.409500000000000863e-01,1.052099645200000655e+00,3.733999645200000828e+00
8.415000000000000258e-01,1.055885480000000598e+00,3.738885480000000427e+00
8.420500000000000762e-01,1.059674509200000614e+00,3.743774509200000544e+00
8.426000000000000156e-01,1.063466732800000258e+00,3.748666732800000290e+00
8.431500000000000661e-01,1.067262150800000420e+00,3.753562150800000552e+00
8.437000000000000055e-01,1.071060763200000210e+00,3.758460763200000443e+00
8.442500000000000560e-01,1.074862570000000517e+00,3.763362570000000851e+00
8.447999999999999954e-01,1.078667571200000452e+00,3.768267571200000443e+00
8.453500000000000458e-01,1.082475766800000461e+00,3.773175766800000552e+00
8.459000000000000963e-01,1.086287156800000542e+00,3.778087156800000734e+00
8.464500000000000357e-01,1.090101741200000696e+00,3.783001741200000545e+00
8.470000000000000862e-01,1.093919520000000922e+00,3.787919520000000873e+00
8.475500000000000256e-01,1.097740493200000778e+00,3.792840493200000829e+00
8.481000000000000760e-01,1.101564660800000706e+00,3.797764660800000858e+00
8.486500000000000155e-01,1.105392022800000262e+00,3.802692022800000515e+00
8.492000000000000659e-01,1.109222579200000780e+00,3.807622579200000690e+00
8.497500000000000053e-01,1.113056330000000482e+00,3.812556330000000493e+00
8.503000000000000558e-01,1.116893275200000701e+00,3.817493275200000813e+00
8.508500000000001062e-01,1.120733414800000993e+00,3.822433414800001206e+00
8.514000000000000457e-01,1.124576748800000914e+00,3.827376748800000783e+00
8.519500000000000961e-01,1.128423277200000463e+00,3.832323277200000877e+00
8.525000000000000355e-01,1.132273000000000529e+00,3.837273000000000600e+00
8.530500000000000860e-01,1.136125917200000668e+00,3.842225917200000840e+00
8.536000000000000254e-01,1.139982028799999547e+00,3.847182028799999820e+00
8.541500000000000759e-01,1.143841334800001164e+00,3.852141334800001093e+00
8.547000000000000153e-01,1.147703835200000189e+00,3.857103835200000219e+00
8.552500000000000657e-01,1.151569530000001063e+00,3.862069530000001194e+00
8.558000000000000052e-01,1.155438419200000233e+00,3.867038419200000021e+00
8.563500000000000556e-01,1.159310502800001252e+00,3.872010502800001142e+00
8.569000000000001060e-01,1.163185780800001012e+00,3.876985780800001447e+00
8.574500000000000455e-01,1.167064253199999957e+00,3.881964253200000048e+00
8.580000000000000959e-01,1.170945920000001195e+00,3.886945920000001387e+00
8.585500000000000353e-01,1.174830781199999841e+00,3.891930781200000133e+00
8.591000000000000858e-01,1.178718836800000780e+00,3.896918836800001174e+00
8.596500000000000252e-01,1.182610086800000015e+00,3.901910086800000066e+00
8.602000000000000757e-01,1.186504531200001100e+00,3.906904531200001252e+00
8.607500000000000151e-01,1.190402170000000481e+00,3.911902170000000289e+00
8.613000000000000655e-01,1.194303003199999935e+00,3.916903003200000288e+00
8.618500000000000050e-01,1.198207030800000350e+00,3.921907030800000360e+00
8.624000000000000554e-01,1.202114252800000394e+00,3.926914252800000504e+00
8.629500000000001059e-01,1.206024669200001398e+00,3.931924669200001610e+00
8.635000000000000453e-01,1.209938280000000255e+00,3.936938280000000567e+00
8.640500000000000957e-01,1.213855085200001405e+00,3.941955085200001374e+00
8.646000000000000352e-01,1.217775084800000407e+00,3.946975084800000477e+00
8.651500000000000856e-01,1.221698278800000370e+00,3.951998278800000541e+00
8.657000000000000250e-01,1.225624667199999962e+00,3.957024667200000234e+00
8.662500000000000755e-01,1.229554250000000515e+00,3.962054250000000444e+00
8.668000000000000149e-01,1.233487027200000252e+00,3.967087027200000282e+00
8.673500000000000654e-01,1.237422998800000506e+00,3.972122998800000637e+00
8.679000000000000048e-01,1.241362164799999945e+00,3.977162164800000177e+00
8.684500000000000552e-01,1.245304525200000789e+00,3.982204525200000678e+00
8.690000000000001057e-01,1.249250080000000374e+00,3.987250080000000807e+00
8.695500000000000451e-01,1.253198829200000475e+00,3.992298829200000565e+00
8.701000000000000956e-01,1.257150772800000649e+00,3.997350772800000840e+00
8.706500000000000350e-01,1.261105910800000451e+00,4.002405910800000299e+00
8.712000000000000854e-01,1.265064243200001215e+00,4.007464243200001164e+00
8.717500000000000249e-01,1.269025770000000719e+00,4.012525770000000769e+00
8.723000000000000753e-01,1.272990491200000740e+00,4.017590491200000891e+00
8.728500000000000147e-01,1.276958406800000390e+00,4.022658406800000641e+00
8.734000000000000652e-01,1.280929516800000556e+00,4.027729516800000908e+00
8.739500000000000046e-01,1.284903821200000795e+00,4.032803821200000804e+00
8.745000000000000551e-01,1.288881320000000219e+00,4.037881320000000329e+00
8.750500000000001055e-01,1.292862013200001048e+00,4.042962013200001259e+00
8.756000000000000449e-01,1.296845900800001061e+00,4.048045900800000929e+00
8.761500000000000954e-01,1.300832982800001147e+00,4.053132982800001116e+00
8.767000000000000348e-01,1.304823259200000862e+00,4.058223259200000932e+00
8.772500000000000853e-01,1.308816730000001094e+00,4.063316730000001265e+00
8.778000000000000247e-01,1.312813395200000066e+00,4.068413395200000338e+00
8.783500000000000751e-01,1.316813254800000443e+00,4.073513254800000816e+00
8.789000000000000146e-01,1.320816308800000893e+00,4.078616308800000922e+00
8.794500000000000650e-01,1.324822557200000528e+00,4.083722557200000658e+00
8.800000000000000044e-01,1.328832000000000235e+00,4.088832000000000022e+00
8.805500000000000549e-01,1.332844637200000903e+00,4.093944637200000791e+00
8.811000000000001053e-01,1.336860468800001200e+00,4.099060468800001189e+00
8.816500000000000448e-01,1.340879494800001126e+00,4.104179494800001216e+00
8.822000000000000952e-01,1.344901715200000680e+00,4.109301715200000871e+00
8.827500000000000346e-01,1.348927130000000751e+00,4.114427130000001043e+00
8.833000000000000851e-01,1.352955739200000451e+00,4.119555739200000843e+00
8.838500000000000245e-01,1.356987542800000224e+00,4.124687542800000273e+00
8.844000000000000750e-01,1.361022540800000957e+00,4.129822540800001107e+00
8.849500000000000144e-01,1.365060733199999987e+00,4.134960733199999794e+00
8.855000000000000648e-01,1.369102120000000866e+00,4.140102120000000774e+00
8.860500000000000043e-01,1.373146701200000486e+00,4.145246701200000494e+00
8.866000000000000547e-01,1.377194476800000622e+00,4.150394476800000731e+00
8.871500000000001052e-01,1.381245446800001275e+00,4.155545446800001486e+00
8.877000000000000446e-01,1.385299611199999781e+00,4.160699611200000092e+00
8.882500000000000950e-01,1.389356970000000580e+00,4.165856970000000992e+00
8.888000000000000345e-01,1.393417523200000563e+00,4.171017523200000632e+00
8.893500000000000849e-01,1.397481270800001507e+00,4.176181270800001677e+00
8.899000000000000243e-01,1.401548212800000748e+00,4.181348212800000574e+00
8.904500000000000748e-01,1.405618349200000949e+00,4.186518349200000877e+00
8.910000000000000142e-01,1.409691679999999891e+00,4.191691679999999920e+00
8.915500000000000647e-01,1.413768205200000239e+00,4.196868205200000368e+00
8.921000000000000041e-01,1.417847924800000214e+00,4.202047924800000445e+00
8.926500000000000545e-01,1.421930838799999819e+00,4.207230838800000150e+00
8.932000000000001050e-01,1.426016947200000828e+00,4.212416947200001260e+00
8.937500000000000444e-01,1.430106250000000134e+00,4.217606250000000223e+00
8.943000000000000949e-01,1.434198747200000401e+00,4.222798747200000591e+00
8.948500000000000343e-01,1.438294438800000741e+00,4.227994438800000587e+00
8.954000000000000847e-01,1.442393324800001153e+00,4.233193324800001101e+00
8.959500000000000242e-01,1.446495405200000306e+00,4.238395405200000354e+00
8.965000000000000746e-01,1.450600680000000864e+00,4.243600680000001013e+00
8.970500000000000140e-01,1.454709149200000162e+00,4.248809149200000412e+00
8.976000000000000645e-01,1.458820812799999977e+00,4.254020812800000328e+00
8.981500000000000039e-01,1.462935670800000754e+00,4.259235670800000761e+00
8.987000000000000544e-01,1.467053723200000714e+00,4.264453723200000823e+00
8.992500000000001048e-01,1.471174970000000304e+00,4.269674970000000513e+00
8.998000000000000442e-01,1.475299411200000854e+00,4.274899411200000721e+00
9.003500000000000947e-01,1.479427046800000589e+00,4.280127046800000556e+00
9.009000000000000341e-01,1.483557876800000841e+00,4.285357876800000909e+00
9.014500000000000846e-01,1.487691901200000721e+00,4.290591901200000891e+00
9.020000000000000240e-01,1.491829120000000231e+00,4.295829120000000501e+00
9.025500000000000744e-01,1.495969533200000257e+00,4.301069533200000627e+00
9.031000000000000139e-01,1.500113140800000355e+00,4.306313140800000383e+00
9.036500000000000643e-01,1.504259942800000527e+00,4.311559942800000655e+00
9.042000000000000037e-01,1.508409939200000771e+00,4.316809939200000557e+00
9.047500000000000542e-01,1.512563130000001088e+00,4.322063130000000974e+00
9.053000000000001046e-01,1.516719515200001034e+00,4.327319515200001021e+00
9.058500000000000441e-01,1.520879094800000608e+00,4.332579094800000696e+00
9.064000000000000945e-01,1.525041868800000699e+00,4.337841868800000888e+00
9.069500000000000339e-01,1.529207837200000419e+00,4.343107837200000709e+00
9.075000000000000844e-01,1.533377000000000656e+00,4.348377000000001047e+00
9.080500000000000238e-01,1.537549357200000966e+00,4.353649357200001013e+00
9.086000000000000743e-01,1.541724908800001348e+00,4.358924908800001496e+00
9.091500000000000137e-01,1.545903654800000027e+00,4.364203654799999832e+00
9.097000000000000641e-01,1.550085595200001443e+00,4.369485595200001349e+00
9.102500000000000036e-01,1.554270729999999823e+00,4.374770729999999830e+00
9.108000000000000540e-01,1.558459059200000496e+00,4.380059059200000604e+00
9.113500000000001044e-01,1.562650582800000798e+00,4.385350582800001007e+00
9.119000000000000439e-01,1.566845300800000729e+00,4.390645300800001039e+00
9.124500000000000943e-01,1.571043213200001176e+00,4.395943213200001587e+00
9.130000000000000338e-01,1.575244319999999920e+00,4.401244319999999988e+00
9.135500000000000842e-01,1.579448621200001401e+00,4.406548621200001570e+00
9.141000000000000236e-01,1.583656116800000291e+00,4.411856116800000116e+00
9.146500000000000741e-01,1.587866806800001029e+00,4.417166806800000955e+00
9.152000000000000135e-01,1.592080691200000508e+00,4.422480691200000535e+00
9.157500000000000639e-01,1.596297770000000504e+00,4.427797770000000632e+00
9.163000000000000034e-01,1.600518043200000129e+00,4.433118043200000358e+00
9.168500000000000538e-01,1.604741510800000270e+00,4.438441510800000600e+00
9.174000000000001043e-01,1.608968172800000929e+00,4.443768172800001359e+00
9.179500000000000437e-01,1.613198029199999883e+00,4.449098029199999971e+00
9.185000000000000941e-01,1.617431080000001575e+00,4.454431080000001764e+00
9.190500000000000336e-01,1.621667325200000676e+00,4.459767325200000521e+00
9.196000000000000840e-01,1.625906764800000737e+00,4.465106764800000683e+00
9.201500000000000234e-01,1.630149398800000426e+00,4.470449398800000473e+00
9.207000000000000739e-01,1.634395227200000633e+00,4.475795227200000781e+00
9.212500000000000133e-01,1.638644250000000469e+00,4.481144250000000717e+00
9.218000000000000638e-01,1.642896467199999933e+00,4.486496467200000282e+00
9.223500000000000032e-01,1.647151878800000357e+00,4.491851878800000364e+00
9.229000000000000536e-01,1.651410484800000855e+00,4.497210484800000962e+00
9.234500000000001041e-01,1.655672285200000982e+00,4.502572285200001190e+00
9.240000000000000435e-01,1.659937280000000293e+00,4.507937280000000158e+00
9.245500000000000940e-01,1.664205469200000564e+00,4.513305469200000530e+00
9.251000000000000334e-01,1.668476852800000465e+00,4.518676852800000532e+00
9.256500000000000838e-01,1.672751430800000882e+00,4.524051430800001050e+00
9.262000000000000233e-01,1.677029203200000040e+00,4.529429203200000309e+00
9.267500000000000737e-01,1.681310170000000603e+00,4.534810170000000973e+00
9.273000000000000131e-01,1.685594331200000351e+00,4.540194331200000377e+00
9.278500000000000636e-01,1.689881686800001059e+00,4.545581686800001187e+00
9.284000000000000030e-01,1.694172236800000952e+00,4.550972236800000736e+00
9.289500000000000535e-01,1.698465981200000918e+00,4.556365981200000803e+00
9.295000000000001039e-01,1.702762920000001401e+00,4.561762920000001387e+00
9.300500000000000433e-01,1.707063053200000624e+00,4.567163053200000711e+00
9.306000000000000938e-01,1.711366380800001252e+00,4.572566380800001440e+00
9.311500000000000332e-01,1.715672902800000621e+00,4.577972902800000909e+00
9.317000000000000837e-01,1.719982619200000507e+00,4.583382619200000896e+00
9.322500000000000231e-01,1.724295530000000465e+00,4.588795530000000511e+00
9.328000000000000735e-01,1.728611635200000496e+00,4.594211635200000643e+00
9.333500000000000130e-01,1.732930934800000600e+00,4.599630934800000404e+00
9.339000000000000634e-01,1.737253428800000776e+00,4.605053428800000681e+00
9.344500000000000028e-01,1.741579117199999693e+00,4.610479117199999699e+00
9.350000000000000533e-01,1.745908000000000904e+00,4.615908000000001010e+00
9.355500000000001037e-01,1.750240077200000854e+00,4.621340077200001062e+00
9.361000000000000432e-01,1.754575348800000434e+00,4.626775348800000742e+00
9.366500000000000936e-01,1.758913814800000530e+00,4.632213814800000939e+00
9.372000000000000330e-01,1.763255475200000699e+00,4.637655475200000765e+00
9.377500000000000835e-01,1.767600330000000941e+00,4.643100330000001108e+00
9.383000000000000229e-01,1.771948379200000367e+00,4.648548379200000191e+00
9.388500000000000734e-01,1.776299622800001643e+00,4.653999622800001568e+00
9.394000000000000128e-01,1.780654060799999883e+00,4.659454060799999908e+00
9.399500000000000632e-01,1.785011693200001304e+00,4.664911693200001430e+00
9.405000000000000027e-01,1.789372519999999689e+00,4.670372519999999916e+00
9.410500000000000531e-01,1.793736541200001255e+00,4.675836541200001584e+00
9.416000000000001036e-01,1.798103756800000674e+00,4.681303756800001103e+00
9.421500000000000430e-01,1.802474166800000166e+00,4.686774166800000252e+00
9.427000000000000934e-01,1.806847771200001507e+00,4.692247771200001694e+00
9.432500000000000329e-01,1.811224570000000256e+00,4.697724570000000099e+00
9.438000000000000833e-01,1.815604563200001742e+00,4.703204563200001687e+00
9.443500000000000227e-01,1.819987750800000192e+00,4.708687750800000238e+00
9.449000000000000732e-01,1.824374132800000936e+00,4.714174132800001082e+00
9.454500000000000126e-01,1.828763709200000420e+00,4.719663709200000667e+00
9.460000000000000631e-01,1.833156480000000421e+00,4.725156480000000769e+00
9.465500000000000025e-01,1.837552445200000495e+00,4.730652445200000500e+00
9.471000000000000529e-01,1.841951604800000641e+00,4.736151604800000747e+00
9.476500000000001034e-01,1.846353958800001305e+00,4.741653958800001512e+00
9.482000000000000428e-01,1.850759507200000265e+00,4.747159507200000128e+00
9.487500000000000933e-01,1.855168250000001073e+00,4.752668250000001038e+00
9.493000000000000327e-01,1.859580187200000623e+00,4.758180187200000688e+00
9.498500000000000831e-01,1.863995318800000689e+00,4.763695318800000855e+00
9.504000000000000226e-01,1.868413644800000384e+00,4.769213644800000651e+00
9.509500000000000730e-01,1.872835165200000596e+00,4.774735165200000964e+00
9.515000000000000124e-01,1.877259879999999992e+00,4.780259880000000017e+00
9.520500000000000629e-01,1.881687789200000349e+00,4.785787789200000475e+00
9.526000000000000023e-01,1.886118892800000779e+00,4.791318892800000562e+00
9.531500000000000528e-01,1.890553190800000394e+00,4.796853190800000277e+00
9.537000000000001032e-01,1.894990683200001413e+00,4.802390683200001398e+00
9.542500000000000426e-01,1.899431370000000285e+00,4.807931370000000371e+00
9.548000000000000931e-01,1.903875251200000562e+00,4.813475251200000748e+00
9.553500000000000325e-01,1.908322326800000468e+00,4.819022326800000755e+00
9.559000000000000830e-01,1.912772596800000890e+00,4.824572596800001278e+00
9.564500000000000224e-01,1.917226061200000498e+00,4.830126061200000542e+00
9.570000000000000728e-01,1.921682720000001066e+00,4.835682720000001211e+00
9.575500000000000123e-01,1.926142573200000818e+00,4.841242573200000621e+00
9.581000000000000627e-01,1.930605620800000644e+00,4.846805620800000547e+00
9.586500000000001132e-01,1.935071862800000986e+00,4.852371862800000990e+00
9.592000000000000526e-01,1.939541299200000957e+00,4.857941299200001062e+00
9.597500000000001030e-01,1.944013930000000556e+00,4.863513930000000762e+00
9.603000000000000425e-01,1.948489755200000673e+00,4.869089755200000980e+00
9.608500000000000929e-01,1.952968774800000418e+00,4.874668774800000826e+00
9.614000000000000323e-01,1.957450988800001124e+00,4.880250988800001188e+00
9.619500000000000828e-01,1.961936397200001014e+00,4.885836397200001180e+00
9.625000000000000222e-01,1.966425000000000978e+00,4.891425000000000800e+00
9.630500000000000727e-01,1.970916797200001014e+00,4.897016797200000937e+00
9.636000000000000121e-01,1.975411788799999790e+00,4.902611788799999815e+00
9.641500000000000625e-01,1.979909974800000860e+00,4.908209974800000985e+00
9.647000000000001130e-01,1.984411355200001559e+00,4.913811355200001785e+00
9.652500000000000524e-01,1.988915930000000998e+00,4.919415930000001325e+00
9.658000000000001029e-01,1.993423699200000954e+00,4.925023699200001381e+00
9.663500000000000423e-01,1.997934662800000982e+00,4.930634662800001067e+00
9.669000000000000927e-01,2.002448820800001084e+00,4.936248820800001269e+00
9.674500000000000322e-01,2.006966173200000370e+00,4.941866173200000212e+00
9.680000000000000826e-01,2.011486720000001505e+00,4.947486720000001448e+00
9.685500000000000220e-01,2.016010461200000492e+00,4.953110461200000536e+00
9.691000000000000725e-01,2.020537396800000884e+00,4.958737396800001029e+00
9.696500000000000119e-01,2.025067526800000017e+00,4.964367526800000263e+00
9.702000000000000624e-01,2.029600851200000555e+00,4.970000851200000902e+00
9.707500000000001128e-01,2.034137370000000722e+00,4.975637370000001170e+00
9.713000000000000522e-01,2.038677083200000073e+00,4.981277083200000177e+00
9.718500000000001027e-01,2.043219990800001273e+00,4.986919990800001479e+00
9.724000000000000421e-01,2.047766092800000770e+00,4.992566092800000632e+00
9.729500000000000925e-01,2.052315389200001228e+00,4.998215389200001191e+00
9.735000000000000320e-01,2.056867880000000426e+00,5.003867880000000490e+00
9.740500000000000824e-01,2.061423565200001029e+00,5.009523565200001194e+00
9.746000000000000218e-01,2.065982444800000373e+00,5.015182444800000638e+00
9.751500000000000723e-01,2.070544518800000233e+00,5.020844518800000600e+00
9.757000000000000117e-01,2.075109787200000167e+00,5.026509787200000190e+00
9.762500000000000622e-01,2.079678250000000173e+00,5.032178250000000297e+00
9.768000000000001126e-01,2.084249907200001584e+00,5.037849907200001809e+00
9.773500000000000520e-01,2.088824758800000403e+00,5.043524758800000285e+00
9.779000000000001025e-01,2.093402804800001071e+00,5.049202804800001054e+00
9.784500000000000419e-01,2.097984045200000480e+00,5.054884045200000564e+00
9.790000000000000924e-01,2.102568480000000406e+00,5.060568480000000591e+00
9.795500000000000318e-01,2.107156109199999960e+00,5.066256109200000246e+00
9.801000000000000822e-01,2.111746932800000032e+00,5.071946932800000418e+00
9.806500000000000217e-01,2.116340950800000176e+00,5.077640950800000219e+00
9.812000000000000721e-01,2.120938163200000393e+00,5.083338163200000537e+00
9.817500000000000115e-01,2.125538570000000682e+00,5.089038570000000483e+00
9.823000000000000620e-01,2.130142171200001044e+00,5.094742171200000946e+00
9.828500000000001124e-01,2.134748966800001035e+00,5.100448966800001038e+00
9.834000000000000519e-01,2.139358956800000655e+00,5.106158956800000759e+00
9.839500000000001023e-01,2.143972141200000792e+00,5.111872141200000996e+00
9.845000000000000417e-01,2.148588520000000557e+00,5.117588520000000862e+00
9.850500000000000922e-01,2.153208093200000839e+00,5.123308093200001245e+00
9.856000000000000316e-01,2.157830860800000305e+00,5.129030860800000369e+00
9.861500000000000821e-01,2.162456822800000733e+00,5.134756822800000897e+00
9.867000000000000215e-01,2.167085979200001233e+00,5.140485979200001054e+00
9.872500000000000719e-01,2.171718330000000918e+00,5.146218330000000840e+00
9.878000000000000114e-01,2.176353875200001120e+00,5.151953875200001143e+00
9.883500000000000618e-01,2.180992614800000950e+00,5.157692614800001074e+00
9.889000000000001123e-01,2.185634548800001298e+00,5.163434548800001522e+00
9.894500000000000517e-01,2.190279677200000386e+00,5.169179677200000711e+00
9.900000000000001021e-01,2.194928000000000878e+00,5.174928000000001305e+00
9.905500000000000416e-01,2.199579517200000556e+00,5.180679517200000639e+00
9.911000000000000920e-01,2.204234228800001194e+00,5.186434228800001378e+00
9.916500000000000314e-01,2.208892134800001017e+00,5.192192134800000858e+00
9.922000000000000819e-01,2.213553235200000913e+00,5.197953235200000854e+00
9.927500000000000213e-01,2.218217530000000437e+00,5.203717530000000480e+00
9.933000000000000718e-01,2.222885019200001366e+00,5.209485019200001510e+00
9.938500000000000112e-01,2.227555702800000148e+00,5.215255702800000392e+00
9.944000000000000616e-01,2.232229580800001223e+00,5.221029580800001568e+00
9.949500000000001121e-01,2.236906653200001038e+00,5.226806653200001485e+00
9.955000000000000515e-01,2.241586920000000926e+00,5.232586920000001030e+00
9.960500000000001020e-01,2.246270381200000887e+00,5.238370381200001091e+00
9.966000000000000414e-01,2.250957036800000033e+00,5.244157036799999894e+00
9.971500000000000918e-01,2.255646886800001916e+00,5.249946886800001877e+00
9.977000000000000313e-01,2.260339931199999874e+00,5.255739931199999937e+00
9.982500000000000817e-01,2.265036170000001015e+00,5.261536170000001178e+00
9.988000000000000211e-01,2.269735603200000007e+00,5.267335603200000271e+00
9.993500000000000716e-01,2.274438230800001293e+00,5.273138230800001658e+00
9.999000000000000110e-01,2.279144052799999987e+00,5.278944052800000009e+00
1.000450000000000061e+00,2.283853069200000530e+00,5.284753069200000652e+00
1.001000000000000112e+00,2.288565280000001589e+00,5.290565280000001813e+00
1.001550000000000162e+00,2.293280685200001390e+00,5.296380685200001714e+00
1.002099999999999991e+00,2.297999284800000375e+00,5.302199284800000356e+00
1.002650000000000041e+00,2.302721078800000321e+00,5.308021078800000403e+00
1.003200000000000092e+00,2.307446067200001671e+00,5.313846067200001855e+00
1.003750000000000142e+00,2.312174250000001763e+00,5.319674250000002047e+00
1.004299999999999971e+00,2.316905627200000151e+00,5.325505627200000092e+00
1.004850000000000021e+00,2.321640198800000388e+00,5.331340198800000429e+00
1.005400000000000071e+00,2.326377964800000253e+00,5.337177964800000396e+00
1.005950000000000122e+00,2.331118925200001524e+00,5.343018925200001767e+00
1.006499999999999950e+00,2.335863080000000203e+00,5.348863080000000103e+00
1.007050000000000001e+00,2.340610429200000731e+00,5.354710429200000732e+00
1.007600000000000051e+00,2.345360972800000887e+00,5.360560972800000989e+00
1.008150000000000102e+00,2.350114710800000672e+00,5.366414710800000876e+00
1.008700000000000152e+00,2.354871643200001863e+00,5.372271643200002167e+00
1.009249999999999980e+00,2.359631770000000461e+00,5.378131770000000422e+00
1.009800000000000031e+00,2.364395091200000909e+00,5.383995091200000971e+00
1.010350000000000081e+00,2.369161606800000985e+00,5.389861606800001148e+00
1.010900000000000132e+00,2.373931316800000690e+00,5.395731316800000954e+00
1.011449999999999960e+00,2.378704221199999580e+00,5.401604221199999500e+00
1.012000000000000011e+00,2.383480320000000319e+00,5.407480320000000340e+00
1.012550000000000061e+00,2.388259613200000686e+00,5.413359613200000808e+00
1.013100000000000112e+00,2.393042100800000682e+00,5.419242100800000905e+00
1.013650000000000162e+00,2.397827782800002083e+00,5.425127782800002407e+00
1.014199999999999990e+00,2.402616659200000893e+00,5.431016659200000873e+00
1.014750000000000041e+00,2.407408730000000663e+00,5.436908730000000745e+00
1.015300000000000091e+00,2.412203995200000950e+00,5.442803995200001133e+00
1.015850000000000142e+00,2.417002454800000866e+00,5.448702454800001149e+00
1.016399999999999970e+00,2.421804108799999966e+00,5.454604108799999906e+00
1.016950000000000021e+00,2.426608957200000916e+00,5.460508957200000957e+00
1.017500000000000071e+00,2.431417000000000606e+00,5.466417000000000748e+00
1.018050000000000122e+00,2.436228237200000812e+00,5.472328237200001055e+00
1.018600000000000172e+00,2.441042668800001536e+00,5.478242668800001880e+00
1.019150000000000000e+00,2.445860294799999668e+00,5.484160294799999669e+00
1.019700000000000051e+00,2.450681115200001425e+00,5.490081115200001527e+00
1.020250000000000101e+00,2.455505130000001035e+00,5.496005130000001238e+00
1.020800000000000152e+00,2.460332339200001162e+00,5.501932339200001465e+00
1.021349999999999980e+00,2.465162742799999585e+00,5.507862742799999545e+00
1.021900000000000031e+00,2.469996340799999857e+00,5.513796340799999918e+00
1.022450000000000081e+00,2.474833133200001534e+00,5.519733133200001696e+00
1.023000000000000131e+00,2.479673120000001063e+00,5.525673120000001326e+00
1.023549999999999960e+00,2.484516301199999777e+00,5.531616301199999697e+00
1.024100000000000010e+00,2.489362676800000340e+00,5.537562676800000361e+00
1.024650000000000061e+00,2.494212246800001420e+00,5.543512246800001542e+00
1.025200000000000111e+00,2.499065011200001241e+00,5.549465011200001463e+00
1.025750000000000162e+00,2.503920970000001578e+00,5.555420970000001901e+00
1.026299999999999990e+00,2.508780123200000212e+00,5.561380123200000192e+00
1.026850000000000041e+00,2.513642470800000694e+00,5.567342470800000775e+00
1.027400000000000091e+00,2.518508012800001694e+00,5.573308012800001876e+00
1.027950000000000141e+00,2.523376749200001434e+00,5.579276749200001717e+00
1.028499999999999970e+00,2.528248680000000359e+00,5.585248680000000299e+00
1.029050000000000020e+00,2.533123805200000245e+00,5.591223805200000285e+00
1.029600000000000071e+00,2.538002124800000647e+00,5.597202124800000789e+00
1.030150000000000121e+00,2.542883638800001567e+00,5.603183638800001809e+00
1.030700000000000172e+00,2.547768347200002115e+00,5.609168347200002458e+00
1.031250000000000000e+00,2.552656250000000071e+00,5.615156250000000071e+00
1.031800000000000050e+00,2.557547347200000765e+00,5.621147347200000866e+00
1.032350000000000101e+00,2.562441638800001975e+00,5.627141638800002177e+00
1.032900000000000151e+00,2.567339124800001926e+00,5.633139124800002229e+00
1.033449999999999980e+00,2.572239805200000173e+00,5.639139805200000133e+00
1.034000000000000030e+00,2.577143680000000270e+00,5.645143680000000330e+00
1.034550000000000081e+00,2.582050749200000883e+00,5.651150749200001044e+00
1.035100000000000131e+00,2.586961012800002013e+00,5.657161012800002275e+00
1.035649999999999959e+00,2.591874470800000552e+00,5.663174470800000471e+00
1.036200000000000010e+00,2.596791123200000051e+00,5.669191123200000071e+00
1.036750000000000060e+00,2.601710970000000955e+00,5.675210970000001076e+00
1.037300000000000111e+00,2.606634011200000600e+00,5.681234011200000822e+00
1.037850000000000161e+00,2.611560246800001650e+00,5.687260246800001973e+00
1.038399999999999990e+00,2.616489676800000108e+00,5.693289676800000088e+00
1.038950000000000040e+00,2.621422301200000415e+00,5.699322301200000496e+00
1.039500000000000091e+00,2.626358120000001239e+00,5.705358120000001421e+00
1.040050000000000141e+00,2.631297133200000804e+00,5.711397133200001086e+00
1.040599999999999969e+00,2.636239340799999553e+00,5.717439340799999492e+00
1.041150000000000020e+00,2.641184742800001040e+00,5.723484742800001079e+00
1.041700000000000070e+00,2.646133339200001267e+00,5.729533339200001407e+00
1.042250000000000121e+00,2.651085130000001122e+00,5.735585130000001364e+00
1.042800000000000171e+00,2.656040115200002383e+00,5.741640115200002725e+00
1.043350000000000000e+00,2.660998294800001052e+00,5.747698294800001051e+00
1.043900000000000050e+00,2.665959668800000681e+00,5.753759668800000782e+00
1.044450000000000101e+00,2.670924237200000828e+00,5.759824237200001029e+00
1.045000000000000151e+00,2.675892000000001492e+00,5.765892000000001794e+00
1.045549999999999979e+00,2.680862957199999563e+00,5.771962957199999522e+00
1.046100000000000030e+00,2.685837108800001261e+00,5.778037108800001320e+00
1.046650000000000080e+00,2.690814454800000810e+00,5.784114454800000971e+00
1.047200000000000131e+00,2.695794995200000876e+00,5.790194995200001138e+00
1.047749999999999959e+00,2.700778730000000127e+00,5.796278730000000046e+00
1.048300000000000010e+00,2.705765659200000339e+00,5.802365659200000358e+00
1.048850000000000060e+00,2.710755782800001068e+00,5.808455782800001188e+00
1.049400000000000110e+00,2.715749100800001425e+00,5.814549100800001646e+00
1.049950000000000161e+00,2.720745613200001412e+00,5.820645613200001733e+00
1.050499999999999989e+00,2.725745319999999694e+00,5.826745319999999673e+00
1.051050000000000040e+00,2.730748221199999826e+00,5.832848221199999905e+00
1.051600000000000090e+00,2.735754316800001362e+00,5.838954316800001543e+00
1.052150000000000141e+00,2.740763606800001639e+00,5.845063606800001921e+00
1.052699999999999969e+00,2.745776091200000213e+00,5.851176091200000151e+00
1.053250000000000020e+00,2.750791769999999747e+00,5.857291769999999786e+00
1.053800000000000070e+00,2.755810643200001575e+00,5.863410643200001715e+00
1.054350000000000120e+00,2.760832710800001255e+00,5.869532710800001496e+00
1.054900000000000171e+00,2.765857972800001452e+00,5.875657972800001794e+00
1.055449999999999999e+00,2.770886429199999945e+00,5.881786429199999944e+00
1.056000000000000050e+00,2.775918080000000288e+00,5.887918080000000387e+00
1.056550000000000100e+00,2.780952925200001147e+00,5.894052925200001347e+00
1.057100000000000151e+00,2.785990964800001635e+00,5.900190964800001936e+00
1.057649999999999979e+00,2.791032198800000419e+00,5.906332198800000377e+00
1.058200000000000029e+00,2.796076627200000164e+00,5.912476627200000223e+00
1.058750000000000080e+00,2.801124250000000426e+00,5.918624250000000586e+00
1.059300000000000130e+00,2.806175067200002093e+00,5.924775067200002354e+00
1.059849999999999959e+00,2.811229078800000281e+00,5.930929078800000198e+00
1.060400000000000009e+00,2.816286284800000317e+00,5.937086284800000335e+00
1.060950000000000060e+00,2.821346685200000870e+00,5.943246685200000989e+00
1.061500000000000110e+00,2.826410280000001940e+00,5.949410280000002160e+00
1.062050000000000161e+00,2.831477069200001750e+00,5.955577069200002072e+00
1.062599999999999989e+00,2.836547052800000746e+00,5.961747052800000723e+00
1.063150000000000039e+00,2.841620230800000702e+00,5.967920230800000780e+00
1.063700000000000090e+00,2.846696603200001174e+00,5.974096603200001354e+00
1.064250000000000140e+00,2.851776170000002164e+00,5.980276170000002445e+00
1.064799999999999969e+00,2.856858931200000562e+00,5.986458931200000499e+00
1.065350000000000019e+00,2.861944886800000809e+00,5.992644886800000847e+00
1.065900000000000070e+00,2.867034036800000685e+00,5.998834036800000824e+00
1.066450000000000120e+00,2.872126381200001077e+00,6.005026381200001317e+00
1.067000000000000171e+00,2.877221920000001987e+00,6.011221920000002328e+00
1.067549999999999999e+00,2.882320653200000304e+00,6.017420653200000302e+00
1.068100000000000049e+00,2.887422580800000471e+00,6.023622580800000570e+00
1.068650000000000100e+00,2.892527702800001155e+00,6.029827702800001354e+00
1.069200000000000150e+00,2.897636019200001467e+00,6.036036019200001768e+00
1.069749999999999979e+00,2.902747530000000076e+00,6.042247530000000033e+00
1.070300000000000029e+00,2.907862235200000534e+00,6.048462235200000592e+00
1.070850000000000080e+00,2.912980134800000620e+00,6.054680134800000779e+00
1.071400000000000130e+00,2.918101228800001223e+00,6.060901228800001483e+00
1.071949999999999958e+00,2.923225517199999235e+00,6.067125517199999152e+00
1.072500000000000009e+00,2.928353000000000872e+00,6.073353000000000890e+00
1.073050000000000059e+00,2.933483677200001249e+00,6.079583677200001368e+00
1.073600000000000110e+00,2.938617548800001256e+00,6.085817548800001475e+00
1.074150000000000160e+00,2.943754614800001779e+00,6.092054614800002099e+00
1.074699999999999989e+00,2.948894875199999710e+00,6.098294875199999687e+00
1.075250000000000039e+00,2.954038330000001267e+00,6.104538330000001345e+00
1.075800000000000090e+00,2.959184979200001564e+00,6.110784979200001743e+00
1.076350000000000140e+00,2.964334822800001490e+00,6.117034822800001770e+00
1.076899999999999968e+00,2.969487860799999712e+00,6.123287860799999649e+00
1.077450000000000019e+00,2.974644093199999784e+00,6.129544093199999821e+00
1.078000000000000069e+00,2.979803520000001260e+00,6.135803520000001399e+00
1.078550000000000120e+00,2.984966141200001477e+00,6.142066141200001717e+00
1.079100000000000170e+00,2.990131956800001323e+00,6.148331956800001663e+00
1.079649999999999999e+00,2.995300966800000353e+00,6.154600966800000350e+00
1.080200000000000049e+00,3.000473171200001232e+00,6.160873171200001330e+00
1.080750000000000099e+00,3.005648570000001740e+00,6.167148570000001939e+00
1.081300000000000150e+00,3.010827163200001877e+00,6.173427163200002177e+00
1.081849999999999978e+00,3.016008950799999866e+00,6.179708950800000267e+00
1.082400000000000029e+00,3.021193932800001036e+00,6.185993932800000650e+00
1.082950000000000079e+00,3.026382109200001835e+00,6.192282109200001550e+00
1.083500000000000130e+00,3.031573480000002263e+00,6.198573480000002078e+00
1.084049999999999958e+00,3.036768045199999655e+00,6.204868045199999571e+00
1.084600000000000009e+00,3.041965804800000228e+00,6.211165804800000245e+00
1.085150000000000059e+00,3.047166758800000430e+00,6.217466758800000548e+00
1.085700000000000109e+00,3.052370907200002037e+00,6.223770907200002256e+00
1.086250000000000160e+00,3.057578250000001496e+00,6.230078250000001816e+00
1.086799999999999988e+00,3.062788787200000584e+00,6.236388787200000117e+00
1.087350000000000039e+00,3.068002518800000189e+00,6.242702518800000711e+00
1.087900000000000089e+00,3.073219444800001199e+00,6.249019444800000933e+00
1.088450000000000140e+00,3.078439565200001837e+00,6.255339565200002561e+00
1.088999999999999968e+00,3.083662880000000328e+00,6.261662880000000264e+00
1.089550000000000018e+00,3.088889389200000224e+00,6.267989389200000261e+00
1.090100000000000069e+00,3.094119092800000637e+00,6.274319092800000774e+00
1.090650000000000119e+00,3.099351990800001566e+00,6.280651990800001805e+00
1.091200000000000170e+00,3.104588083200002124e+00,6.286988083200002464e+00
1.091749999999999998e+00,3.109827369999999647e+00,6.293327370000000087e+00
1.092300000000000049e+00,3.115069851200001239e+00,6.299669851200000892e+00
1.092850000000000099e+00,3.120315526800000683e+00,6.306015526800001325e+00
1.093400000000000150e+00,3.125564396800001532e+00,6.312364396800002275e+00
1.093949999999999978e+00,3.130816461200000234e+00,6.318716461200000190e+00
1.094500000000000028e+00,3.136071720000000340e+00,6.325071720000000397e+00
1.095050000000000079e+00,3.141330173200000964e+00,6.331430173200001121e+00
1.095600000000000129e+00,3.146591820800001216e+00,6.337791820800001474e+00
1.096149999999999958e+00,3.151856662800000208e+00,6.344156662799999680e+00
1.096700000000000008e+00,3.157124699200000606e+00,6.350524699200001066e+00
1.097250000000000059e+00,3.162395930000000632e+00,6.356895930000001194e+00
1.097800000000000109e+00,3.167670355200000287e+00,6.363270355200000949e+00
1.098350000000000160e+00,3.172947974800003124e+00,6.369647974800002999e+00
1.098899999999999988e+00,3.178228788799999371e+00,6.376028788799999347e+00
1.099450000000000038e+00,3.183512797200000577e+00,6.382412797200000654e+00
1.100000000000000089e+00,3.188800000000001411e+00,6.388800000000001589e+00
